Device: cuda
Loading frozen Lion SPLADE: hzeng/Lion-SP-1B-llama3-marco-mntp ...
[FrozenLionSPLADE] Loading hzeng/Lion-SP-1B-llama3-marco-mntp …
[FrozenLionSPLADE] Base model: meta-llama/Llama-3.2-1B

Loading weights:   0%|          | 0/146 [00:00<?, ?it/s]
Loading weights:  77%|███████▋  | 112/146 [00:00<00:00, 1094.58it/s]
Loading weights: 100%|██████████| 146/146 [00:00<00:00, 1153.53it/s]

============================================================
[nfcorpus]
  Loading corpus from BeIR/nfcorpus ...
  3,633 documents

  nfcorpus:   0%|          | 0.00/3.63k [00:00<?, ?doc/s]
  nfcorpus:   0%|          | 4.00/3.63k [00:00<03:37, 16.7doc/s]
  nfcorpus:   0%|          | 12.0/3.63k [00:00<01:53, 31.9doc/s]
  nfcorpus:   1%|          | 20.0/3.63k [00:00<01:33, 38.6doc/s]
  nfcorpus:   1%|          | 28.0/3.63k [00:00<01:25, 42.0doc/s]
  nfcorpus:   1%|          | 36.0/3.63k [00:00<01:25, 42.1doc/s]
  nfcorpus:   1%|          | 44.0/3.63k [00:01<01:21, 43.9doc/s]
  nfcorpus:   1%|▏         | 52.0/3.63k [00:01<01:19, 45.3doc/s]
  nfcorpus:   2%|▏         | 60.0/3.63k [00:01<01:17, 46.1doc/s]
  nfcorpus:   2%|▏         | 68.0/3.63k [00:01<01:16, 46.7doc/s]
  nfcorpus:   2%|▏         | 76.0/3.63k [00:01<01:15, 47.2doc/s]
  nfcorpus:   2%|▏         | 84.0/3.63k [00:01<01:14, 47.5doc/s]
  nfcorpus:   3%|▎         | 92.0/3.63k [00:02<01:14, 47.8doc/s]
  nfcorpus:   3%|▎         | 100/3.63k [00:02<01:13, 48.0doc/s] 
  nfcorpus:   3%|▎         | 108/3.63k [00:02<01:13, 48.1doc/s]
  nfcorpus:   3%|▎         | 116/3.63k [00:02<01:13, 48.0doc/s]
  nfcorpus:   3%|▎         | 124/3.63k [00:02<01:13, 48.0doc/s]
  nfcorpus:   4%|▎         | 132/3.63k [00:02<01:12, 48.0doc/s]
  nfcorpus:   4%|▍         | 140/3.63k [00:03<01:12, 48.0doc/s]
  nfcorpus:   4%|▍         | 148/3.63k [00:03<01:12, 47.9doc/s]
  nfcorpus:   4%|▍         | 156/3.63k [00:03<01:12, 47.7doc/s]
  nfcorpus:   5%|▍         | 164/3.63k [00:03<01:12, 47.8doc/s]
  nfcorpus:   5%|▍         | 172/3.63k [00:03<01:12, 47.6doc/s]
  nfcorpus:   5%|▍         | 180/3.63k [00:03<01:12, 47.6doc/s]
  nfcorpus:   5%|▌         | 188/3.63k [00:04<01:12, 47.6doc/s]
  nfcorpus:   5%|▌         | 196/3.63k [00:04<01:11, 47.8doc/s]
  nfcorpus:   6%|▌         | 204/3.63k [00:04<01:11, 47.9doc/s]
  nfcorpus:   6%|▌         | 212/3.63k [00:04<01:11, 48.0doc/s]
  nfcorpus:   6%|▌         | 220/3.63k [00:04<01:11, 48.0doc/s]
  nfcorpus:   6%|▋         | 228/3.63k [00:04<01:11, 47.4doc/s]
  nfcorpus:   6%|▋         | 236/3.63k [00:05<01:11, 47.7doc/s]
  nfcorpus:   7%|▋         | 244/3.63k [00:05<01:10, 47.8doc/s]
  nfcorpus:   7%|▋         | 252/3.63k [00:05<01:10, 47.7doc/s]
  nfcorpus:   7%|▋         | 260/3.63k [00:05<01:10, 47.7doc/s]
  nfcorpus:   7%|▋         | 268/3.63k [00:05<01:10, 47.8doc/s]
  nfcorpus:   8%|▊         | 276/3.63k [00:05<01:10, 47.8doc/s]
  nfcorpus:   8%|▊         | 284/3.63k [00:06<01:10, 47.7doc/s]
  nfcorpus:   8%|▊         | 292/3.63k [00:06<01:09, 47.9doc/s]
  nfcorpus:   8%|▊         | 300/3.63k [00:06<01:09, 48.0doc/s]
  nfcorpus:   8%|▊         | 308/3.63k [00:06<01:09, 47.9doc/s]
  nfcorpus:   9%|▊         | 316/3.63k [00:06<01:09, 47.9doc/s]
  nfcorpus:   9%|▉         | 324/3.63k [00:06<01:08, 48.0doc/s]
  nfcorpus:   9%|▉         | 332/3.63k [00:07<01:08, 48.0doc/s]
  nfcorpus:   9%|▉         | 340/3.63k [00:07<01:08, 48.0doc/s]
  nfcorpus:  10%|▉         | 348/3.63k [00:07<01:08, 48.1doc/s]
  nfcorpus:  10%|▉         | 356/3.63k [00:07<01:08, 48.2doc/s]
  nfcorpus:  10%|█         | 364/3.63k [00:07<01:07, 48.3doc/s]
  nfcorpus:  10%|█         | 372/3.63k [00:07<01:07, 48.1doc/s]
  nfcorpus:  10%|█         | 380/3.63k [00:08<01:07, 48.0doc/s]
  nfcorpus:  11%|█         | 388/3.63k [00:08<01:07, 47.9doc/s]
  nfcorpus:  11%|█         | 396/3.63k [00:08<01:07, 47.9doc/s]
  nfcorpus:  11%|█         | 404/3.63k [00:08<01:07, 47.9doc/s]
  nfcorpus:  11%|█▏        | 412/3.63k [00:08<01:07, 47.9doc/s]
  nfcorpus:  12%|█▏        | 420/3.63k [00:08<01:07, 47.9doc/s]
  nfcorpus:  12%|█▏        | 428/3.63k [00:09<01:07, 47.7doc/s]
  nfcorpus:  12%|█▏        | 436/3.63k [00:09<01:06, 47.8doc/s]
  nfcorpus:  12%|█▏        | 444/3.63k [00:09<01:06, 48.0doc/s]
  nfcorpus:  12%|█▏        | 452/3.63k [00:09<01:06, 47.9doc/s]
  nfcorpus:  13%|█▎        | 460/3.63k [00:09<01:06, 48.0doc/s]
  nfcorpus:  13%|█▎        | 468/3.63k [00:09<01:06, 47.9doc/s]
  nfcorpus:  13%|█▎        | 476/3.63k [00:10<01:05, 47.9doc/s]
  nfcorpus:  13%|█▎        | 484/3.63k [00:10<01:06, 47.7doc/s]
  nfcorpus:  14%|█▎        | 492/3.63k [00:10<01:05, 47.7doc/s]
  nfcorpus:  14%|█▍        | 500/3.63k [00:10<01:05, 47.8doc/s]
  nfcorpus:  14%|█▍        | 508/3.63k [00:10<01:05, 47.9doc/s]
  nfcorpus:  14%|█▍        | 516/3.63k [00:10<01:04, 48.0doc/s]
  nfcorpus:  14%|█▍        | 524/3.63k [00:11<01:04, 48.0doc/s]
  nfcorpus:  15%|█▍        | 532/3.63k [00:11<01:04, 47.9doc/s]
  nfcorpus:  15%|█▍        | 540/3.63k [00:11<01:04, 48.1doc/s]
  nfcorpus:  15%|█▌        | 548/3.63k [00:11<01:04, 48.2doc/s]
  nfcorpus:  15%|█▌        | 556/3.63k [00:11<01:03, 48.2doc/s]
  nfcorpus:  16%|█▌        | 564/3.63k [00:11<01:03, 48.4doc/s]
  nfcorpus:  16%|█▌        | 572/3.63k [00:12<01:03, 48.2doc/s]
  nfcorpus:  16%|█▌        | 580/3.63k [00:12<01:03, 48.1doc/s]
  nfcorpus:  16%|█▌        | 588/3.63k [00:12<01:03, 48.1doc/s]
  nfcorpus:  16%|█▋        | 596/3.63k [00:12<01:03, 48.1doc/s]
  nfcorpus:  17%|█▋        | 604/3.63k [00:12<01:03, 48.0doc/s]
  nfcorpus:  17%|█▋        | 612/3.63k [00:12<01:02, 48.0doc/s]
  nfcorpus:  17%|█▋        | 620/3.63k [00:13<01:02, 48.0doc/s]
  nfcorpus:  17%|█▋        | 628/3.63k [00:13<01:02, 47.8doc/s]
  nfcorpus:  18%|█▊        | 636/3.63k [00:13<01:02, 48.0doc/s]
  nfcorpus:  18%|█▊        | 644/3.63k [00:13<01:02, 48.1doc/s]
  nfcorpus:  18%|█▊        | 652/3.63k [00:13<01:01, 48.2doc/s]
  nfcorpus:  18%|█▊        | 660/3.63k [00:13<01:01, 48.1doc/s]
  nfcorpus:  18%|█▊        | 668/3.63k [00:14<01:01, 48.0doc/s]
  nfcorpus:  19%|█▊        | 676/3.63k [00:14<01:01, 48.1doc/s]
  nfcorpus:  19%|█▉        | 684/3.63k [00:14<01:01, 48.1doc/s]
  nfcorpus:  19%|█▉        | 692/3.63k [00:14<01:01, 47.9doc/s]
  nfcorpus:  19%|█▉        | 700/3.63k [00:14<01:01, 47.9doc/s]
  nfcorpus:  19%|█▉        | 708/3.63k [00:14<01:01, 47.9doc/s]
  nfcorpus:  20%|█▉        | 716/3.63k [00:15<01:00, 47.8doc/s]
  nfcorpus:  20%|█▉        | 724/3.63k [00:15<01:00, 47.7doc/s]
  nfcorpus:  20%|██        | 732/3.63k [00:15<01:00, 47.9doc/s]
  nfcorpus:  20%|██        | 740/3.63k [00:15<01:00, 47.7doc/s]
  nfcorpus:  21%|██        | 748/3.63k [00:15<01:00, 47.7doc/s]
  nfcorpus:  21%|██        | 756/3.63k [00:15<01:00, 47.7doc/s]
  nfcorpus:  21%|██        | 764/3.63k [00:16<01:00, 47.6doc/s]
  nfcorpus:  21%|██        | 772/3.63k [00:16<00:59, 47.9doc/s]
  nfcorpus:  21%|██▏       | 780/3.63k [00:16<00:59, 48.1doc/s]
  nfcorpus:  22%|██▏       | 788/3.63k [00:16<00:59, 47.8doc/s]
  nfcorpus:  22%|██▏       | 796/3.63k [00:16<00:59, 47.8doc/s]
  nfcorpus:  22%|██▏       | 804/3.63k [00:16<00:59, 47.8doc/s]
  nfcorpus:  22%|██▏       | 812/3.63k [00:17<00:59, 47.8doc/s]
  nfcorpus:  23%|██▎       | 820/3.63k [00:17<00:58, 48.0doc/s]
  nfcorpus:  23%|██▎       | 828/3.63k [00:17<00:58, 48.0doc/s]
  nfcorpus:  23%|██▎       | 836/3.63k [00:17<00:58, 48.1doc/s]
  nfcorpus:  23%|██▎       | 844/3.63k [00:17<00:58, 47.7doc/s]
  nfcorpus:  23%|██▎       | 852/3.63k [00:17<00:58, 47.7doc/s]
  nfcorpus:  24%|██▎       | 860/3.63k [00:18<00:58, 47.7doc/s]
  nfcorpus:  24%|██▍       | 868/3.63k [00:18<00:57, 47.7doc/s]
  nfcorpus:  24%|██▍       | 876/3.63k [00:18<00:57, 47.8doc/s]
  nfcorpus:  24%|██▍       | 884/3.63k [00:18<00:57, 47.9doc/s]
  nfcorpus:  25%|██▍       | 892/3.63k [00:18<00:57, 47.7doc/s]
  nfcorpus:  25%|██▍       | 900/3.63k [00:18<00:57, 47.7doc/s]
  nfcorpus:  25%|██▍       | 908/3.63k [00:19<00:57, 47.7doc/s]
  nfcorpus:  25%|██▌       | 916/3.63k [00:19<00:57, 47.5doc/s]
  nfcorpus:  25%|██▌       | 924/3.63k [00:19<00:57, 47.5doc/s]
  nfcorpus:  26%|██▌       | 932/3.63k [00:19<00:56, 47.6doc/s]
  nfcorpus:  26%|██▌       | 940/3.63k [00:19<00:56, 47.6doc/s]
  nfcorpus:  26%|██▌       | 948/3.63k [00:19<00:56, 47.6doc/s]
  nfcorpus:  26%|██▋       | 956/3.63k [00:20<00:56, 47.6doc/s]
  nfcorpus:  27%|██▋       | 964/3.63k [00:20<00:56, 47.6doc/s]
  nfcorpus:  27%|██▋       | 972/3.63k [00:20<00:55, 47.6doc/s]
  nfcorpus:  27%|██▋       | 980/3.63k [00:20<00:55, 47.9doc/s]
  nfcorpus:  27%|██▋       | 988/3.63k [00:20<00:55, 48.0doc/s]
  nfcorpus:  27%|██▋       | 996/3.63k [00:20<00:55, 47.9doc/s]
  nfcorpus:  28%|██▊       | 1.00k/3.63k [00:21<00:55, 47.8doc/s]
  nfcorpus:  28%|██▊       | 1.01k/3.63k [00:21<00:54, 47.8doc/s]
  nfcorpus:  28%|██▊       | 1.02k/3.63k [00:21<00:54, 47.8doc/s]
  nfcorpus:  28%|██▊       | 1.03k/3.63k [00:21<00:54, 47.9doc/s]
  nfcorpus:  29%|██▊       | 1.04k/3.63k [00:21<00:54, 47.9doc/s]
  nfcorpus:  29%|██▊       | 1.04k/3.63k [00:21<00:54, 47.8doc/s]
  nfcorpus:  29%|██▉       | 1.05k/3.63k [00:22<00:54, 47.7doc/s]
  nfcorpus:  29%|██▉       | 1.06k/3.63k [00:22<00:53, 47.7doc/s]
  nfcorpus:  29%|██▉       | 1.07k/3.63k [00:22<00:53, 47.9doc/s]
  nfcorpus:  30%|██▉       | 1.08k/3.63k [00:22<00:53, 47.7doc/s]
  nfcorpus:  30%|██▉       | 1.08k/3.63k [00:22<00:53, 47.5doc/s]
  nfcorpus:  30%|███       | 1.09k/3.63k [00:22<00:53, 47.2doc/s]
  nfcorpus:  30%|███       | 1.10k/3.63k [00:23<00:53, 47.2doc/s]
  nfcorpus:  30%|███       | 1.11k/3.63k [00:23<00:53, 47.4doc/s]
  nfcorpus:  31%|███       | 1.12k/3.63k [00:23<00:53, 47.1doc/s]
  nfcorpus:  31%|███       | 1.12k/3.63k [00:23<00:53, 47.2doc/s]
  nfcorpus:  31%|███       | 1.13k/3.63k [00:23<00:52, 47.4doc/s]
  nfcorpus:  31%|███▏      | 1.14k/3.63k [00:24<00:52, 47.3doc/s]
  nfcorpus:  32%|███▏      | 1.15k/3.63k [00:24<00:52, 47.4doc/s]
  nfcorpus:  32%|███▏      | 1.16k/3.63k [00:24<00:52, 47.5doc/s]
  nfcorpus:  32%|███▏      | 1.16k/3.63k [00:24<00:52, 47.5doc/s]
  nfcorpus:  32%|███▏      | 1.17k/3.63k [00:24<00:51, 47.5doc/s]
  nfcorpus:  32%|███▏      | 1.18k/3.63k [00:24<00:51, 47.5doc/s]
  nfcorpus:  33%|███▎      | 1.19k/3.63k [00:25<00:51, 47.6doc/s]
  nfcorpus:  33%|███▎      | 1.20k/3.63k [00:25<00:51, 47.7doc/s]
  nfcorpus:  33%|███▎      | 1.20k/3.63k [00:25<00:51, 47.6doc/s]
  nfcorpus:  33%|███▎      | 1.21k/3.63k [00:25<00:50, 47.6doc/s]
  nfcorpus:  34%|███▎      | 1.22k/3.63k [00:25<00:50, 47.6doc/s]
  nfcorpus:  34%|███▍      | 1.23k/3.63k [00:25<00:50, 47.7doc/s]
  nfcorpus:  34%|███▍      | 1.24k/3.63k [00:26<00:50, 47.8doc/s]
  nfcorpus:  34%|███▍      | 1.24k/3.63k [00:26<00:49, 47.8doc/s]
  nfcorpus:  34%|███▍      | 1.25k/3.63k [00:26<00:49, 47.9doc/s]
  nfcorpus:  35%|███▍      | 1.26k/3.63k [00:26<00:49, 48.0doc/s]
  nfcorpus:  35%|███▍      | 1.27k/3.63k [00:26<00:49, 47.8doc/s]
  nfcorpus:  35%|███▌      | 1.28k/3.63k [00:26<00:49, 47.7doc/s]
  nfcorpus:  35%|███▌      | 1.28k/3.63k [00:27<00:49, 47.5doc/s]
  nfcorpus:  36%|███▌      | 1.29k/3.63k [00:27<00:49, 47.3doc/s]
  nfcorpus:  36%|███▌      | 1.30k/3.63k [00:27<00:49, 47.3doc/s]
  nfcorpus:  36%|███▌      | 1.31k/3.63k [00:27<00:49, 47.3doc/s]
  nfcorpus:  36%|███▌      | 1.32k/3.63k [00:27<00:48, 47.6doc/s]
  nfcorpus:  36%|███▋      | 1.32k/3.63k [00:27<00:48, 47.5doc/s]
  nfcorpus:  37%|███▋      | 1.33k/3.63k [00:28<00:48, 47.7doc/s]
  nfcorpus:  37%|███▋      | 1.34k/3.63k [00:28<00:47, 47.8doc/s]
  nfcorpus:  37%|███▋      | 1.35k/3.63k [00:28<00:47, 47.9doc/s]
  nfcorpus:  37%|███▋      | 1.36k/3.63k [00:28<00:47, 47.9doc/s]
  nfcorpus:  38%|███▊      | 1.36k/3.63k [00:28<00:47, 47.8doc/s]
  nfcorpus:  38%|███▊      | 1.37k/3.63k [00:28<00:47, 47.7doc/s]
  nfcorpus:  38%|███▊      | 1.38k/3.63k [00:29<00:47, 47.8doc/s]
  nfcorpus:  38%|███▊      | 1.39k/3.63k [00:29<00:47, 47.7doc/s]
  nfcorpus:  38%|███▊      | 1.40k/3.63k [00:29<00:46, 47.7doc/s]
  nfcorpus:  39%|███▊      | 1.40k/3.63k [00:29<00:46, 47.6doc/s]
  nfcorpus:  39%|███▉      | 1.41k/3.63k [00:29<00:46, 47.5doc/s]
  nfcorpus:  39%|███▉      | 1.42k/3.63k [00:29<00:46, 47.4doc/s]
  nfcorpus:  39%|███▉      | 1.43k/3.63k [00:30<00:46, 47.4doc/s]
  nfcorpus:  40%|███▉      | 1.44k/3.63k [00:30<00:46, 47.4doc/s]
  nfcorpus:  40%|███▉      | 1.44k/3.63k [00:30<00:46, 47.3doc/s]
  nfcorpus:  40%|███▉      | 1.45k/3.63k [00:30<00:45, 47.5doc/s]
  nfcorpus:  40%|████      | 1.46k/3.63k [00:30<00:45, 47.5doc/s]
  nfcorpus:  40%|████      | 1.47k/3.63k [00:30<00:45, 47.5doc/s]
  nfcorpus:  41%|████      | 1.48k/3.63k [00:31<00:45, 47.5doc/s]
  nfcorpus:  41%|████      | 1.48k/3.63k [00:31<00:45, 47.5doc/s]
  nfcorpus:  41%|████      | 1.49k/3.63k [00:31<00:45, 47.5doc/s]
  nfcorpus:  41%|████▏     | 1.50k/3.63k [00:31<00:44, 47.5doc/s]
  nfcorpus:  42%|████▏     | 1.51k/3.63k [00:31<00:44, 47.6doc/s]
  nfcorpus:  42%|████▏     | 1.52k/3.63k [00:31<00:44, 47.5doc/s]
  nfcorpus:  42%|████▏     | 1.52k/3.63k [00:32<00:44, 47.5doc/s]
  nfcorpus:  42%|████▏     | 1.53k/3.63k [00:32<00:44, 47.5doc/s]
  nfcorpus:  42%|████▏     | 1.54k/3.63k [00:32<00:44, 47.4doc/s]
  nfcorpus:  43%|████▎     | 1.55k/3.63k [00:32<00:43, 47.6doc/s]
  nfcorpus:  43%|████▎     | 1.56k/3.63k [00:32<00:43, 47.6doc/s]
  nfcorpus:  43%|████▎     | 1.56k/3.63k [00:32<00:43, 47.6doc/s]
  nfcorpus:  43%|████▎     | 1.57k/3.63k [00:33<00:43, 47.6doc/s]
  nfcorpus:  43%|████▎     | 1.58k/3.63k [00:33<00:43, 47.6doc/s]
  nfcorpus:  44%|████▎     | 1.59k/3.63k [00:33<00:42, 47.6doc/s]
  nfcorpus:  44%|████▍     | 1.60k/3.63k [00:33<00:42, 47.5doc/s]
  nfcorpus:  44%|████▍     | 1.60k/3.63k [00:33<00:42, 47.5doc/s]
  nfcorpus:  44%|████▍     | 1.61k/3.63k [00:33<00:42, 47.6doc/s]
  nfcorpus:  45%|████▍     | 1.62k/3.63k [00:34<00:42, 47.6doc/s]
  nfcorpus:  45%|████▍     | 1.63k/3.63k [00:34<00:42, 47.6doc/s]
  nfcorpus:  45%|████▌     | 1.64k/3.63k [00:34<00:41, 47.8doc/s]
  nfcorpus:  45%|████▌     | 1.64k/3.63k [00:34<00:41, 47.7doc/s]
  nfcorpus:  45%|████▌     | 1.65k/3.63k [00:34<00:41, 47.9doc/s]
  nfcorpus:  46%|████▌     | 1.66k/3.63k [00:34<00:41, 47.9doc/s]
  nfcorpus:  46%|████▌     | 1.67k/3.63k [00:35<00:41, 47.8doc/s]
  nfcorpus:  46%|████▌     | 1.68k/3.63k [00:35<00:41, 47.6doc/s]
  nfcorpus:  46%|████▋     | 1.68k/3.63k [00:35<00:40, 47.6doc/s]
  nfcorpus:  47%|████▋     | 1.69k/3.63k [00:35<00:40, 47.7doc/s]
  nfcorpus:  47%|████▋     | 1.70k/3.63k [00:35<00:40, 47.7doc/s]
  nfcorpus:  47%|████▋     | 1.71k/3.63k [00:35<00:40, 47.7doc/s]
  nfcorpus:  47%|████▋     | 1.72k/3.63k [00:36<00:40, 47.7doc/s]
  nfcorpus:  47%|████▋     | 1.72k/3.63k [00:36<00:40, 47.5doc/s]
  nfcorpus:  48%|████▊     | 1.73k/3.63k [00:36<00:40, 47.4doc/s]
  nfcorpus:  48%|████▊     | 1.74k/3.63k [00:36<00:39, 47.4doc/s]
  nfcorpus:  48%|████▊     | 1.75k/3.63k [00:36<00:39, 47.4doc/s]
  nfcorpus:  48%|████▊     | 1.76k/3.63k [00:36<00:39, 47.4doc/s]
  nfcorpus:  49%|████▊     | 1.76k/3.63k [00:37<00:39, 47.5doc/s]
  nfcorpus:  49%|████▉     | 1.77k/3.63k [00:37<00:39, 47.6doc/s]
  nfcorpus:  49%|████▉     | 1.78k/3.63k [00:37<00:39, 47.4doc/s]
  nfcorpus:  49%|████▉     | 1.79k/3.63k [00:37<00:39, 47.3doc/s]
  nfcorpus:  49%|████▉     | 1.80k/3.63k [00:37<00:38, 47.4doc/s]
  nfcorpus:  50%|████▉     | 1.80k/3.63k [00:37<00:38, 47.5doc/s]
  nfcorpus:  50%|████▉     | 1.81k/3.63k [00:38<00:38, 47.5doc/s]
  nfcorpus:  50%|█████     | 1.82k/3.63k [00:38<00:38, 47.6doc/s]
  nfcorpus:  50%|█████     | 1.83k/3.63k [00:38<00:37, 47.6doc/s]
  nfcorpus:  51%|█████     | 1.84k/3.63k [00:38<00:37, 47.7doc/s]
  nfcorpus:  51%|█████     | 1.84k/3.63k [00:38<00:37, 47.6doc/s]
  nfcorpus:  51%|█████     | 1.85k/3.63k [00:38<00:37, 47.8doc/s]
  nfcorpus:  51%|█████     | 1.86k/3.63k [00:39<00:37, 47.6doc/s]
  nfcorpus:  51%|█████▏    | 1.87k/3.63k [00:39<00:37, 47.5doc/s]
  nfcorpus:  52%|█████▏    | 1.88k/3.63k [00:39<00:37, 47.4doc/s]
  nfcorpus:  52%|█████▏    | 1.88k/3.63k [00:39<00:36, 47.6doc/s]
  nfcorpus:  52%|█████▏    | 1.89k/3.63k [00:39<00:36, 47.6doc/s]
  nfcorpus:  52%|█████▏    | 1.90k/3.63k [00:39<00:36, 47.6doc/s]
  nfcorpus:  53%|█████▎    | 1.91k/3.63k [00:40<00:36, 47.6doc/s]
  nfcorpus:  53%|█████▎    | 1.92k/3.63k [00:40<00:36, 47.7doc/s]
  nfcorpus:  53%|█████▎    | 1.92k/3.63k [00:40<00:35, 47.6doc/s]
  nfcorpus:  53%|█████▎    | 1.93k/3.63k [00:40<00:35, 47.6doc/s]
  nfcorpus:  53%|█████▎    | 1.94k/3.63k [00:40<00:35, 47.7doc/s]
  nfcorpus:  54%|█████▎    | 1.95k/3.63k [00:40<00:35, 47.7doc/s]
  nfcorpus:  54%|█████▍    | 1.96k/3.63k [00:41<00:35, 47.6doc/s]
  nfcorpus:  54%|█████▍    | 1.96k/3.63k [00:41<00:35, 47.5doc/s]
  nfcorpus:  54%|█████▍    | 1.97k/3.63k [00:41<00:34, 47.5doc/s]
  nfcorpus:  55%|█████▍    | 1.98k/3.63k [00:41<00:34, 47.6doc/s]
  nfcorpus:  55%|█████▍    | 1.99k/3.63k [00:41<00:34, 47.7doc/s]
  nfcorpus:  55%|█████▍    | 2.00k/3.63k [00:41<00:34, 47.5doc/s]
  nfcorpus:  55%|█████▌    | 2.00k/3.63k [00:42<00:34, 47.5doc/s]
  nfcorpus:  55%|█████▌    | 2.01k/3.63k [00:42<00:34, 47.5doc/s]
  nfcorpus:  56%|█████▌    | 2.02k/3.63k [00:42<00:33, 47.5doc/s]
  nfcorpus:  56%|█████▌    | 2.03k/3.63k [00:42<00:33, 47.2doc/s]
  nfcorpus:  56%|█████▌    | 2.04k/3.63k [00:42<00:33, 47.3doc/s]
  nfcorpus:  56%|█████▋    | 2.04k/3.63k [00:43<00:33, 47.4doc/s]
  nfcorpus:  56%|█████▋    | 2.05k/3.63k [00:43<00:33, 47.4doc/s]
  nfcorpus:  57%|█████▋    | 2.06k/3.63k [00:43<00:33, 47.4doc/s]
  nfcorpus:  57%|█████▋    | 2.07k/3.63k [00:43<00:33, 47.4doc/s]
  nfcorpus:  57%|█████▋    | 2.08k/3.63k [00:43<00:32, 47.4doc/s]
  nfcorpus:  57%|█████▋    | 2.08k/3.63k [00:43<00:32, 47.4doc/s]
  nfcorpus:  58%|█████▊    | 2.09k/3.63k [00:44<00:32, 47.5doc/s]
  nfcorpus:  58%|█████▊    | 2.10k/3.63k [00:44<00:32, 47.4doc/s]
  nfcorpus:  58%|█████▊    | 2.11k/3.63k [00:44<00:32, 47.2doc/s]
  nfcorpus:  58%|█████▊    | 2.12k/3.63k [00:44<00:32, 47.3doc/s]
  nfcorpus:  58%|█████▊    | 2.12k/3.63k [00:44<00:31, 47.3doc/s]
  nfcorpus:  59%|█████▊    | 2.13k/3.63k [00:44<00:31, 47.4doc/s]
  nfcorpus:  59%|█████▉    | 2.14k/3.63k [00:45<00:31, 47.3doc/s]
  nfcorpus:  59%|█████▉    | 2.15k/3.63k [00:45<00:31, 47.5doc/s]
  nfcorpus:  59%|█████▉    | 2.16k/3.63k [00:45<00:31, 47.5doc/s]
  nfcorpus:  60%|█████▉    | 2.16k/3.63k [00:45<00:30, 47.4doc/s]
  nfcorpus:  60%|█████▉    | 2.17k/3.63k [00:45<00:30, 47.5doc/s]
  nfcorpus:  60%|██████    | 2.18k/3.63k [00:45<00:30, 47.6doc/s]
  nfcorpus:  60%|██████    | 2.19k/3.63k [00:46<00:30, 47.6doc/s]
  nfcorpus:  60%|██████    | 2.20k/3.63k [00:46<00:30, 47.5doc/s]
  nfcorpus:  61%|██████    | 2.20k/3.63k [00:46<00:30, 47.4doc/s]
  nfcorpus:  61%|██████    | 2.21k/3.63k [00:46<00:30, 47.3doc/s]
  nfcorpus:  61%|██████    | 2.22k/3.63k [00:46<00:29, 47.4doc/s]
  nfcorpus:  61%|██████▏   | 2.23k/3.63k [00:46<00:29, 47.2doc/s]
  nfcorpus:  62%|██████▏   | 2.24k/3.63k [00:47<00:29, 47.2doc/s]
  nfcorpus:  62%|██████▏   | 2.24k/3.63k [00:47<00:29, 47.2doc/s]
  nfcorpus:  62%|██████▏   | 2.25k/3.63k [00:47<00:29, 47.0doc/s]
  nfcorpus:  62%|██████▏   | 2.26k/3.63k [00:47<00:29, 47.2doc/s]
  nfcorpus:  62%|██████▏   | 2.27k/3.63k [00:47<00:28, 47.3doc/s]
  nfcorpus:  63%|██████▎   | 2.28k/3.63k [00:47<00:28, 47.4doc/s]
  nfcorpus:  63%|██████▎   | 2.28k/3.63k [00:48<00:28, 47.4doc/s]
  nfcorpus:  63%|██████▎   | 2.29k/3.63k [00:48<00:28, 47.3doc/s]
  nfcorpus:  63%|██████▎   | 2.30k/3.63k [00:48<00:28, 47.3doc/s]
  nfcorpus:  64%|██████▎   | 2.31k/3.63k [00:48<00:28, 47.2doc/s]
  nfcorpus:  64%|██████▎   | 2.32k/3.63k [00:48<00:27, 47.3doc/s]
  nfcorpus:  64%|██████▍   | 2.32k/3.63k [00:48<00:27, 47.4doc/s]
  nfcorpus:  64%|██████▍   | 2.33k/3.63k [00:49<00:27, 47.4doc/s]
  nfcorpus:  64%|██████▍   | 2.34k/3.63k [00:49<00:27, 47.5doc/s]
  nfcorpus:  65%|██████▍   | 2.35k/3.63k [00:49<00:27, 47.4doc/s]
  nfcorpus:  65%|██████▍   | 2.36k/3.63k [00:49<00:26, 47.4doc/s]
  nfcorpus:  65%|██████▌   | 2.36k/3.63k [00:49<00:26, 47.5doc/s]
  nfcorpus:  65%|██████▌   | 2.37k/3.63k [00:49<00:26, 47.4doc/s]
  nfcorpus:  66%|██████▌   | 2.38k/3.63k [00:50<00:26, 47.4doc/s]
  nfcorpus:  66%|██████▌   | 2.39k/3.63k [00:50<00:26, 47.4doc/s]
  nfcorpus:  66%|██████▌   | 2.40k/3.63k [00:50<00:26, 47.5doc/s]
  nfcorpus:  66%|██████▌   | 2.40k/3.63k [00:50<00:25, 47.3doc/s]
  nfcorpus:  66%|██████▋   | 2.41k/3.63k [00:50<00:25, 47.2doc/s]
  nfcorpus:  67%|██████▋   | 2.42k/3.63k [00:50<00:25, 47.2doc/s]
  nfcorpus:  67%|██████▋   | 2.43k/3.63k [00:51<00:25, 47.2doc/s]
  nfcorpus:  67%|██████▋   | 2.44k/3.63k [00:51<00:25, 47.4doc/s]
  nfcorpus:  67%|██████▋   | 2.44k/3.63k [00:51<00:25, 47.3doc/s]
  nfcorpus:  67%|██████▋   | 2.45k/3.63k [00:51<00:24, 47.5doc/s]
  nfcorpus:  68%|██████▊   | 2.46k/3.63k [00:51<00:24, 47.4doc/s]
  nfcorpus:  68%|██████▊   | 2.47k/3.63k [00:51<00:24, 47.6doc/s]
  nfcorpus:  68%|██████▊   | 2.48k/3.63k [00:52<00:24, 47.5doc/s]
  nfcorpus:  68%|██████▊   | 2.48k/3.63k [00:52<00:24, 47.5doc/s]
  nfcorpus:  69%|██████▊   | 2.49k/3.63k [00:52<00:24, 47.4doc/s]
  nfcorpus:  69%|██████▉   | 2.50k/3.63k [00:52<00:23, 47.4doc/s]
  nfcorpus:  69%|██████▉   | 2.51k/3.63k [00:52<00:23, 47.4doc/s]
  nfcorpus:  69%|██████▉   | 2.52k/3.63k [00:52<00:23, 47.3doc/s]
  nfcorpus:  69%|██████▉   | 2.52k/3.63k [00:53<00:23, 47.3doc/s]
  nfcorpus:  70%|██████▉   | 2.53k/3.63k [00:53<00:23, 47.2doc/s]
  nfcorpus:  70%|██████▉   | 2.54k/3.63k [00:53<00:23, 47.3doc/s]
  nfcorpus:  70%|███████   | 2.55k/3.63k [00:53<00:23, 47.0doc/s]
  nfcorpus:  70%|███████   | 2.56k/3.63k [00:53<00:22, 46.9doc/s]
  nfcorpus:  71%|███████   | 2.56k/3.63k [00:53<00:22, 47.0doc/s]
  nfcorpus:  71%|███████   | 2.57k/3.63k [00:54<00:22, 47.2doc/s]
  nfcorpus:  71%|███████   | 2.58k/3.63k [00:54<00:22, 47.2doc/s]
  nfcorpus:  71%|███████   | 2.59k/3.63k [00:54<00:22, 47.3doc/s]
  nfcorpus:  71%|███████▏  | 2.60k/3.63k [00:54<00:21, 47.3doc/s]
  nfcorpus:  72%|███████▏  | 2.60k/3.63k [00:54<00:21, 47.4doc/s]
  nfcorpus:  72%|███████▏  | 2.61k/3.63k [00:55<00:21, 47.4doc/s]
  nfcorpus:  72%|███████▏  | 2.62k/3.63k [00:55<00:21, 47.4doc/s]
  nfcorpus:  72%|███████▏  | 2.63k/3.63k [00:55<00:21, 47.2doc/s]
  nfcorpus:  73%|███████▎  | 2.64k/3.63k [00:55<00:21, 47.2doc/s]
  nfcorpus:  73%|███████▎  | 2.64k/3.63k [00:55<00:20, 47.2doc/s]
  nfcorpus:  73%|███████▎  | 2.65k/3.63k [00:55<00:20, 47.2doc/s]
  nfcorpus:  73%|███████▎  | 2.66k/3.63k [00:56<00:20, 47.1doc/s]
  nfcorpus:  73%|███████▎  | 2.67k/3.63k [00:56<00:20, 47.1doc/s]
  nfcorpus:  74%|███████▎  | 2.68k/3.63k [00:56<00:20, 47.0doc/s]
  nfcorpus:  74%|███████▍  | 2.68k/3.63k [00:56<00:20, 47.0doc/s]
  nfcorpus:  74%|███████▍  | 2.69k/3.63k [00:56<00:20, 47.0doc/s]
  nfcorpus:  74%|███████▍  | 2.70k/3.63k [00:56<00:19, 47.1doc/s]
  nfcorpus:  75%|███████▍  | 2.71k/3.63k [00:57<00:19, 47.0doc/s]
  nfcorpus:  75%|███████▍  | 2.72k/3.63k [00:57<00:19, 47.1doc/s]
  nfcorpus:  75%|███████▍  | 2.72k/3.63k [00:57<00:19, 47.1doc/s]
  nfcorpus:  75%|███████▌  | 2.73k/3.63k [00:57<00:19, 47.1doc/s]
  nfcorpus:  75%|███████▌  | 2.74k/3.63k [00:57<00:18, 47.3doc/s]
  nfcorpus:  76%|███████▌  | 2.75k/3.63k [00:57<00:18, 47.4doc/s]
  nfcorpus:  76%|███████▌  | 2.76k/3.63k [00:58<00:18, 47.4doc/s]
  nfcorpus:  76%|███████▌  | 2.76k/3.63k [00:58<00:18, 47.3doc/s]
  nfcorpus:  76%|███████▋  | 2.77k/3.63k [00:58<00:18, 47.5doc/s]
  nfcorpus:  77%|███████▋  | 2.78k/3.63k [00:58<00:18, 47.3doc/s]
  nfcorpus:  77%|███████▋  | 2.79k/3.63k [00:58<00:17, 47.3doc/s]
  nfcorpus:  77%|███████▋  | 2.80k/3.63k [00:58<00:17, 47.2doc/s]
  nfcorpus:  77%|███████▋  | 2.80k/3.63k [00:59<00:17, 47.3doc/s]
  nfcorpus:  77%|███████▋  | 2.81k/3.63k [00:59<00:17, 47.3doc/s]
  nfcorpus:  78%|███████▊  | 2.82k/3.63k [00:59<00:17, 47.4doc/s]
  nfcorpus:  78%|███████▊  | 2.83k/3.63k [00:59<00:16, 47.4doc/s]
  nfcorpus:  78%|███████▊  | 2.84k/3.63k [00:59<00:16, 47.3doc/s]
  nfcorpus:  78%|███████▊  | 2.84k/3.63k [00:59<00:16, 47.4doc/s]
  nfcorpus:  79%|███████▊  | 2.85k/3.63k [01:00<00:16, 47.3doc/s]
  nfcorpus:  79%|███████▊  | 2.86k/3.63k [01:00<00:16, 47.2doc/s]
  nfcorpus:  79%|███████▉  | 2.87k/3.63k [01:00<00:16, 47.2doc/s]
  nfcorpus:  79%|███████▉  | 2.88k/3.63k [01:00<00:16, 47.2doc/s]
  nfcorpus:  79%|███████▉  | 2.88k/3.63k [01:00<00:15, 47.3doc/s]
  nfcorpus:  80%|███████▉  | 2.89k/3.63k [01:00<00:15, 47.3doc/s]
  nfcorpus:  80%|███████▉  | 2.90k/3.63k [01:01<00:15, 47.0doc/s]
  nfcorpus:  80%|████████  | 2.91k/3.63k [01:01<00:15, 47.1doc/s]
  nfcorpus:  80%|████████  | 2.92k/3.63k [01:01<00:15, 47.1doc/s]
  nfcorpus:  80%|████████  | 2.92k/3.63k [01:01<00:15, 47.2doc/s]
  nfcorpus:  81%|████████  | 2.93k/3.63k [01:01<00:14, 47.2doc/s]
  nfcorpus:  81%|████████  | 2.94k/3.63k [01:01<00:14, 47.3doc/s]
  nfcorpus:  81%|████████  | 2.95k/3.63k [01:02<00:14, 47.3doc/s]
  nfcorpus:  81%|████████▏ | 2.96k/3.63k [01:02<00:14, 47.4doc/s]
  nfcorpus:  82%|████████▏ | 2.96k/3.63k [01:02<00:14, 47.2doc/s]
  nfcorpus:  82%|████████▏ | 2.97k/3.63k [01:02<00:14, 47.1doc/s]
  nfcorpus:  82%|████████▏ | 2.98k/3.63k [01:02<00:13, 47.3doc/s]
  nfcorpus:  82%|████████▏ | 2.99k/3.63k [01:02<00:13, 47.4doc/s]
  nfcorpus:  82%|████████▏ | 3.00k/3.63k [01:03<00:13, 47.5doc/s]
  nfcorpus:  83%|████████▎ | 3.00k/3.63k [01:03<00:13, 47.3doc/s]
  nfcorpus:  83%|████████▎ | 3.01k/3.63k [01:03<00:13, 47.4doc/s]
  nfcorpus:  83%|████████▎ | 3.02k/3.63k [01:03<00:12, 47.3doc/s]
  nfcorpus:  83%|████████▎ | 3.03k/3.63k [01:03<00:12, 47.3doc/s]
  nfcorpus:  84%|████████▎ | 3.04k/3.63k [01:03<00:12, 47.2doc/s]
  nfcorpus:  84%|████████▍ | 3.04k/3.63k [01:04<00:12, 47.2doc/s]
  nfcorpus:  84%|████████▍ | 3.05k/3.63k [01:04<00:12, 47.2doc/s]
  nfcorpus:  84%|████████▍ | 3.06k/3.63k [01:04<00:12, 47.1doc/s]
  nfcorpus:  84%|████████▍ | 3.07k/3.63k [01:04<00:12, 46.9doc/s]
  nfcorpus:  85%|████████▍ | 3.08k/3.63k [01:04<00:11, 46.9doc/s]
  nfcorpus:  85%|████████▍ | 3.08k/3.63k [01:05<00:11, 47.2doc/s]
  nfcorpus:  85%|████████▌ | 3.09k/3.63k [01:05<00:11, 47.2doc/s]
  nfcorpus:  85%|████████▌ | 3.10k/3.63k [01:05<00:11, 47.2doc/s]
  nfcorpus:  86%|████████▌ | 3.11k/3.63k [01:05<00:11, 47.2doc/s]
  nfcorpus:  86%|████████▌ | 3.12k/3.63k [01:05<00:10, 47.3doc/s]
  nfcorpus:  86%|████████▌ | 3.12k/3.63k [01:05<00:10, 47.3doc/s]
  nfcorpus:  86%|████████▌ | 3.13k/3.63k [01:06<00:10, 47.4doc/s]
  nfcorpus:  86%|████████▋ | 3.14k/3.63k [01:06<00:10, 47.4doc/s]
  nfcorpus:  87%|████████▋ | 3.15k/3.63k [01:06<00:10, 47.3doc/s]
  nfcorpus:  87%|████████▋ | 3.16k/3.63k [01:06<00:10, 47.2doc/s]
  nfcorpus:  87%|████████▋ | 3.16k/3.63k [01:06<00:09, 47.3doc/s]
  nfcorpus:  87%|████████▋ | 3.17k/3.63k [01:06<00:09, 47.4doc/s]
  nfcorpus:  88%|████████▊ | 3.18k/3.63k [01:07<00:09, 47.3doc/s]
  nfcorpus:  88%|████████▊ | 3.19k/3.63k [01:07<00:09, 47.2doc/s]
  nfcorpus:  88%|████████▊ | 3.20k/3.63k [01:07<00:09, 47.0doc/s]
  nfcorpus:  88%|████████▊ | 3.20k/3.63k [01:07<00:09, 47.0doc/s]
  nfcorpus:  88%|████████▊ | 3.21k/3.63k [01:07<00:08, 47.2doc/s]
  nfcorpus:  89%|████████▊ | 3.22k/3.63k [01:07<00:08, 47.3doc/s]
  nfcorpus:  89%|████████▉ | 3.23k/3.63k [01:08<00:08, 47.1doc/s]
  nfcorpus:  89%|████████▉ | 3.24k/3.63k [01:08<00:08, 47.1doc/s]
  nfcorpus:  89%|████████▉ | 3.24k/3.63k [01:08<00:08, 47.1doc/s]
  nfcorpus:  90%|████████▉ | 3.25k/3.63k [01:08<00:08, 47.1doc/s]
  nfcorpus:  90%|████████▉ | 3.26k/3.63k [01:08<00:07, 47.1doc/s]
  nfcorpus:  90%|████████▉ | 3.27k/3.63k [01:08<00:07, 47.2doc/s]
  nfcorpus:  90%|█████████ | 3.28k/3.63k [01:09<00:07, 47.1doc/s]
  nfcorpus:  90%|█████████ | 3.28k/3.63k [01:09<00:07, 47.0doc/s]
  nfcorpus:  91%|█████████ | 3.29k/3.63k [01:09<00:07, 47.1doc/s]
  nfcorpus:  91%|█████████ | 3.30k/3.63k [01:09<00:07, 47.1doc/s]
  nfcorpus:  91%|█████████ | 3.31k/3.63k [01:09<00:06, 47.2doc/s]
  nfcorpus:  91%|█████████▏| 3.32k/3.63k [01:09<00:06, 47.1doc/s]
  nfcorpus:  91%|█████████▏| 3.32k/3.63k [01:10<00:06, 47.1doc/s]
  nfcorpus:  92%|█████████▏| 3.33k/3.63k [01:10<00:06, 47.1doc/s]
  nfcorpus:  92%|█████████▏| 3.34k/3.63k [01:10<00:06, 47.0doc/s]
  nfcorpus:  92%|█████████▏| 3.35k/3.63k [01:10<00:06, 47.1doc/s]
  nfcorpus:  92%|█████████▏| 3.36k/3.63k [01:10<00:05, 47.1doc/s]
  nfcorpus:  93%|█████████▎| 3.36k/3.63k [01:10<00:05, 47.1doc/s]
  nfcorpus:  93%|█████████▎| 3.37k/3.63k [01:11<00:05, 47.2doc/s]
  nfcorpus:  93%|█████████▎| 3.38k/3.63k [01:11<00:05, 47.1doc/s]
  nfcorpus:  93%|█████████▎| 3.39k/3.63k [01:11<00:05, 47.0doc/s]
  nfcorpus:  93%|█████████▎| 3.40k/3.63k [01:11<00:05, 47.2doc/s]
  nfcorpus:  94%|█████████▎| 3.40k/3.63k [01:11<00:04, 47.0doc/s]
  nfcorpus:  94%|█████████▍| 3.41k/3.63k [01:11<00:04, 47.0doc/s]
  nfcorpus:  94%|█████████▍| 3.42k/3.63k [01:12<00:04, 47.2doc/s]
  nfcorpus:  94%|█████████▍| 3.43k/3.63k [01:12<00:04, 47.2doc/s]
  nfcorpus:  95%|█████████▍| 3.44k/3.63k [01:12<00:04, 47.2doc/s]
  nfcorpus:  95%|█████████▍| 3.44k/3.63k [01:12<00:03, 47.3doc/s]
  nfcorpus:  95%|█████████▌| 3.45k/3.63k [01:12<00:03, 47.2doc/s]
  nfcorpus:  95%|█████████▌| 3.46k/3.63k [01:12<00:03, 47.0doc/s]
  nfcorpus:  95%|█████████▌| 3.47k/3.63k [01:13<00:03, 47.1doc/s]
  nfcorpus:  96%|█████████▌| 3.48k/3.63k [01:13<00:03, 47.1doc/s]
  nfcorpus:  96%|█████████▌| 3.48k/3.63k [01:13<00:03, 47.2doc/s]
  nfcorpus:  96%|█████████▌| 3.49k/3.63k [01:13<00:02, 47.2doc/s]
  nfcorpus:  96%|█████████▋| 3.50k/3.63k [01:13<00:02, 47.1doc/s]
  nfcorpus:  97%|█████████▋| 3.51k/3.63k [01:13<00:02, 47.1doc/s]
  nfcorpus:  97%|█████████▋| 3.52k/3.63k [01:14<00:02, 47.2doc/s]
  nfcorpus:  97%|█████████▋| 3.52k/3.63k [01:14<00:02, 47.2doc/s]
  nfcorpus:  97%|█████████▋| 3.53k/3.63k [01:14<00:02, 47.2doc/s]
  nfcorpus:  97%|█████████▋| 3.54k/3.63k [01:14<00:01, 47.1doc/s]
  nfcorpus:  98%|█████████▊| 3.55k/3.63k [01:14<00:01, 46.8doc/s]
  nfcorpus:  98%|█████████▊| 3.56k/3.63k [01:15<00:01, 46.9doc/s]
  nfcorpus:  98%|█████████▊| 3.56k/3.63k [01:15<00:01, 46.9doc/s]
  nfcorpus:  98%|█████████▊| 3.57k/3.63k [01:15<00:01, 47.0doc/s]
  nfcorpus:  99%|█████████▊| 3.58k/3.63k [01:15<00:01, 47.1doc/s]
  nfcorpus:  99%|█████████▉| 3.59k/3.63k [01:15<00:00, 47.0doc/s]
  nfcorpus:  99%|█████████▉| 3.60k/3.63k [01:15<00:00, 47.0doc/s]
  nfcorpus:  99%|█████████▉| 3.60k/3.63k [01:16<00:00, 47.1doc/s]
  nfcorpus:  99%|█████████▉| 3.61k/3.63k [01:16<00:00, 47.1doc/s]
  nfcorpus: 100%|█████████▉| 3.62k/3.63k [01:16<00:00, 47.2doc/s]
  nfcorpus: 100%|█████████▉| 3.63k/3.63k [01:16<00:00, 47.2doc/s]
  nfcorpus: 100%|██████████| 3.63k/3.63k [01:16<00:00, 44.8doc/s]
  nfcorpus: 100%|██████████| 3.63k/3.63k [01:16<00:00, 47.3doc/s]
  Done. 3,633 docs indexed. Avg 1705.4 nonzero terms/doc. 1.3 min.

============================================================
[scifact]
  Loading corpus from BeIR/scifact ...
  5,183 documents

  scifact:   0%|          | 0.00/5.18k [00:00<?, ?doc/s]
  scifact:   0%|          | 8.00/5.18k [00:00<01:52, 46.1doc/s]
  scifact:   0%|          | 16.0/5.18k [00:00<01:50, 46.6doc/s]
  scifact:   0%|          | 24.0/5.18k [00:00<01:50, 46.6doc/s]
  scifact:   1%|          | 32.0/5.18k [00:00<01:49, 46.9doc/s]
  scifact:   1%|          | 40.0/5.18k [00:00<01:48, 47.2doc/s]
  scifact:   1%|          | 48.0/5.18k [00:01<01:48, 47.3doc/s]
  scifact:   1%|          | 56.0/5.18k [00:01<01:48, 47.1doc/s]
  scifact:   1%|          | 64.0/5.18k [00:01<01:48, 47.0doc/s]
  scifact:   1%|▏         | 72.0/5.18k [00:01<01:48, 47.1doc/s]
  scifact:   2%|▏         | 80.0/5.18k [00:01<01:48, 47.1doc/s]
  scifact:   2%|▏         | 88.0/5.18k [00:01<01:48, 47.1doc/s]
  scifact:   2%|▏         | 96.0/5.18k [00:02<01:47, 47.1doc/s]
  scifact:   2%|▏         | 104/5.18k [00:02<01:47, 47.0doc/s] 
  scifact:   2%|▏         | 112/5.18k [00:02<01:48, 46.8doc/s]
  scifact:   2%|▏         | 120/5.18k [00:02<01:47, 46.9doc/s]
  scifact:   2%|▏         | 128/5.18k [00:02<01:47, 47.1doc/s]
  scifact:   3%|▎         | 136/5.18k [00:02<01:47, 47.0doc/s]
  scifact:   3%|▎         | 144/5.18k [00:03<01:47, 47.1doc/s]
  scifact:   3%|▎         | 152/5.18k [00:03<01:46, 47.2doc/s]
  scifact:   3%|▎         | 160/5.18k [00:03<01:46, 47.1doc/s]
  scifact:   3%|▎         | 168/5.18k [00:03<01:46, 47.3doc/s]
  scifact:   3%|▎         | 176/5.18k [00:03<01:45, 47.4doc/s]
  scifact:   4%|▎         | 184/5.18k [00:03<01:45, 47.4doc/s]
  scifact:   4%|▎         | 192/5.18k [00:04<01:45, 47.1doc/s]
  scifact:   4%|▍         | 200/5.18k [00:04<01:45, 47.1doc/s]
  scifact:   4%|▍         | 208/5.18k [00:04<01:45, 47.1doc/s]
  scifact:   4%|▍         | 216/5.18k [00:04<01:45, 47.1doc/s]
  scifact:   4%|▍         | 224/5.18k [00:04<01:45, 47.1doc/s]
  scifact:   4%|▍         | 232/5.18k [00:04<01:45, 47.1doc/s]
  scifact:   5%|▍         | 240/5.18k [00:05<01:45, 47.1doc/s]
  scifact:   5%|▍         | 248/5.18k [00:05<01:44, 47.2doc/s]
  scifact:   5%|▍         | 256/5.18k [00:05<01:44, 47.2doc/s]
  scifact:   5%|▌         | 264/5.18k [00:05<01:44, 47.1doc/s]
  scifact:   5%|▌         | 272/5.18k [00:05<01:44, 47.0doc/s]
  scifact:   5%|▌         | 280/5.18k [00:05<01:44, 46.8doc/s]
  scifact:   6%|▌         | 288/5.18k [00:06<01:44, 46.8doc/s]
  scifact:   6%|▌         | 296/5.18k [00:06<01:44, 46.8doc/s]
  scifact:   6%|▌         | 304/5.18k [00:06<01:43, 47.0doc/s]
  scifact:   6%|▌         | 312/5.18k [00:06<01:43, 47.0doc/s]
  scifact:   6%|▌         | 320/5.18k [00:06<01:43, 47.0doc/s]
  scifact:   6%|▋         | 328/5.18k [00:06<01:42, 47.2doc/s]
  scifact:   6%|▋         | 336/5.18k [00:07<01:42, 47.3doc/s]
  scifact:   7%|▋         | 344/5.18k [00:07<01:42, 47.2doc/s]
  scifact:   7%|▋         | 352/5.18k [00:07<01:42, 47.2doc/s]
  scifact:   7%|▋         | 360/5.18k [00:07<01:41, 47.3doc/s]
  scifact:   7%|▋         | 368/5.18k [00:07<01:41, 47.2doc/s]
  scifact:   7%|▋         | 376/5.18k [00:07<01:41, 47.2doc/s]
  scifact:   7%|▋         | 384/5.18k [00:08<01:41, 47.2doc/s]
  scifact:   8%|▊         | 392/5.18k [00:08<01:41, 47.0doc/s]
  scifact:   8%|▊         | 400/5.18k [00:08<01:41, 47.0doc/s]
  scifact:   8%|▊         | 408/5.18k [00:08<01:41, 47.1doc/s]
  scifact:   8%|▊         | 416/5.18k [00:08<01:41, 47.1doc/s]
  scifact:   8%|▊         | 424/5.18k [00:09<01:41, 47.0doc/s]
  scifact:   8%|▊         | 432/5.18k [00:09<01:41, 47.0doc/s]
  scifact:   8%|▊         | 440/5.18k [00:09<01:41, 46.8doc/s]
  scifact:   9%|▊         | 448/5.18k [00:09<01:40, 46.9doc/s]
  scifact:   9%|▉         | 456/5.18k [00:09<01:40, 47.0doc/s]
  scifact:   9%|▉         | 464/5.18k [00:09<01:40, 46.9doc/s]
  scifact:   9%|▉         | 472/5.18k [00:10<01:39, 47.2doc/s]
  scifact:   9%|▉         | 480/5.18k [00:10<01:39, 47.3doc/s]
  scifact:   9%|▉         | 488/5.18k [00:10<01:39, 47.2doc/s]
  scifact:  10%|▉         | 496/5.18k [00:10<01:39, 47.2doc/s]
  scifact:  10%|▉         | 504/5.18k [00:10<01:38, 47.3doc/s]
  scifact:  10%|▉         | 512/5.18k [00:10<01:39, 46.9doc/s]
  scifact:  10%|█         | 520/5.18k [00:11<01:39, 47.1doc/s]
  scifact:  10%|█         | 528/5.18k [00:11<01:39, 47.0doc/s]
  scifact:  10%|█         | 536/5.18k [00:11<01:38, 47.1doc/s]
  scifact:  10%|█         | 544/5.18k [00:11<01:38, 47.2doc/s]
  scifact:  11%|█         | 552/5.18k [00:11<01:38, 47.2doc/s]
  scifact:  11%|█         | 560/5.18k [00:11<01:38, 47.1doc/s]
  scifact:  11%|█         | 568/5.18k [00:12<01:37, 47.1doc/s]
  scifact:  11%|█         | 576/5.18k [00:12<01:37, 47.1doc/s]
  scifact:  11%|█▏        | 584/5.18k [00:12<01:37, 47.2doc/s]
  scifact:  11%|█▏        | 592/5.18k [00:12<01:37, 47.2doc/s]
  scifact:  12%|█▏        | 600/5.18k [00:12<01:37, 47.0doc/s]
  scifact:  12%|█▏        | 608/5.18k [00:12<01:37, 47.1doc/s]
  scifact:  12%|█▏        | 616/5.18k [00:13<01:37, 47.0doc/s]
  scifact:  12%|█▏        | 624/5.18k [00:13<01:36, 47.1doc/s]
  scifact:  12%|█▏        | 632/5.18k [00:13<01:36, 47.4doc/s]
  scifact:  12%|█▏        | 640/5.18k [00:13<01:35, 47.4doc/s]
  scifact:  13%|█▎        | 648/5.18k [00:13<01:36, 47.2doc/s]
  scifact:  13%|█▎        | 656/5.18k [00:13<01:35, 47.2doc/s]
  scifact:  13%|█▎        | 664/5.18k [00:14<01:35, 47.3doc/s]
  scifact:  13%|█▎        | 672/5.18k [00:14<01:35, 47.2doc/s]
  scifact:  13%|█▎        | 680/5.18k [00:14<01:35, 47.2doc/s]
  scifact:  13%|█▎        | 688/5.18k [00:14<01:35, 47.2doc/s]
  scifact:  13%|█▎        | 696/5.18k [00:14<01:35, 47.1doc/s]
  scifact:  14%|█▎        | 704/5.18k [00:14<01:35, 46.9doc/s]
  scifact:  14%|█▎        | 712/5.18k [00:15<01:35, 47.0doc/s]
  scifact:  14%|█▍        | 720/5.18k [00:15<01:34, 47.1doc/s]
  scifact:  14%|█▍        | 728/5.18k [00:15<01:34, 47.1doc/s]
  scifact:  14%|█▍        | 736/5.18k [00:15<01:34, 47.1doc/s]
  scifact:  14%|█▍        | 744/5.18k [00:15<01:34, 47.1doc/s]
  scifact:  15%|█▍        | 752/5.18k [00:15<01:33, 47.2doc/s]
  scifact:  15%|█▍        | 760/5.18k [00:16<01:33, 47.3doc/s]
  scifact:  15%|█▍        | 768/5.18k [00:16<01:33, 47.4doc/s]
  scifact:  15%|█▍        | 776/5.18k [00:16<01:32, 47.5doc/s]
  scifact:  15%|█▌        | 784/5.18k [00:16<01:32, 47.4doc/s]
  scifact:  15%|█▌        | 792/5.18k [00:16<01:32, 47.4doc/s]
  scifact:  15%|█▌        | 800/5.18k [00:16<01:32, 47.3doc/s]
  scifact:  16%|█▌        | 808/5.18k [00:17<01:32, 47.3doc/s]
  scifact:  16%|█▌        | 816/5.18k [00:17<01:32, 47.3doc/s]
  scifact:  16%|█▌        | 824/5.18k [00:17<01:32, 47.2doc/s]
  scifact:  16%|█▌        | 832/5.18k [00:17<01:32, 47.3doc/s]
  scifact:  16%|█▌        | 840/5.18k [00:17<01:32, 47.2doc/s]
  scifact:  16%|█▋        | 848/5.18k [00:17<01:31, 47.2doc/s]
  scifact:  17%|█▋        | 856/5.18k [00:18<01:31, 47.1doc/s]
  scifact:  17%|█▋        | 864/5.18k [00:18<01:31, 47.1doc/s]
  scifact:  17%|█▋        | 872/5.18k [00:18<01:31, 47.1doc/s]
  scifact:  17%|█▋        | 880/5.18k [00:18<01:31, 47.2doc/s]
  scifact:  17%|█▋        | 888/5.18k [00:18<01:31, 47.1doc/s]
  scifact:  17%|█▋        | 896/5.18k [00:19<01:31, 47.1doc/s]
  scifact:  17%|█▋        | 904/5.18k [00:19<01:30, 47.0doc/s]
  scifact:  18%|█▊        | 912/5.18k [00:19<01:30, 46.9doc/s]
  scifact:  18%|█▊        | 920/5.18k [00:19<01:30, 47.1doc/s]
  scifact:  18%|█▊        | 928/5.18k [00:19<01:30, 47.0doc/s]
  scifact:  18%|█▊        | 936/5.18k [00:19<01:30, 46.9doc/s]
  scifact:  18%|█▊        | 944/5.18k [00:20<01:30, 46.9doc/s]
  scifact:  18%|█▊        | 952/5.18k [00:20<01:29, 47.0doc/s]
  scifact:  19%|█▊        | 960/5.18k [00:20<01:29, 47.1doc/s]
  scifact:  19%|█▊        | 968/5.18k [00:20<01:29, 47.2doc/s]
  scifact:  19%|█▉        | 976/5.18k [00:20<01:29, 47.1doc/s]
  scifact:  19%|█▉        | 984/5.18k [00:20<01:29, 47.0doc/s]
  scifact:  19%|█▉        | 992/5.18k [00:21<01:28, 47.1doc/s]
  scifact:  19%|█▉        | 1.00k/5.18k [00:21<01:28, 47.2doc/s]
  scifact:  19%|█▉        | 1.01k/5.18k [00:21<01:28, 47.1doc/s]
  scifact:  20%|█▉        | 1.02k/5.18k [00:21<01:28, 47.0doc/s]
  scifact:  20%|█▉        | 1.02k/5.18k [00:21<01:28, 47.1doc/s]
  scifact:  20%|█▉        | 1.03k/5.18k [00:21<01:28, 47.1doc/s]
  scifact:  20%|██        | 1.04k/5.18k [00:22<01:28, 47.0doc/s]
  scifact:  20%|██        | 1.05k/5.18k [00:22<01:28, 46.8doc/s]
  scifact:  20%|██        | 1.06k/5.18k [00:22<01:28, 46.8doc/s]
  scifact:  21%|██        | 1.06k/5.18k [00:22<01:28, 46.8doc/s]
  scifact:  21%|██        | 1.07k/5.18k [00:22<01:27, 46.9doc/s]
  scifact:  21%|██        | 1.08k/5.18k [00:22<01:27, 46.9doc/s]
  scifact:  21%|██        | 1.09k/5.18k [00:23<01:27, 47.0doc/s]
  scifact:  21%|██        | 1.10k/5.18k [00:23<01:27, 47.0doc/s]
  scifact:  21%|██▏       | 1.10k/5.18k [00:23<01:26, 46.9doc/s]
  scifact:  21%|██▏       | 1.11k/5.18k [00:23<01:26, 46.9doc/s]
  scifact:  22%|██▏       | 1.12k/5.18k [00:23<01:26, 46.9doc/s]
  scifact:  22%|██▏       | 1.13k/5.18k [00:23<01:26, 46.9doc/s]
  scifact:  22%|██▏       | 1.14k/5.18k [00:24<01:26, 47.0doc/s]
  scifact:  22%|██▏       | 1.14k/5.18k [00:24<01:26, 47.0doc/s]
  scifact:  22%|██▏       | 1.15k/5.18k [00:24<01:25, 47.0doc/s]
  scifact:  22%|██▏       | 1.16k/5.18k [00:24<01:25, 47.0doc/s]
  scifact:  23%|██▎       | 1.17k/5.18k [00:24<01:25, 47.1doc/s]
  scifact:  23%|██▎       | 1.18k/5.18k [00:24<01:25, 47.1doc/s]
  scifact:  23%|██▎       | 1.18k/5.18k [00:25<01:24, 47.1doc/s]
  scifact:  23%|██▎       | 1.19k/5.18k [00:25<01:24, 47.0doc/s]
  scifact:  23%|██▎       | 1.20k/5.18k [00:25<01:24, 47.0doc/s]
  scifact:  23%|██▎       | 1.21k/5.18k [00:25<01:24, 47.0doc/s]
  scifact:  23%|██▎       | 1.22k/5.18k [00:25<01:24, 46.8doc/s]
  scifact:  24%|██▎       | 1.22k/5.18k [00:25<01:24, 46.9doc/s]
  scifact:  24%|██▍       | 1.23k/5.18k [00:26<01:24, 46.7doc/s]
  scifact:  24%|██▍       | 1.24k/5.18k [00:26<01:24, 46.8doc/s]
  scifact:  24%|██▍       | 1.25k/5.18k [00:26<01:23, 46.9doc/s]
  scifact:  24%|██▍       | 1.26k/5.18k [00:26<01:23, 47.0doc/s]
  scifact:  24%|██▍       | 1.26k/5.18k [00:26<01:23, 47.0doc/s]
  scifact:  25%|██▍       | 1.27k/5.18k [00:27<01:23, 47.0doc/s]
  scifact:  25%|██▍       | 1.28k/5.18k [00:27<01:22, 47.1doc/s]
  scifact:  25%|██▍       | 1.29k/5.18k [00:27<01:22, 47.2doc/s]
  scifact:  25%|██▌       | 1.30k/5.18k [00:27<01:22, 47.1doc/s]
  scifact:  25%|██▌       | 1.30k/5.18k [00:27<01:22, 47.1doc/s]
  scifact:  25%|██▌       | 1.31k/5.18k [00:27<01:21, 47.2doc/s]
  scifact:  25%|██▌       | 1.32k/5.18k [00:28<01:21, 47.2doc/s]
  scifact:  26%|██▌       | 1.33k/5.18k [00:28<01:21, 47.1doc/s]
  scifact:  26%|██▌       | 1.34k/5.18k [00:28<01:21, 47.1doc/s]
  scifact:  26%|██▌       | 1.34k/5.18k [00:28<01:21, 47.1doc/s]
  scifact:  26%|██▌       | 1.35k/5.18k [00:28<01:21, 47.2doc/s]
  scifact:  26%|██▌       | 1.36k/5.18k [00:28<01:20, 47.3doc/s]
  scifact:  26%|██▋       | 1.37k/5.18k [00:29<01:20, 47.2doc/s]
  scifact:  27%|██▋       | 1.38k/5.18k [00:29<01:20, 47.2doc/s]
  scifact:  27%|██▋       | 1.38k/5.18k [00:29<01:20, 47.0doc/s]
  scifact:  27%|██▋       | 1.39k/5.18k [00:29<01:20, 47.0doc/s]
  scifact:  27%|██▋       | 1.40k/5.18k [00:29<01:20, 47.1doc/s]
  scifact:  27%|██▋       | 1.41k/5.18k [00:29<01:20, 47.1doc/s]
  scifact:  27%|██▋       | 1.42k/5.18k [00:30<01:20, 46.9doc/s]
  scifact:  27%|██▋       | 1.42k/5.18k [00:30<01:19, 47.0doc/s]
  scifact:  28%|██▊       | 1.43k/5.18k [00:30<01:19, 46.9doc/s]
  scifact:  28%|██▊       | 1.44k/5.18k [00:30<01:19, 46.9doc/s]
  scifact:  28%|██▊       | 1.45k/5.18k [00:30<01:19, 46.7doc/s]
  scifact:  28%|██▊       | 1.46k/5.18k [00:30<01:19, 46.8doc/s]
  scifact:  28%|██▊       | 1.46k/5.18k [00:31<01:19, 46.8doc/s]
  scifact:  28%|██▊       | 1.47k/5.18k [00:31<01:19, 46.7doc/s]
  scifact:  29%|██▊       | 1.48k/5.18k [00:31<01:19, 46.8doc/s]
  scifact:  29%|██▊       | 1.49k/5.18k [00:31<01:18, 47.0doc/s]
  scifact:  29%|██▉       | 1.50k/5.18k [00:31<01:18, 47.2doc/s]
  scifact:  29%|██▉       | 1.50k/5.18k [00:31<01:18, 47.2doc/s]
  scifact:  29%|██▉       | 1.51k/5.18k [00:32<01:17, 47.3doc/s]
  scifact:  29%|██▉       | 1.52k/5.18k [00:32<01:17, 47.2doc/s]
  scifact:  29%|██▉       | 1.53k/5.18k [00:32<01:17, 47.3doc/s]
  scifact:  30%|██▉       | 1.54k/5.18k [00:32<01:17, 47.3doc/s]
  scifact:  30%|██▉       | 1.54k/5.18k [00:32<01:16, 47.3doc/s]
  scifact:  30%|██▉       | 1.55k/5.18k [00:32<01:16, 47.2doc/s]
  scifact:  30%|███       | 1.56k/5.18k [00:33<01:16, 47.2doc/s]
  scifact:  30%|███       | 1.57k/5.18k [00:33<01:16, 47.1doc/s]
  scifact:  30%|███       | 1.58k/5.18k [00:33<01:16, 46.9doc/s]
  scifact:  31%|███       | 1.58k/5.18k [00:33<01:16, 47.0doc/s]
  scifact:  31%|███       | 1.59k/5.18k [00:33<01:16, 47.0doc/s]
  scifact:  31%|███       | 1.60k/5.18k [00:33<01:16, 47.0doc/s]
  scifact:  31%|███       | 1.61k/5.18k [00:34<01:15, 47.1doc/s]
  scifact:  31%|███       | 1.62k/5.18k [00:34<01:15, 47.0doc/s]
  scifact:  31%|███▏      | 1.62k/5.18k [00:34<01:15, 46.9doc/s]
  scifact:  31%|███▏      | 1.63k/5.18k [00:34<01:15, 46.9doc/s]
  scifact:  32%|███▏      | 1.64k/5.18k [00:34<01:15, 46.9doc/s]
  scifact:  32%|███▏      | 1.65k/5.18k [00:35<01:15, 46.9doc/s]
  scifact:  32%|███▏      | 1.66k/5.18k [00:35<01:15, 46.9doc/s]
  scifact:  32%|███▏      | 1.66k/5.18k [00:35<01:15, 46.9doc/s]
  scifact:  32%|███▏      | 1.67k/5.18k [00:35<01:14, 47.0doc/s]
  scifact:  32%|███▏      | 1.68k/5.18k [00:35<01:14, 47.0doc/s]
  scifact:  33%|███▎      | 1.69k/5.18k [00:35<01:14, 47.1doc/s]
  scifact:  33%|███▎      | 1.70k/5.18k [00:36<01:14, 47.1doc/s]
  scifact:  33%|███▎      | 1.70k/5.18k [00:36<01:13, 47.0doc/s]
  scifact:  33%|███▎      | 1.71k/5.18k [00:36<01:13, 47.0doc/s]
  scifact:  33%|███▎      | 1.72k/5.18k [00:36<01:13, 47.1doc/s]
  scifact:  33%|███▎      | 1.73k/5.18k [00:36<01:13, 46.9doc/s]
  scifact:  33%|███▎      | 1.74k/5.18k [00:36<01:13, 47.0doc/s]
  scifact:  34%|███▎      | 1.74k/5.18k [00:37<01:13, 46.9doc/s]
  scifact:  34%|███▍      | 1.75k/5.18k [00:37<01:13, 46.9doc/s]
  scifact:  34%|███▍      | 1.76k/5.18k [00:37<01:12, 46.9doc/s]
  scifact:  34%|███▍      | 1.77k/5.18k [00:37<01:12, 46.9doc/s]
  scifact:  34%|███▍      | 1.78k/5.18k [00:37<01:12, 46.8doc/s]
  scifact:  34%|███▍      | 1.78k/5.18k [00:37<01:12, 46.8doc/s]
  scifact:  35%|███▍      | 1.79k/5.18k [00:38<01:12, 46.8doc/s]
  scifact:  35%|███▍      | 1.80k/5.18k [00:38<01:12, 46.8doc/s]
  scifact:  35%|███▍      | 1.81k/5.18k [00:38<01:12, 46.7doc/s]
  scifact:  35%|███▌      | 1.82k/5.18k [00:38<01:11, 46.8doc/s]
  scifact:  35%|███▌      | 1.82k/5.18k [00:38<01:11, 46.8doc/s]
  scifact:  35%|███▌      | 1.83k/5.18k [00:38<01:11, 46.9doc/s]
  scifact:  36%|███▌      | 1.84k/5.18k [00:39<01:11, 46.5doc/s]
  scifact:  36%|███▌      | 1.85k/5.18k [00:39<01:11, 46.7doc/s]
  scifact:  36%|███▌      | 1.86k/5.18k [00:39<01:11, 46.7doc/s]
  scifact:  36%|███▌      | 1.86k/5.18k [00:39<01:10, 46.8doc/s]
  scifact:  36%|███▌      | 1.87k/5.18k [00:39<01:10, 46.9doc/s]
  scifact:  36%|███▋      | 1.88k/5.18k [00:39<01:10, 46.9doc/s]
  scifact:  36%|███▋      | 1.89k/5.18k [00:40<01:10, 46.9doc/s]
  scifact:  37%|███▋      | 1.90k/5.18k [00:40<01:10, 46.9doc/s]
  scifact:  37%|███▋      | 1.90k/5.18k [00:40<01:09, 46.9doc/s]
  scifact:  37%|███▋      | 1.91k/5.18k [00:40<01:09, 47.1doc/s]
  scifact:  37%|███▋      | 1.92k/5.18k [00:40<01:09, 47.0doc/s]
  scifact:  37%|███▋      | 1.93k/5.18k [00:40<01:09, 47.0doc/s]
  scifact:  37%|███▋      | 1.94k/5.18k [00:41<01:09, 47.0doc/s]
  scifact:  38%|███▊      | 1.94k/5.18k [00:41<01:09, 46.9doc/s]
  scifact:  38%|███▊      | 1.95k/5.18k [00:41<01:09, 46.6doc/s]
  scifact:  38%|███▊      | 1.96k/5.18k [00:41<01:09, 46.7doc/s]
  scifact:  38%|███▊      | 1.97k/5.18k [00:41<01:08, 46.9doc/s]
  scifact:  38%|███▊      | 1.98k/5.18k [00:42<01:08, 47.0doc/s]
  scifact:  38%|███▊      | 1.98k/5.18k [00:42<01:07, 47.2doc/s]
  scifact:  38%|███▊      | 1.99k/5.18k [00:42<01:07, 47.2doc/s]
  scifact:  39%|███▊      | 2.00k/5.18k [00:42<01:07, 47.1doc/s]
  scifact:  39%|███▊      | 2.01k/5.18k [00:42<01:07, 47.1doc/s]
  scifact:  39%|███▉      | 2.02k/5.18k [00:42<01:07, 47.0doc/s]
  scifact:  39%|███▉      | 2.02k/5.18k [00:43<01:07, 46.9doc/s]
  scifact:  39%|███▉      | 2.03k/5.18k [00:43<01:07, 46.9doc/s]
  scifact:  39%|███▉      | 2.04k/5.18k [00:43<01:07, 46.9doc/s]
  scifact:  40%|███▉      | 2.05k/5.18k [00:43<01:06, 46.9doc/s]
  scifact:  40%|███▉      | 2.06k/5.18k [00:43<01:06, 46.7doc/s]
  scifact:  40%|███▉      | 2.06k/5.18k [00:43<01:06, 46.9doc/s]
  scifact:  40%|███▉      | 2.07k/5.18k [00:44<01:06, 47.0doc/s]
  scifact:  40%|████      | 2.08k/5.18k [00:44<01:05, 47.2doc/s]
  scifact:  40%|████      | 2.09k/5.18k [00:44<01:05, 47.1doc/s]
  scifact:  40%|████      | 2.10k/5.18k [00:44<01:05, 46.9doc/s]
  scifact:  41%|████      | 2.10k/5.18k [00:44<01:05, 46.8doc/s]
  scifact:  41%|████      | 2.11k/5.18k [00:44<01:05, 46.9doc/s]
  scifact:  41%|████      | 2.12k/5.18k [00:45<01:05, 46.9doc/s]
  scifact:  41%|████      | 2.13k/5.18k [00:45<01:05, 46.9doc/s]
  scifact:  41%|████      | 2.14k/5.18k [00:45<01:04, 46.9doc/s]
  scifact:  41%|████▏     | 2.14k/5.18k [00:45<01:04, 46.9doc/s]
  scifact:  42%|████▏     | 2.15k/5.18k [00:45<01:04, 46.8doc/s]
  scifact:  42%|████▏     | 2.16k/5.18k [00:45<01:04, 46.9doc/s]
  scifact:  42%|████▏     | 2.17k/5.18k [00:46<01:04, 46.9doc/s]
  scifact:  42%|████▏     | 2.18k/5.18k [00:46<01:04, 46.8doc/s]
  scifact:  42%|████▏     | 2.18k/5.18k [00:46<01:04, 46.8doc/s]
  scifact:  42%|████▏     | 2.19k/5.18k [00:46<01:03, 46.9doc/s]
  scifact:  42%|████▏     | 2.20k/5.18k [00:46<01:03, 46.9doc/s]
  scifact:  43%|████▎     | 2.21k/5.18k [00:46<01:03, 46.9doc/s]
  scifact:  43%|████▎     | 2.22k/5.18k [00:47<01:03, 47.0doc/s]
  scifact:  43%|████▎     | 2.22k/5.18k [00:47<01:03, 46.9doc/s]
  scifact:  43%|████▎     | 2.23k/5.18k [00:47<01:02, 47.0doc/s]
  scifact:  43%|████▎     | 2.24k/5.18k [00:47<01:02, 47.1doc/s]
  scifact:  43%|████▎     | 2.25k/5.18k [00:47<01:02, 47.2doc/s]
  scifact:  44%|████▎     | 2.26k/5.18k [00:47<01:02, 47.2doc/s]
  scifact:  44%|████▎     | 2.26k/5.18k [00:48<01:01, 47.3doc/s]
  scifact:  44%|████▍     | 2.27k/5.18k [00:48<01:01, 47.2doc/s]
  scifact:  44%|████▍     | 2.28k/5.18k [00:48<01:01, 47.1doc/s]
  scifact:  44%|████▍     | 2.29k/5.18k [00:48<01:01, 47.0doc/s]
  scifact:  44%|████▍     | 2.30k/5.18k [00:48<01:01, 47.0doc/s]
  scifact:  44%|████▍     | 2.30k/5.18k [00:48<01:01, 47.2doc/s]
  scifact:  45%|████▍     | 2.31k/5.18k [00:49<01:00, 47.1doc/s]
  scifact:  45%|████▍     | 2.32k/5.18k [00:49<01:00, 47.0doc/s]
  scifact:  45%|████▍     | 2.33k/5.18k [00:49<01:00, 46.9doc/s]
  scifact:  45%|████▌     | 2.34k/5.18k [00:49<01:00, 46.8doc/s]
  scifact:  45%|████▌     | 2.34k/5.18k [00:49<01:00, 46.7doc/s]
  scifact:  45%|████▌     | 2.35k/5.18k [00:50<01:00, 46.8doc/s]
  scifact:  46%|████▌     | 2.36k/5.18k [00:50<01:00, 46.9doc/s]
  scifact:  46%|████▌     | 2.37k/5.18k [00:50<01:00, 46.8doc/s]
  scifact:  46%|████▌     | 2.38k/5.18k [00:50<00:59, 46.9doc/s]
  scifact:  46%|████▌     | 2.38k/5.18k [00:50<00:59, 46.8doc/s]
  scifact:  46%|████▌     | 2.39k/5.18k [00:50<00:59, 46.8doc/s]
  scifact:  46%|████▋     | 2.40k/5.18k [00:51<00:59, 46.8doc/s]
  scifact:  46%|████▋     | 2.41k/5.18k [00:51<00:59, 46.8doc/s]
  scifact:  47%|████▋     | 2.42k/5.18k [00:51<00:59, 46.8doc/s]
  scifact:  47%|████▋     | 2.42k/5.18k [00:51<00:58, 46.8doc/s]
  scifact:  47%|████▋     | 2.43k/5.18k [00:51<00:58, 46.9doc/s]
  scifact:  47%|████▋     | 2.44k/5.18k [00:51<00:58, 46.9doc/s]
  scifact:  47%|████▋     | 2.45k/5.18k [00:52<00:58, 46.9doc/s]
  scifact:  47%|████▋     | 2.46k/5.18k [00:52<00:58, 46.9doc/s]
  scifact:  48%|████▊     | 2.46k/5.18k [00:52<00:57, 46.9doc/s]
  scifact:  48%|████▊     | 2.47k/5.18k [00:52<00:57, 46.9doc/s]
  scifact:  48%|████▊     | 2.48k/5.18k [00:52<00:57, 46.7doc/s]
  scifact:  48%|████▊     | 2.49k/5.18k [00:52<00:57, 46.8doc/s]
  scifact:  48%|████▊     | 2.50k/5.18k [00:53<00:57, 46.8doc/s]
  scifact:  48%|████▊     | 2.50k/5.18k [00:53<00:57, 46.9doc/s]
  scifact:  48%|████▊     | 2.51k/5.18k [00:53<00:57, 46.7doc/s]
  scifact:  49%|████▊     | 2.52k/5.18k [00:53<00:56, 46.8doc/s]
  scifact:  49%|████▉     | 2.53k/5.18k [00:53<00:56, 46.9doc/s]
  scifact:  49%|████▉     | 2.54k/5.18k [00:53<00:56, 46.8doc/s]
  scifact:  49%|████▉     | 2.54k/5.18k [00:54<00:56, 47.0doc/s]
  scifact:  49%|████▉     | 2.55k/5.18k [00:54<00:55, 47.0doc/s]
  scifact:  49%|████▉     | 2.56k/5.18k [00:54<00:55, 47.0doc/s]
  scifact:  50%|████▉     | 2.57k/5.18k [00:54<00:55, 47.0doc/s]
  scifact:  50%|████▉     | 2.58k/5.18k [00:54<00:55, 46.9doc/s]
  scifact:  50%|████▉     | 2.58k/5.18k [00:54<00:55, 46.9doc/s]
  scifact:  50%|█████     | 2.59k/5.18k [00:55<00:55, 46.9doc/s]
  scifact:  50%|█████     | 2.60k/5.18k [00:55<00:54, 47.0doc/s]
  scifact:  50%|█████     | 2.61k/5.18k [00:55<00:54, 47.0doc/s]
  scifact:  50%|█████     | 2.62k/5.18k [00:55<00:54, 47.0doc/s]
  scifact:  51%|█████     | 2.62k/5.18k [00:55<00:54, 47.0doc/s]
  scifact:  51%|█████     | 2.63k/5.18k [00:55<00:54, 46.9doc/s]
  scifact:  51%|█████     | 2.64k/5.18k [00:56<00:54, 46.9doc/s]
  scifact:  51%|█████     | 2.65k/5.18k [00:56<00:54, 46.9doc/s]
  scifact:  51%|█████     | 2.66k/5.18k [00:56<00:53, 47.0doc/s]
  scifact:  51%|█████▏    | 2.66k/5.18k [00:56<00:53, 46.9doc/s]
  scifact:  52%|█████▏    | 2.67k/5.18k [00:56<00:53, 46.8doc/s]
  scifact:  52%|█████▏    | 2.68k/5.18k [00:57<00:53, 46.8doc/s]
  scifact:  52%|█████▏    | 2.69k/5.18k [00:57<00:53, 46.9doc/s]
  scifact:  52%|█████▏    | 2.70k/5.18k [00:57<00:53, 46.9doc/s]
  scifact:  52%|█████▏    | 2.70k/5.18k [00:57<00:52, 46.8doc/s]
  scifact:  52%|█████▏    | 2.71k/5.18k [00:57<00:52, 46.8doc/s]
  scifact:  52%|█████▏    | 2.72k/5.18k [00:57<00:52, 46.9doc/s]
  scifact:  53%|█████▎    | 2.73k/5.18k [00:58<00:52, 46.9doc/s]
  scifact:  53%|█████▎    | 2.74k/5.18k [00:58<00:52, 46.9doc/s]
  scifact:  53%|█████▎    | 2.74k/5.18k [00:58<00:51, 46.9doc/s]
  scifact:  53%|█████▎    | 2.75k/5.18k [00:58<00:51, 46.9doc/s]
  scifact:  53%|█████▎    | 2.76k/5.18k [00:58<00:51, 47.0doc/s]
  scifact:  53%|█████▎    | 2.77k/5.18k [00:58<00:51, 47.2doc/s]
  scifact:  54%|█████▎    | 2.78k/5.18k [00:59<00:51, 47.2doc/s]
  scifact:  54%|█████▎    | 2.78k/5.18k [00:59<00:50, 47.1doc/s]
  scifact:  54%|█████▍    | 2.79k/5.18k [00:59<00:50, 47.1doc/s]
  scifact:  54%|█████▍    | 2.80k/5.18k [00:59<00:50, 47.0doc/s]
  scifact:  54%|█████▍    | 2.81k/5.18k [00:59<00:50, 46.9doc/s]
  scifact:  54%|█████▍    | 2.82k/5.18k [00:59<00:50, 46.9doc/s]
  scifact:  54%|█████▍    | 2.82k/5.18k [01:00<00:50, 46.9doc/s]
  scifact:  55%|█████▍    | 2.83k/5.18k [01:00<00:50, 46.8doc/s]
  scifact:  55%|█████▍    | 2.84k/5.18k [01:00<00:49, 47.0doc/s]
  scifact:  55%|█████▍    | 2.85k/5.18k [01:00<00:49, 47.1doc/s]
  scifact:  55%|█████▌    | 2.86k/5.18k [01:00<00:49, 47.2doc/s]
  scifact:  55%|█████▌    | 2.86k/5.18k [01:00<00:49, 47.1doc/s]
  scifact:  55%|█████▌    | 2.87k/5.18k [01:01<00:49, 47.0doc/s]
  scifact:  56%|█████▌    | 2.88k/5.18k [01:01<00:49, 46.9doc/s]
  scifact:  56%|█████▌    | 2.89k/5.18k [01:01<00:48, 46.8doc/s]
  scifact:  56%|█████▌    | 2.90k/5.18k [01:01<00:48, 46.9doc/s]
  scifact:  56%|█████▌    | 2.90k/5.18k [01:01<00:48, 46.9doc/s]
  scifact:  56%|█████▌    | 2.91k/5.18k [01:01<00:48, 46.8doc/s]
  scifact:  56%|█████▋    | 2.92k/5.18k [01:02<00:48, 46.7doc/s]
  scifact:  56%|█████▋    | 2.93k/5.18k [01:02<00:48, 46.9doc/s]
  scifact:  57%|█████▋    | 2.94k/5.18k [01:02<00:47, 46.9doc/s]
  scifact:  57%|█████▋    | 2.94k/5.18k [01:02<00:47, 47.0doc/s]
  scifact:  57%|█████▋    | 2.95k/5.18k [01:02<00:47, 47.1doc/s]
  scifact:  57%|█████▋    | 2.96k/5.18k [01:02<00:47, 47.2doc/s]
  scifact:  57%|█████▋    | 2.97k/5.18k [01:03<00:47, 47.0doc/s]
  scifact:  57%|█████▋    | 2.98k/5.18k [01:03<00:46, 47.0doc/s]
  scifact:  58%|█████▊    | 2.98k/5.18k [01:03<00:46, 46.8doc/s]
  scifact:  58%|█████▊    | 2.99k/5.18k [01:03<00:46, 46.8doc/s]
  scifact:  58%|█████▊    | 3.00k/5.18k [01:03<00:46, 46.8doc/s]
  scifact:  58%|█████▊    | 3.01k/5.18k [01:03<00:46, 46.9doc/s]
  scifact:  58%|█████▊    | 3.02k/5.18k [01:04<00:46, 47.0doc/s]
  scifact:  58%|█████▊    | 3.02k/5.18k [01:04<00:46, 46.8doc/s]
  scifact:  58%|█████▊    | 3.03k/5.18k [01:04<00:45, 47.0doc/s]
  scifact:  59%|█████▊    | 3.04k/5.18k [01:04<00:45, 46.9doc/s]
  scifact:  59%|█████▉    | 3.05k/5.18k [01:04<00:45, 46.9doc/s]
  scifact:  59%|█████▉    | 3.06k/5.18k [01:05<00:45, 46.9doc/s]
  scifact:  59%|█████▉    | 3.06k/5.18k [01:05<00:45, 46.8doc/s]
  scifact:  59%|█████▉    | 3.07k/5.18k [01:05<00:44, 47.0doc/s]
  scifact:  59%|█████▉    | 3.08k/5.18k [01:05<00:44, 47.1doc/s]
  scifact:  60%|█████▉    | 3.09k/5.18k [01:05<00:44, 47.1doc/s]
  scifact:  60%|█████▉    | 3.10k/5.18k [01:05<00:44, 47.1doc/s]
  scifact:  60%|█████▉    | 3.10k/5.18k [01:06<00:44, 47.0doc/s]
  scifact:  60%|██████    | 3.11k/5.18k [01:06<00:43, 47.1doc/s]
  scifact:  60%|██████    | 3.12k/5.18k [01:06<00:44, 46.9doc/s]
  scifact:  60%|██████    | 3.13k/5.18k [01:06<00:43, 46.8doc/s]
  scifact:  61%|██████    | 3.14k/5.18k [01:06<00:43, 46.8doc/s]
  scifact:  61%|██████    | 3.14k/5.18k [01:06<00:43, 47.0doc/s]
  scifact:  61%|██████    | 3.15k/5.18k [01:07<00:43, 46.9doc/s]
  scifact:  61%|██████    | 3.16k/5.18k [01:07<00:43, 47.0doc/s]
  scifact:  61%|██████    | 3.17k/5.18k [01:07<00:42, 46.9doc/s]
  scifact:  61%|██████▏   | 3.18k/5.18k [01:07<00:42, 47.0doc/s]
  scifact:  61%|██████▏   | 3.18k/5.18k [01:07<00:42, 47.0doc/s]
  scifact:  62%|██████▏   | 3.19k/5.18k [01:07<00:42, 46.9doc/s]
  scifact:  62%|██████▏   | 3.20k/5.18k [01:08<00:42, 46.9doc/s]
  scifact:  62%|██████▏   | 3.21k/5.18k [01:08<00:42, 46.8doc/s]
  scifact:  62%|██████▏   | 3.22k/5.18k [01:08<00:41, 46.8doc/s]
  scifact:  62%|██████▏   | 3.22k/5.18k [01:08<00:41, 46.8doc/s]
  scifact:  62%|██████▏   | 3.23k/5.18k [01:08<00:41, 46.8doc/s]
  scifact:  63%|██████▎   | 3.24k/5.18k [01:08<00:41, 46.8doc/s]
  scifact:  63%|██████▎   | 3.25k/5.18k [01:09<00:41, 47.0doc/s]
  scifact:  63%|██████▎   | 3.26k/5.18k [01:09<00:41, 46.8doc/s]
  scifact:  63%|██████▎   | 3.26k/5.18k [01:09<00:40, 46.9doc/s]
  scifact:  63%|██████▎   | 3.27k/5.18k [01:09<00:40, 46.8doc/s]
  scifact:  63%|██████▎   | 3.28k/5.18k [01:09<00:40, 46.8doc/s]
  scifact:  63%|██████▎   | 3.29k/5.18k [01:09<00:40, 46.8doc/s]
  scifact:  64%|██████▎   | 3.30k/5.18k [01:10<00:40, 46.9doc/s]
  scifact:  64%|██████▎   | 3.30k/5.18k [01:10<00:40, 46.9doc/s]
  scifact:  64%|██████▍   | 3.31k/5.18k [01:10<00:39, 46.9doc/s]
  scifact:  64%|██████▍   | 3.32k/5.18k [01:10<00:39, 46.7doc/s]
  scifact:  64%|██████▍   | 3.33k/5.18k [01:10<00:39, 46.8doc/s]
  scifact:  64%|██████▍   | 3.34k/5.18k [01:10<00:39, 46.7doc/s]
  scifact:  65%|██████▍   | 3.34k/5.18k [01:11<00:39, 46.8doc/s]
  scifact:  65%|██████▍   | 3.35k/5.18k [01:11<00:39, 46.8doc/s]
  scifact:  65%|██████▍   | 3.36k/5.18k [01:11<00:38, 46.8doc/s]
  scifact:  65%|██████▍   | 3.37k/5.18k [01:11<00:38, 46.9doc/s]
  scifact:  65%|██████▌   | 3.38k/5.18k [01:11<00:38, 46.9doc/s]
  scifact:  65%|██████▌   | 3.38k/5.18k [01:12<00:38, 47.0doc/s]
  scifact:  65%|██████▌   | 3.39k/5.18k [01:12<00:38, 47.0doc/s]
  scifact:  66%|██████▌   | 3.40k/5.18k [01:12<00:37, 47.0doc/s]
  scifact:  66%|██████▌   | 3.41k/5.18k [01:12<00:37, 46.9doc/s]
  scifact:  66%|██████▌   | 3.42k/5.18k [01:12<00:37, 46.9doc/s]
  scifact:  66%|██████▌   | 3.42k/5.18k [01:12<00:37, 46.8doc/s]
  scifact:  66%|██████▌   | 3.43k/5.18k [01:13<00:37, 46.8doc/s]
  scifact:  66%|██████▋   | 3.44k/5.18k [01:13<00:37, 46.8doc/s]
  scifact:  67%|██████▋   | 3.45k/5.18k [01:13<00:37, 46.6doc/s]
  scifact:  67%|██████▋   | 3.46k/5.18k [01:13<00:36, 46.7doc/s]
  scifact:  67%|██████▋   | 3.46k/5.18k [01:13<00:36, 46.6doc/s]
  scifact:  67%|██████▋   | 3.47k/5.18k [01:13<00:36, 46.8doc/s]
  scifact:  67%|██████▋   | 3.48k/5.18k [01:14<00:36, 46.8doc/s]
  scifact:  67%|██████▋   | 3.49k/5.18k [01:14<00:36, 46.8doc/s]
  scifact:  67%|██████▋   | 3.50k/5.18k [01:14<00:35, 47.0doc/s]
  scifact:  68%|██████▊   | 3.50k/5.18k [01:14<00:35, 46.9doc/s]
  scifact:  68%|██████▊   | 3.51k/5.18k [01:14<00:35, 46.9doc/s]
  scifact:  68%|██████▊   | 3.52k/5.18k [01:14<00:35, 46.9doc/s]
  scifact:  68%|██████▊   | 3.53k/5.18k [01:15<00:35, 46.9doc/s]
  scifact:  68%|██████▊   | 3.54k/5.18k [01:15<00:35, 46.8doc/s]
  scifact:  68%|██████▊   | 3.54k/5.18k [01:15<00:34, 46.9doc/s]
  scifact:  69%|██████▊   | 3.55k/5.18k [01:15<00:34, 46.8doc/s]
  scifact:  69%|██████▊   | 3.56k/5.18k [01:15<00:34, 46.9doc/s]
  scifact:  69%|██████▉   | 3.57k/5.18k [01:15<00:34, 46.8doc/s]
  scifact:  69%|██████▉   | 3.58k/5.18k [01:16<00:34, 46.7doc/s]
  scifact:  69%|██████▉   | 3.58k/5.18k [01:16<00:34, 46.6doc/s]
  scifact:  69%|██████▉   | 3.59k/5.18k [01:16<00:34, 46.6doc/s]
  scifact:  69%|██████▉   | 3.60k/5.18k [01:16<00:33, 46.8doc/s]
  scifact:  70%|██████▉   | 3.61k/5.18k [01:16<00:33, 46.8doc/s]
  scifact:  70%|██████▉   | 3.62k/5.18k [01:16<00:33, 46.9doc/s]
  scifact:  70%|██████▉   | 3.62k/5.18k [01:17<00:33, 46.9doc/s]
  scifact:  70%|███████   | 3.63k/5.18k [01:17<00:33, 46.9doc/s]
  scifact:  70%|███████   | 3.64k/5.18k [01:17<00:32, 46.9doc/s]
  scifact:  70%|███████   | 3.65k/5.18k [01:17<00:32, 47.0doc/s]
  scifact:  71%|███████   | 3.66k/5.18k [01:17<00:32, 46.9doc/s]
  scifact:  71%|███████   | 3.66k/5.18k [01:17<00:32, 46.9doc/s]
  scifact:  71%|███████   | 3.67k/5.18k [01:18<00:32, 47.0doc/s]
  scifact:  71%|███████   | 3.68k/5.18k [01:18<00:31, 47.0doc/s]
  scifact:  71%|███████   | 3.69k/5.18k [01:18<00:31, 46.9doc/s]
  scifact:  71%|███████▏  | 3.70k/5.18k [01:18<00:31, 46.8doc/s]
  scifact:  71%|███████▏  | 3.70k/5.18k [01:18<00:31, 46.8doc/s]
  scifact:  72%|███████▏  | 3.71k/5.18k [01:19<00:31, 46.8doc/s]
  scifact:  72%|███████▏  | 3.72k/5.18k [01:19<00:31, 46.8doc/s]
  scifact:  72%|███████▏  | 3.73k/5.18k [01:19<00:30, 46.9doc/s]
  scifact:  72%|███████▏  | 3.74k/5.18k [01:19<00:30, 47.0doc/s]
  scifact:  72%|███████▏  | 3.74k/5.18k [01:19<00:30, 47.0doc/s]
  scifact:  72%|███████▏  | 3.75k/5.18k [01:19<00:30, 47.0doc/s]
  scifact:  73%|███████▎  | 3.76k/5.18k [01:20<00:30, 47.0doc/s]
  scifact:  73%|███████▎  | 3.77k/5.18k [01:20<00:30, 47.0doc/s]
  scifact:  73%|███████▎  | 3.78k/5.18k [01:20<00:29, 47.1doc/s]
  scifact:  73%|███████▎  | 3.78k/5.18k [01:20<00:29, 46.9doc/s]
  scifact:  73%|███████▎  | 3.79k/5.18k [01:20<00:29, 46.8doc/s]
  scifact:  73%|███████▎  | 3.80k/5.18k [01:20<00:29, 46.8doc/s]
  scifact:  73%|███████▎  | 3.81k/5.18k [01:21<00:29, 46.8doc/s]
  scifact:  74%|███████▎  | 3.82k/5.18k [01:21<00:29, 46.8doc/s]
  scifact:  74%|███████▍  | 3.82k/5.18k [01:21<00:28, 46.9doc/s]
  scifact:  74%|███████▍  | 3.83k/5.18k [01:21<00:28, 47.0doc/s]
  scifact:  74%|███████▍  | 3.84k/5.18k [01:21<00:28, 46.9doc/s]
  scifact:  74%|███████▍  | 3.85k/5.18k [01:21<00:28, 46.8doc/s]
  scifact:  74%|███████▍  | 3.86k/5.18k [01:22<00:28, 47.0doc/s]
  scifact:  75%|███████▍  | 3.86k/5.18k [01:22<00:28, 47.1doc/s]
  scifact:  75%|███████▍  | 3.87k/5.18k [01:22<00:28, 46.8doc/s]
  scifact:  75%|███████▍  | 3.88k/5.18k [01:22<00:27, 47.0doc/s]
  scifact:  75%|███████▌  | 3.89k/5.18k [01:22<00:27, 46.9doc/s]
  scifact:  75%|███████▌  | 3.90k/5.18k [01:22<00:27, 46.9doc/s]
  scifact:  75%|███████▌  | 3.90k/5.18k [01:23<00:27, 46.8doc/s]
  scifact:  75%|███████▌  | 3.91k/5.18k [01:23<00:27, 46.8doc/s]
  scifact:  76%|███████▌  | 3.92k/5.18k [01:23<00:27, 46.7doc/s]
  scifact:  76%|███████▌  | 3.93k/5.18k [01:23<00:26, 46.7doc/s]
  scifact:  76%|███████▌  | 3.94k/5.18k [01:23<00:26, 46.7doc/s]
  scifact:  76%|███████▌  | 3.94k/5.18k [01:23<00:26, 46.7doc/s]
  scifact:  76%|███████▌  | 3.95k/5.18k [01:24<00:26, 46.7doc/s]
  scifact:  76%|███████▋  | 3.96k/5.18k [01:24<00:26, 46.6doc/s]
  scifact:  77%|███████▋  | 3.97k/5.18k [01:24<00:26, 46.7doc/s]
  scifact:  77%|███████▋  | 3.98k/5.18k [01:24<00:25, 46.8doc/s]
  scifact:  77%|███████▋  | 3.98k/5.18k [01:24<00:25, 46.7doc/s]
  scifact:  77%|███████▋  | 3.99k/5.18k [01:24<00:25, 46.7doc/s]
  scifact:  77%|███████▋  | 4.00k/5.18k [01:25<00:25, 46.7doc/s]
  scifact:  77%|███████▋  | 4.01k/5.18k [01:25<00:25, 46.7doc/s]
  scifact:  77%|███████▋  | 4.02k/5.18k [01:25<00:25, 46.6doc/s]
  scifact:  78%|███████▊  | 4.02k/5.18k [01:25<00:24, 46.7doc/s]
  scifact:  78%|███████▊  | 4.03k/5.18k [01:25<00:24, 46.8doc/s]
  scifact:  78%|███████▊  | 4.04k/5.18k [01:26<00:24, 46.8doc/s]
  scifact:  78%|███████▊  | 4.05k/5.18k [01:26<00:24, 46.8doc/s]
  scifact:  78%|███████▊  | 4.06k/5.18k [01:26<00:24, 46.7doc/s]
  scifact:  78%|███████▊  | 4.06k/5.18k [01:26<00:23, 46.8doc/s]
  scifact:  79%|███████▊  | 4.07k/5.18k [01:26<00:23, 46.9doc/s]
  scifact:  79%|███████▊  | 4.08k/5.18k [01:26<00:23, 47.1doc/s]
  scifact:  79%|███████▉  | 4.09k/5.18k [01:27<00:23, 47.2doc/s]
  scifact:  79%|███████▉  | 4.10k/5.18k [01:27<00:23, 47.2doc/s]
  scifact:  79%|███████▉  | 4.10k/5.18k [01:27<00:22, 47.2doc/s]
  scifact:  79%|███████▉  | 4.11k/5.18k [01:27<00:22, 47.3doc/s]
  scifact:  79%|███████▉  | 4.12k/5.18k [01:27<00:22, 46.9doc/s]
  scifact:  80%|███████▉  | 4.13k/5.18k [01:27<00:22, 46.7doc/s]
  scifact:  80%|███████▉  | 4.14k/5.18k [01:28<00:22, 46.5doc/s]
  scifact:  80%|███████▉  | 4.14k/5.18k [01:28<00:22, 46.6doc/s]
  scifact:  80%|████████  | 4.15k/5.18k [01:28<00:22, 46.6doc/s]
  scifact:  80%|████████  | 4.16k/5.18k [01:28<00:21, 46.6doc/s]
  scifact:  80%|████████  | 4.17k/5.18k [01:28<00:21, 46.6doc/s]
  scifact:  81%|████████  | 4.18k/5.18k [01:28<00:21, 46.6doc/s]
  scifact:  81%|████████  | 4.18k/5.18k [01:29<00:21, 46.7doc/s]
  scifact:  81%|████████  | 4.19k/5.18k [01:29<00:21, 46.8doc/s]
  scifact:  81%|████████  | 4.20k/5.18k [01:29<00:20, 46.8doc/s]
  scifact:  81%|████████  | 4.21k/5.18k [01:29<00:20, 46.7doc/s]
  scifact:  81%|████████▏ | 4.22k/5.18k [01:29<00:20, 46.8doc/s]
  scifact:  81%|████████▏ | 4.22k/5.18k [01:29<00:20, 46.8doc/s]
  scifact:  82%|████████▏ | 4.23k/5.18k [01:30<00:20, 46.8doc/s]
  scifact:  82%|████████▏ | 4.24k/5.18k [01:30<00:20, 46.8doc/s]
  scifact:  82%|████████▏ | 4.25k/5.18k [01:30<00:19, 46.8doc/s]
  scifact:  82%|████████▏ | 4.26k/5.18k [01:30<00:19, 46.7doc/s]
  scifact:  82%|████████▏ | 4.26k/5.18k [01:30<00:19, 46.7doc/s]
  scifact:  82%|████████▏ | 4.27k/5.18k [01:30<00:19, 46.7doc/s]
  scifact:  83%|████████▎ | 4.28k/5.18k [01:31<00:19, 46.7doc/s]
  scifact:  83%|████████▎ | 4.29k/5.18k [01:31<00:19, 46.7doc/s]
  scifact:  83%|████████▎ | 4.30k/5.18k [01:31<00:18, 46.9doc/s]
  scifact:  83%|████████▎ | 4.30k/5.18k [01:31<00:18, 47.1doc/s]
  scifact:  83%|████████▎ | 4.31k/5.18k [01:31<00:18, 47.0doc/s]
  scifact:  83%|████████▎ | 4.32k/5.18k [01:31<00:18, 46.8doc/s]
  scifact:  84%|████████▎ | 4.33k/5.18k [01:32<00:18, 46.7doc/s]
  scifact:  84%|████████▎ | 4.34k/5.18k [01:32<00:18, 46.6doc/s]
  scifact:  84%|████████▍ | 4.34k/5.18k [01:32<00:17, 46.9doc/s]
  scifact:  84%|████████▍ | 4.35k/5.18k [01:32<00:17, 47.0doc/s]
  scifact:  84%|████████▍ | 4.36k/5.18k [01:32<00:17, 47.0doc/s]
  scifact:  84%|████████▍ | 4.37k/5.18k [01:33<00:17, 47.0doc/s]
  scifact:  84%|████████▍ | 4.38k/5.18k [01:33<00:17, 46.9doc/s]
  scifact:  85%|████████▍ | 4.38k/5.18k [01:33<00:17, 46.9doc/s]
  scifact:  85%|████████▍ | 4.39k/5.18k [01:33<00:16, 46.8doc/s]
  scifact:  85%|████████▍ | 4.40k/5.18k [01:33<00:16, 46.7doc/s]
  scifact:  85%|████████▌ | 4.41k/5.18k [01:33<00:16, 46.8doc/s]
  scifact:  85%|████████▌ | 4.42k/5.18k [01:34<00:16, 46.8doc/s]
  scifact:  85%|████████▌ | 4.42k/5.18k [01:34<00:16, 46.8doc/s]
  scifact:  86%|████████▌ | 4.43k/5.18k [01:34<00:16, 46.8doc/s]
  scifact:  86%|████████▌ | 4.44k/5.18k [01:34<00:15, 46.9doc/s]
  scifact:  86%|████████▌ | 4.45k/5.18k [01:34<00:15, 46.8doc/s]
  scifact:  86%|████████▌ | 4.46k/5.18k [01:34<00:15, 46.9doc/s]
  scifact:  86%|████████▌ | 4.46k/5.18k [01:35<00:15, 46.7doc/s]
  scifact:  86%|████████▋ | 4.47k/5.18k [01:35<00:15, 46.7doc/s]
  scifact:  86%|████████▋ | 4.48k/5.18k [01:35<00:15, 46.8doc/s]
  scifact:  87%|████████▋ | 4.49k/5.18k [01:35<00:14, 46.8doc/s]
  scifact:  87%|████████▋ | 4.50k/5.18k [01:35<00:14, 46.8doc/s]
  scifact:  87%|████████▋ | 4.50k/5.18k [01:35<00:14, 46.8doc/s]
  scifact:  87%|████████▋ | 4.51k/5.18k [01:36<00:14, 46.9doc/s]
  scifact:  87%|████████▋ | 4.52k/5.18k [01:36<00:14, 46.8doc/s]
  scifact:  87%|████████▋ | 4.53k/5.18k [01:36<00:13, 46.8doc/s]
  scifact:  88%|████████▊ | 4.54k/5.18k [01:36<00:13, 46.8doc/s]
  scifact:  88%|████████▊ | 4.54k/5.18k [01:36<00:13, 46.8doc/s]
  scifact:  88%|████████▊ | 4.55k/5.18k [01:36<00:13, 46.7doc/s]
  scifact:  88%|████████▊ | 4.56k/5.18k [01:37<00:13, 46.6doc/s]
  scifact:  88%|████████▊ | 4.57k/5.18k [01:37<00:13, 46.8doc/s]
  scifact:  88%|████████▊ | 4.58k/5.18k [01:37<00:12, 46.8doc/s]
  scifact:  88%|████████▊ | 4.58k/5.18k [01:37<00:12, 46.8doc/s]
  scifact:  89%|████████▊ | 4.59k/5.18k [01:37<00:12, 46.9doc/s]
  scifact:  89%|████████▉ | 4.60k/5.18k [01:37<00:12, 46.8doc/s]
  scifact:  89%|████████▉ | 4.61k/5.18k [01:38<00:12, 46.8doc/s]
  scifact:  89%|████████▉ | 4.62k/5.18k [01:38<00:12, 46.8doc/s]
  scifact:  89%|████████▉ | 4.62k/5.18k [01:38<00:11, 46.6doc/s]
  scifact:  89%|████████▉ | 4.63k/5.18k [01:38<00:11, 46.6doc/s]
  scifact:  90%|████████▉ | 4.64k/5.18k [01:38<00:11, 46.7doc/s]
  scifact:  90%|████████▉ | 4.65k/5.18k [01:39<00:11, 46.7doc/s]
  scifact:  90%|████████▉ | 4.66k/5.18k [01:39<00:11, 46.6doc/s]
  scifact:  90%|████████▉ | 4.66k/5.18k [01:39<00:11, 46.6doc/s]
  scifact:  90%|█████████ | 4.67k/5.18k [01:39<00:10, 46.5doc/s]
  scifact:  90%|█████████ | 4.68k/5.18k [01:39<00:10, 46.4doc/s]
  scifact:  90%|█████████ | 4.69k/5.18k [01:39<00:10, 46.5doc/s]
  scifact:  91%|█████████ | 4.70k/5.18k [01:40<00:10, 46.5doc/s]
  scifact:  91%|█████████ | 4.70k/5.18k [01:40<00:10, 46.6doc/s]
  scifact:  91%|█████████ | 4.71k/5.18k [01:40<00:10, 46.5doc/s]
  scifact:  91%|█████████ | 4.72k/5.18k [01:40<00:09, 46.6doc/s]
  scifact:  91%|█████████ | 4.73k/5.18k [01:40<00:09, 46.7doc/s]
  scifact:  91%|█████████▏| 4.74k/5.18k [01:40<00:09, 46.7doc/s]
  scifact:  92%|█████████▏| 4.74k/5.18k [01:41<00:09, 46.7doc/s]
  scifact:  92%|█████████▏| 4.75k/5.18k [01:41<00:09, 46.7doc/s]
  scifact:  92%|█████████▏| 4.76k/5.18k [01:41<00:09, 46.7doc/s]
  scifact:  92%|█████████▏| 4.77k/5.18k [01:41<00:08, 46.7doc/s]
  scifact:  92%|█████████▏| 4.78k/5.18k [01:41<00:08, 46.7doc/s]
  scifact:  92%|█████████▏| 4.78k/5.18k [01:41<00:08, 46.8doc/s]
  scifact:  92%|█████████▏| 4.79k/5.18k [01:42<00:08, 46.8doc/s]
  scifact:  93%|█████████▎| 4.80k/5.18k [01:42<00:08, 46.7doc/s]
  scifact:  93%|█████████▎| 4.81k/5.18k [01:42<00:08, 46.7doc/s]
  scifact:  93%|█████████▎| 4.82k/5.18k [01:42<00:07, 46.6doc/s]
  scifact:  93%|█████████▎| 4.82k/5.18k [01:42<00:07, 46.6doc/s]
  scifact:  93%|█████████▎| 4.83k/5.18k [01:42<00:07, 46.7doc/s]
  scifact:  93%|█████████▎| 4.84k/5.18k [01:43<00:07, 46.7doc/s]
  scifact:  94%|█████████▎| 4.85k/5.18k [01:43<00:07, 46.7doc/s]
  scifact:  94%|█████████▎| 4.86k/5.18k [01:43<00:06, 46.7doc/s]
  scifact:  94%|█████████▍| 4.86k/5.18k [01:43<00:06, 46.8doc/s]
  scifact:  94%|█████████▍| 4.87k/5.18k [01:43<00:06, 46.7doc/s]
  scifact:  94%|█████████▍| 4.88k/5.18k [01:43<00:06, 46.6doc/s]
  scifact:  94%|█████████▍| 4.89k/5.18k [01:44<00:06, 46.7doc/s]
  scifact:  94%|█████████▍| 4.90k/5.18k [01:44<00:06, 46.4doc/s]
  scifact:  95%|█████████▍| 4.90k/5.18k [01:44<00:06, 46.4doc/s]
  scifact:  95%|█████████▍| 4.91k/5.18k [01:44<00:05, 46.6doc/s]
  scifact:  95%|█████████▍| 4.92k/5.18k [01:44<00:05, 46.5doc/s]
  scifact:  95%|█████████▌| 4.93k/5.18k [01:45<00:05, 46.6doc/s]
  scifact:  95%|█████████▌| 4.94k/5.18k [01:45<00:05, 46.7doc/s]
  scifact:  95%|█████████▌| 4.94k/5.18k [01:45<00:05, 46.7doc/s]
  scifact:  96%|█████████▌| 4.95k/5.18k [01:45<00:04, 46.7doc/s]
  scifact:  96%|█████████▌| 4.96k/5.18k [01:45<00:04, 46.7doc/s]
  scifact:  96%|█████████▌| 4.97k/5.18k [01:45<00:04, 46.7doc/s]
  scifact:  96%|█████████▌| 4.98k/5.18k [01:46<00:04, 46.8doc/s]
  scifact:  96%|█████████▌| 4.98k/5.18k [01:46<00:04, 46.6doc/s]
  scifact:  96%|█████████▋| 4.99k/5.18k [01:46<00:04, 46.6doc/s]
  scifact:  96%|█████████▋| 5.00k/5.18k [01:46<00:03, 46.7doc/s]
  scifact:  97%|█████████▋| 5.01k/5.18k [01:46<00:03, 46.8doc/s]
  scifact:  97%|█████████▋| 5.02k/5.18k [01:46<00:03, 46.8doc/s]
  scifact:  97%|█████████▋| 5.02k/5.18k [01:47<00:03, 46.6doc/s]
  scifact:  97%|█████████▋| 5.03k/5.18k [01:47<00:03, 46.6doc/s]
  scifact:  97%|█████████▋| 5.04k/5.18k [01:47<00:03, 46.6doc/s]
  scifact:  97%|█████████▋| 5.05k/5.18k [01:47<00:02, 46.6doc/s]
  scifact:  98%|█████████▊| 5.06k/5.18k [01:47<00:02, 46.7doc/s]
  scifact:  98%|█████████▊| 5.06k/5.18k [01:47<00:02, 46.7doc/s]
  scifact:  98%|█████████▊| 5.07k/5.18k [01:48<00:02, 46.7doc/s]
  scifact:  98%|█████████▊| 5.08k/5.18k [01:48<00:02, 46.6doc/s]
  scifact:  98%|█████████▊| 5.09k/5.18k [01:48<00:02, 46.6doc/s]
  scifact:  98%|█████████▊| 5.10k/5.18k [01:48<00:01, 46.6doc/s]
  scifact:  98%|█████████▊| 5.10k/5.18k [01:48<00:01, 46.5doc/s]
  scifact:  99%|█████████▊| 5.11k/5.18k [01:48<00:01, 46.5doc/s]
  scifact:  99%|█████████▉| 5.12k/5.18k [01:49<00:01, 46.6doc/s]
  scifact:  99%|█████████▉| 5.13k/5.18k [01:49<00:01, 46.6doc/s]
  scifact:  99%|█████████▉| 5.14k/5.18k [01:49<00:01, 46.7doc/s]
  scifact:  99%|█████████▉| 5.14k/5.18k [01:49<00:00, 46.8doc/s]
  scifact:  99%|█████████▉| 5.15k/5.18k [01:49<00:00, 46.7doc/s]
  scifact: 100%|█████████▉| 5.16k/5.18k [01:49<00:00, 46.8doc/s]
  scifact: 100%|█████████▉| 5.17k/5.18k [01:50<00:00, 46.8doc/s]
  scifact: 100%|█████████▉| 5.18k/5.18k [01:50<00:00, 46.8doc/s]
  scifact: 100%|██████████| 5.18k/5.18k [01:50<00:00, 46.2doc/s]
  scifact: 100%|██████████| 5.18k/5.18k [01:50<00:00, 46.9doc/s]
  Done. 5,183 docs indexed. Avg 1914.9 nonzero terms/doc. 1.8 min.

============================================================
[arguana]
  Loading corpus from BeIR/arguana ...
  8,674 documents

  arguana:   0%|          | 0.00/8.67k [00:00<?, ?doc/s]
  arguana:   0%|          | 8.00/8.67k [00:00<03:09, 45.8doc/s]
  arguana:   0%|          | 16.0/8.67k [00:00<03:06, 46.3doc/s]
  arguana:   0%|          | 24.0/8.67k [00:00<03:06, 46.5doc/s]
  arguana:   0%|          | 32.0/8.67k [00:00<03:05, 46.7doc/s]
  arguana:   0%|          | 40.0/8.67k [00:00<03:04, 46.7doc/s]
  arguana:   1%|          | 48.0/8.67k [00:01<03:04, 46.7doc/s]
  arguana:   1%|          | 56.0/8.67k [00:01<03:05, 46.6doc/s]
  arguana:   1%|          | 64.0/8.67k [00:01<03:04, 46.5doc/s]
  arguana:   1%|          | 72.0/8.67k [00:01<03:05, 46.4doc/s]
  arguana:   1%|          | 80.0/8.67k [00:01<03:04, 46.5doc/s]
  arguana:   1%|          | 88.0/8.67k [00:01<03:04, 46.4doc/s]
  arguana:   1%|          | 96.0/8.67k [00:02<03:04, 46.4doc/s]
  arguana:   1%|          | 104/8.67k [00:02<03:04, 46.6doc/s] 
  arguana:   1%|▏         | 112/8.67k [00:02<03:04, 46.5doc/s]
  arguana:   1%|▏         | 120/8.67k [00:02<03:03, 46.5doc/s]
  arguana:   1%|▏         | 128/8.67k [00:02<03:03, 46.5doc/s]
  arguana:   2%|▏         | 136/8.67k [00:02<03:03, 46.4doc/s]
  arguana:   2%|▏         | 144/8.67k [00:03<03:03, 46.5doc/s]
  arguana:   2%|▏         | 152/8.67k [00:03<03:02, 46.6doc/s]
  arguana:   2%|▏         | 160/8.67k [00:03<03:02, 46.6doc/s]
  arguana:   2%|▏         | 168/8.67k [00:03<03:02, 46.5doc/s]
  arguana:   2%|▏         | 176/8.67k [00:03<03:02, 46.5doc/s]
  arguana:   2%|▏         | 184/8.67k [00:03<03:02, 46.6doc/s]
  arguana:   2%|▏         | 192/8.67k [00:04<03:02, 46.6doc/s]
  arguana:   2%|▏         | 200/8.67k [00:04<03:01, 46.6doc/s]
  arguana:   2%|▏         | 208/8.67k [00:04<03:02, 46.4doc/s]
  arguana:   2%|▏         | 216/8.67k [00:04<03:02, 46.3doc/s]
  arguana:   3%|▎         | 224/8.67k [00:04<03:01, 46.6doc/s]
  arguana:   3%|▎         | 232/8.67k [00:04<03:00, 46.8doc/s]
  arguana:   3%|▎         | 240/8.67k [00:05<03:00, 46.7doc/s]
  arguana:   3%|▎         | 248/8.67k [00:05<03:00, 46.8doc/s]
  arguana:   3%|▎         | 256/8.67k [00:05<02:59, 46.8doc/s]
  arguana:   3%|▎         | 264/8.67k [00:05<03:00, 46.5doc/s]
  arguana:   3%|▎         | 272/8.67k [00:05<03:00, 46.7doc/s]
  arguana:   3%|▎         | 280/8.67k [00:06<03:00, 46.6doc/s]
  arguana:   3%|▎         | 288/8.67k [00:06<02:59, 46.8doc/s]
  arguana:   3%|▎         | 296/8.67k [00:06<02:59, 46.7doc/s]
  arguana:   4%|▎         | 304/8.67k [00:06<02:59, 46.7doc/s]
  arguana:   4%|▎         | 312/8.67k [00:06<02:59, 46.5doc/s]
  arguana:   4%|▎         | 320/8.67k [00:06<03:00, 46.3doc/s]
  arguana:   4%|▍         | 328/8.67k [00:07<03:00, 46.4doc/s]
  arguana:   4%|▍         | 336/8.67k [00:07<02:59, 46.4doc/s]
  arguana:   4%|▍         | 344/8.67k [00:07<02:59, 46.4doc/s]
  arguana:   4%|▍         | 352/8.67k [00:07<02:59, 46.3doc/s]
  arguana:   4%|▍         | 360/8.67k [00:07<02:59, 46.4doc/s]
  arguana:   4%|▍         | 368/8.67k [00:07<02:59, 46.4doc/s]
  arguana:   4%|▍         | 376/8.67k [00:08<02:59, 46.3doc/s]
  arguana:   4%|▍         | 384/8.67k [00:08<02:58, 46.3doc/s]
  arguana:   5%|▍         | 392/8.67k [00:08<02:58, 46.5doc/s]
  arguana:   5%|▍         | 400/8.67k [00:08<02:57, 46.5doc/s]
  arguana:   5%|▍         | 408/8.67k [00:08<02:57, 46.5doc/s]
  arguana:   5%|▍         | 416/8.67k [00:08<02:58, 46.3doc/s]
  arguana:   5%|▍         | 424/8.67k [00:09<02:57, 46.4doc/s]
  arguana:   5%|▍         | 432/8.67k [00:09<02:56, 46.6doc/s]
  arguana:   5%|▌         | 440/8.67k [00:09<02:56, 46.6doc/s]
  arguana:   5%|▌         | 448/8.67k [00:09<02:56, 46.6doc/s]
  arguana:   5%|▌         | 456/8.67k [00:09<02:56, 46.5doc/s]
  arguana:   5%|▌         | 464/8.67k [00:09<02:56, 46.5doc/s]
  arguana:   5%|▌         | 472/8.67k [00:10<02:56, 46.4doc/s]
  arguana:   6%|▌         | 480/8.67k [00:10<02:55, 46.6doc/s]
  arguana:   6%|▌         | 488/8.67k [00:10<02:56, 46.5doc/s]
  arguana:   6%|▌         | 496/8.67k [00:10<02:55, 46.5doc/s]
  arguana:   6%|▌         | 504/8.67k [00:10<02:55, 46.5doc/s]
  arguana:   6%|▌         | 512/8.67k [00:11<02:55, 46.6doc/s]
  arguana:   6%|▌         | 520/8.67k [00:11<02:54, 46.7doc/s]
  arguana:   6%|▌         | 528/8.67k [00:11<02:54, 46.8doc/s]
  arguana:   6%|▌         | 536/8.67k [00:11<02:54, 46.8doc/s]
  arguana:   6%|▋         | 544/8.67k [00:11<02:53, 46.9doc/s]
  arguana:   6%|▋         | 552/8.67k [00:11<02:53, 46.8doc/s]
  arguana:   6%|▋         | 560/8.67k [00:12<02:53, 46.6doc/s]
  arguana:   7%|▋         | 568/8.67k [00:12<02:53, 46.7doc/s]
  arguana:   7%|▋         | 576/8.67k [00:12<02:53, 46.6doc/s]
  arguana:   7%|▋         | 584/8.67k [00:12<02:53, 46.7doc/s]
  arguana:   7%|▋         | 592/8.67k [00:12<02:52, 46.8doc/s]
  arguana:   7%|▋         | 600/8.67k [00:12<02:52, 46.8doc/s]
  arguana:   7%|▋         | 608/8.67k [00:13<02:53, 46.5doc/s]
  arguana:   7%|▋         | 616/8.67k [00:13<02:53, 46.5doc/s]
  arguana:   7%|▋         | 624/8.67k [00:13<02:53, 46.5doc/s]
  arguana:   7%|▋         | 632/8.67k [00:13<02:53, 46.4doc/s]
  arguana:   7%|▋         | 640/8.67k [00:13<02:51, 46.7doc/s]
  arguana:   7%|▋         | 648/8.67k [00:13<02:51, 46.8doc/s]
  arguana:   8%|▊         | 656/8.67k [00:14<02:51, 46.7doc/s]
  arguana:   8%|▊         | 664/8.67k [00:14<02:51, 46.7doc/s]
  arguana:   8%|▊         | 672/8.67k [00:14<02:52, 46.4doc/s]
  arguana:   8%|▊         | 680/8.67k [00:14<02:52, 46.3doc/s]
  arguana:   8%|▊         | 688/8.67k [00:14<02:52, 46.3doc/s]
  arguana:   8%|▊         | 696/8.67k [00:14<02:52, 46.3doc/s]
  arguana:   8%|▊         | 704/8.67k [00:15<02:52, 46.2doc/s]
  arguana:   8%|▊         | 712/8.67k [00:15<02:52, 46.2doc/s]
  arguana:   8%|▊         | 720/8.67k [00:15<02:51, 46.3doc/s]
  arguana:   8%|▊         | 728/8.67k [00:15<02:51, 46.4doc/s]
  arguana:   8%|▊         | 736/8.67k [00:15<02:51, 46.4doc/s]
  arguana:   9%|▊         | 744/8.67k [00:15<02:50, 46.6doc/s]
  arguana:   9%|▊         | 752/8.67k [00:16<02:49, 46.7doc/s]
  arguana:   9%|▉         | 760/8.67k [00:16<02:49, 46.6doc/s]
  arguana:   9%|▉         | 768/8.67k [00:16<02:49, 46.6doc/s]
  arguana:   9%|▉         | 776/8.67k [00:16<02:49, 46.5doc/s]
  arguana:   9%|▉         | 784/8.67k [00:16<02:49, 46.5doc/s]
  arguana:   9%|▉         | 792/8.67k [00:17<02:49, 46.5doc/s]
  arguana:   9%|▉         | 800/8.67k [00:17<02:49, 46.4doc/s]
  arguana:   9%|▉         | 808/8.67k [00:17<02:49, 46.3doc/s]
  arguana:   9%|▉         | 816/8.67k [00:17<02:49, 46.4doc/s]
  arguana:   9%|▉         | 824/8.67k [00:17<02:48, 46.6doc/s]
  arguana:  10%|▉         | 832/8.67k [00:17<02:48, 46.7doc/s]
  arguana:  10%|▉         | 840/8.67k [00:18<02:46, 46.9doc/s]
  arguana:  10%|▉         | 848/8.67k [00:18<02:47, 46.8doc/s]
  arguana:  10%|▉         | 856/8.67k [00:18<02:47, 46.7doc/s]
  arguana:  10%|▉         | 864/8.67k [00:18<02:47, 46.7doc/s]
  arguana:  10%|█         | 872/8.67k [00:18<02:46, 46.8doc/s]
  arguana:  10%|█         | 880/8.67k [00:18<02:47, 46.7doc/s]
  arguana:  10%|█         | 888/8.67k [00:19<02:46, 46.7doc/s]
  arguana:  10%|█         | 896/8.67k [00:19<02:46, 46.6doc/s]
  arguana:  10%|█         | 904/8.67k [00:19<02:46, 46.7doc/s]
  arguana:  11%|█         | 912/8.67k [00:19<02:46, 46.7doc/s]
  arguana:  11%|█         | 920/8.67k [00:19<02:45, 46.8doc/s]
  arguana:  11%|█         | 928/8.67k [00:19<02:46, 46.6doc/s]
  arguana:  11%|█         | 936/8.67k [00:20<02:45, 46.7doc/s]
  arguana:  11%|█         | 944/8.67k [00:20<02:45, 46.7doc/s]
  arguana:  11%|█         | 952/8.67k [00:20<02:46, 46.5doc/s]
  arguana:  11%|█         | 960/8.67k [00:20<02:46, 46.4doc/s]
  arguana:  11%|█         | 968/8.67k [00:20<02:46, 46.3doc/s]
  arguana:  11%|█▏        | 976/8.67k [00:20<02:46, 46.3doc/s]
  arguana:  11%|█▏        | 984/8.67k [00:21<02:45, 46.4doc/s]
  arguana:  11%|█▏        | 992/8.67k [00:21<02:45, 46.4doc/s]
  arguana:  12%|█▏        | 1.00k/8.67k [00:21<02:45, 46.4doc/s]
  arguana:  12%|█▏        | 1.01k/8.67k [00:21<02:45, 46.3doc/s]
  arguana:  12%|█▏        | 1.02k/8.67k [00:21<02:45, 46.3doc/s]
  arguana:  12%|█▏        | 1.02k/8.67k [00:22<02:44, 46.4doc/s]
  arguana:  12%|█▏        | 1.03k/8.67k [00:22<02:44, 46.6doc/s]
  arguana:  12%|█▏        | 1.04k/8.67k [00:22<02:44, 46.5doc/s]
  arguana:  12%|█▏        | 1.05k/8.67k [00:22<02:43, 46.5doc/s]
  arguana:  12%|█▏        | 1.06k/8.67k [00:22<02:43, 46.5doc/s]
  arguana:  12%|█▏        | 1.06k/8.67k [00:22<02:43, 46.4doc/s]
  arguana:  12%|█▏        | 1.07k/8.67k [00:23<02:43, 46.4doc/s]
  arguana:  12%|█▏        | 1.08k/8.67k [00:23<02:43, 46.3doc/s]
  arguana:  13%|█▎        | 1.09k/8.67k [00:23<02:44, 46.3doc/s]
  arguana:  13%|█▎        | 1.10k/8.67k [00:23<02:44, 46.2doc/s]
  arguana:  13%|█▎        | 1.10k/8.67k [00:23<02:43, 46.4doc/s]
  arguana:  13%|█▎        | 1.11k/8.67k [00:23<02:42, 46.5doc/s]
  arguana:  13%|█▎        | 1.12k/8.67k [00:24<02:42, 46.4doc/s]
  arguana:  13%|█▎        | 1.13k/8.67k [00:24<02:42, 46.4doc/s]
  arguana:  13%|█▎        | 1.14k/8.67k [00:24<02:41, 46.6doc/s]
  arguana:  13%|█▎        | 1.14k/8.67k [00:24<02:41, 46.5doc/s]
  arguana:  13%|█▎        | 1.15k/8.67k [00:24<02:42, 46.4doc/s]
  arguana:  13%|█▎        | 1.16k/8.67k [00:24<02:41, 46.5doc/s]
  arguana:  13%|█▎        | 1.17k/8.67k [00:25<02:41, 46.6doc/s]
  arguana:  14%|█▎        | 1.18k/8.67k [00:25<02:40, 46.7doc/s]
  arguana:  14%|█▎        | 1.18k/8.67k [00:25<02:40, 46.7doc/s]
  arguana:  14%|█▎        | 1.19k/8.67k [00:25<02:39, 46.8doc/s]
  arguana:  14%|█▍        | 1.20k/8.67k [00:25<02:40, 46.6doc/s]
  arguana:  14%|█▍        | 1.21k/8.67k [00:25<02:40, 46.6doc/s]
  arguana:  14%|█▍        | 1.22k/8.67k [00:26<02:40, 46.6doc/s]
  arguana:  14%|█▍        | 1.22k/8.67k [00:26<02:39, 46.6doc/s]
  arguana:  14%|█▍        | 1.23k/8.67k [00:26<02:39, 46.7doc/s]
  arguana:  14%|█▍        | 1.24k/8.67k [00:26<02:39, 46.6doc/s]
  arguana:  14%|█▍        | 1.25k/8.67k [00:26<02:39, 46.5doc/s]
  arguana:  14%|█▍        | 1.26k/8.67k [00:26<02:39, 46.5doc/s]
  arguana:  15%|█▍        | 1.26k/8.67k [00:27<02:38, 46.7doc/s]
  arguana:  15%|█▍        | 1.27k/8.67k [00:27<02:39, 46.6doc/s]
  arguana:  15%|█▍        | 1.28k/8.67k [00:27<02:39, 46.3doc/s]
  arguana:  15%|█▍        | 1.29k/8.67k [00:27<02:39, 46.2doc/s]
  arguana:  15%|█▍        | 1.30k/8.67k [00:27<02:38, 46.5doc/s]
  arguana:  15%|█▌        | 1.30k/8.67k [00:28<02:37, 46.7doc/s]
  arguana:  15%|█▌        | 1.31k/8.67k [00:28<02:37, 46.8doc/s]
  arguana:  15%|█▌        | 1.32k/8.67k [00:28<02:37, 46.8doc/s]
  arguana:  15%|█▌        | 1.33k/8.67k [00:28<02:37, 46.8doc/s]
  arguana:  15%|█▌        | 1.34k/8.67k [00:28<02:36, 46.7doc/s]
  arguana:  15%|█▌        | 1.34k/8.67k [00:28<02:36, 46.7doc/s]
  arguana:  16%|█▌        | 1.35k/8.67k [00:29<02:37, 46.6doc/s]
  arguana:  16%|█▌        | 1.36k/8.67k [00:29<02:37, 46.5doc/s]
  arguana:  16%|█▌        | 1.37k/8.67k [00:29<02:37, 46.5doc/s]
  arguana:  16%|█▌        | 1.38k/8.67k [00:29<02:36, 46.6doc/s]
  arguana:  16%|█▌        | 1.38k/8.67k [00:29<02:36, 46.5doc/s]
  arguana:  16%|█▌        | 1.39k/8.67k [00:29<02:36, 46.5doc/s]
  arguana:  16%|█▌        | 1.40k/8.67k [00:30<02:36, 46.5doc/s]
  arguana:  16%|█▌        | 1.41k/8.67k [00:30<02:36, 46.5doc/s]
  arguana:  16%|█▋        | 1.42k/8.67k [00:30<02:36, 46.3doc/s]
  arguana:  16%|█▋        | 1.42k/8.67k [00:30<02:36, 46.3doc/s]
  arguana:  17%|█▋        | 1.43k/8.67k [00:30<02:36, 46.2doc/s]
  arguana:  17%|█▋        | 1.44k/8.67k [00:30<02:36, 46.3doc/s]
  arguana:  17%|█▋        | 1.45k/8.67k [00:31<02:35, 46.5doc/s]
  arguana:  17%|█▋        | 1.46k/8.67k [00:31<02:34, 46.7doc/s]
  arguana:  17%|█▋        | 1.46k/8.67k [00:31<02:33, 46.9doc/s]
  arguana:  17%|█▋        | 1.47k/8.67k [00:31<02:34, 46.6doc/s]
  arguana:  17%|█▋        | 1.48k/8.67k [00:31<02:34, 46.5doc/s]
  arguana:  17%|█▋        | 1.49k/8.67k [00:31<02:34, 46.6doc/s]
  arguana:  17%|█▋        | 1.50k/8.67k [00:32<02:33, 46.7doc/s]
  arguana:  17%|█▋        | 1.50k/8.67k [00:32<02:33, 46.6doc/s]
  arguana:  17%|█▋        | 1.51k/8.67k [00:32<02:33, 46.6doc/s]
  arguana:  18%|█▊        | 1.52k/8.67k [00:32<02:33, 46.6doc/s]
  arguana:  18%|█▊        | 1.53k/8.67k [00:32<02:33, 46.5doc/s]
  arguana:  18%|█▊        | 1.54k/8.67k [00:33<02:33, 46.4doc/s]
  arguana:  18%|█▊        | 1.54k/8.67k [00:33<02:33, 46.4doc/s]
  arguana:  18%|█▊        | 1.55k/8.67k [00:33<02:33, 46.4doc/s]
  arguana:  18%|█▊        | 1.56k/8.67k [00:33<02:33, 46.4doc/s]
  arguana:  18%|█▊        | 1.57k/8.67k [00:33<02:33, 46.3doc/s]
  arguana:  18%|█▊        | 1.58k/8.67k [00:33<02:32, 46.4doc/s]
  arguana:  18%|█▊        | 1.58k/8.67k [00:34<02:32, 46.4doc/s]
  arguana:  18%|█▊        | 1.59k/8.67k [00:34<02:32, 46.3doc/s]
  arguana:  18%|█▊        | 1.60k/8.67k [00:34<02:32, 46.4doc/s]
  arguana:  19%|█▊        | 1.61k/8.67k [00:34<02:32, 46.4doc/s]
  arguana:  19%|█▊        | 1.62k/8.67k [00:34<02:32, 46.3doc/s]
  arguana:  19%|█▊        | 1.62k/8.67k [00:34<02:32, 46.4doc/s]
  arguana:  19%|█▉        | 1.63k/8.67k [00:35<02:31, 46.5doc/s]
  arguana:  19%|█▉        | 1.64k/8.67k [00:35<02:31, 46.5doc/s]
  arguana:  19%|█▉        | 1.65k/8.67k [00:35<02:31, 46.4doc/s]
  arguana:  19%|█▉        | 1.66k/8.67k [00:35<02:30, 46.5doc/s]
  arguana:  19%|█▉        | 1.66k/8.67k [00:35<02:31, 46.4doc/s]
  arguana:  19%|█▉        | 1.67k/8.67k [00:35<02:30, 46.5doc/s]
  arguana:  19%|█▉        | 1.68k/8.67k [00:36<02:30, 46.6doc/s]
  arguana:  19%|█▉        | 1.69k/8.67k [00:36<02:29, 46.6doc/s]
  arguana:  20%|█▉        | 1.70k/8.67k [00:36<02:29, 46.7doc/s]
  arguana:  20%|█▉        | 1.70k/8.67k [00:36<02:29, 46.7doc/s]
  arguana:  20%|█▉        | 1.71k/8.67k [00:36<02:29, 46.6doc/s]
  arguana:  20%|█▉        | 1.72k/8.67k [00:36<02:29, 46.5doc/s]
  arguana:  20%|█▉        | 1.73k/8.67k [00:37<02:29, 46.4doc/s]
  arguana:  20%|██        | 1.74k/8.67k [00:37<02:29, 46.3doc/s]
  arguana:  20%|██        | 1.74k/8.67k [00:37<02:29, 46.4doc/s]
  arguana:  20%|██        | 1.75k/8.67k [00:37<02:28, 46.5doc/s]
  arguana:  20%|██        | 1.76k/8.67k [00:37<02:29, 46.4doc/s]
  arguana:  20%|██        | 1.77k/8.67k [00:38<02:29, 46.3doc/s]
  arguana:  20%|██        | 1.78k/8.67k [00:38<02:29, 46.3doc/s]
  arguana:  21%|██        | 1.78k/8.67k [00:38<02:28, 46.4doc/s]
  arguana:  21%|██        | 1.79k/8.67k [00:38<02:27, 46.5doc/s]
  arguana:  21%|██        | 1.80k/8.67k [00:38<02:27, 46.6doc/s]
  arguana:  21%|██        | 1.81k/8.67k [00:38<02:26, 46.7doc/s]
  arguana:  21%|██        | 1.82k/8.67k [00:39<02:26, 46.9doc/s]
  arguana:  21%|██        | 1.82k/8.67k [00:39<02:26, 46.9doc/s]
  arguana:  21%|██        | 1.83k/8.67k [00:39<02:25, 46.9doc/s]
  arguana:  21%|██        | 1.84k/8.67k [00:39<02:26, 46.8doc/s]
  arguana:  21%|██▏       | 1.85k/8.67k [00:39<02:26, 46.7doc/s]
  arguana:  21%|██▏       | 1.86k/8.67k [00:39<02:26, 46.6doc/s]
  arguana:  21%|██▏       | 1.86k/8.67k [00:40<02:25, 46.6doc/s]
  arguana:  22%|██▏       | 1.87k/8.67k [00:40<02:25, 46.7doc/s]
  arguana:  22%|██▏       | 1.88k/8.67k [00:40<02:25, 46.8doc/s]
  arguana:  22%|██▏       | 1.89k/8.67k [00:40<02:24, 46.9doc/s]
  arguana:  22%|██▏       | 1.90k/8.67k [00:40<02:25, 46.5doc/s]
  arguana:  22%|██▏       | 1.90k/8.67k [00:40<02:25, 46.5doc/s]
  arguana:  22%|██▏       | 1.91k/8.67k [00:41<02:25, 46.4doc/s]
  arguana:  22%|██▏       | 1.92k/8.67k [00:41<02:25, 46.5doc/s]
  arguana:  22%|██▏       | 1.93k/8.67k [00:41<02:24, 46.6doc/s]
  arguana:  22%|██▏       | 1.94k/8.67k [00:41<02:25, 46.3doc/s]
  arguana:  22%|██▏       | 1.94k/8.67k [00:41<02:24, 46.4doc/s]
  arguana:  23%|██▎       | 1.95k/8.67k [00:41<02:24, 46.5doc/s]
  arguana:  23%|██▎       | 1.96k/8.67k [00:42<02:24, 46.5doc/s]
  arguana:  23%|██▎       | 1.97k/8.67k [00:42<02:24, 46.6doc/s]
  arguana:  23%|██▎       | 1.98k/8.67k [00:42<02:23, 46.7doc/s]
  arguana:  23%|██▎       | 1.98k/8.67k [00:42<02:23, 46.6doc/s]
  arguana:  23%|██▎       | 1.99k/8.67k [00:42<02:23, 46.6doc/s]
  arguana:  23%|██▎       | 2.00k/8.67k [00:42<02:22, 46.7doc/s]
  arguana:  23%|██▎       | 2.01k/8.67k [00:43<02:23, 46.4doc/s]
  arguana:  23%|██▎       | 2.02k/8.67k [00:43<02:23, 46.3doc/s]
  arguana:  23%|██▎       | 2.02k/8.67k [00:43<02:23, 46.4doc/s]
  arguana:  23%|██▎       | 2.03k/8.67k [00:43<02:22, 46.6doc/s]
  arguana:  24%|██▎       | 2.04k/8.67k [00:43<02:21, 46.7doc/s]
  arguana:  24%|██▎       | 2.05k/8.67k [00:44<02:22, 46.5doc/s]
  arguana:  24%|██▎       | 2.06k/8.67k [00:44<02:22, 46.3doc/s]
  arguana:  24%|██▍       | 2.06k/8.67k [00:44<02:22, 46.3doc/s]
  arguana:  24%|██▍       | 2.07k/8.67k [00:44<02:23, 46.1doc/s]
  arguana:  24%|██▍       | 2.08k/8.67k [00:44<02:22, 46.2doc/s]
  arguana:  24%|██▍       | 2.09k/8.67k [00:44<02:22, 46.1doc/s]
  arguana:  24%|██▍       | 2.10k/8.67k [00:45<02:22, 46.1doc/s]
  arguana:  24%|██▍       | 2.10k/8.67k [00:45<02:21, 46.3doc/s]
  arguana:  24%|██▍       | 2.11k/8.67k [00:45<02:21, 46.2doc/s]
  arguana:  24%|██▍       | 2.12k/8.67k [00:45<02:21, 46.3doc/s]
  arguana:  25%|██▍       | 2.13k/8.67k [00:45<02:21, 46.4doc/s]
  arguana:  25%|██▍       | 2.14k/8.67k [00:45<02:20, 46.6doc/s]
  arguana:  25%|██▍       | 2.14k/8.67k [00:46<02:20, 46.4doc/s]
  arguana:  25%|██▍       | 2.15k/8.67k [00:46<02:20, 46.4doc/s]
  arguana:  25%|██▍       | 2.16k/8.67k [00:46<02:19, 46.6doc/s]
  arguana:  25%|██▍       | 2.17k/8.67k [00:46<02:20, 46.4doc/s]
  arguana:  25%|██▌       | 2.18k/8.67k [00:46<02:20, 46.3doc/s]
  arguana:  25%|██▌       | 2.18k/8.67k [00:46<02:20, 46.2doc/s]
  arguana:  25%|██▌       | 2.19k/8.67k [00:47<02:20, 46.1doc/s]
  arguana:  25%|██▌       | 2.20k/8.67k [00:47<02:20, 46.1doc/s]
  arguana:  25%|██▌       | 2.21k/8.67k [00:47<02:19, 46.3doc/s]
  arguana:  26%|██▌       | 2.22k/8.67k [00:47<02:19, 46.4doc/s]
  arguana:  26%|██▌       | 2.22k/8.67k [00:47<02:18, 46.5doc/s]
  arguana:  26%|██▌       | 2.23k/8.67k [00:47<02:18, 46.5doc/s]
  arguana:  26%|██▌       | 2.24k/8.67k [00:48<02:18, 46.5doc/s]
  arguana:  26%|██▌       | 2.25k/8.67k [00:48<02:18, 46.4doc/s]
  arguana:  26%|██▌       | 2.26k/8.67k [00:48<02:18, 46.3doc/s]
  arguana:  26%|██▌       | 2.26k/8.67k [00:48<02:18, 46.4doc/s]
  arguana:  26%|██▌       | 2.27k/8.67k [00:48<02:17, 46.5doc/s]
  arguana:  26%|██▋       | 2.28k/8.67k [00:49<02:17, 46.6doc/s]
  arguana:  26%|██▋       | 2.29k/8.67k [00:49<02:16, 46.6doc/s]
  arguana:  26%|██▋       | 2.30k/8.67k [00:49<02:17, 46.5doc/s]
  arguana:  27%|██▋       | 2.30k/8.67k [00:49<02:17, 46.4doc/s]
  arguana:  27%|██▋       | 2.31k/8.67k [00:49<02:17, 46.3doc/s]
  arguana:  27%|██▋       | 2.32k/8.67k [00:49<02:16, 46.4doc/s]
  arguana:  27%|██▋       | 2.33k/8.67k [00:50<02:16, 46.5doc/s]
  arguana:  27%|██▋       | 2.34k/8.67k [00:50<02:16, 46.5doc/s]
  arguana:  27%|██▋       | 2.34k/8.67k [00:50<02:15, 46.6doc/s]
  arguana:  27%|██▋       | 2.35k/8.67k [00:50<02:16, 46.4doc/s]
  arguana:  27%|██▋       | 2.36k/8.67k [00:50<02:16, 46.4doc/s]
  arguana:  27%|██▋       | 2.37k/8.67k [00:50<02:15, 46.5doc/s]
  arguana:  27%|██▋       | 2.38k/8.67k [00:51<02:15, 46.6doc/s]
  arguana:  27%|██▋       | 2.38k/8.67k [00:51<02:14, 46.6doc/s]
  arguana:  28%|██▊       | 2.39k/8.67k [00:51<02:15, 46.5doc/s]
  arguana:  28%|██▊       | 2.40k/8.67k [00:51<02:15, 46.3doc/s]
  arguana:  28%|██▊       | 2.41k/8.67k [00:51<02:15, 46.2doc/s]
  arguana:  28%|██▊       | 2.42k/8.67k [00:51<02:15, 46.2doc/s]
  arguana:  28%|██▊       | 2.42k/8.67k [00:52<02:15, 46.0doc/s]
  arguana:  28%|██▊       | 2.43k/8.67k [00:52<02:15, 46.0doc/s]
  arguana:  28%|██▊       | 2.44k/8.67k [00:52<02:15, 45.9doc/s]
  arguana:  28%|██▊       | 2.45k/8.67k [00:52<02:16, 45.8doc/s]
  arguana:  28%|██▊       | 2.46k/8.67k [00:52<02:15, 45.9doc/s]
  arguana:  28%|██▊       | 2.46k/8.67k [00:52<02:15, 46.0doc/s]
  arguana:  28%|██▊       | 2.47k/8.67k [00:53<02:15, 45.9doc/s]
  arguana:  29%|██▊       | 2.48k/8.67k [00:53<02:15, 45.8doc/s]
  arguana:  29%|██▊       | 2.49k/8.67k [00:53<02:15, 45.7doc/s]
  arguana:  29%|██▉       | 2.50k/8.67k [00:53<02:14, 45.8doc/s]
  arguana:  29%|██▉       | 2.50k/8.67k [00:53<02:14, 46.0doc/s]
  arguana:  29%|██▉       | 2.51k/8.67k [00:54<02:15, 45.5doc/s]
  arguana:  29%|██▉       | 2.52k/8.67k [00:54<02:15, 45.3doc/s]
  arguana:  29%|██▉       | 2.53k/8.67k [00:54<02:11, 46.8doc/s]
  arguana:  29%|██▉       | 2.54k/8.67k [00:54<02:11, 46.5doc/s]
  arguana:  29%|██▉       | 2.54k/8.67k [00:54<02:12, 46.4doc/s]
  arguana:  29%|██▉       | 2.55k/8.67k [00:54<02:11, 46.5doc/s]
  arguana:  30%|██▉       | 2.56k/8.67k [00:55<02:12, 46.3doc/s]
  arguana:  30%|██▉       | 2.57k/8.67k [00:55<02:11, 46.4doc/s]
  arguana:  30%|██▉       | 2.58k/8.67k [00:55<02:12, 45.9doc/s]
  arguana:  30%|██▉       | 2.58k/8.67k [00:55<02:12, 45.8doc/s]
  arguana:  30%|██▉       | 2.59k/8.67k [00:55<02:12, 46.0doc/s]
  arguana:  30%|██▉       | 2.60k/8.67k [00:55<02:12, 46.0doc/s]
  arguana:  30%|███       | 2.61k/8.67k [00:56<02:11, 46.1doc/s]
  arguana:  30%|███       | 2.62k/8.67k [00:56<02:10, 46.3doc/s]
  arguana:  30%|███       | 2.62k/8.67k [00:56<02:10, 46.4doc/s]
  arguana:  30%|███       | 2.63k/8.67k [00:56<02:10, 46.4doc/s]
  arguana:  30%|███       | 2.64k/8.67k [00:56<02:10, 46.4doc/s]
  arguana:  31%|███       | 2.65k/8.67k [00:56<02:09, 46.5doc/s]
  arguana:  31%|███       | 2.66k/8.67k [00:57<02:10, 46.3doc/s]
  arguana:  31%|███       | 2.66k/8.67k [00:57<02:12, 45.3doc/s]
  arguana:  31%|███       | 2.67k/8.67k [00:57<02:13, 45.1doc/s]
  arguana:  31%|███       | 2.68k/8.67k [00:57<02:12, 45.3doc/s]
  arguana:  31%|███       | 2.69k/8.67k [00:57<02:11, 45.5doc/s]
  arguana:  31%|███       | 2.70k/8.67k [00:58<02:09, 46.0doc/s]
  arguana:  31%|███       | 2.70k/8.67k [00:58<02:09, 46.2doc/s]
  arguana:  31%|███▏      | 2.71k/8.67k [00:58<02:10, 45.8doc/s]
  arguana:  31%|███▏      | 2.72k/8.67k [00:58<02:09, 45.8doc/s]
  arguana:  31%|███▏      | 2.73k/8.67k [00:58<02:09, 46.0doc/s]
  arguana:  32%|███▏      | 2.74k/8.67k [00:58<02:09, 45.9doc/s]
  arguana:  32%|███▏      | 2.74k/8.67k [00:59<02:09, 45.8doc/s]
  arguana:  32%|███▏      | 2.75k/8.67k [00:59<02:09, 45.8doc/s]
  arguana:  32%|███▏      | 2.76k/8.67k [00:59<02:09, 45.7doc/s]
  arguana:  32%|███▏      | 2.77k/8.67k [00:59<02:09, 45.8doc/s]
  arguana:  32%|███▏      | 2.78k/8.67k [00:59<02:08, 45.8doc/s]
  arguana:  32%|███▏      | 2.78k/8.67k [00:59<02:08, 45.7doc/s]
  arguana:  32%|███▏      | 2.79k/8.67k [01:00<02:08, 45.8doc/s]
  arguana:  32%|███▏      | 2.80k/8.67k [01:00<02:08, 45.8doc/s]
  arguana:  32%|███▏      | 2.81k/8.67k [01:00<02:08, 45.8doc/s]
  arguana:  32%|███▏      | 2.82k/8.67k [01:00<02:08, 45.5doc/s]
  arguana:  33%|███▎      | 2.82k/8.67k [01:00<02:08, 45.5doc/s]
  arguana:  33%|███▎      | 2.83k/8.67k [01:01<02:07, 45.7doc/s]
  arguana:  33%|███▎      | 2.84k/8.67k [01:01<02:07, 45.7doc/s]
  arguana:  33%|███▎      | 2.85k/8.67k [01:01<02:07, 45.5doc/s]
  arguana:  33%|███▎      | 2.86k/8.67k [01:01<02:07, 45.5doc/s]
  arguana:  33%|███▎      | 2.86k/8.67k [01:01<02:07, 45.7doc/s]
  arguana:  33%|███▎      | 2.87k/8.67k [01:01<02:06, 46.0doc/s]
  arguana:  33%|███▎      | 2.88k/8.67k [01:02<02:05, 46.3doc/s]
  arguana:  33%|███▎      | 2.89k/8.67k [01:02<02:05, 46.2doc/s]
  arguana:  33%|███▎      | 2.90k/8.67k [01:02<02:05, 46.2doc/s]
  arguana:  33%|███▎      | 2.90k/8.67k [01:02<02:04, 46.2doc/s]
  arguana:  34%|███▎      | 2.91k/8.67k [01:02<02:04, 46.3doc/s]
  arguana:  34%|███▎      | 2.92k/8.67k [01:02<02:04, 46.0doc/s]
  arguana:  34%|███▍      | 2.93k/8.67k [01:03<02:05, 45.9doc/s]
  arguana:  34%|███▍      | 2.94k/8.67k [01:03<02:04, 45.9doc/s]
  arguana:  34%|███▍      | 2.94k/8.67k [01:03<02:04, 45.9doc/s]
  arguana:  34%|███▍      | 2.95k/8.67k [01:03<02:04, 46.0doc/s]
  arguana:  34%|███▍      | 2.96k/8.67k [01:03<02:04, 46.0doc/s]
  arguana:  34%|███▍      | 2.97k/8.67k [01:03<02:04, 45.9doc/s]
  arguana:  34%|███▍      | 2.98k/8.67k [01:04<02:04, 45.7doc/s]
  arguana:  34%|███▍      | 2.98k/8.67k [01:04<02:04, 45.6doc/s]
  arguana:  34%|███▍      | 2.99k/8.67k [01:04<02:04, 45.5doc/s]
  arguana:  35%|███▍      | 3.00k/8.67k [01:04<02:04, 45.6doc/s]
  arguana:  35%|███▍      | 3.01k/8.67k [01:04<02:04, 45.6doc/s]
  arguana:  35%|███▍      | 3.02k/8.67k [01:05<02:03, 45.8doc/s]
  arguana:  35%|███▍      | 3.02k/8.67k [01:05<02:03, 45.9doc/s]
  arguana:  35%|███▍      | 3.03k/8.67k [01:05<02:03, 45.8doc/s]
  arguana:  35%|███▌      | 3.04k/8.67k [01:05<02:03, 45.8doc/s]
  arguana:  35%|███▌      | 3.05k/8.67k [01:05<02:02, 45.8doc/s]
  arguana:  35%|███▌      | 3.06k/8.67k [01:05<02:02, 45.7doc/s]
  arguana:  35%|███▌      | 3.06k/8.67k [01:06<02:02, 45.7doc/s]
  arguana:  35%|███▌      | 3.07k/8.67k [01:06<02:02, 45.8doc/s]
  arguana:  36%|███▌      | 3.08k/8.67k [01:06<02:01, 45.9doc/s]
  arguana:  36%|███▌      | 3.09k/8.67k [01:06<02:01, 45.9doc/s]
  arguana:  36%|███▌      | 3.10k/8.67k [01:06<02:02, 45.7doc/s]
  arguana:  36%|███▌      | 3.10k/8.67k [01:06<02:04, 44.7doc/s]
  arguana:  36%|███▌      | 3.11k/8.67k [01:07<02:05, 44.3doc/s]
  arguana:  36%|███▌      | 3.12k/8.67k [01:07<02:05, 44.4doc/s]
  arguana:  36%|███▌      | 3.13k/8.67k [01:07<02:03, 45.0doc/s]
  arguana:  36%|███▌      | 3.14k/8.67k [01:07<02:02, 45.3doc/s]
  arguana:  36%|███▌      | 3.14k/8.67k [01:07<02:00, 45.7doc/s]
  arguana:  36%|███▋      | 3.15k/8.67k [01:08<01:59, 46.1doc/s]
  arguana:  36%|███▋      | 3.16k/8.67k [01:08<01:58, 46.3doc/s]
  arguana:  37%|███▋      | 3.17k/8.67k [01:08<01:58, 46.3doc/s]
  arguana:  37%|███▋      | 3.18k/8.67k [01:08<01:59, 46.1doc/s]
  arguana:  37%|███▋      | 3.18k/8.67k [01:08<02:02, 44.8doc/s]
  arguana:  37%|███▋      | 3.19k/8.67k [01:08<02:05, 43.8doc/s]
  arguana:  37%|███▋      | 3.20k/8.67k [01:09<02:05, 43.5doc/s]
  arguana:  37%|███▋      | 3.21k/8.67k [01:09<02:05, 43.6doc/s]
  arguana:  37%|███▋      | 3.22k/8.67k [01:09<02:03, 44.0doc/s]
  arguana:  37%|███▋      | 3.22k/8.67k [01:09<02:02, 44.5doc/s]
  arguana:  37%|███▋      | 3.23k/8.67k [01:09<02:00, 45.1doc/s]
  arguana:  37%|███▋      | 3.24k/8.67k [01:09<01:59, 45.4doc/s]
  arguana:  37%|███▋      | 3.25k/8.67k [01:10<01:58, 45.7doc/s]
  arguana:  38%|███▊      | 3.26k/8.67k [01:10<01:58, 45.6doc/s]
  arguana:  38%|███▊      | 3.26k/8.67k [01:10<01:58, 45.7doc/s]
  arguana:  38%|███▊      | 3.27k/8.67k [01:10<01:58, 45.8doc/s]
  arguana:  38%|███▊      | 3.28k/8.67k [01:10<01:57, 45.8doc/s]
  arguana:  38%|███▊      | 3.29k/8.67k [01:11<01:57, 46.0doc/s]
  arguana:  38%|███▊      | 3.30k/8.67k [01:11<01:56, 46.0doc/s]
  arguana:  38%|███▊      | 3.30k/8.67k [01:11<01:56, 45.9doc/s]
  arguana:  38%|███▊      | 3.31k/8.67k [01:11<01:56, 46.1doc/s]
  arguana:  38%|███▊      | 3.32k/8.67k [01:11<01:55, 46.3doc/s]
  arguana:  38%|███▊      | 3.33k/8.67k [01:11<01:55, 46.4doc/s]
  arguana:  38%|███▊      | 3.34k/8.67k [01:12<01:54, 46.5doc/s]
  arguana:  39%|███▊      | 3.34k/8.67k [01:12<01:54, 46.4doc/s]
  arguana:  39%|███▊      | 3.35k/8.67k [01:12<01:54, 46.3doc/s]
  arguana:  39%|███▊      | 3.36k/8.67k [01:12<01:54, 46.2doc/s]
  arguana:  39%|███▉      | 3.37k/8.67k [01:12<01:54, 46.1doc/s]
  arguana:  39%|███▉      | 3.38k/8.67k [01:12<01:55, 45.8doc/s]
  arguana:  39%|███▉      | 3.38k/8.67k [01:13<01:55, 45.7doc/s]
  arguana:  39%|███▉      | 3.39k/8.67k [01:13<01:55, 45.7doc/s]
  arguana:  39%|███▉      | 3.40k/8.67k [01:13<01:55, 45.8doc/s]
  arguana:  39%|███▉      | 3.41k/8.67k [01:13<01:55, 45.7doc/s]
  arguana:  39%|███▉      | 3.42k/8.67k [01:13<01:54, 45.8doc/s]
  arguana:  39%|███▉      | 3.42k/8.67k [01:13<01:54, 45.8doc/s]
  arguana:  40%|███▉      | 3.43k/8.67k [01:14<01:54, 45.8doc/s]
  arguana:  40%|███▉      | 3.44k/8.67k [01:14<01:54, 45.6doc/s]
  arguana:  40%|███▉      | 3.45k/8.67k [01:14<01:54, 45.6doc/s]
  arguana:  40%|███▉      | 3.46k/8.67k [01:14<01:54, 45.6doc/s]
  arguana:  40%|███▉      | 3.46k/8.67k [01:14<01:54, 45.5doc/s]
  arguana:  40%|████      | 3.47k/8.67k [01:15<01:53, 45.6doc/s]
  arguana:  40%|████      | 3.48k/8.67k [01:15<01:53, 45.6doc/s]
  arguana:  40%|████      | 3.49k/8.67k [01:15<01:53, 45.7doc/s]
  arguana:  40%|████      | 3.50k/8.67k [01:15<01:53, 45.7doc/s]
  arguana:  40%|████      | 3.50k/8.67k [01:15<01:53, 45.6doc/s]
  arguana:  40%|████      | 3.51k/8.67k [01:15<01:52, 45.7doc/s]
  arguana:  41%|████      | 3.52k/8.67k [01:16<01:53, 45.6doc/s]
  arguana:  41%|████      | 3.53k/8.67k [01:16<01:53, 45.5doc/s]
  arguana:  41%|████      | 3.54k/8.67k [01:16<01:52, 45.6doc/s]
  arguana:  41%|████      | 3.54k/8.67k [01:16<01:52, 45.6doc/s]
  arguana:  41%|████      | 3.55k/8.67k [01:16<01:52, 45.6doc/s]
  arguana:  41%|████      | 3.56k/8.67k [01:16<01:52, 45.6doc/s]
  arguana:  41%|████      | 3.57k/8.67k [01:17<01:51, 45.6doc/s]
  arguana:  41%|████      | 3.58k/8.67k [01:17<01:52, 45.5doc/s]
  arguana:  41%|████▏     | 3.58k/8.67k [01:17<01:51, 45.7doc/s]
  arguana:  41%|████▏     | 3.59k/8.67k [01:17<01:50, 45.8doc/s]
  arguana:  42%|████▏     | 3.60k/8.67k [01:17<01:50, 45.8doc/s]
  arguana:  42%|████▏     | 3.61k/8.67k [01:18<01:50, 45.8doc/s]
  arguana:  42%|████▏     | 3.62k/8.67k [01:18<01:50, 45.8doc/s]
  arguana:  42%|████▏     | 3.62k/8.67k [01:18<01:50, 45.9doc/s]
  arguana:  42%|████▏     | 3.63k/8.67k [01:18<01:52, 44.8doc/s]
  arguana:  42%|████▏     | 3.64k/8.67k [01:18<01:54, 43.9doc/s]
  arguana:  42%|████▏     | 3.65k/8.67k [01:18<01:54, 44.0doc/s]
  arguana:  42%|████▏     | 3.66k/8.67k [01:19<01:53, 44.4doc/s]
  arguana:  42%|████▏     | 3.66k/8.67k [01:19<01:51, 44.8doc/s]
  arguana:  42%|████▏     | 3.67k/8.67k [01:19<01:50, 45.2doc/s]
  arguana:  42%|████▏     | 3.68k/8.67k [01:19<01:50, 45.4doc/s]
  arguana:  43%|████▎     | 3.69k/8.67k [01:19<01:49, 45.6doc/s]
  arguana:  43%|████▎     | 3.70k/8.67k [01:19<01:49, 45.7doc/s]
  arguana:  43%|████▎     | 3.70k/8.67k [01:20<01:48, 45.8doc/s]
  arguana:  43%|████▎     | 3.71k/8.67k [01:20<01:48, 45.7doc/s]
  arguana:  43%|████▎     | 3.72k/8.67k [01:20<01:48, 45.8doc/s]
  arguana:  43%|████▎     | 3.73k/8.67k [01:20<01:48, 45.7doc/s]
  arguana:  43%|████▎     | 3.74k/8.67k [01:20<01:48, 45.7doc/s]
  arguana:  43%|████▎     | 3.74k/8.67k [01:21<01:47, 45.9doc/s]
  arguana:  43%|████▎     | 3.75k/8.67k [01:21<01:46, 46.1doc/s]
  arguana:  43%|████▎     | 3.76k/8.67k [01:21<01:46, 45.9doc/s]
  arguana:  43%|████▎     | 3.77k/8.67k [01:21<01:47, 45.5doc/s]
  arguana:  44%|████▎     | 3.78k/8.67k [01:21<01:47, 45.6doc/s]
  arguana:  44%|████▎     | 3.78k/8.67k [01:21<01:47, 45.6doc/s]
  arguana:  44%|████▎     | 3.79k/8.67k [01:22<01:47, 45.5doc/s]
  arguana:  44%|████▍     | 3.80k/8.67k [01:22<01:46, 45.6doc/s]
  arguana:  44%|████▍     | 3.81k/8.67k [01:22<01:46, 45.6doc/s]
  arguana:  44%|████▍     | 3.82k/8.67k [01:22<01:46, 45.8doc/s]
  arguana:  44%|████▍     | 3.82k/8.67k [01:22<01:46, 45.7doc/s]
  arguana:  44%|████▍     | 3.83k/8.67k [01:22<01:45, 45.8doc/s]
  arguana:  44%|████▍     | 3.84k/8.67k [01:23<01:45, 45.8doc/s]
  arguana:  44%|████▍     | 3.85k/8.67k [01:23<01:44, 46.0doc/s]
  arguana:  44%|████▍     | 3.86k/8.67k [01:23<01:45, 45.8doc/s]
  arguana:  45%|████▍     | 3.86k/8.67k [01:23<01:45, 45.7doc/s]
  arguana:  45%|████▍     | 3.87k/8.67k [01:23<01:45, 45.7doc/s]
  arguana:  45%|████▍     | 3.88k/8.67k [01:23<01:44, 45.8doc/s]
  arguana:  45%|████▍     | 3.89k/8.67k [01:24<01:44, 45.9doc/s]
  arguana:  45%|████▍     | 3.90k/8.67k [01:24<01:43, 46.0doc/s]
  arguana:  45%|████▌     | 3.90k/8.67k [01:24<01:44, 45.9doc/s]
  arguana:  45%|████▌     | 3.91k/8.67k [01:24<01:44, 45.8doc/s]
  arguana:  45%|████▌     | 3.92k/8.67k [01:24<01:44, 45.7doc/s]
  arguana:  45%|████▌     | 3.93k/8.67k [01:25<01:43, 45.7doc/s]
  arguana:  45%|████▌     | 3.94k/8.67k [01:25<01:43, 45.6doc/s]
  arguana:  45%|████▌     | 3.94k/8.67k [01:25<01:45, 44.7doc/s]
  arguana:  46%|████▌     | 3.95k/8.67k [01:25<01:46, 44.5doc/s]
  arguana:  46%|████▌     | 3.96k/8.67k [01:25<01:45, 44.6doc/s]
  arguana:  46%|████▌     | 3.97k/8.67k [01:25<01:44, 45.1doc/s]
  arguana:  46%|████▌     | 3.98k/8.67k [01:26<01:43, 45.3doc/s]
  arguana:  46%|████▌     | 3.98k/8.67k [01:26<01:42, 45.6doc/s]
  arguana:  46%|████▌     | 3.99k/8.67k [01:26<01:42, 45.6doc/s]
  arguana:  46%|████▌     | 4.00k/8.67k [01:26<01:42, 45.5doc/s]
  arguana:  46%|████▌     | 4.01k/8.67k [01:26<01:42, 45.4doc/s]
  arguana:  46%|████▋     | 4.02k/8.67k [01:26<01:42, 45.5doc/s]
  arguana:  46%|████▋     | 4.02k/8.67k [01:27<01:41, 45.6doc/s]
  arguana:  46%|████▋     | 4.03k/8.67k [01:27<01:41, 45.7doc/s]
  arguana:  47%|████▋     | 4.04k/8.67k [01:27<01:41, 45.6doc/s]
  arguana:  47%|████▋     | 4.05k/8.67k [01:27<01:40, 45.9doc/s]
  arguana:  47%|████▋     | 4.06k/8.67k [01:27<01:40, 45.8doc/s]
  arguana:  47%|████▋     | 4.06k/8.67k [01:28<01:41, 45.6doc/s]
  arguana:  47%|████▋     | 4.07k/8.67k [01:28<01:41, 45.4doc/s]
  arguana:  47%|████▋     | 4.08k/8.67k [01:28<01:40, 45.9doc/s]
  arguana:  47%|████▋     | 4.09k/8.67k [01:28<01:39, 45.9doc/s]
  arguana:  47%|████▋     | 4.10k/8.67k [01:28<01:40, 45.8doc/s]
  arguana:  47%|████▋     | 4.10k/8.67k [01:28<01:40, 45.4doc/s]
  arguana:  47%|████▋     | 4.11k/8.67k [01:29<01:40, 45.6doc/s]
  arguana:  47%|████▋     | 4.12k/8.67k [01:29<01:39, 45.6doc/s]
  arguana:  48%|████▊     | 4.13k/8.67k [01:29<01:39, 45.5doc/s]
  arguana:  48%|████▊     | 4.14k/8.67k [01:29<01:39, 45.6doc/s]
  arguana:  48%|████▊     | 4.14k/8.67k [01:29<01:39, 45.6doc/s]
  arguana:  48%|████▊     | 4.15k/8.67k [01:29<01:38, 45.8doc/s]
  arguana:  48%|████▊     | 4.16k/8.67k [01:30<01:38, 45.8doc/s]
  arguana:  48%|████▊     | 4.17k/8.67k [01:30<01:38, 45.9doc/s]
  arguana:  48%|████▊     | 4.18k/8.67k [01:30<01:37, 45.9doc/s]
  arguana:  48%|████▊     | 4.18k/8.67k [01:30<01:38, 45.6doc/s]
  arguana:  48%|████▊     | 4.19k/8.67k [01:30<01:38, 45.6doc/s]
  arguana:  48%|████▊     | 4.20k/8.67k [01:31<01:38, 45.5doc/s]
  arguana:  49%|████▊     | 4.21k/8.67k [01:31<01:38, 45.5doc/s]
  arguana:  49%|████▊     | 4.22k/8.67k [01:31<01:37, 45.6doc/s]
  arguana:  49%|████▊     | 4.22k/8.67k [01:31<01:37, 45.7doc/s]
  arguana:  49%|████▉     | 4.23k/8.67k [01:31<01:37, 45.4doc/s]
  arguana:  49%|████▉     | 4.24k/8.67k [01:31<01:37, 45.4doc/s]
  arguana:  49%|████▉     | 4.25k/8.67k [01:32<01:37, 45.6doc/s]
  arguana:  49%|████▉     | 4.26k/8.67k [01:32<01:37, 45.4doc/s]
  arguana:  49%|████▉     | 4.26k/8.67k [01:32<01:37, 45.3doc/s]
  arguana:  49%|████▉     | 4.27k/8.67k [01:32<01:37, 45.2doc/s]
  arguana:  49%|████▉     | 4.28k/8.67k [01:32<01:37, 45.2doc/s]
  arguana:  49%|████▉     | 4.29k/8.67k [01:32<01:36, 45.2doc/s]
  arguana:  50%|████▉     | 4.30k/8.67k [01:33<01:36, 45.3doc/s]
  arguana:  50%|████▉     | 4.30k/8.67k [01:33<01:35, 45.5doc/s]
  arguana:  50%|████▉     | 4.31k/8.67k [01:33<01:35, 45.9doc/s]
  arguana:  50%|████▉     | 4.32k/8.67k [01:33<01:34, 46.0doc/s]
  arguana:  50%|████▉     | 4.33k/8.67k [01:33<01:34, 46.0doc/s]
  arguana:  50%|████▉     | 4.34k/8.67k [01:33<01:34, 46.0doc/s]
  arguana:  50%|█████     | 4.34k/8.67k [01:34<01:34, 45.9doc/s]
  arguana:  50%|█████     | 4.35k/8.67k [01:34<01:35, 45.5doc/s]
  arguana:  50%|█████     | 4.36k/8.67k [01:34<01:34, 45.5doc/s]
  arguana:  50%|█████     | 4.37k/8.67k [01:34<01:34, 45.5doc/s]
  arguana:  50%|█████     | 4.38k/8.67k [01:34<01:34, 45.6doc/s]
  arguana:  51%|█████     | 4.38k/8.67k [01:35<01:33, 45.7doc/s]
  arguana:  51%|█████     | 4.39k/8.67k [01:35<01:34, 45.4doc/s]
  arguana:  51%|█████     | 4.40k/8.67k [01:35<01:34, 45.4doc/s]
  arguana:  51%|█████     | 4.41k/8.67k [01:35<01:33, 45.6doc/s]
  arguana:  51%|█████     | 4.42k/8.67k [01:35<01:33, 45.7doc/s]
  arguana:  51%|█████     | 4.42k/8.67k [01:35<01:33, 45.6doc/s]
  arguana:  51%|█████     | 4.43k/8.67k [01:36<01:33, 45.6doc/s]
  arguana:  51%|█████     | 4.44k/8.67k [01:36<01:33, 45.5doc/s]
  arguana:  51%|█████▏    | 4.45k/8.67k [01:36<01:32, 45.6doc/s]
  arguana:  51%|█████▏    | 4.46k/8.67k [01:36<01:32, 45.6doc/s]
  arguana:  51%|█████▏    | 4.46k/8.67k [01:36<01:32, 45.5doc/s]
  arguana:  52%|█████▏    | 4.47k/8.67k [01:36<01:32, 45.5doc/s]
  arguana:  52%|█████▏    | 4.48k/8.67k [01:37<01:32, 45.4doc/s]
  arguana:  52%|█████▏    | 4.49k/8.67k [01:37<01:32, 45.5doc/s]
  arguana:  52%|█████▏    | 4.50k/8.67k [01:37<01:31, 45.5doc/s]
  arguana:  52%|█████▏    | 4.50k/8.67k [01:37<01:31, 45.5doc/s]
  arguana:  52%|█████▏    | 4.51k/8.67k [01:37<01:31, 45.4doc/s]
  arguana:  52%|█████▏    | 4.52k/8.67k [01:38<01:31, 45.4doc/s]
  arguana:  52%|█████▏    | 4.53k/8.67k [01:38<01:30, 45.6doc/s]
  arguana:  52%|█████▏    | 4.54k/8.67k [01:38<01:30, 45.5doc/s]
  arguana:  52%|█████▏    | 4.54k/8.67k [01:38<01:30, 45.4doc/s]
  arguana:  52%|█████▏    | 4.55k/8.67k [01:38<01:30, 45.4doc/s]
  arguana:  53%|█████▎    | 4.56k/8.67k [01:38<01:30, 45.6doc/s]
  arguana:  53%|█████▎    | 4.57k/8.67k [01:39<01:29, 46.0doc/s]
  arguana:  53%|█████▎    | 4.58k/8.67k [01:39<01:29, 45.9doc/s]
  arguana:  53%|█████▎    | 4.58k/8.67k [01:39<01:29, 45.5doc/s]
  arguana:  53%|█████▎    | 4.59k/8.67k [01:39<01:29, 45.4doc/s]
  arguana:  53%|█████▎    | 4.60k/8.67k [01:39<01:30, 45.3doc/s]
  arguana:  53%|█████▎    | 4.61k/8.67k [01:39<01:29, 45.4doc/s]
  arguana:  53%|█████▎    | 4.62k/8.67k [01:40<01:29, 45.6doc/s]
  arguana:  53%|█████▎    | 4.62k/8.67k [01:40<01:28, 45.6doc/s]
  arguana:  53%|█████▎    | 4.63k/8.67k [01:40<01:28, 45.7doc/s]
  arguana:  53%|█████▎    | 4.64k/8.67k [01:40<01:28, 45.7doc/s]
  arguana:  54%|█████▎    | 4.65k/8.67k [01:40<01:28, 45.7doc/s]
  arguana:  54%|█████▎    | 4.66k/8.67k [01:41<01:28, 45.6doc/s]
  arguana:  54%|█████▍    | 4.66k/8.67k [01:41<01:27, 45.6doc/s]
  arguana:  54%|█████▍    | 4.67k/8.67k [01:41<01:27, 45.5doc/s]
  arguana:  54%|█████▍    | 4.68k/8.67k [01:41<01:27, 45.5doc/s]
  arguana:  54%|█████▍    | 4.69k/8.67k [01:41<01:28, 45.3doc/s]
  arguana:  54%|█████▍    | 4.70k/8.67k [01:41<01:27, 45.4doc/s]
  arguana:  54%|█████▍    | 4.70k/8.67k [01:42<01:27, 45.6doc/s]
  arguana:  54%|█████▍    | 4.71k/8.67k [01:42<01:26, 45.7doc/s]
  arguana:  54%|█████▍    | 4.72k/8.67k [01:42<01:26, 45.9doc/s]
  arguana:  55%|█████▍    | 4.73k/8.67k [01:42<01:26, 45.8doc/s]
  arguana:  55%|█████▍    | 4.74k/8.67k [01:42<01:26, 45.7doc/s]
  arguana:  55%|█████▍    | 4.74k/8.67k [01:42<01:26, 45.6doc/s]
  arguana:  55%|█████▍    | 4.75k/8.67k [01:43<01:25, 45.8doc/s]
  arguana:  55%|█████▍    | 4.76k/8.67k [01:43<01:25, 45.8doc/s]
  arguana:  55%|█████▍    | 4.77k/8.67k [01:43<01:25, 45.8doc/s]
  arguana:  55%|█████▌    | 4.78k/8.67k [01:43<01:25, 45.6doc/s]
  arguana:  55%|█████▌    | 4.78k/8.67k [01:43<01:26, 45.2doc/s]
  arguana:  55%|█████▌    | 4.79k/8.67k [01:44<01:26, 45.0doc/s]
  arguana:  55%|█████▌    | 4.80k/8.67k [01:44<01:26, 45.0doc/s]
  arguana:  55%|█████▌    | 4.81k/8.67k [01:44<01:25, 45.3doc/s]
  arguana:  56%|█████▌    | 4.82k/8.67k [01:44<01:24, 45.5doc/s]
  arguana:  56%|█████▌    | 4.82k/8.67k [01:44<01:24, 45.4doc/s]
  arguana:  56%|█████▌    | 4.83k/8.67k [01:44<01:24, 45.6doc/s]
  arguana:  56%|█████▌    | 4.84k/8.67k [01:45<01:23, 45.7doc/s]
  arguana:  56%|█████▌    | 4.85k/8.67k [01:45<01:23, 45.9doc/s]
  arguana:  56%|█████▌    | 4.86k/8.67k [01:45<01:23, 45.8doc/s]
  arguana:  56%|█████▌    | 4.86k/8.67k [01:45<01:23, 45.9doc/s]
  arguana:  56%|█████▌    | 4.87k/8.67k [01:45<01:22, 45.8doc/s]
  arguana:  56%|█████▋    | 4.88k/8.67k [01:45<01:23, 45.7doc/s]
  arguana:  56%|█████▋    | 4.89k/8.67k [01:46<01:23, 45.5doc/s]
  arguana:  56%|█████▋    | 4.90k/8.67k [01:46<01:22, 45.6doc/s]
  arguana:  57%|█████▋    | 4.90k/8.67k [01:46<01:22, 45.5doc/s]
  arguana:  57%|█████▋    | 4.91k/8.67k [01:46<01:22, 45.6doc/s]
  arguana:  57%|█████▋    | 4.92k/8.67k [01:46<01:22, 45.4doc/s]
  arguana:  57%|█████▋    | 4.93k/8.67k [01:46<01:22, 45.5doc/s]
  arguana:  57%|█████▋    | 4.94k/8.67k [01:47<01:21, 45.7doc/s]
  arguana:  57%|█████▋    | 4.94k/8.67k [01:47<01:21, 45.7doc/s]
  arguana:  57%|█████▋    | 4.95k/8.67k [01:47<01:21, 45.8doc/s]
  arguana:  57%|█████▋    | 4.96k/8.67k [01:47<01:21, 45.6doc/s]
  arguana:  57%|█████▋    | 4.97k/8.67k [01:47<01:21, 45.7doc/s]
  arguana:  57%|█████▋    | 4.98k/8.67k [01:48<01:20, 45.7doc/s]
  arguana:  57%|█████▋    | 4.98k/8.67k [01:48<01:20, 45.8doc/s]
  arguana:  58%|█████▊    | 4.99k/8.67k [01:48<01:20, 45.7doc/s]
  arguana:  58%|█████▊    | 5.00k/8.67k [01:48<01:20, 45.4doc/s]
  arguana:  58%|█████▊    | 5.01k/8.67k [01:48<01:20, 45.4doc/s]
  arguana:  58%|█████▊    | 5.02k/8.67k [01:48<01:20, 45.3doc/s]
  arguana:  58%|█████▊    | 5.02k/8.67k [01:49<01:20, 45.3doc/s]
  arguana:  58%|█████▊    | 5.03k/8.67k [01:49<01:20, 45.5doc/s]
  arguana:  58%|█████▊    | 5.04k/8.67k [01:49<01:19, 45.6doc/s]
  arguana:  58%|█████▊    | 5.05k/8.67k [01:49<01:19, 45.7doc/s]
  arguana:  58%|█████▊    | 5.06k/8.67k [01:49<01:19, 45.5doc/s]
  arguana:  58%|█████▊    | 5.06k/8.67k [01:49<01:20, 44.6doc/s]
  arguana:  58%|█████▊    | 5.07k/8.67k [01:50<01:21, 44.4doc/s]
  arguana:  59%|█████▊    | 5.08k/8.67k [01:50<01:20, 44.7doc/s]
  arguana:  59%|█████▊    | 5.09k/8.67k [01:50<01:19, 45.1doc/s]
  arguana:  59%|█████▉    | 5.10k/8.67k [01:50<01:20, 44.2doc/s]
  arguana:  59%|█████▉    | 5.10k/8.67k [01:50<01:22, 43.5doc/s]
  arguana:  59%|█████▉    | 5.11k/8.67k [01:51<01:21, 43.7doc/s]
  arguana:  59%|█████▉    | 5.12k/8.67k [01:51<01:20, 44.0doc/s]
  arguana:  59%|█████▉    | 5.13k/8.67k [01:51<01:19, 44.5doc/s]
  arguana:  59%|█████▉    | 5.14k/8.67k [01:51<01:18, 44.9doc/s]
  arguana:  59%|█████▉    | 5.14k/8.67k [01:51<01:18, 45.0doc/s]
  arguana:  59%|█████▉    | 5.15k/8.67k [01:51<01:18, 45.0doc/s]
  arguana:  59%|█████▉    | 5.16k/8.67k [01:52<01:17, 45.3doc/s]
  arguana:  60%|█████▉    | 5.17k/8.67k [01:52<01:17, 45.4doc/s]
  arguana:  60%|█████▉    | 5.18k/8.67k [01:52<01:17, 45.4doc/s]
  arguana:  60%|█████▉    | 5.18k/8.67k [01:52<01:16, 45.5doc/s]
  arguana:  60%|█████▉    | 5.19k/8.67k [01:52<01:16, 45.6doc/s]
  arguana:  60%|█████▉    | 5.20k/8.67k [01:53<01:16, 45.7doc/s]
  arguana:  60%|██████    | 5.21k/8.67k [01:53<01:16, 45.5doc/s]
  arguana:  60%|██████    | 5.22k/8.67k [01:53<01:16, 45.5doc/s]
  arguana:  60%|██████    | 5.22k/8.67k [01:53<01:15, 45.4doc/s]
  arguana:  60%|██████    | 5.23k/8.67k [01:53<01:16, 45.2doc/s]
  arguana:  60%|██████    | 5.24k/8.67k [01:53<01:15, 45.2doc/s]
  arguana:  61%|██████    | 5.25k/8.67k [01:54<01:15, 45.3doc/s]
  arguana:  61%|██████    | 5.26k/8.67k [01:54<01:15, 45.3doc/s]
  arguana:  61%|██████    | 5.26k/8.67k [01:54<01:15, 45.2doc/s]
  arguana:  61%|██████    | 5.27k/8.67k [01:54<01:14, 45.4doc/s]
  arguana:  61%|██████    | 5.28k/8.67k [01:54<01:15, 45.2doc/s]
  arguana:  61%|██████    | 5.29k/8.67k [01:54<01:15, 44.9doc/s]
  arguana:  61%|██████    | 5.30k/8.67k [01:55<01:15, 44.8doc/s]
  arguana:  61%|██████    | 5.30k/8.67k [01:55<01:14, 45.0doc/s]
  arguana:  61%|██████    | 5.31k/8.67k [01:55<01:14, 45.2doc/s]
  arguana:  61%|██████▏   | 5.32k/8.67k [01:55<01:13, 45.4doc/s]
  arguana:  61%|██████▏   | 5.33k/8.67k [01:55<01:13, 45.5doc/s]
  arguana:  62%|██████▏   | 5.34k/8.67k [01:56<01:13, 45.5doc/s]
  arguana:  62%|██████▏   | 5.34k/8.67k [01:56<01:13, 45.5doc/s]
  arguana:  62%|██████▏   | 5.35k/8.67k [01:56<01:13, 45.4doc/s]
  arguana:  62%|██████▏   | 5.36k/8.67k [01:56<01:12, 45.5doc/s]
  arguana:  62%|██████▏   | 5.37k/8.67k [01:56<01:12, 45.4doc/s]
  arguana:  62%|██████▏   | 5.38k/8.67k [01:56<01:12, 45.5doc/s]
  arguana:  62%|██████▏   | 5.38k/8.67k [01:57<01:12, 45.6doc/s]
  arguana:  62%|██████▏   | 5.39k/8.67k [01:57<01:12, 45.6doc/s]
  arguana:  62%|██████▏   | 5.40k/8.67k [01:57<01:12, 45.4doc/s]
  arguana:  62%|██████▏   | 5.41k/8.67k [01:57<01:11, 45.4doc/s]
  arguana:  62%|██████▏   | 5.42k/8.67k [01:57<01:11, 45.3doc/s]
  arguana:  63%|██████▎   | 5.42k/8.67k [01:57<01:11, 45.3doc/s]
  arguana:  63%|██████▎   | 5.43k/8.67k [01:58<01:11, 45.4doc/s]
  arguana:  63%|██████▎   | 5.44k/8.67k [01:58<01:11, 45.3doc/s]
  arguana:  63%|██████▎   | 5.45k/8.67k [01:58<01:11, 45.4doc/s]
  arguana:  63%|██████▎   | 5.46k/8.67k [01:58<01:10, 45.5doc/s]
  arguana:  63%|██████▎   | 5.46k/8.67k [01:58<01:10, 45.4doc/s]
  arguana:  63%|██████▎   | 5.47k/8.67k [01:59<01:10, 45.4doc/s]
  arguana:  63%|██████▎   | 5.48k/8.67k [01:59<01:10, 45.4doc/s]
  arguana:  63%|██████▎   | 5.49k/8.67k [01:59<01:10, 45.5doc/s]
  arguana:  63%|██████▎   | 5.50k/8.67k [01:59<01:09, 45.6doc/s]
  arguana:  63%|██████▎   | 5.50k/8.67k [01:59<01:09, 45.6doc/s]
  arguana:  64%|██████▎   | 5.51k/8.67k [01:59<01:09, 45.4doc/s]
  arguana:  64%|██████▎   | 5.52k/8.67k [02:00<01:09, 45.4doc/s]
  arguana:  64%|██████▎   | 5.53k/8.67k [02:00<01:09, 45.2doc/s]
  arguana:  64%|██████▍   | 5.54k/8.67k [02:00<01:09, 45.2doc/s]
  arguana:  64%|██████▍   | 5.54k/8.67k [02:00<01:09, 45.2doc/s]
  arguana:  64%|██████▍   | 5.55k/8.67k [02:00<01:09, 45.2doc/s]
  arguana:  64%|██████▍   | 5.56k/8.67k [02:00<01:08, 45.5doc/s]
  arguana:  64%|██████▍   | 5.57k/8.67k [02:01<01:08, 45.5doc/s]
  arguana:  64%|██████▍   | 5.58k/8.67k [02:01<01:08, 45.4doc/s]
  arguana:  64%|██████▍   | 5.58k/8.67k [02:01<01:07, 45.5doc/s]
  arguana:  64%|██████▍   | 5.59k/8.67k [02:01<01:07, 45.8doc/s]
  arguana:  65%|██████▍   | 5.60k/8.67k [02:01<01:07, 45.8doc/s]
  arguana:  65%|██████▍   | 5.61k/8.67k [02:01<01:07, 45.5doc/s]
  arguana:  65%|██████▍   | 5.62k/8.67k [02:02<01:07, 45.6doc/s]
  arguana:  65%|██████▍   | 5.62k/8.67k [02:02<01:06, 45.7doc/s]
  arguana:  65%|██████▍   | 5.63k/8.67k [02:02<01:06, 45.8doc/s]
  arguana:  65%|██████▌   | 5.64k/8.67k [02:02<01:06, 45.3doc/s]
  arguana:  65%|██████▌   | 5.65k/8.67k [02:02<01:06, 45.5doc/s]
  arguana:  65%|██████▌   | 5.66k/8.67k [02:03<01:06, 45.2doc/s]
  arguana:  65%|██████▌   | 5.66k/8.67k [02:03<01:06, 45.3doc/s]
  arguana:  65%|██████▌   | 5.67k/8.67k [02:03<01:05, 45.5doc/s]
  arguana:  65%|██████▌   | 5.68k/8.67k [02:03<01:05, 45.7doc/s]
  arguana:  66%|██████▌   | 5.69k/8.67k [02:03<01:05, 45.7doc/s]
  arguana:  66%|██████▌   | 5.70k/8.67k [02:03<01:05, 45.7doc/s]
  arguana:  66%|██████▌   | 5.70k/8.67k [02:04<01:04, 46.0doc/s]
  arguana:  66%|██████▌   | 5.71k/8.67k [02:04<01:04, 45.9doc/s]
  arguana:  66%|██████▌   | 5.72k/8.67k [02:04<01:04, 45.7doc/s]
  arguana:  66%|██████▌   | 5.73k/8.67k [02:04<01:04, 45.6doc/s]
  arguana:  66%|██████▌   | 5.74k/8.67k [02:04<01:04, 45.7doc/s]
  arguana:  66%|██████▌   | 5.74k/8.67k [02:04<01:03, 45.8doc/s]
  arguana:  66%|██████▋   | 5.75k/8.67k [02:05<01:03, 45.7doc/s]
  arguana:  66%|██████▋   | 5.76k/8.67k [02:05<01:03, 45.9doc/s]
  arguana:  66%|██████▋   | 5.77k/8.67k [02:05<01:03, 45.7doc/s]
  arguana:  67%|██████▋   | 5.78k/8.67k [02:05<01:03, 45.4doc/s]
  arguana:  67%|██████▋   | 5.78k/8.67k [02:05<01:03, 45.4doc/s]
  arguana:  67%|██████▋   | 5.79k/8.67k [02:06<01:03, 45.2doc/s]
  arguana:  67%|██████▋   | 5.80k/8.67k [02:06<01:03, 45.1doc/s]
  arguana:  67%|██████▋   | 5.81k/8.67k [02:06<01:03, 45.1doc/s]
  arguana:  67%|██████▋   | 5.82k/8.67k [02:06<01:03, 45.3doc/s]
  arguana:  67%|██████▋   | 5.82k/8.67k [02:06<01:02, 45.5doc/s]
  arguana:  67%|██████▋   | 5.83k/8.67k [02:06<01:02, 45.5doc/s]
  arguana:  67%|██████▋   | 5.84k/8.67k [02:07<01:02, 45.5doc/s]
  arguana:  67%|██████▋   | 5.85k/8.67k [02:07<01:01, 45.6doc/s]
  arguana:  68%|██████▊   | 5.86k/8.67k [02:07<01:01, 45.5doc/s]
  arguana:  68%|██████▊   | 5.86k/8.67k [02:07<01:02, 45.3doc/s]
  arguana:  68%|██████▊   | 5.87k/8.67k [02:07<01:01, 45.6doc/s]
  arguana:  68%|██████▊   | 5.88k/8.67k [02:07<01:01, 45.6doc/s]
  arguana:  68%|██████▊   | 5.89k/8.67k [02:08<01:01, 45.6doc/s]
  arguana:  68%|██████▊   | 5.90k/8.67k [02:08<01:00, 45.7doc/s]
  arguana:  68%|██████▊   | 5.90k/8.67k [02:08<01:00, 45.8doc/s]
  arguana:  68%|██████▊   | 5.91k/8.67k [02:08<01:00, 45.9doc/s]
  arguana:  68%|██████▊   | 5.92k/8.67k [02:08<01:00, 45.4doc/s]
  arguana:  68%|██████▊   | 5.93k/8.67k [02:09<01:00, 45.5doc/s]
  arguana:  68%|██████▊   | 5.94k/8.67k [02:09<00:59, 45.7doc/s]
  arguana:  69%|██████▊   | 5.94k/8.67k [02:09<00:59, 45.6doc/s]
  arguana:  69%|██████▊   | 5.95k/8.67k [02:09<00:59, 45.5doc/s]
  arguana:  69%|██████▊   | 5.96k/8.67k [02:09<00:59, 45.4doc/s]
  arguana:  69%|██████▉   | 5.97k/8.67k [02:09<00:59, 45.4doc/s]
  arguana:  69%|██████▉   | 5.98k/8.67k [02:10<00:59, 45.4doc/s]
  arguana:  69%|██████▉   | 5.98k/8.67k [02:10<00:58, 45.7doc/s]
  arguana:  69%|██████▉   | 5.99k/8.67k [02:10<00:58, 45.8doc/s]
  arguana:  69%|██████▉   | 6.00k/8.67k [02:10<00:58, 45.7doc/s]
  arguana:  69%|██████▉   | 6.01k/8.67k [02:10<00:58, 45.6doc/s]
  arguana:  69%|██████▉   | 6.02k/8.67k [02:10<00:58, 45.6doc/s]
  arguana:  69%|██████▉   | 6.02k/8.67k [02:11<00:58, 45.5doc/s]
  arguana:  70%|██████▉   | 6.03k/8.67k [02:11<00:57, 45.6doc/s]
  arguana:  70%|██████▉   | 6.04k/8.67k [02:11<00:57, 46.0doc/s]
  arguana:  70%|██████▉   | 6.05k/8.67k [02:11<00:57, 45.9doc/s]
  arguana:  70%|██████▉   | 6.06k/8.67k [02:11<00:57, 45.4doc/s]
  arguana:  70%|██████▉   | 6.06k/8.67k [02:12<00:57, 45.2doc/s]
  arguana:  70%|███████   | 6.07k/8.67k [02:12<00:57, 45.1doc/s]
  arguana:  70%|███████   | 6.08k/8.67k [02:12<00:57, 45.2doc/s]
  arguana:  70%|███████   | 6.09k/8.67k [02:12<00:57, 45.1doc/s]
  arguana:  70%|███████   | 6.10k/8.67k [02:12<00:56, 45.5doc/s]
  arguana:  70%|███████   | 6.10k/8.67k [02:12<00:56, 45.4doc/s]
  arguana:  70%|███████   | 6.11k/8.67k [02:13<00:56, 45.4doc/s]
  arguana:  71%|███████   | 6.12k/8.67k [02:13<00:55, 45.6doc/s]
  arguana:  71%|███████   | 6.13k/8.67k [02:13<00:56, 45.4doc/s]
  arguana:  71%|███████   | 6.14k/8.67k [02:13<00:56, 45.2doc/s]
  arguana:  71%|███████   | 6.14k/8.67k [02:13<00:56, 44.9doc/s]
  arguana:  71%|███████   | 6.15k/8.67k [02:13<00:56, 44.7doc/s]
  arguana:  71%|███████   | 6.16k/8.67k [02:14<00:56, 44.8doc/s]
  arguana:  71%|███████   | 6.17k/8.67k [02:14<00:55, 44.9doc/s]
  arguana:  71%|███████   | 6.18k/8.67k [02:14<00:55, 44.9doc/s]
  arguana:  71%|███████▏  | 6.18k/8.67k [02:14<00:55, 45.0doc/s]
  arguana:  71%|███████▏  | 6.19k/8.67k [02:14<00:55, 44.9doc/s]
  arguana:  71%|███████▏  | 6.20k/8.67k [02:15<00:54, 45.1doc/s]
  arguana:  72%|███████▏  | 6.21k/8.67k [02:15<00:54, 45.2doc/s]
  arguana:  72%|███████▏  | 6.22k/8.67k [02:15<00:53, 45.5doc/s]
  arguana:  72%|███████▏  | 6.22k/8.67k [02:15<00:53, 45.8doc/s]
  arguana:  72%|███████▏  | 6.23k/8.67k [02:15<00:53, 45.9doc/s]
  arguana:  72%|███████▏  | 6.24k/8.67k [02:15<00:53, 45.4doc/s]
  arguana:  72%|███████▏  | 6.25k/8.67k [02:16<00:53, 45.0doc/s]
  arguana:  72%|███████▏  | 6.26k/8.67k [02:16<00:54, 44.8doc/s]
  arguana:  72%|███████▏  | 6.26k/8.67k [02:16<00:54, 44.5doc/s]
  arguana:  72%|███████▏  | 6.27k/8.67k [02:16<00:53, 44.6doc/s]
  arguana:  72%|███████▏  | 6.28k/8.67k [02:16<00:53, 44.9doc/s]
  arguana:  72%|███████▏  | 6.29k/8.67k [02:16<00:52, 45.1doc/s]
  arguana:  73%|███████▎  | 6.30k/8.67k [02:17<00:52, 45.1doc/s]
  arguana:  73%|███████▎  | 6.30k/8.67k [02:17<00:52, 45.0doc/s]
  arguana:  73%|███████▎  | 6.31k/8.67k [02:17<00:52, 45.0doc/s]
  arguana:  73%|███████▎  | 6.32k/8.67k [02:17<00:52, 45.0doc/s]
  arguana:  73%|███████▎  | 6.33k/8.67k [02:17<00:51, 45.2doc/s]
  arguana:  73%|███████▎  | 6.34k/8.67k [02:18<00:51, 45.4doc/s]
  arguana:  73%|███████▎  | 6.34k/8.67k [02:18<00:51, 45.5doc/s]
  arguana:  73%|███████▎  | 6.35k/8.67k [02:18<00:50, 45.6doc/s]
  arguana:  73%|███████▎  | 6.36k/8.67k [02:18<00:50, 45.6doc/s]
  arguana:  73%|███████▎  | 6.37k/8.67k [02:18<00:50, 45.6doc/s]
  arguana:  74%|███████▎  | 6.38k/8.67k [02:18<00:50, 45.8doc/s]
  arguana:  74%|███████▎  | 6.38k/8.67k [02:19<00:49, 45.8doc/s]
  arguana:  74%|███████▎  | 6.39k/8.67k [02:19<00:49, 45.7doc/s]
  arguana:  74%|███████▍  | 6.40k/8.67k [02:19<00:49, 45.8doc/s]
  arguana:  74%|███████▍  | 6.41k/8.67k [02:19<00:50, 45.3doc/s]
  arguana:  74%|███████▍  | 6.42k/8.67k [02:19<00:49, 45.5doc/s]
  arguana:  74%|███████▍  | 6.42k/8.67k [02:19<00:49, 45.7doc/s]
  arguana:  74%|███████▍  | 6.43k/8.67k [02:20<00:49, 45.6doc/s]
  arguana:  74%|███████▍  | 6.44k/8.67k [02:20<00:49, 45.5doc/s]
  arguana:  74%|███████▍  | 6.45k/8.67k [02:20<00:49, 45.3doc/s]
  arguana:  74%|███████▍  | 6.46k/8.67k [02:20<00:49, 45.2doc/s]
  arguana:  75%|███████▍  | 6.46k/8.67k [02:20<00:48, 45.1doc/s]
  arguana:  75%|███████▍  | 6.47k/8.67k [02:21<00:48, 45.3doc/s]
  arguana:  75%|███████▍  | 6.48k/8.67k [02:21<00:48, 45.3doc/s]
  arguana:  75%|███████▍  | 6.49k/8.67k [02:21<00:48, 45.4doc/s]
  arguana:  75%|███████▍  | 6.50k/8.67k [02:21<00:47, 45.7doc/s]
  arguana:  75%|███████▍  | 6.50k/8.67k [02:21<00:47, 45.9doc/s]
  arguana:  75%|███████▌  | 6.51k/8.67k [02:21<00:47, 45.5doc/s]
  arguana:  75%|███████▌  | 6.52k/8.67k [02:22<00:47, 45.2doc/s]
  arguana:  75%|███████▌  | 6.53k/8.67k [02:22<00:47, 45.3doc/s]
  arguana:  75%|███████▌  | 6.54k/8.67k [02:22<00:47, 44.7doc/s]
  arguana:  75%|███████▌  | 6.54k/8.67k [02:22<00:47, 44.4doc/s]
  arguana:  76%|███████▌  | 6.55k/8.67k [02:22<00:47, 44.4doc/s]
  arguana:  76%|███████▌  | 6.56k/8.67k [02:22<00:47, 44.8doc/s]
  arguana:  76%|███████▌  | 6.57k/8.67k [02:23<00:46, 45.0doc/s]
  arguana:  76%|███████▌  | 6.58k/8.67k [02:23<00:46, 45.0doc/s]
  arguana:  76%|███████▌  | 6.58k/8.67k [02:23<00:46, 45.0doc/s]
  arguana:  76%|███████▌  | 6.59k/8.67k [02:23<00:45, 45.3doc/s]
  arguana:  76%|███████▌  | 6.60k/8.67k [02:23<00:45, 45.6doc/s]
  arguana:  76%|███████▌  | 6.61k/8.67k [02:24<00:44, 45.9doc/s]
  arguana:  76%|███████▋  | 6.62k/8.67k [02:24<00:44, 45.7doc/s]
  arguana:  76%|███████▋  | 6.62k/8.67k [02:24<00:45, 44.8doc/s]
  arguana:  76%|███████▋  | 6.63k/8.67k [02:24<00:46, 44.3doc/s]
  arguana:  77%|███████▋  | 6.64k/8.67k [02:24<00:45, 44.5doc/s]
  arguana:  77%|███████▋  | 6.65k/8.67k [02:24<00:45, 44.4doc/s]
  arguana:  77%|███████▋  | 6.66k/8.67k [02:25<00:45, 44.7doc/s]
  arguana:  77%|███████▋  | 6.66k/8.67k [02:25<00:44, 45.0doc/s]
  arguana:  77%|███████▋  | 6.67k/8.67k [02:25<00:44, 45.1doc/s]
  arguana:  77%|███████▋  | 6.68k/8.67k [02:25<00:44, 45.0doc/s]
  arguana:  77%|███████▋  | 6.69k/8.67k [02:25<00:44, 45.1doc/s]
  arguana:  77%|███████▋  | 6.70k/8.67k [02:25<00:43, 45.3doc/s]
  arguana:  77%|███████▋  | 6.70k/8.67k [02:26<00:43, 45.5doc/s]
  arguana:  77%|███████▋  | 6.71k/8.67k [02:26<00:43, 45.5doc/s]
  arguana:  77%|███████▋  | 6.72k/8.67k [02:26<00:43, 45.3doc/s]
  arguana:  78%|███████▊  | 6.73k/8.67k [02:26<00:42, 45.3doc/s]
  arguana:  78%|███████▊  | 6.74k/8.67k [02:26<00:42, 45.2doc/s]
  arguana:  78%|███████▊  | 6.74k/8.67k [02:27<00:42, 45.3doc/s]
  arguana:  78%|███████▊  | 6.75k/8.67k [02:27<00:42, 45.5doc/s]
  arguana:  78%|███████▊  | 6.76k/8.67k [02:27<00:42, 45.5doc/s]
  arguana:  78%|███████▊  | 6.77k/8.67k [02:27<00:41, 45.7doc/s]
  arguana:  78%|███████▊  | 6.78k/8.67k [02:27<00:41, 45.4doc/s]
  arguana:  78%|███████▊  | 6.78k/8.67k [02:27<00:41, 45.2doc/s]
  arguana:  78%|███████▊  | 6.79k/8.67k [02:28<00:41, 45.1doc/s]
  arguana:  78%|███████▊  | 6.80k/8.67k [02:28<00:41, 44.8doc/s]
  arguana:  78%|███████▊  | 6.81k/8.67k [02:28<00:42, 43.7doc/s]
  arguana:  79%|███████▊  | 6.82k/8.67k [02:28<00:42, 43.4doc/s]
  arguana:  79%|███████▊  | 6.82k/8.67k [02:28<00:42, 43.5doc/s]
  arguana:  79%|███████▉  | 6.83k/8.67k [02:29<00:41, 44.0doc/s]
  arguana:  79%|███████▉  | 6.84k/8.67k [02:29<00:41, 44.6doc/s]
  arguana:  79%|███████▉  | 6.85k/8.67k [02:29<00:40, 44.8doc/s]
  arguana:  79%|███████▉  | 6.86k/8.67k [02:29<00:40, 44.9doc/s]
  arguana:  79%|███████▉  | 6.86k/8.67k [02:29<00:40, 45.1doc/s]
  arguana:  79%|███████▉  | 6.87k/8.67k [02:29<00:39, 45.3doc/s]
  arguana:  79%|███████▉  | 6.88k/8.67k [02:30<00:39, 45.3doc/s]
  arguana:  79%|███████▉  | 6.89k/8.67k [02:30<00:39, 45.3doc/s]
  arguana:  80%|███████▉  | 6.90k/8.67k [02:30<00:39, 45.5doc/s]
  arguana:  80%|███████▉  | 6.90k/8.67k [02:30<00:38, 45.5doc/s]
  arguana:  80%|███████▉  | 6.91k/8.67k [02:30<00:38, 45.4doc/s]
  arguana:  80%|███████▉  | 6.92k/8.67k [02:30<00:38, 45.5doc/s]
  arguana:  80%|███████▉  | 6.93k/8.67k [02:31<00:38, 45.4doc/s]
  arguana:  80%|███████▉  | 6.94k/8.67k [02:31<00:38, 45.5doc/s]
  arguana:  80%|████████  | 6.94k/8.67k [02:31<00:38, 45.4doc/s]
  arguana:  80%|████████  | 6.95k/8.67k [02:31<00:37, 45.6doc/s]
  arguana:  80%|████████  | 6.96k/8.67k [02:31<00:38, 44.9doc/s]
  arguana:  80%|████████  | 6.97k/8.67k [02:32<00:38, 44.6doc/s]
  arguana:  80%|████████  | 6.98k/8.67k [02:32<00:38, 44.5doc/s]
  arguana:  81%|████████  | 6.98k/8.67k [02:32<00:37, 44.6doc/s]
  arguana:  81%|████████  | 6.99k/8.67k [02:32<00:37, 45.0doc/s]
  arguana:  81%|████████  | 7.00k/8.67k [02:32<00:36, 45.3doc/s]
  arguana:  81%|████████  | 7.01k/8.67k [02:32<00:36, 45.3doc/s]
  arguana:  81%|████████  | 7.02k/8.67k [02:33<00:36, 45.2doc/s]
  arguana:  81%|████████  | 7.02k/8.67k [02:33<00:36, 45.1doc/s]
  arguana:  81%|████████  | 7.03k/8.67k [02:33<00:36, 45.2doc/s]
  arguana:  81%|████████  | 7.04k/8.67k [02:33<00:36, 45.3doc/s]
  arguana:  81%|████████▏ | 7.05k/8.67k [02:33<00:35, 45.2doc/s]
  arguana:  81%|████████▏ | 7.06k/8.67k [02:33<00:35, 45.1doc/s]
  arguana:  81%|████████▏ | 7.06k/8.67k [02:34<00:35, 45.2doc/s]
  arguana:  82%|████████▏ | 7.07k/8.67k [02:34<00:35, 45.3doc/s]
  arguana:  82%|████████▏ | 7.08k/8.67k [02:34<00:35, 45.4doc/s]
  arguana:  82%|████████▏ | 7.09k/8.67k [02:34<00:34, 45.5doc/s]
  arguana:  82%|████████▏ | 7.10k/8.67k [02:34<00:34, 45.5doc/s]
  arguana:  82%|████████▏ | 7.10k/8.67k [02:35<00:34, 45.8doc/s]
  arguana:  82%|████████▏ | 7.11k/8.67k [02:35<00:34, 45.5doc/s]
  arguana:  82%|████████▏ | 7.12k/8.67k [02:35<00:34, 45.2doc/s]
  arguana:  82%|████████▏ | 7.13k/8.67k [02:35<00:34, 45.4doc/s]
  arguana:  82%|████████▏ | 7.14k/8.67k [02:35<00:33, 45.3doc/s]
  arguana:  82%|████████▏ | 7.14k/8.67k [02:35<00:33, 45.2doc/s]
  arguana:  82%|████████▏ | 7.15k/8.67k [02:36<00:33, 45.1doc/s]
  arguana:  83%|████████▎ | 7.16k/8.67k [02:36<00:33, 45.1doc/s]
  arguana:  83%|████████▎ | 7.17k/8.67k [02:36<00:33, 45.2doc/s]
  arguana:  83%|████████▎ | 7.18k/8.67k [02:36<00:33, 45.1doc/s]
  arguana:  83%|████████▎ | 7.18k/8.67k [02:36<00:33, 44.9doc/s]
  arguana:  83%|████████▎ | 7.19k/8.67k [02:36<00:32, 44.9doc/s]
  arguana:  83%|████████▎ | 7.20k/8.67k [02:37<00:32, 44.9doc/s]
  arguana:  83%|████████▎ | 7.21k/8.67k [02:37<00:32, 44.8doc/s]
  arguana:  83%|████████▎ | 7.22k/8.67k [02:37<00:32, 44.8doc/s]
  arguana:  83%|████████▎ | 7.22k/8.67k [02:37<00:32, 44.8doc/s]
  arguana:  83%|████████▎ | 7.23k/8.67k [02:37<00:32, 43.9doc/s]
  arguana:  83%|████████▎ | 7.24k/8.67k [02:38<00:32, 43.8doc/s]
  arguana:  84%|████████▎ | 7.25k/8.67k [02:38<00:32, 44.1doc/s]
  arguana:  84%|████████▎ | 7.26k/8.67k [02:38<00:31, 44.7doc/s]
  arguana:  84%|████████▎ | 7.26k/8.67k [02:38<00:31, 44.3doc/s]
  arguana:  84%|████████▍ | 7.27k/8.67k [02:38<00:31, 44.1doc/s]
  arguana:  84%|████████▍ | 7.28k/8.67k [02:38<00:31, 44.2doc/s]
  arguana:  84%|████████▍ | 7.29k/8.67k [02:39<00:31, 44.1doc/s]
  arguana:  84%|████████▍ | 7.30k/8.67k [02:39<00:31, 44.4doc/s]
  arguana:  84%|████████▍ | 7.30k/8.67k [02:39<00:30, 44.6doc/s]
  arguana:  84%|████████▍ | 7.31k/8.67k [02:39<00:30, 44.8doc/s]
  arguana:  84%|████████▍ | 7.32k/8.67k [02:39<00:30, 45.1doc/s]
  arguana:  84%|████████▍ | 7.33k/8.67k [02:40<00:29, 45.1doc/s]
  arguana:  85%|████████▍ | 7.34k/8.67k [02:40<00:29, 45.0doc/s]
  arguana:  85%|████████▍ | 7.34k/8.67k [02:40<00:29, 45.2doc/s]
  arguana:  85%|████████▍ | 7.35k/8.67k [02:40<00:28, 45.6doc/s]
  arguana:  85%|████████▍ | 7.36k/8.67k [02:40<00:28, 45.8doc/s]
  arguana:  85%|████████▍ | 7.37k/8.67k [02:40<00:28, 45.6doc/s]
  arguana:  85%|████████▌ | 7.38k/8.67k [02:41<00:28, 45.6doc/s]
  arguana:  85%|████████▌ | 7.38k/8.67k [02:41<00:28, 44.6doc/s]
  arguana:  85%|████████▌ | 7.39k/8.67k [02:41<00:29, 43.8doc/s]
  arguana:  85%|████████▌ | 7.40k/8.67k [02:41<00:28, 44.2doc/s]
  arguana:  85%|████████▌ | 7.41k/8.67k [02:41<00:28, 44.3doc/s]
  arguana:  85%|████████▌ | 7.42k/8.67k [02:42<00:28, 44.6doc/s]
  arguana:  86%|████████▌ | 7.42k/8.67k [02:42<00:27, 45.0doc/s]
  arguana:  86%|████████▌ | 7.43k/8.67k [02:42<00:27, 45.1doc/s]
  arguana:  86%|████████▌ | 7.44k/8.67k [02:42<00:27, 45.2doc/s]
  arguana:  86%|████████▌ | 7.45k/8.67k [02:42<00:27, 44.4doc/s]
  arguana:  86%|████████▌ | 7.46k/8.67k [02:42<00:27, 44.1doc/s]
  arguana:  86%|████████▌ | 7.46k/8.67k [02:43<00:27, 43.7doc/s]
  arguana:  86%|████████▌ | 7.47k/8.67k [02:43<00:27, 44.0doc/s]
  arguana:  86%|████████▌ | 7.48k/8.67k [02:43<00:26, 44.3doc/s]
  arguana:  86%|████████▋ | 7.49k/8.67k [02:43<00:26, 44.8doc/s]
  arguana:  86%|████████▋ | 7.50k/8.67k [02:43<00:26, 44.9doc/s]
  arguana:  87%|████████▋ | 7.50k/8.67k [02:43<00:25, 45.0doc/s]
  arguana:  87%|████████▋ | 7.51k/8.67k [02:44<00:25, 45.3doc/s]
  arguana:  87%|████████▋ | 7.52k/8.67k [02:44<00:25, 45.2doc/s]
  arguana:  87%|████████▋ | 7.53k/8.67k [02:44<00:25, 45.1doc/s]
  arguana:  87%|████████▋ | 7.54k/8.67k [02:44<00:25, 44.9doc/s]
  arguana:  87%|████████▋ | 7.54k/8.67k [02:44<00:25, 44.9doc/s]
  arguana:  87%|████████▋ | 7.55k/8.67k [02:45<00:24, 45.0doc/s]
  arguana:  87%|████████▋ | 7.56k/8.67k [02:45<00:24, 45.0doc/s]
  arguana:  87%|████████▋ | 7.57k/8.67k [02:45<00:24, 45.5doc/s]
  arguana:  87%|████████▋ | 7.58k/8.67k [02:45<00:24, 45.4doc/s]
  arguana:  87%|████████▋ | 7.58k/8.67k [02:45<00:24, 45.1doc/s]
  arguana:  88%|████████▊ | 7.59k/8.67k [02:45<00:24, 45.0doc/s]
  arguana:  88%|████████▊ | 7.60k/8.67k [02:46<00:23, 45.1doc/s]
  arguana:  88%|████████▊ | 7.61k/8.67k [02:46<00:23, 45.2doc/s]
  arguana:  88%|████████▊ | 7.62k/8.67k [02:46<00:23, 45.2doc/s]
  arguana:  88%|████████▊ | 7.62k/8.67k [02:46<00:23, 44.9doc/s]
  arguana:  88%|████████▊ | 7.63k/8.67k [02:46<00:23, 44.9doc/s]
  arguana:  88%|████████▊ | 7.64k/8.67k [02:46<00:23, 44.7doc/s]
  arguana:  88%|████████▊ | 7.65k/8.67k [02:47<00:22, 44.8doc/s]
  arguana:  88%|████████▊ | 7.66k/8.67k [02:47<00:22, 45.0doc/s]
  arguana:  88%|████████▊ | 7.66k/8.67k [02:47<00:22, 45.1doc/s]
  arguana:  88%|████████▊ | 7.67k/8.67k [02:47<00:22, 45.3doc/s]
  arguana:  89%|████████▊ | 7.68k/8.67k [02:47<00:21, 45.2doc/s]
  arguana:  89%|████████▊ | 7.69k/8.67k [02:48<00:21, 45.3doc/s]
  arguana:  89%|████████▊ | 7.70k/8.67k [02:48<00:21, 45.4doc/s]
  arguana:  89%|████████▉ | 7.70k/8.67k [02:48<00:21, 45.2doc/s]
  arguana:  89%|████████▉ | 7.71k/8.67k [02:48<00:21, 45.2doc/s]
  arguana:  89%|████████▉ | 7.72k/8.67k [02:48<00:20, 45.6doc/s]
  arguana:  89%|████████▉ | 7.73k/8.67k [02:48<00:20, 45.7doc/s]
  arguana:  89%|████████▉ | 7.74k/8.67k [02:49<00:20, 45.6doc/s]
  arguana:  89%|████████▉ | 7.74k/8.67k [02:49<00:20, 45.7doc/s]
  arguana:  89%|████████▉ | 7.75k/8.67k [02:49<00:20, 45.2doc/s]
  arguana:  89%|████████▉ | 7.76k/8.67k [02:49<00:20, 44.8doc/s]
  arguana:  90%|████████▉ | 7.77k/8.67k [02:49<00:20, 44.4doc/s]
  arguana:  90%|████████▉ | 7.78k/8.67k [02:50<00:20, 44.2doc/s]
  arguana:  90%|████████▉ | 7.78k/8.67k [02:50<00:20, 44.2doc/s]
  arguana:  90%|████████▉ | 7.79k/8.67k [02:50<00:19, 44.4doc/s]
  arguana:  90%|████████▉ | 7.80k/8.67k [02:50<00:19, 44.5doc/s]
  arguana:  90%|█████████ | 7.81k/8.67k [02:50<00:19, 44.6doc/s]
  arguana:  90%|█████████ | 7.82k/8.67k [02:50<00:19, 44.6doc/s]
  arguana:  90%|█████████ | 7.82k/8.67k [02:51<00:19, 44.6doc/s]
  arguana:  90%|█████████ | 7.83k/8.67k [02:51<00:18, 44.7doc/s]
  arguana:  90%|█████████ | 7.84k/8.67k [02:51<00:18, 44.7doc/s]
  arguana:  90%|█████████ | 7.85k/8.67k [02:51<00:18, 44.6doc/s]
  arguana:  91%|█████████ | 7.86k/8.67k [02:51<00:18, 44.6doc/s]
  arguana:  91%|█████████ | 7.86k/8.67k [02:51<00:18, 44.7doc/s]
  arguana:  91%|█████████ | 7.87k/8.67k [02:52<00:17, 45.1doc/s]
  arguana:  91%|█████████ | 7.88k/8.67k [02:52<00:17, 45.2doc/s]
  arguana:  91%|█████████ | 7.89k/8.67k [02:52<00:17, 45.5doc/s]
  arguana:  91%|█████████ | 7.90k/8.67k [02:52<00:17, 45.6doc/s]
  arguana:  91%|█████████ | 7.90k/8.67k [02:52<00:16, 45.4doc/s]
  arguana:  91%|█████████ | 7.91k/8.67k [02:53<00:17, 43.9doc/s]
  arguana:  91%|█████████▏| 7.92k/8.67k [02:53<00:17, 43.1doc/s]
  arguana:  91%|█████████▏| 7.93k/8.67k [02:53<00:17, 42.8doc/s]
  arguana:  91%|█████████▏| 7.94k/8.67k [02:53<00:17, 43.0doc/s]
  arguana:  92%|█████████▏| 7.94k/8.67k [02:53<00:16, 43.5doc/s]
  arguana:  92%|█████████▏| 7.95k/8.67k [02:53<00:16, 44.0doc/s]
  arguana:  92%|█████████▏| 7.96k/8.67k [02:54<00:16, 44.5doc/s]
  arguana:  92%|█████████▏| 7.97k/8.67k [02:54<00:15, 44.6doc/s]
  arguana:  92%|█████████▏| 7.98k/8.67k [02:54<00:15, 44.7doc/s]
  arguana:  92%|█████████▏| 7.98k/8.67k [02:54<00:15, 44.7doc/s]
  arguana:  92%|█████████▏| 7.99k/8.67k [02:54<00:15, 45.0doc/s]
  arguana:  92%|█████████▏| 8.00k/8.67k [02:55<00:14, 45.0doc/s]
  arguana:  92%|█████████▏| 8.01k/8.67k [02:55<00:14, 45.3doc/s]
  arguana:  92%|█████████▏| 8.02k/8.67k [02:55<00:14, 45.1doc/s]
  arguana:  93%|█████████▎| 8.02k/8.67k [02:55<00:14, 45.1doc/s]
  arguana:  93%|█████████▎| 8.03k/8.67k [02:55<00:14, 45.0doc/s]
  arguana:  93%|█████████▎| 8.04k/8.67k [02:55<00:13, 45.4doc/s]
  arguana:  93%|█████████▎| 8.05k/8.67k [02:56<00:13, 45.4doc/s]
  arguana:  93%|█████████▎| 8.06k/8.67k [02:56<00:13, 45.5doc/s]
  arguana:  93%|█████████▎| 8.06k/8.67k [02:56<00:13, 45.8doc/s]
  arguana:  93%|█████████▎| 8.07k/8.67k [02:56<00:13, 45.8doc/s]
  arguana:  93%|█████████▎| 8.08k/8.67k [02:56<00:13, 45.6doc/s]
  arguana:  93%|█████████▎| 8.09k/8.67k [02:56<00:12, 45.7doc/s]
  arguana:  93%|█████████▎| 8.10k/8.67k [02:57<00:12, 45.9doc/s]
  arguana:  93%|█████████▎| 8.10k/8.67k [02:57<00:12, 45.7doc/s]
  arguana:  94%|█████████▎| 8.11k/8.67k [02:57<00:12, 45.6doc/s]
  arguana:  94%|█████████▎| 8.12k/8.67k [02:57<00:12, 45.5doc/s]
  arguana:  94%|█████████▎| 8.13k/8.67k [02:57<00:12, 45.5doc/s]
  arguana:  94%|█████████▍| 8.14k/8.67k [02:58<00:11, 45.4doc/s]
  arguana:  94%|█████████▍| 8.14k/8.67k [02:58<00:11, 45.2doc/s]
  arguana:  94%|█████████▍| 8.15k/8.67k [02:58<00:11, 45.1doc/s]
  arguana:  94%|█████████▍| 8.16k/8.67k [02:58<00:11, 45.1doc/s]
  arguana:  94%|█████████▍| 8.17k/8.67k [02:58<00:11, 45.0doc/s]
  arguana:  94%|█████████▍| 8.18k/8.67k [02:58<00:10, 45.3doc/s]
  arguana:  94%|█████████▍| 8.18k/8.67k [02:59<00:10, 45.4doc/s]
  arguana:  94%|█████████▍| 8.19k/8.67k [02:59<00:10, 45.4doc/s]
  arguana:  95%|█████████▍| 8.20k/8.67k [02:59<00:10, 46.9doc/s]
  arguana:  95%|█████████▍| 8.21k/8.67k [02:59<00:09, 49.2doc/s]
  arguana:  95%|█████████▍| 8.22k/8.67k [02:59<00:09, 47.9doc/s]
  arguana:  95%|█████████▍| 8.22k/8.67k [02:59<00:09, 46.8doc/s]
  arguana:  95%|█████████▍| 8.23k/8.67k [03:00<00:09, 46.1doc/s]
  arguana:  95%|█████████▍| 8.24k/8.67k [03:00<00:09, 45.8doc/s]
  arguana:  95%|█████████▌| 8.25k/8.67k [03:00<00:09, 45.4doc/s]
  arguana:  95%|█████████▌| 8.26k/8.67k [03:00<00:09, 45.5doc/s]
  arguana:  95%|█████████▌| 8.26k/8.67k [03:00<00:09, 45.4doc/s]
  arguana:  95%|█████████▌| 8.27k/8.67k [03:00<00:08, 45.3doc/s]
  arguana:  95%|█████████▌| 8.28k/8.67k [03:01<00:08, 45.5doc/s]
  arguana:  96%|█████████▌| 8.29k/8.67k [03:01<00:08, 44.4doc/s]
  arguana:  96%|█████████▌| 8.30k/8.67k [03:01<00:08, 43.7doc/s]
  arguana:  96%|█████████▌| 8.30k/8.67k [03:01<00:08, 43.6doc/s]
  arguana:  96%|█████████▌| 8.31k/8.67k [03:01<00:08, 43.9doc/s]
  arguana:  96%|█████████▌| 8.32k/8.67k [03:02<00:08, 44.0doc/s]
  arguana:  96%|█████████▌| 8.33k/8.67k [03:02<00:07, 44.4doc/s]
  arguana:  96%|█████████▌| 8.34k/8.67k [03:02<00:07, 44.7doc/s]
  arguana:  96%|█████████▌| 8.34k/8.67k [03:02<00:07, 44.7doc/s]
  arguana:  96%|█████████▋| 8.35k/8.67k [03:02<00:07, 44.9doc/s]
  arguana:  96%|█████████▋| 8.36k/8.67k [03:02<00:07, 44.6doc/s]
  arguana:  96%|█████████▋| 8.37k/8.67k [03:03<00:06, 44.2doc/s]
  arguana:  97%|█████████▋| 8.38k/8.67k [03:03<00:06, 44.1doc/s]
  arguana:  97%|█████████▋| 8.38k/8.67k [03:03<00:06, 44.5doc/s]
  arguana:  97%|█████████▋| 8.39k/8.67k [03:03<00:06, 44.6doc/s]
  arguana:  97%|█████████▋| 8.40k/8.67k [03:03<00:06, 44.6doc/s]
  arguana:  97%|█████████▋| 8.41k/8.67k [03:04<00:05, 44.6doc/s]
  arguana:  97%|█████████▋| 8.42k/8.67k [03:04<00:05, 44.9doc/s]
  arguana:  97%|█████████▋| 8.42k/8.67k [03:04<00:05, 45.1doc/s]
  arguana:  97%|█████████▋| 8.43k/8.67k [03:04<00:05, 45.0doc/s]
  arguana:  97%|█████████▋| 8.44k/8.67k [03:04<00:05, 45.0doc/s]
  arguana:  97%|█████████▋| 8.45k/8.67k [03:04<00:04, 45.3doc/s]
  arguana:  97%|█████████▋| 8.46k/8.67k [03:05<00:04, 45.5doc/s]
  arguana:  98%|█████████▊| 8.46k/8.67k [03:05<00:04, 45.5doc/s]
  arguana:  98%|█████████▊| 8.47k/8.67k [03:05<00:04, 45.4doc/s]
  arguana:  98%|█████████▊| 8.48k/8.67k [03:05<00:04, 45.5doc/s]
  arguana:  98%|█████████▊| 8.49k/8.67k [03:05<00:04, 45.6doc/s]
  arguana:  98%|█████████▊| 8.50k/8.67k [03:05<00:03, 45.7doc/s]
  arguana:  98%|█████████▊| 8.50k/8.67k [03:06<00:03, 45.4doc/s]
  arguana:  98%|█████████▊| 8.51k/8.67k [03:06<00:03, 44.1doc/s]
  arguana:  98%|█████████▊| 8.52k/8.67k [03:06<00:03, 43.5doc/s]
  arguana:  98%|█████████▊| 8.53k/8.67k [03:06<00:03, 43.0doc/s]
  arguana:  98%|█████████▊| 8.54k/8.67k [03:06<00:03, 43.3doc/s]
  arguana:  99%|█████████▊| 8.54k/8.67k [03:07<00:02, 43.7doc/s]
  arguana:  99%|█████████▊| 8.55k/8.67k [03:07<00:02, 44.2doc/s]
  arguana:  99%|█████████▊| 8.56k/8.67k [03:07<00:02, 44.6doc/s]
  arguana:  99%|█████████▉| 8.57k/8.67k [03:07<00:02, 44.9doc/s]
  arguana:  99%|█████████▉| 8.58k/8.67k [03:07<00:02, 45.0doc/s]
  arguana:  99%|█████████▉| 8.58k/8.67k [03:08<00:02, 44.0doc/s]
  arguana:  99%|█████████▉| 8.59k/8.67k [03:08<00:01, 44.0doc/s]
  arguana:  99%|█████████▉| 8.60k/8.67k [03:08<00:01, 44.1doc/s]
  arguana:  99%|█████████▉| 8.61k/8.67k [03:08<00:01, 44.5doc/s]
  arguana:  99%|█████████▉| 8.62k/8.67k [03:08<00:01, 44.7doc/s]
  arguana:  99%|█████████▉| 8.62k/8.67k [03:08<00:01, 44.9doc/s]
  arguana: 100%|█████████▉| 8.63k/8.67k [03:09<00:00, 44.9doc/s]
  arguana: 100%|█████████▉| 8.64k/8.67k [03:09<00:00, 45.1doc/s]
  arguana: 100%|█████████▉| 8.65k/8.67k [03:09<00:00, 45.2doc/s]
  arguana: 100%|█████████▉| 8.66k/8.67k [03:09<00:00, 44.8doc/s]
  arguana: 100%|█████████▉| 8.66k/8.67k [03:09<00:00, 44.8doc/s]
  arguana: 100%|█████████▉| 8.67k/8.67k [03:09<00:00, 44.9doc/s]
  arguana: 100%|██████████| 8.67k/8.67k [03:10<00:00, 45.6doc/s]
  Done. 8,674 docs indexed. Avg 1874.9 nonzero terms/doc. 3.2 min.

============================================================
[scidocs]
  Loading corpus from BeIR/scidocs ...
  25,657 documents

  scidocs:   0%|          | 0.00/25.7k [00:00<?, ?doc/s]
  scidocs:   0%|          | 8.00/25.7k [00:00<09:15, 46.1doc/s]
  scidocs:   0%|          | 16.0/25.7k [00:00<09:13, 46.3doc/s]
  scidocs:   0%|          | 24.0/25.7k [00:00<09:11, 46.5doc/s]
  scidocs:   0%|          | 32.0/25.7k [00:00<09:11, 46.4doc/s]
  scidocs:   0%|          | 40.0/25.7k [00:00<09:09, 46.6doc/s]
  scidocs:   0%|          | 48.0/25.7k [00:01<09:06, 46.9doc/s]
  scidocs:   0%|          | 56.0/25.7k [00:01<09:06, 46.8doc/s]
  scidocs:   0%|          | 64.0/25.7k [00:01<09:07, 46.7doc/s]
  scidocs:   0%|          | 72.0/25.7k [00:01<09:08, 46.7doc/s]
  scidocs:   0%|          | 80.0/25.7k [00:01<09:09, 46.5doc/s]
  scidocs:   0%|          | 88.0/25.7k [00:01<09:07, 46.7doc/s]
  scidocs:   0%|          | 96.0/25.7k [00:02<09:09, 46.5doc/s]
  scidocs:   0%|          | 104/25.7k [00:02<09:11, 46.4doc/s] 
  scidocs:   0%|          | 112/25.7k [00:02<09:09, 46.5doc/s]
  scidocs:   0%|          | 120/25.7k [00:02<09:11, 46.3doc/s]
  scidocs:   0%|          | 128/25.7k [00:02<09:11, 46.3doc/s]
  scidocs:   1%|          | 136/25.7k [00:02<09:11, 46.3doc/s]
  scidocs:   1%|          | 144/25.7k [00:03<09:09, 46.4doc/s]
  scidocs:   1%|          | 152/25.7k [00:03<09:07, 46.6doc/s]
  scidocs:   1%|          | 160/25.7k [00:03<09:06, 46.6doc/s]
  scidocs:   1%|          | 168/25.7k [00:03<09:08, 46.5doc/s]
  scidocs:   1%|          | 176/25.7k [00:03<09:09, 46.4doc/s]
  scidocs:   1%|          | 184/25.7k [00:03<09:10, 46.3doc/s]
  scidocs:   1%|          | 192/25.7k [00:04<09:12, 46.1doc/s]
  scidocs:   1%|          | 200/25.7k [00:04<09:12, 46.1doc/s]
  scidocs:   1%|          | 208/25.7k [00:04<09:13, 46.0doc/s]
  scidocs:   1%|          | 216/25.7k [00:04<09:15, 45.8doc/s]
  scidocs:   1%|          | 224/25.7k [00:04<09:11, 46.1doc/s]
  scidocs:   1%|          | 232/25.7k [00:05<09:10, 46.2doc/s]
  scidocs:   1%|          | 240/25.7k [00:05<09:16, 45.7doc/s]
  scidocs:   1%|          | 248/25.7k [00:05<09:17, 45.6doc/s]
  scidocs:   1%|          | 256/25.7k [00:05<09:13, 45.9doc/s]
  scidocs:   1%|          | 264/25.7k [00:05<09:11, 46.0doc/s]
  scidocs:   1%|          | 272/25.7k [00:05<09:10, 46.1doc/s]
  scidocs:   1%|          | 280/25.7k [00:06<09:10, 46.1doc/s]
  scidocs:   1%|          | 288/25.7k [00:06<09:09, 46.1doc/s]
  scidocs:   1%|          | 296/25.7k [00:06<09:09, 46.2doc/s]
  scidocs:   1%|          | 304/25.7k [00:06<09:10, 46.0doc/s]
  scidocs:   1%|          | 312/25.7k [00:06<09:10, 46.0doc/s]
  scidocs:   1%|          | 320/25.7k [00:06<09:11, 46.0doc/s]
  scidocs:   1%|▏         | 328/25.7k [00:07<09:13, 45.8doc/s]
  scidocs:   1%|▏         | 336/25.7k [00:07<09:17, 45.4doc/s]
  scidocs:   1%|▏         | 344/25.7k [00:07<09:16, 45.5doc/s]
  scidocs:   1%|▏         | 352/25.7k [00:07<09:15, 45.5doc/s]
  scidocs:   1%|▏         | 360/25.7k [00:07<09:16, 45.4doc/s]
  scidocs:   1%|▏         | 368/25.7k [00:07<09:16, 45.4doc/s]
  scidocs:   1%|▏         | 376/25.7k [00:08<09:12, 45.7doc/s]
  scidocs:   1%|▏         | 384/25.7k [00:08<09:15, 45.5doc/s]
  scidocs:   2%|▏         | 392/25.7k [00:08<09:13, 45.7doc/s]
  scidocs:   2%|▏         | 400/25.7k [00:08<09:14, 45.6doc/s]
  scidocs:   2%|▏         | 408/25.7k [00:08<09:13, 45.6doc/s]
  scidocs:   2%|▏         | 416/25.7k [00:09<09:10, 45.8doc/s]
  scidocs:   2%|▏         | 424/25.7k [00:09<09:12, 45.7doc/s]
  scidocs:   2%|▏         | 432/25.7k [00:09<09:14, 45.5doc/s]
  scidocs:   2%|▏         | 440/25.7k [00:09<09:14, 45.5doc/s]
  scidocs:   2%|▏         | 448/25.7k [00:09<09:16, 45.3doc/s]
  scidocs:   2%|▏         | 456/25.7k [00:09<09:15, 45.3doc/s]
  scidocs:   2%|▏         | 464/25.7k [00:10<09:13, 45.5doc/s]
  scidocs:   2%|▏         | 472/25.7k [00:10<09:15, 45.3doc/s]
  scidocs:   2%|▏         | 480/25.7k [00:10<09:14, 45.4doc/s]
  scidocs:   2%|▏         | 488/25.7k [00:10<09:14, 45.4doc/s]
  scidocs:   2%|▏         | 496/25.7k [00:10<09:13, 45.4doc/s]
  scidocs:   2%|▏         | 504/25.7k [00:10<09:13, 45.4doc/s]
  scidocs:   2%|▏         | 512/25.7k [00:11<09:16, 45.2doc/s]
  scidocs:   2%|▏         | 520/25.7k [00:11<09:14, 45.4doc/s]
  scidocs:   2%|▏         | 528/25.7k [00:11<09:12, 45.5doc/s]
  scidocs:   2%|▏         | 536/25.7k [00:11<09:12, 45.5doc/s]
  scidocs:   2%|▏         | 544/25.7k [00:11<09:14, 45.3doc/s]
  scidocs:   2%|▏         | 552/25.7k [00:12<09:20, 44.8doc/s]
  scidocs:   2%|▏         | 560/25.7k [00:12<09:20, 44.8doc/s]
  scidocs:   2%|▏         | 568/25.7k [00:12<09:15, 45.2doc/s]
  scidocs:   2%|▏         | 576/25.7k [00:12<09:11, 45.5doc/s]
  scidocs:   2%|▏         | 584/25.7k [00:12<09:11, 45.4doc/s]
  scidocs:   2%|▏         | 592/25.7k [00:12<09:09, 45.6doc/s]
  scidocs:   2%|▏         | 600/25.7k [00:13<09:08, 45.7doc/s]
  scidocs:   2%|▏         | 608/25.7k [00:13<09:08, 45.7doc/s]
  scidocs:   2%|▏         | 616/25.7k [00:13<09:07, 45.8doc/s]
  scidocs:   2%|▏         | 624/25.7k [00:13<09:04, 46.0doc/s]
  scidocs:   2%|▏         | 632/25.7k [00:13<09:03, 46.0doc/s]
  scidocs:   2%|▏         | 640/25.7k [00:13<09:04, 46.0doc/s]
  scidocs:   3%|▎         | 648/25.7k [00:14<09:05, 45.9doc/s]
  scidocs:   3%|▎         | 656/25.7k [00:14<09:04, 45.9doc/s]
  scidocs:   3%|▎         | 664/25.7k [00:14<09:06, 45.8doc/s]
  scidocs:   3%|▎         | 672/25.7k [00:14<09:05, 45.8doc/s]
  scidocs:   3%|▎         | 680/25.7k [00:14<09:06, 45.7doc/s]
  scidocs:   3%|▎         | 688/25.7k [00:15<09:07, 45.6doc/s]
  scidocs:   3%|▎         | 696/25.7k [00:15<09:09, 45.4doc/s]
  scidocs:   3%|▎         | 704/25.7k [00:15<09:10, 45.4doc/s]
  scidocs:   3%|▎         | 712/25.7k [00:15<09:09, 45.4doc/s]
  scidocs:   3%|▎         | 720/25.7k [00:15<09:10, 45.3doc/s]
  scidocs:   3%|▎         | 728/25.7k [00:15<09:09, 45.4doc/s]
  scidocs:   3%|▎         | 736/25.7k [00:16<09:04, 45.8doc/s]
  scidocs:   3%|▎         | 744/25.7k [00:16<09:03, 45.8doc/s]
  scidocs:   3%|▎         | 752/25.7k [00:16<09:06, 45.6doc/s]
  scidocs:   3%|▎         | 760/25.7k [00:16<09:05, 45.6doc/s]
  scidocs:   3%|▎         | 768/25.7k [00:16<09:04, 45.7doc/s]
  scidocs:   3%|▎         | 776/25.7k [00:16<09:02, 45.8doc/s]
  scidocs:   3%|▎         | 784/25.7k [00:17<09:02, 45.8doc/s]
  scidocs:   3%|▎         | 792/25.7k [00:17<09:00, 46.0doc/s]
  scidocs:   3%|▎         | 800/25.7k [00:17<08:59, 46.1doc/s]
  scidocs:   3%|▎         | 808/25.7k [00:17<09:01, 45.9doc/s]
  scidocs:   3%|▎         | 816/25.7k [00:17<09:04, 45.7doc/s]
  scidocs:   3%|▎         | 824/25.7k [00:17<09:07, 45.4doc/s]
  scidocs:   3%|▎         | 832/25.7k [00:18<09:10, 45.1doc/s]
  scidocs:   3%|▎         | 840/25.7k [00:18<09:10, 45.1doc/s]
  scidocs:   3%|▎         | 848/25.7k [00:18<09:10, 45.1doc/s]
  scidocs:   3%|▎         | 856/25.7k [00:18<09:19, 44.4doc/s]
  scidocs:   3%|▎         | 864/25.7k [00:18<09:20, 44.3doc/s]
  scidocs:   3%|▎         | 872/25.7k [00:19<09:19, 44.3doc/s]
  scidocs:   3%|▎         | 880/25.7k [00:19<09:17, 44.4doc/s]
  scidocs:   3%|▎         | 888/25.7k [00:19<09:13, 44.7doc/s]
  scidocs:   3%|▎         | 896/25.7k [00:19<09:10, 45.0doc/s]
  scidocs:   4%|▎         | 904/25.7k [00:19<09:07, 45.2doc/s]
  scidocs:   4%|▎         | 912/25.7k [00:19<09:05, 45.3doc/s]
  scidocs:   4%|▎         | 920/25.7k [00:20<09:04, 45.4doc/s]
  scidocs:   4%|▎         | 928/25.7k [00:20<09:08, 45.1doc/s]
  scidocs:   4%|▎         | 936/25.7k [00:20<09:07, 45.1doc/s]
  scidocs:   4%|▎         | 944/25.7k [00:20<09:03, 45.5doc/s]
  scidocs:   4%|▎         | 952/25.7k [00:20<09:01, 45.6doc/s]
  scidocs:   4%|▎         | 960/25.7k [00:21<09:02, 45.6doc/s]
  scidocs:   4%|▍         | 968/25.7k [00:21<08:59, 45.7doc/s]
  scidocs:   4%|▍         | 976/25.7k [00:21<09:00, 45.7doc/s]
  scidocs:   4%|▍         | 984/25.7k [00:21<09:04, 45.4doc/s]
  scidocs:   4%|▍         | 992/25.7k [00:21<09:03, 45.4doc/s]
  scidocs:   4%|▍         | 1.00k/25.7k [00:21<09:03, 45.4doc/s]
  scidocs:   4%|▍         | 1.01k/25.7k [00:22<09:05, 45.1doc/s]
  scidocs:   4%|▍         | 1.02k/25.7k [00:22<09:07, 45.0doc/s]
  scidocs:   4%|▍         | 1.02k/25.7k [00:22<09:04, 45.2doc/s]
  scidocs:   4%|▍         | 1.03k/25.7k [00:22<09:04, 45.3doc/s]
  scidocs:   4%|▍         | 1.04k/25.7k [00:22<09:03, 45.3doc/s]
  scidocs:   4%|▍         | 1.05k/25.7k [00:22<09:04, 45.2doc/s]
  scidocs:   4%|▍         | 1.06k/25.7k [00:23<09:03, 45.3doc/s]
  scidocs:   4%|▍         | 1.06k/25.7k [00:23<09:02, 45.3doc/s]
  scidocs:   4%|▍         | 1.07k/25.7k [00:23<09:02, 45.3doc/s]
  scidocs:   4%|▍         | 1.08k/25.7k [00:23<09:05, 45.1doc/s]
  scidocs:   4%|▍         | 1.09k/25.7k [00:23<09:07, 44.9doc/s]
  scidocs:   4%|▍         | 1.10k/25.7k [00:24<09:09, 44.7doc/s]
  scidocs:   4%|▍         | 1.10k/25.7k [00:24<09:10, 44.6doc/s]
  scidocs:   4%|▍         | 1.11k/25.7k [00:24<09:07, 44.8doc/s]
  scidocs:   4%|▍         | 1.12k/25.7k [00:24<09:05, 45.0doc/s]
  scidocs:   4%|▍         | 1.13k/25.7k [00:24<09:04, 45.0doc/s]
  scidocs:   4%|▍         | 1.14k/25.7k [00:24<09:05, 44.9doc/s]
  scidocs:   4%|▍         | 1.14k/25.7k [00:25<09:04, 45.0doc/s]
  scidocs:   4%|▍         | 1.15k/25.7k [00:25<09:02, 45.1doc/s]
  scidocs:   5%|▍         | 1.16k/25.7k [00:25<09:03, 45.0doc/s]
  scidocs:   5%|▍         | 1.17k/25.7k [00:25<09:03, 45.0doc/s]
  scidocs:   5%|▍         | 1.18k/25.7k [00:25<09:03, 45.1doc/s]
  scidocs:   5%|▍         | 1.18k/25.7k [00:25<09:06, 44.8doc/s]
  scidocs:   5%|▍         | 1.19k/25.7k [00:26<09:04, 44.9doc/s]
  scidocs:   5%|▍         | 1.20k/25.7k [00:26<09:01, 45.1doc/s]
  scidocs:   5%|▍         | 1.21k/25.7k [00:26<09:01, 45.1doc/s]
  scidocs:   5%|▍         | 1.22k/25.7k [00:26<09:03, 44.9doc/s]
  scidocs:   5%|▍         | 1.22k/25.7k [00:26<09:03, 44.9doc/s]
  scidocs:   5%|▍         | 1.23k/25.7k [00:27<09:00, 45.2doc/s]
  scidocs:   5%|▍         | 1.24k/25.7k [00:27<08:58, 45.4doc/s]
  scidocs:   5%|▍         | 1.25k/25.7k [00:27<08:55, 45.6doc/s]
  scidocs:   5%|▍         | 1.26k/25.7k [00:27<08:52, 45.8doc/s]
  scidocs:   5%|▍         | 1.26k/25.7k [00:27<08:51, 45.9doc/s]
  scidocs:   5%|▍         | 1.27k/25.7k [00:27<08:53, 45.7doc/s]
  scidocs:   5%|▍         | 1.28k/25.7k [00:28<08:58, 45.3doc/s]
  scidocs:   5%|▌         | 1.29k/25.7k [00:28<08:59, 45.2doc/s]
  scidocs:   5%|▌         | 1.30k/25.7k [00:28<09:03, 44.8doc/s]
  scidocs:   5%|▌         | 1.30k/25.7k [00:28<09:12, 44.1doc/s]
  scidocs:   5%|▌         | 1.31k/25.7k [00:28<09:14, 43.9doc/s]
  scidocs:   5%|▌         | 1.32k/25.7k [00:29<09:11, 44.1doc/s]
  scidocs:   5%|▌         | 1.33k/25.7k [00:29<09:06, 44.5doc/s]
  scidocs:   5%|▌         | 1.34k/25.7k [00:29<09:01, 44.9doc/s]
  scidocs:   5%|▌         | 1.34k/25.7k [00:29<09:00, 45.0doc/s]
  scidocs:   5%|▌         | 1.35k/25.7k [00:29<08:55, 45.4doc/s]
  scidocs:   5%|▌         | 1.36k/25.7k [00:29<08:50, 45.8doc/s]
  scidocs:   5%|▌         | 1.37k/25.7k [00:30<08:51, 45.7doc/s]
  scidocs:   5%|▌         | 1.38k/25.7k [00:30<08:54, 45.4doc/s]
  scidocs:   5%|▌         | 1.38k/25.7k [00:30<08:56, 45.2doc/s]
  scidocs:   5%|▌         | 1.39k/25.7k [00:30<08:56, 45.2doc/s]
  scidocs:   5%|▌         | 1.40k/25.7k [00:30<09:00, 44.9doc/s]
  scidocs:   5%|▌         | 1.41k/25.7k [00:30<08:59, 44.9doc/s]
  scidocs:   6%|▌         | 1.42k/25.7k [00:31<08:58, 45.0doc/s]
  scidocs:   6%|▌         | 1.42k/25.7k [00:31<08:59, 44.9doc/s]
  scidocs:   6%|▌         | 1.43k/25.7k [00:31<09:01, 44.8doc/s]
  scidocs:   6%|▌         | 1.44k/25.7k [00:31<09:01, 44.7doc/s]
  scidocs:   6%|▌         | 1.45k/25.7k [00:31<09:01, 44.7doc/s]
  scidocs:   6%|▌         | 1.46k/25.7k [00:32<09:06, 44.3doc/s]
  scidocs:   6%|▌         | 1.46k/25.7k [00:32<09:06, 44.3doc/s]
  scidocs:   6%|▌         | 1.47k/25.7k [00:32<09:02, 44.5doc/s]
  scidocs:   6%|▌         | 1.48k/25.7k [00:32<09:02, 44.6doc/s]
  scidocs:   6%|▌         | 1.49k/25.7k [00:32<09:01, 44.7doc/s]
  scidocs:   6%|▌         | 1.50k/25.7k [00:32<09:00, 44.7doc/s]
  scidocs:   6%|▌         | 1.50k/25.7k [00:33<08:57, 44.9doc/s]
  scidocs:   6%|▌         | 1.51k/25.7k [00:33<08:55, 45.1doc/s]
  scidocs:   6%|▌         | 1.52k/25.7k [00:33<08:53, 45.2doc/s]
  scidocs:   6%|▌         | 1.53k/25.7k [00:33<08:51, 45.4doc/s]
  scidocs:   6%|▌         | 1.54k/25.7k [00:33<08:49, 45.6doc/s]
  scidocs:   6%|▌         | 1.54k/25.7k [00:33<08:49, 45.5doc/s]
  scidocs:   6%|▌         | 1.55k/25.7k [00:34<08:54, 45.1doc/s]
  scidocs:   6%|▌         | 1.56k/25.7k [00:34<08:55, 45.0doc/s]
  scidocs:   6%|▌         | 1.57k/25.7k [00:34<08:56, 44.9doc/s]
  scidocs:   6%|▌         | 1.58k/25.7k [00:34<09:10, 43.7doc/s]
  scidocs:   6%|▌         | 1.58k/25.7k [00:34<09:18, 43.1doc/s]
  scidocs:   6%|▌         | 1.59k/25.7k [00:35<09:16, 43.3doc/s]
  scidocs:   6%|▌         | 1.60k/25.7k [00:35<09:11, 43.6doc/s]
  scidocs:   6%|▋         | 1.61k/25.7k [00:35<09:03, 44.2doc/s]
  scidocs:   6%|▋         | 1.62k/25.7k [00:35<08:58, 44.6doc/s]
  scidocs:   6%|▋         | 1.62k/25.7k [00:35<08:53, 45.0doc/s]
  scidocs:   6%|▋         | 1.63k/25.7k [00:35<08:51, 45.2doc/s]
  scidocs:   6%|▋         | 1.64k/25.7k [00:36<08:51, 45.2doc/s]
  scidocs:   6%|▋         | 1.65k/25.7k [00:36<08:51, 45.2doc/s]
  scidocs:   6%|▋         | 1.66k/25.7k [00:36<08:51, 45.1doc/s]
  scidocs:   6%|▋         | 1.66k/25.7k [00:36<08:49, 45.3doc/s]
  scidocs:   7%|▋         | 1.67k/25.7k [00:36<08:46, 45.6doc/s]
  scidocs:   7%|▋         | 1.68k/25.7k [00:37<08:46, 45.5doc/s]
  scidocs:   7%|▋         | 1.69k/25.7k [00:37<08:46, 45.5doc/s]
  scidocs:   7%|▋         | 1.70k/25.7k [00:37<08:47, 45.4doc/s]
  scidocs:   7%|▋         | 1.70k/25.7k [00:37<08:46, 45.5doc/s]
  scidocs:   7%|▋         | 1.71k/25.7k [00:37<08:46, 45.5doc/s]
  scidocs:   7%|▋         | 1.72k/25.7k [00:37<08:43, 45.7doc/s]
  scidocs:   7%|▋         | 1.73k/25.7k [00:38<08:45, 45.5doc/s]
  scidocs:   7%|▋         | 1.74k/25.7k [00:38<08:52, 44.9doc/s]
  scidocs:   7%|▋         | 1.74k/25.7k [00:38<08:55, 44.6doc/s]
  scidocs:   7%|▋         | 1.75k/25.7k [00:38<08:57, 44.5doc/s]
  scidocs:   7%|▋         | 1.76k/25.7k [00:38<08:54, 44.7doc/s]
  scidocs:   7%|▋         | 1.77k/25.7k [00:38<08:53, 44.8doc/s]
  scidocs:   7%|▋         | 1.78k/25.7k [00:39<08:55, 44.6doc/s]
  scidocs:   7%|▋         | 1.78k/25.7k [00:39<08:52, 44.8doc/s]
  scidocs:   7%|▋         | 1.79k/25.7k [00:39<09:02, 44.0doc/s]
  scidocs:   7%|▋         | 1.80k/25.7k [00:39<09:07, 43.5doc/s]
  scidocs:   7%|▋         | 1.81k/25.7k [00:39<09:07, 43.6doc/s]
  scidocs:   7%|▋         | 1.82k/25.7k [00:40<09:02, 43.9doc/s]
  scidocs:   7%|▋         | 1.82k/25.7k [00:40<09:01, 44.0doc/s]
  scidocs:   7%|▋         | 1.83k/25.7k [00:40<09:00, 44.1doc/s]
  scidocs:   7%|▋         | 1.84k/25.7k [00:40<08:58, 44.2doc/s]
  scidocs:   7%|▋         | 1.85k/25.7k [00:40<08:58, 44.2doc/s]
  scidocs:   7%|▋         | 1.86k/25.7k [00:40<08:54, 44.5doc/s]
  scidocs:   7%|▋         | 1.86k/25.7k [00:41<09:00, 44.1doc/s]
  scidocs:   7%|▋         | 1.87k/25.7k [00:41<09:02, 43.8doc/s]
  scidocs:   7%|▋         | 1.88k/25.7k [00:41<09:00, 44.0doc/s]
  scidocs:   7%|▋         | 1.89k/25.7k [00:41<08:59, 44.1doc/s]
  scidocs:   7%|▋         | 1.90k/25.7k [00:41<08:53, 44.5doc/s]
  scidocs:   7%|▋         | 1.90k/25.7k [00:42<08:51, 44.7doc/s]
  scidocs:   7%|▋         | 1.91k/25.7k [00:42<08:50, 44.8doc/s]
  scidocs:   7%|▋         | 1.92k/25.7k [00:42<08:49, 44.8doc/s]
  scidocs:   8%|▊         | 1.93k/25.7k [00:42<08:52, 44.5doc/s]
  scidocs:   8%|▊         | 1.94k/25.7k [00:42<08:59, 44.0doc/s]
  scidocs:   8%|▊         | 1.94k/25.7k [00:42<09:00, 43.9doc/s]
  scidocs:   8%|▊         | 1.95k/25.7k [00:43<08:56, 44.2doc/s]
  scidocs:   8%|▊         | 1.96k/25.7k [00:43<08:51, 44.6doc/s]
  scidocs:   8%|▊         | 1.97k/25.7k [00:43<08:47, 44.9doc/s]
  scidocs:   8%|▊         | 1.98k/25.7k [00:43<08:46, 45.0doc/s]
  scidocs:   8%|▊         | 1.98k/25.7k [00:43<08:46, 44.9doc/s]
  scidocs:   8%|▊         | 1.99k/25.7k [00:44<08:48, 44.7doc/s]
  scidocs:   8%|▊         | 2.00k/25.7k [00:44<08:51, 44.5doc/s]
  scidocs:   8%|▊         | 2.01k/25.7k [00:44<08:52, 44.4doc/s]
  scidocs:   8%|▊         | 2.02k/25.7k [00:44<08:49, 44.6doc/s]
  scidocs:   8%|▊         | 2.02k/25.7k [00:44<08:44, 45.0doc/s]
  scidocs:   8%|▊         | 2.03k/25.7k [00:44<08:43, 45.1doc/s]
  scidocs:   8%|▊         | 2.04k/25.7k [00:45<08:44, 45.0doc/s]
  scidocs:   8%|▊         | 2.05k/25.7k [00:45<08:43, 45.1doc/s]
  scidocs:   8%|▊         | 2.06k/25.7k [00:45<08:48, 44.7doc/s]
  scidocs:   8%|▊         | 2.06k/25.7k [00:45<08:54, 44.1doc/s]
  scidocs:   8%|▊         | 2.07k/25.7k [00:45<08:56, 44.0doc/s]
  scidocs:   8%|▊         | 2.08k/25.7k [00:45<08:49, 44.5doc/s]
  scidocs:   8%|▊         | 2.09k/25.7k [00:46<08:44, 44.9doc/s]
  scidocs:   8%|▊         | 2.10k/25.7k [00:46<08:47, 44.6doc/s]
  scidocs:   8%|▊         | 2.10k/25.7k [00:46<08:52, 44.2doc/s]
  scidocs:   8%|▊         | 2.11k/25.7k [00:46<08:55, 43.9doc/s]
  scidocs:   8%|▊         | 2.12k/25.7k [00:46<08:51, 44.3doc/s]
  scidocs:   8%|▊         | 2.13k/25.7k [00:47<08:48, 44.5doc/s]
  scidocs:   8%|▊         | 2.14k/25.7k [00:47<08:49, 44.4doc/s]
  scidocs:   8%|▊         | 2.14k/25.7k [00:47<08:47, 44.6doc/s]
  scidocs:   8%|▊         | 2.15k/25.7k [00:47<08:45, 44.8doc/s]
  scidocs:   8%|▊         | 2.16k/25.7k [00:47<08:41, 45.0doc/s]
  scidocs:   8%|▊         | 2.17k/25.7k [00:47<08:39, 45.2doc/s]
  scidocs:   8%|▊         | 2.18k/25.7k [00:48<08:41, 45.0doc/s]
  scidocs:   9%|▊         | 2.18k/25.7k [00:48<08:44, 44.8doc/s]
  scidocs:   9%|▊         | 2.19k/25.7k [00:48<08:44, 44.7doc/s]
  scidocs:   9%|▊         | 2.20k/25.7k [00:48<08:46, 44.5doc/s]
  scidocs:   9%|▊         | 2.21k/25.7k [00:48<08:46, 44.5doc/s]
  scidocs:   9%|▊         | 2.22k/25.7k [00:49<08:45, 44.6doc/s]
  scidocs:   9%|▊         | 2.22k/25.7k [00:49<08:40, 45.0doc/s]
  scidocs:   9%|▊         | 2.23k/25.7k [00:49<08:42, 44.8doc/s]
  scidocs:   9%|▊         | 2.24k/25.7k [00:49<08:47, 44.4doc/s]
  scidocs:   9%|▉         | 2.25k/25.7k [00:49<08:47, 44.4doc/s]
  scidocs:   9%|▉         | 2.26k/25.7k [00:49<08:46, 44.4doc/s]
  scidocs:   9%|▉         | 2.26k/25.7k [00:50<08:44, 44.6doc/s]
  scidocs:   9%|▉         | 2.27k/25.7k [00:50<08:42, 44.7doc/s]
  scidocs:   9%|▉         | 2.28k/25.7k [00:50<08:39, 45.0doc/s]
  scidocs:   9%|▉         | 2.29k/25.7k [00:50<08:52, 43.9doc/s]
  scidocs:   9%|▉         | 2.30k/25.7k [00:50<08:53, 43.8doc/s]
  scidocs:   9%|▉         | 2.30k/25.7k [00:51<08:50, 44.0doc/s]
  scidocs:   9%|▉         | 2.31k/25.7k [00:51<08:45, 44.4doc/s]
  scidocs:   9%|▉         | 2.32k/25.7k [00:51<08:53, 43.7doc/s]
  scidocs:   9%|▉         | 2.33k/25.7k [00:51<08:58, 43.3doc/s]
  scidocs:   9%|▉         | 2.34k/25.7k [00:51<08:58, 43.3doc/s]
  scidocs:   9%|▉         | 2.34k/25.7k [00:51<08:53, 43.7doc/s]
  scidocs:   9%|▉         | 2.35k/25.7k [00:52<08:50, 43.9doc/s]
  scidocs:   9%|▉         | 2.36k/25.7k [00:52<08:47, 44.2doc/s]
  scidocs:   9%|▉         | 2.37k/25.7k [00:52<08:46, 44.3doc/s]
  scidocs:   9%|▉         | 2.38k/25.7k [00:52<08:48, 44.1doc/s]
  scidocs:   9%|▉         | 2.38k/25.7k [00:52<08:45, 44.3doc/s]
  scidocs:   9%|▉         | 2.39k/25.7k [00:53<08:40, 44.7doc/s]
  scidocs:   9%|▉         | 2.40k/25.7k [00:53<08:37, 45.0doc/s]
  scidocs:   9%|▉         | 2.41k/25.7k [00:53<08:34, 45.2doc/s]
  scidocs:   9%|▉         | 2.42k/25.7k [00:53<08:35, 45.1doc/s]
  scidocs:   9%|▉         | 2.42k/25.7k [00:53<08:45, 44.3doc/s]
  scidocs:   9%|▉         | 2.43k/25.7k [00:53<08:48, 43.9doc/s]
  scidocs:  10%|▉         | 2.44k/25.7k [00:54<08:46, 44.1doc/s]
  scidocs:  10%|▉         | 2.45k/25.7k [00:54<08:41, 44.5doc/s]
  scidocs:  10%|▉         | 2.46k/25.7k [00:54<08:37, 44.9doc/s]
  scidocs:  10%|▉         | 2.46k/25.7k [00:54<08:36, 44.9doc/s]
  scidocs:  10%|▉         | 2.47k/25.7k [00:54<08:36, 44.9doc/s]
  scidocs:  10%|▉         | 2.48k/25.7k [00:54<08:36, 44.8doc/s]
  scidocs:  10%|▉         | 2.49k/25.7k [00:55<08:34, 45.1doc/s]
  scidocs:  10%|▉         | 2.50k/25.7k [00:55<08:33, 45.1doc/s]
  scidocs:  10%|▉         | 2.50k/25.7k [00:55<08:33, 45.1doc/s]
  scidocs:  10%|▉         | 2.51k/25.7k [00:55<08:34, 45.0doc/s]
  scidocs:  10%|▉         | 2.52k/25.7k [00:55<08:37, 44.8doc/s]
  scidocs:  10%|▉         | 2.53k/25.7k [00:56<08:36, 44.7doc/s]
  scidocs:  10%|▉         | 2.54k/25.7k [00:56<08:35, 44.9doc/s]
  scidocs:  10%|▉         | 2.54k/25.7k [00:56<08:33, 45.1doc/s]
  scidocs:  10%|▉         | 2.55k/25.7k [00:56<08:41, 44.3doc/s]
  scidocs:  10%|▉         | 2.56k/25.7k [00:56<08:40, 44.4doc/s]
  scidocs:  10%|█         | 2.57k/25.7k [00:56<08:38, 44.6doc/s]
  scidocs:  10%|█         | 2.58k/25.7k [00:57<08:38, 44.5doc/s]
  scidocs:  10%|█         | 2.58k/25.7k [00:57<08:40, 44.4doc/s]
  scidocs:  10%|█         | 2.59k/25.7k [00:57<08:41, 44.2doc/s]
  scidocs:  10%|█         | 2.60k/25.7k [00:57<08:41, 44.2doc/s]
  scidocs:  10%|█         | 2.61k/25.7k [00:57<08:39, 44.3doc/s]
  scidocs:  10%|█         | 2.62k/25.7k [00:58<08:35, 44.7doc/s]
  scidocs:  10%|█         | 2.62k/25.7k [00:58<08:35, 44.7doc/s]
  scidocs:  10%|█         | 2.63k/25.7k [00:58<08:35, 44.7doc/s]
  scidocs:  10%|█         | 2.64k/25.7k [00:58<08:33, 44.8doc/s]
  scidocs:  10%|█         | 2.65k/25.7k [00:58<08:29, 45.2doc/s]
  scidocs:  10%|█         | 2.66k/25.7k [00:58<08:31, 45.0doc/s]
  scidocs:  10%|█         | 2.66k/25.7k [00:59<08:29, 45.1doc/s]
  scidocs:  10%|█         | 2.67k/25.7k [00:59<08:25, 45.4doc/s]
  scidocs:  10%|█         | 2.68k/25.7k [00:59<08:23, 45.6doc/s]
  scidocs:  10%|█         | 2.69k/25.7k [00:59<08:24, 45.5doc/s]
  scidocs:  11%|█         | 2.70k/25.7k [00:59<08:28, 45.2doc/s]
  scidocs:  11%|█         | 2.70k/25.7k [00:59<08:31, 44.9doc/s]
  scidocs:  11%|█         | 2.71k/25.7k [01:00<08:32, 44.8doc/s]
  scidocs:  11%|█         | 2.72k/25.7k [01:00<08:33, 44.7doc/s]
  scidocs:  11%|█         | 2.73k/25.7k [01:00<08:35, 44.5doc/s]
  scidocs:  11%|█         | 2.74k/25.7k [01:00<08:32, 44.7doc/s]
  scidocs:  11%|█         | 2.74k/25.7k [01:00<08:31, 44.8doc/s]
  scidocs:  11%|█         | 2.75k/25.7k [01:01<08:33, 44.6doc/s]
  scidocs:  11%|█         | 2.76k/25.7k [01:01<08:33, 44.6doc/s]
  scidocs:  11%|█         | 2.77k/25.7k [01:01<08:42, 43.8doc/s]
  scidocs:  11%|█         | 2.78k/25.7k [01:01<08:47, 43.4doc/s]
  scidocs:  11%|█         | 2.78k/25.7k [01:01<08:47, 43.3doc/s]
  scidocs:  11%|█         | 2.79k/25.7k [01:01<08:45, 43.5doc/s]
  scidocs:  11%|█         | 2.80k/25.7k [01:02<08:40, 44.0doc/s]
  scidocs:  11%|█         | 2.81k/25.7k [01:02<08:35, 44.3doc/s]
  scidocs:  11%|█         | 2.82k/25.7k [01:02<08:30, 44.7doc/s]
  scidocs:  11%|█         | 2.82k/25.7k [01:02<08:31, 44.6doc/s]
  scidocs:  11%|█         | 2.83k/25.7k [01:02<08:28, 44.9doc/s]
  scidocs:  11%|█         | 2.84k/25.7k [01:03<08:29, 44.7doc/s]
  scidocs:  11%|█         | 2.85k/25.7k [01:03<08:36, 44.2doc/s]
  scidocs:  11%|█         | 2.86k/25.7k [01:03<08:36, 44.2doc/s]
  scidocs:  11%|█         | 2.86k/25.7k [01:03<08:38, 43.9doc/s]
  scidocs:  11%|█         | 2.87k/25.7k [01:03<08:35, 44.2doc/s]
  scidocs:  11%|█         | 2.88k/25.7k [01:03<08:33, 44.4doc/s]
  scidocs:  11%|█▏        | 2.89k/25.7k [01:04<08:32, 44.4doc/s]
  scidocs:  11%|█▏        | 2.90k/25.7k [01:04<08:36, 44.1doc/s]
  scidocs:  11%|█▏        | 2.90k/25.7k [01:04<08:36, 44.1doc/s]
  scidocs:  11%|█▏        | 2.91k/25.7k [01:04<08:33, 44.3doc/s]
  scidocs:  11%|█▏        | 2.92k/25.7k [01:04<08:32, 44.4doc/s]
  scidocs:  11%|█▏        | 2.93k/25.7k [01:05<08:31, 44.5doc/s]
  scidocs:  11%|█▏        | 2.94k/25.7k [01:05<08:30, 44.5doc/s]
  scidocs:  11%|█▏        | 2.94k/25.7k [01:05<08:35, 44.1doc/s]
  scidocs:  12%|█▏        | 2.95k/25.7k [01:05<08:38, 43.8doc/s]
  scidocs:  12%|█▏        | 2.96k/25.7k [01:05<08:34, 44.2doc/s]
  scidocs:  12%|█▏        | 2.97k/25.7k [01:05<08:28, 44.6doc/s]
  scidocs:  12%|█▏        | 2.98k/25.7k [01:06<08:25, 44.9doc/s]
  scidocs:  12%|█▏        | 2.98k/25.7k [01:06<08:26, 44.8doc/s]
  scidocs:  12%|█▏        | 2.99k/25.7k [01:06<08:24, 44.9doc/s]
  scidocs:  12%|█▏        | 3.00k/25.7k [01:06<08:21, 45.2doc/s]
  scidocs:  12%|█▏        | 3.01k/25.7k [01:06<08:20, 45.2doc/s]
  scidocs:  12%|█▏        | 3.02k/25.7k [01:07<08:21, 45.1doc/s]
  scidocs:  12%|█▏        | 3.02k/25.7k [01:07<08:27, 44.6doc/s]
  scidocs:  12%|█▏        | 3.03k/25.7k [01:07<08:28, 44.5doc/s]
  scidocs:  12%|█▏        | 3.04k/25.7k [01:07<08:27, 44.6doc/s]
  scidocs:  12%|█▏        | 3.05k/25.7k [01:07<08:25, 44.7doc/s]
  scidocs:  12%|█▏        | 3.06k/25.7k [01:07<08:25, 44.7doc/s]
  scidocs:  12%|█▏        | 3.06k/25.7k [01:08<08:25, 44.7doc/s]
  scidocs:  12%|█▏        | 3.07k/25.7k [01:08<08:36, 43.7doc/s]
  scidocs:  12%|█▏        | 3.08k/25.7k [01:08<08:38, 43.5doc/s]
  scidocs:  12%|█▏        | 3.09k/25.7k [01:08<08:37, 43.7doc/s]
  scidocs:  12%|█▏        | 3.10k/25.7k [01:08<08:33, 43.9doc/s]
  scidocs:  12%|█▏        | 3.10k/25.7k [01:09<08:29, 44.2doc/s]
  scidocs:  12%|█▏        | 3.11k/25.7k [01:09<08:29, 44.3doc/s]
  scidocs:  12%|█▏        | 3.12k/25.7k [01:09<08:24, 44.7doc/s]
  scidocs:  12%|█▏        | 3.13k/25.7k [01:09<08:27, 44.4doc/s]
  scidocs:  12%|█▏        | 3.14k/25.7k [01:09<08:23, 44.7doc/s]
  scidocs:  12%|█▏        | 3.14k/25.7k [01:09<08:25, 44.5doc/s]
  scidocs:  12%|█▏        | 3.15k/25.7k [01:10<08:26, 44.5doc/s]
  scidocs:  12%|█▏        | 3.16k/25.7k [01:10<08:27, 44.3doc/s]
  scidocs:  12%|█▏        | 3.17k/25.7k [01:10<08:25, 44.5doc/s]
  scidocs:  12%|█▏        | 3.18k/25.7k [01:10<08:22, 44.7doc/s]
  scidocs:  12%|█▏        | 3.18k/25.7k [01:10<08:21, 44.8doc/s]
  scidocs:  12%|█▏        | 3.19k/25.7k [01:10<08:20, 44.9doc/s]
  scidocs:  12%|█▏        | 3.20k/25.7k [01:11<08:19, 44.9doc/s]
  scidocs:  13%|█▎        | 3.21k/25.7k [01:11<08:17, 45.1doc/s]
  scidocs:  13%|█▎        | 3.22k/25.7k [01:11<08:18, 45.0doc/s]
  scidocs:  13%|█▎        | 3.22k/25.7k [01:11<08:16, 45.1doc/s]
  scidocs:  13%|█▎        | 3.23k/25.7k [01:11<08:14, 45.4doc/s]
  scidocs:  13%|█▎        | 3.24k/25.7k [01:12<08:11, 45.6doc/s]
  scidocs:  13%|█▎        | 3.25k/25.7k [01:12<08:10, 45.7doc/s]
  scidocs:  13%|█▎        | 3.26k/25.7k [01:12<08:11, 45.6doc/s]
  scidocs:  13%|█▎        | 3.26k/25.7k [01:12<08:24, 44.4doc/s]
  scidocs:  13%|█▎        | 3.27k/25.7k [01:12<08:28, 44.0doc/s]
  scidocs:  13%|█▎        | 3.28k/25.7k [01:12<08:27, 44.1doc/s]
  scidocs:  13%|█▎        | 3.29k/25.7k [01:13<08:23, 44.4doc/s]
  scidocs:  13%|█▎        | 3.30k/25.7k [01:13<08:30, 43.8doc/s]
  scidocs:  13%|█▎        | 3.30k/25.7k [01:13<08:39, 43.0doc/s]
  scidocs:  13%|█▎        | 3.31k/25.7k [01:13<08:39, 43.0doc/s]
  scidocs:  13%|█▎        | 3.32k/25.7k [01:13<08:35, 43.3doc/s]
  scidocs:  13%|█▎        | 3.33k/25.7k [01:14<08:29, 43.8doc/s]
  scidocs:  13%|█▎        | 3.34k/25.7k [01:14<08:23, 44.3doc/s]
  scidocs:  13%|█▎        | 3.34k/25.7k [01:14<08:23, 44.3doc/s]
  scidocs:  13%|█▎        | 3.35k/25.7k [01:14<08:22, 44.4doc/s]
  scidocs:  13%|█▎        | 3.36k/25.7k [01:14<08:16, 44.9doc/s]
  scidocs:  13%|█▎        | 3.37k/25.7k [01:14<08:18, 44.7doc/s]
  scidocs:  13%|█▎        | 3.38k/25.7k [01:15<08:23, 44.3doc/s]
  scidocs:  13%|█▎        | 3.38k/25.7k [01:15<08:25, 44.0doc/s]
  scidocs:  13%|█▎        | 3.39k/25.7k [01:15<08:27, 43.9doc/s]
  scidocs:  13%|█▎        | 3.40k/25.7k [01:15<08:23, 44.2doc/s]
  scidocs:  13%|█▎        | 3.41k/25.7k [01:15<08:21, 44.4doc/s]
  scidocs:  13%|█▎        | 3.42k/25.7k [01:16<08:19, 44.5doc/s]
  scidocs:  13%|█▎        | 3.42k/25.7k [01:16<08:17, 44.7doc/s]
  scidocs:  13%|█▎        | 3.43k/25.7k [01:16<08:14, 44.9doc/s]
  scidocs:  13%|█▎        | 3.44k/25.7k [01:16<08:15, 44.9doc/s]
  scidocs:  13%|█▎        | 3.45k/25.7k [01:16<08:16, 44.7doc/s]
  scidocs:  13%|█▎        | 3.46k/25.7k [01:16<08:14, 44.9doc/s]
  scidocs:  14%|█▎        | 3.46k/25.7k [01:17<08:11, 45.1doc/s]
  scidocs:  14%|█▎        | 3.47k/25.7k [01:17<08:12, 45.1doc/s]
  scidocs:  14%|█▎        | 3.48k/25.7k [01:17<08:10, 45.2doc/s]
  scidocs:  14%|█▎        | 3.49k/25.7k [01:17<08:10, 45.2doc/s]
  scidocs:  14%|█▎        | 3.50k/25.7k [01:17<08:11, 45.1doc/s]
  scidocs:  14%|█▎        | 3.50k/25.7k [01:17<08:14, 44.8doc/s]
  scidocs:  14%|█▎        | 3.51k/25.7k [01:18<08:14, 44.8doc/s]
  scidocs:  14%|█▎        | 3.52k/25.7k [01:18<08:15, 44.7doc/s]
  scidocs:  14%|█▍        | 3.53k/25.7k [01:18<08:16, 44.6doc/s]
  scidocs:  14%|█▍        | 3.54k/25.7k [01:18<08:16, 44.5doc/s]
  scidocs:  14%|█▍        | 3.54k/25.7k [01:18<08:18, 44.4doc/s]
  scidocs:  14%|█▍        | 3.55k/25.7k [01:19<08:16, 44.5doc/s]
  scidocs:  14%|█▍        | 3.56k/25.7k [01:19<08:25, 43.7doc/s]
  scidocs:  14%|█▍        | 3.57k/25.7k [01:19<08:34, 42.9doc/s]
  scidocs:  14%|█▍        | 3.58k/25.7k [01:19<08:34, 42.9doc/s]
  scidocs:  14%|█▍        | 3.58k/25.7k [01:19<08:32, 43.0doc/s]
  scidocs:  14%|█▍        | 3.59k/25.7k [01:19<08:23, 43.8doc/s]
  scidocs:  14%|█▍        | 3.60k/25.7k [01:20<08:15, 44.5doc/s]
  scidocs:  14%|█▍        | 3.61k/25.7k [01:20<08:10, 44.9doc/s]
  scidocs:  14%|█▍        | 3.62k/25.7k [01:20<08:06, 45.3doc/s]
  scidocs:  14%|█▍        | 3.62k/25.7k [01:20<08:18, 44.2doc/s]
  scidocs:  14%|█▍        | 3.63k/25.7k [01:20<08:25, 43.6doc/s]
  scidocs:  14%|█▍        | 3.64k/25.7k [01:21<08:25, 43.6doc/s]
  scidocs:  14%|█▍        | 3.65k/25.7k [01:21<08:24, 43.6doc/s]
  scidocs:  14%|█▍        | 3.66k/25.7k [01:21<08:23, 43.7doc/s]
  scidocs:  14%|█▍        | 3.66k/25.7k [01:21<08:20, 43.9doc/s]
  scidocs:  14%|█▍        | 3.67k/25.7k [01:21<08:20, 43.9doc/s]
  scidocs:  14%|█▍        | 3.68k/25.7k [01:21<08:18, 44.1doc/s]
  scidocs:  14%|█▍        | 3.69k/25.7k [01:22<08:19, 44.0doc/s]
  scidocs:  14%|█▍        | 3.70k/25.7k [01:22<08:13, 44.5doc/s]
  scidocs:  14%|█▍        | 3.70k/25.7k [01:22<08:11, 44.7doc/s]
  scidocs:  14%|█▍        | 3.71k/25.7k [01:22<08:10, 44.7doc/s]
  scidocs:  14%|█▍        | 3.72k/25.7k [01:22<08:12, 44.6doc/s]
  scidocs:  15%|█▍        | 3.73k/25.7k [01:23<08:16, 44.2doc/s]
  scidocs:  15%|█▍        | 3.74k/25.7k [01:23<08:13, 44.4doc/s]
  scidocs:  15%|█▍        | 3.74k/25.7k [01:23<08:10, 44.6doc/s]
  scidocs:  15%|█▍        | 3.75k/25.7k [01:23<08:08, 44.8doc/s]
  scidocs:  15%|█▍        | 3.76k/25.7k [01:23<08:05, 45.1doc/s]
  scidocs:  15%|█▍        | 3.77k/25.7k [01:23<08:02, 45.4doc/s]
  scidocs:  15%|█▍        | 3.78k/25.7k [01:24<08:03, 45.2doc/s]
  scidocs:  15%|█▍        | 3.78k/25.7k [01:24<08:03, 45.2doc/s]
  scidocs:  15%|█▍        | 3.79k/25.7k [01:24<08:03, 45.3doc/s]
  scidocs:  15%|█▍        | 3.80k/25.7k [01:24<08:03, 45.2doc/s]
  scidocs:  15%|█▍        | 3.81k/25.7k [01:24<08:03, 45.2doc/s]
  scidocs:  15%|█▍        | 3.82k/25.7k [01:25<08:01, 45.3doc/s]
  scidocs:  15%|█▍        | 3.82k/25.7k [01:25<08:12, 44.3doc/s]
  scidocs:  15%|█▍        | 3.83k/25.7k [01:25<08:20, 43.6doc/s]
  scidocs:  15%|█▍        | 3.84k/25.7k [01:25<08:21, 43.5doc/s]
  scidocs:  15%|█▍        | 3.85k/25.7k [01:25<08:19, 43.7doc/s]
  scidocs:  15%|█▌        | 3.86k/25.7k [01:25<08:13, 44.2doc/s]
  scidocs:  15%|█▌        | 3.86k/25.7k [01:26<08:10, 44.4doc/s]
  scidocs:  15%|█▌        | 3.87k/25.7k [01:26<08:10, 44.4doc/s]
  scidocs:  15%|█▌        | 3.88k/25.7k [01:26<08:08, 44.5doc/s]
  scidocs:  15%|█▌        | 3.89k/25.7k [01:26<08:04, 44.9doc/s]
  scidocs:  15%|█▌        | 3.90k/25.7k [01:26<08:13, 44.1doc/s]
  scidocs:  15%|█▌        | 3.90k/25.7k [01:27<08:21, 43.4doc/s]
  scidocs:  15%|█▌        | 3.91k/25.7k [01:27<08:22, 43.3doc/s]
  scidocs:  15%|█▌        | 3.92k/25.7k [01:27<08:17, 43.7doc/s]
  scidocs:  15%|█▌        | 3.93k/25.7k [01:27<08:12, 44.1doc/s]
  scidocs:  15%|█▌        | 3.94k/25.7k [01:27<08:08, 44.5doc/s]
  scidocs:  15%|█▌        | 3.94k/25.7k [01:27<08:04, 44.8doc/s]
  scidocs:  15%|█▌        | 3.95k/25.7k [01:28<08:03, 44.9doc/s]
  scidocs:  15%|█▌        | 3.96k/25.7k [01:28<08:01, 45.1doc/s]
  scidocs:  15%|█▌        | 3.97k/25.7k [01:28<08:02, 44.9doc/s]
  scidocs:  15%|█▌        | 3.98k/25.7k [01:28<08:01, 45.1doc/s]
  scidocs:  16%|█▌        | 3.98k/25.7k [01:28<08:00, 45.1doc/s]
  scidocs:  16%|█▌        | 3.99k/25.7k [01:28<08:00, 45.1doc/s]
  scidocs:  16%|█▌        | 4.00k/25.7k [01:29<08:00, 45.1doc/s]
  scidocs:  16%|█▌        | 4.01k/25.7k [01:29<08:00, 45.1doc/s]
  scidocs:  16%|█▌        | 4.02k/25.7k [01:29<07:57, 45.3doc/s]
  scidocs:  16%|█▌        | 4.02k/25.7k [01:29<07:54, 45.5doc/s]
  scidocs:  16%|█▌        | 4.03k/25.7k [01:29<07:54, 45.5doc/s]
  scidocs:  16%|█▌        | 4.04k/25.7k [01:30<07:54, 45.5doc/s]
  scidocs:  16%|█▌        | 4.05k/25.7k [01:30<07:52, 45.8doc/s]
  scidocs:  16%|█▌        | 4.06k/25.7k [01:30<07:59, 45.0doc/s]
  scidocs:  16%|█▌        | 4.06k/25.7k [01:30<08:02, 44.7doc/s]
  scidocs:  16%|█▌        | 4.07k/25.7k [01:30<08:05, 44.5doc/s]
  scidocs:  16%|█▌        | 4.08k/25.7k [01:30<08:05, 44.5doc/s]
  scidocs:  16%|█▌        | 4.09k/25.7k [01:31<08:01, 44.8doc/s]
  scidocs:  16%|█▌        | 4.10k/25.7k [01:31<08:00, 44.9doc/s]
  scidocs:  16%|█▌        | 4.10k/25.7k [01:31<08:01, 44.8doc/s]
  scidocs:  16%|█▌        | 4.11k/25.7k [01:31<08:03, 44.5doc/s]
  scidocs:  16%|█▌        | 4.12k/25.7k [01:31<08:15, 43.5doc/s]
  scidocs:  16%|█▌        | 4.13k/25.7k [01:32<08:17, 43.3doc/s]
  scidocs:  16%|█▌        | 4.14k/25.7k [01:32<08:13, 43.6doc/s]
  scidocs:  16%|█▌        | 4.14k/25.7k [01:32<08:12, 43.7doc/s]
  scidocs:  16%|█▌        | 4.15k/25.7k [01:32<08:10, 43.9doc/s]
  scidocs:  16%|█▌        | 4.16k/25.7k [01:32<08:10, 43.8doc/s]
  scidocs:  16%|█▌        | 4.17k/25.7k [01:32<08:08, 44.0doc/s]
  scidocs:  16%|█▋        | 4.18k/25.7k [01:33<08:09, 43.8doc/s]
  scidocs:  16%|█▋        | 4.18k/25.7k [01:33<08:06, 44.1doc/s]
  scidocs:  16%|█▋        | 4.19k/25.7k [01:33<08:04, 44.3doc/s]
  scidocs:  16%|█▋        | 4.20k/25.7k [01:33<08:04, 44.2doc/s]
  scidocs:  16%|█▋        | 4.21k/25.7k [01:33<08:04, 44.2doc/s]
  scidocs:  16%|█▋        | 4.22k/25.7k [01:34<08:01, 44.5doc/s]
  scidocs:  16%|█▋        | 4.22k/25.7k [01:34<07:58, 44.8doc/s]
  scidocs:  16%|█▋        | 4.23k/25.7k [01:34<07:54, 45.1doc/s]
  scidocs:  17%|█▋        | 4.24k/25.7k [01:34<07:55, 45.1doc/s]
  scidocs:  17%|█▋        | 4.25k/25.7k [01:34<07:57, 44.8doc/s]
  scidocs:  17%|█▋        | 4.26k/25.7k [01:34<08:06, 44.0doc/s]
  scidocs:  17%|█▋        | 4.26k/25.7k [01:35<08:08, 43.8doc/s]
  scidocs:  17%|█▋        | 4.27k/25.7k [01:35<08:03, 44.2doc/s]
  scidocs:  17%|█▋        | 4.28k/25.7k [01:35<08:01, 44.4doc/s]
  scidocs:  17%|█▋        | 4.29k/25.7k [01:35<07:59, 44.6doc/s]
  scidocs:  17%|█▋        | 4.30k/25.7k [01:35<07:59, 44.6doc/s]
  scidocs:  17%|█▋        | 4.30k/25.7k [01:35<07:59, 44.5doc/s]
  scidocs:  17%|█▋        | 4.31k/25.7k [01:36<07:59, 44.5doc/s]
  scidocs:  17%|█▋        | 4.32k/25.7k [01:36<07:58, 44.6doc/s]
  scidocs:  17%|█▋        | 4.33k/25.7k [01:36<07:56, 44.7doc/s]
  scidocs:  17%|█▋        | 4.34k/25.7k [01:36<07:56, 44.8doc/s]
  scidocs:  17%|█▋        | 4.34k/25.7k [01:36<07:55, 44.8doc/s]
  scidocs:  17%|█▋        | 4.35k/25.7k [01:37<07:55, 44.8doc/s]
  scidocs:  17%|█▋        | 4.36k/25.7k [01:37<07:57, 44.6doc/s]
  scidocs:  17%|█▋        | 4.37k/25.7k [01:37<07:55, 44.8doc/s]
  scidocs:  17%|█▋        | 4.38k/25.7k [01:37<07:55, 44.7doc/s]
  scidocs:  17%|█▋        | 4.38k/25.7k [01:37<07:55, 44.8doc/s]
  scidocs:  17%|█▋        | 4.39k/25.7k [01:37<07:53, 44.9doc/s]
  scidocs:  17%|█▋        | 4.40k/25.7k [01:38<07:52, 44.9doc/s]
  scidocs:  17%|█▋        | 4.41k/25.7k [01:38<07:51, 45.0doc/s]
  scidocs:  17%|█▋        | 4.42k/25.7k [01:38<07:57, 44.5doc/s]
  scidocs:  17%|█▋        | 4.42k/25.7k [01:38<08:00, 44.2doc/s]
  scidocs:  17%|█▋        | 4.43k/25.7k [01:38<08:02, 44.0doc/s]
  scidocs:  17%|█▋        | 4.44k/25.7k [01:39<08:00, 44.1doc/s]
  scidocs:  17%|█▋        | 4.45k/25.7k [01:39<07:59, 44.3doc/s]
  scidocs:  17%|█▋        | 4.46k/25.7k [01:39<08:05, 43.6doc/s]
  scidocs:  17%|█▋        | 4.46k/25.7k [01:39<08:06, 43.6doc/s]
  scidocs:  17%|█▋        | 4.47k/25.7k [01:39<08:01, 44.0doc/s]
  scidocs:  17%|█▋        | 4.48k/25.7k [01:39<07:56, 44.4doc/s]
  scidocs:  17%|█▋        | 4.49k/25.7k [01:40<07:57, 44.3doc/s]
  scidocs:  18%|█▊        | 4.50k/25.7k [01:40<07:58, 44.2doc/s]
  scidocs:  18%|█▊        | 4.50k/25.7k [01:40<08:01, 43.9doc/s]
  scidocs:  18%|█▊        | 4.51k/25.7k [01:40<08:00, 44.0doc/s]
  scidocs:  18%|█▊        | 4.52k/25.7k [01:40<07:57, 44.2doc/s]
  scidocs:  18%|█▊        | 4.53k/25.7k [01:41<07:58, 44.2doc/s]
  scidocs:  18%|█▊        | 4.54k/25.7k [01:41<07:59, 44.1doc/s]
  scidocs:  18%|█▊        | 4.54k/25.7k [01:41<08:00, 44.0doc/s]
  scidocs:  18%|█▊        | 4.55k/25.7k [01:41<07:58, 44.1doc/s]
  scidocs:  18%|█▊        | 4.56k/25.7k [01:41<07:54, 44.5doc/s]
  scidocs:  18%|█▊        | 4.57k/25.7k [01:41<07:48, 45.0doc/s]
  scidocs:  18%|█▊        | 4.58k/25.7k [01:42<07:45, 45.3doc/s]
  scidocs:  18%|█▊        | 4.58k/25.7k [01:42<07:45, 45.3doc/s]
  scidocs:  18%|█▊        | 4.59k/25.7k [01:42<07:50, 44.8doc/s]
  scidocs:  18%|█▊        | 4.60k/25.7k [01:42<07:52, 44.5doc/s]
  scidocs:  18%|█▊        | 4.61k/25.7k [01:42<07:52, 44.6doc/s]
  scidocs:  18%|█▊        | 4.62k/25.7k [01:43<07:53, 44.4doc/s]
  scidocs:  18%|█▊        | 4.62k/25.7k [01:43<07:54, 44.3doc/s]
  scidocs:  18%|█▊        | 4.63k/25.7k [01:43<07:53, 44.4doc/s]
  scidocs:  18%|█▊        | 4.64k/25.7k [01:43<07:53, 44.4doc/s]
  scidocs:  18%|█▊        | 4.65k/25.7k [01:43<07:51, 44.6doc/s]
  scidocs:  18%|█▊        | 4.66k/25.7k [01:43<07:50, 44.7doc/s]
  scidocs:  18%|█▊        | 4.66k/25.7k [01:44<07:50, 44.6doc/s]
  scidocs:  18%|█▊        | 4.67k/25.7k [01:44<07:50, 44.6doc/s]
  scidocs:  18%|█▊        | 4.68k/25.7k [01:44<07:51, 44.5doc/s]
  scidocs:  18%|█▊        | 4.69k/25.7k [01:44<07:50, 44.5doc/s]
  scidocs:  18%|█▊        | 4.70k/25.7k [01:44<07:50, 44.5doc/s]
  scidocs:  18%|█▊        | 4.70k/25.7k [01:44<07:50, 44.5doc/s]
  scidocs:  18%|█▊        | 4.71k/25.7k [01:45<07:52, 44.4doc/s]
  scidocs:  18%|█▊        | 4.72k/25.7k [01:45<08:03, 43.3doc/s]
  scidocs:  18%|█▊        | 4.73k/25.7k [01:45<08:10, 42.7doc/s]
  scidocs:  18%|█▊        | 4.74k/25.7k [01:45<08:08, 42.8doc/s]
  scidocs:  18%|█▊        | 4.74k/25.7k [01:45<08:02, 43.4doc/s]
  scidocs:  19%|█▊        | 4.75k/25.7k [01:46<07:55, 44.0doc/s]
  scidocs:  19%|█▊        | 4.76k/25.7k [01:46<07:49, 44.5doc/s]
  scidocs:  19%|█▊        | 4.77k/25.7k [01:46<07:46, 44.8doc/s]
  scidocs:  19%|█▊        | 4.78k/25.7k [01:46<07:44, 45.0doc/s]
  scidocs:  19%|█▊        | 4.78k/25.7k [01:46<07:45, 44.8doc/s]
  scidocs:  19%|█▊        | 4.79k/25.7k [01:46<07:55, 43.9doc/s]
  scidocs:  19%|█▊        | 4.80k/25.7k [01:47<07:57, 43.7doc/s]
  scidocs:  19%|█▊        | 4.81k/25.7k [01:47<07:53, 44.0doc/s]
  scidocs:  19%|█▉        | 4.82k/25.7k [01:47<07:49, 44.4doc/s]
  scidocs:  19%|█▉        | 4.82k/25.7k [01:47<07:45, 44.8doc/s]
  scidocs:  19%|█▉        | 4.83k/25.7k [01:47<07:43, 44.9doc/s]
  scidocs:  19%|█▉        | 4.84k/25.7k [01:48<07:45, 44.7doc/s]
  scidocs:  19%|█▉        | 4.85k/25.7k [01:48<07:48, 44.4doc/s]
  scidocs:  19%|█▉        | 4.86k/25.7k [01:48<07:48, 44.4doc/s]
  scidocs:  19%|█▉        | 4.86k/25.7k [01:48<07:47, 44.5doc/s]
  scidocs:  19%|█▉        | 4.87k/25.7k [01:48<07:48, 44.4doc/s]
  scidocs:  19%|█▉        | 4.88k/25.7k [01:48<07:45, 44.7doc/s]
  scidocs:  19%|█▉        | 4.89k/25.7k [01:49<07:48, 44.4doc/s]
  scidocs:  19%|█▉        | 4.90k/25.7k [01:49<07:52, 43.9doc/s]
  scidocs:  19%|█▉        | 4.90k/25.7k [01:49<07:53, 43.8doc/s]
  scidocs:  19%|█▉        | 4.91k/25.7k [01:49<07:50, 44.1doc/s]
  scidocs:  19%|█▉        | 4.92k/25.7k [01:49<07:47, 44.3doc/s]
  scidocs:  19%|█▉        | 4.93k/25.7k [01:50<07:54, 43.7doc/s]
  scidocs:  19%|█▉        | 4.94k/25.7k [01:50<07:56, 43.5doc/s]
  scidocs:  19%|█▉        | 4.94k/25.7k [01:50<07:54, 43.6doc/s]
  scidocs:  19%|█▉        | 4.95k/25.7k [01:50<07:55, 43.5doc/s]
  scidocs:  19%|█▉        | 4.96k/25.7k [01:50<07:49, 44.1doc/s]
  scidocs:  19%|█▉        | 4.97k/25.7k [01:50<07:45, 44.5doc/s]
  scidocs:  19%|█▉        | 4.98k/25.7k [01:51<07:43, 44.6doc/s]
  scidocs:  19%|█▉        | 4.98k/25.7k [01:51<07:42, 44.7doc/s]
  scidocs:  19%|█▉        | 4.99k/25.7k [01:51<07:42, 44.6doc/s]
  scidocs:  19%|█▉        | 5.00k/25.7k [01:51<07:42, 44.6doc/s]
  scidocs:  20%|█▉        | 5.01k/25.7k [01:51<07:46, 44.3doc/s]
  scidocs:  20%|█▉        | 5.02k/25.7k [01:52<07:49, 44.0doc/s]
  scidocs:  20%|█▉        | 5.02k/25.7k [01:52<07:45, 44.4doc/s]
  scidocs:  20%|█▉        | 5.03k/25.7k [01:52<07:41, 44.7doc/s]
  scidocs:  20%|█▉        | 5.04k/25.7k [01:52<07:40, 44.8doc/s]
  scidocs:  20%|█▉        | 5.05k/25.7k [01:52<07:37, 45.0doc/s]
  scidocs:  20%|█▉        | 5.06k/25.7k [01:52<07:34, 45.3doc/s]
  scidocs:  20%|█▉        | 5.06k/25.7k [01:53<07:33, 45.4doc/s]
  scidocs:  20%|█▉        | 5.07k/25.7k [01:53<07:33, 45.4doc/s]
  scidocs:  20%|█▉        | 5.08k/25.7k [01:53<07:32, 45.5doc/s]
  scidocs:  20%|█▉        | 5.09k/25.7k [01:53<07:37, 44.9doc/s]
  scidocs:  20%|█▉        | 5.10k/25.7k [01:53<07:43, 44.4doc/s]
  scidocs:  20%|█▉        | 5.10k/25.7k [01:54<07:47, 44.0doc/s]
  scidocs:  20%|█▉        | 5.11k/25.7k [01:54<07:49, 43.7doc/s]
  scidocs:  20%|█▉        | 5.12k/25.7k [01:54<07:46, 44.0doc/s]
  scidocs:  20%|█▉        | 5.13k/25.7k [01:54<07:45, 44.1doc/s]
  scidocs:  20%|██        | 5.14k/25.7k [01:54<07:44, 44.2doc/s]
  scidocs:  20%|██        | 5.14k/25.7k [01:54<07:43, 44.2doc/s]
  scidocs:  20%|██        | 5.15k/25.7k [01:55<07:43, 44.3doc/s]
  scidocs:  20%|██        | 5.16k/25.7k [01:55<07:41, 44.4doc/s]
  scidocs:  20%|██        | 5.17k/25.7k [01:55<07:40, 44.5doc/s]
  scidocs:  20%|██        | 5.18k/25.7k [01:55<07:38, 44.6doc/s]
  scidocs:  20%|██        | 5.18k/25.7k [01:55<07:39, 44.5doc/s]
  scidocs:  20%|██        | 5.19k/25.7k [01:55<07:38, 44.6doc/s]
  scidocs:  20%|██        | 5.20k/25.7k [01:56<07:38, 44.6doc/s]
  scidocs:  20%|██        | 5.21k/25.7k [01:56<07:38, 44.6doc/s]
  scidocs:  20%|██        | 5.22k/25.7k [01:56<07:36, 44.8doc/s]
  scidocs:  20%|██        | 5.22k/25.7k [01:56<07:34, 44.9doc/s]
  scidocs:  20%|██        | 5.23k/25.7k [01:56<07:34, 44.9doc/s]
  scidocs:  20%|██        | 5.24k/25.7k [01:57<07:31, 45.2doc/s]
  scidocs:  20%|██        | 5.25k/25.7k [01:57<07:31, 45.2doc/s]
  scidocs:  20%|██        | 5.26k/25.7k [01:57<07:37, 44.6doc/s]
  scidocs:  21%|██        | 5.26k/25.7k [01:57<07:40, 44.3doc/s]
  scidocs:  21%|██        | 5.27k/25.7k [01:57<07:44, 43.9doc/s]
  scidocs:  21%|██        | 5.28k/25.7k [01:57<07:42, 44.1doc/s]
  scidocs:  21%|██        | 5.29k/25.7k [01:58<07:39, 44.4doc/s]
  scidocs:  21%|██        | 5.30k/25.7k [01:58<07:37, 44.5doc/s]
  scidocs:  21%|██        | 5.30k/25.7k [01:58<07:34, 44.8doc/s]
  scidocs:  21%|██        | 5.31k/25.7k [01:58<07:35, 44.6doc/s]
  scidocs:  21%|██        | 5.32k/25.7k [01:58<07:37, 44.4doc/s]
  scidocs:  21%|██        | 5.33k/25.7k [01:59<07:36, 44.6doc/s]
  scidocs:  21%|██        | 5.34k/25.7k [01:59<07:36, 44.5doc/s]
  scidocs:  21%|██        | 5.34k/25.7k [01:59<07:32, 44.9doc/s]
  scidocs:  21%|██        | 5.35k/25.7k [01:59<07:35, 44.6doc/s]
  scidocs:  21%|██        | 5.36k/25.7k [01:59<07:38, 44.3doc/s]
  scidocs:  21%|██        | 5.37k/25.7k [01:59<07:40, 44.1doc/s]
  scidocs:  21%|██        | 5.38k/25.7k [02:00<07:39, 44.1doc/s]
  scidocs:  21%|██        | 5.38k/25.7k [02:00<07:36, 44.4doc/s]
  scidocs:  21%|██        | 5.39k/25.7k [02:00<07:35, 44.5doc/s]
  scidocs:  21%|██        | 5.40k/25.7k [02:00<07:35, 44.5doc/s]
  scidocs:  21%|██        | 5.41k/25.7k [02:00<07:35, 44.4doc/s]
  scidocs:  21%|██        | 5.42k/25.7k [02:01<07:36, 44.4doc/s]
  scidocs:  21%|██        | 5.42k/25.7k [02:01<07:35, 44.4doc/s]
  scidocs:  21%|██        | 5.43k/25.7k [02:01<07:34, 44.5doc/s]
  scidocs:  21%|██        | 5.44k/25.7k [02:01<07:33, 44.6doc/s]
  scidocs:  21%|██        | 5.45k/25.7k [02:01<07:33, 44.5doc/s]
  scidocs:  21%|██▏       | 5.46k/25.7k [02:01<07:34, 44.5doc/s]
  scidocs:  21%|██▏       | 5.46k/25.7k [02:02<07:34, 44.4doc/s]
  scidocs:  21%|██▏       | 5.47k/25.7k [02:02<07:32, 44.7doc/s]
  scidocs:  21%|██▏       | 5.48k/25.7k [02:02<07:30, 44.8doc/s]
  scidocs:  21%|██▏       | 5.49k/25.7k [02:02<07:27, 45.1doc/s]
  scidocs:  21%|██▏       | 5.50k/25.7k [02:02<07:27, 45.1doc/s]
  scidocs:  21%|██▏       | 5.50k/25.7k [02:02<07:28, 44.9doc/s]
  scidocs:  21%|██▏       | 5.51k/25.7k [02:03<07:29, 44.8doc/s]
  scidocs:  22%|██▏       | 5.52k/25.7k [02:03<07:30, 44.7doc/s]
  scidocs:  22%|██▏       | 5.53k/25.7k [02:03<07:33, 44.4doc/s]
  scidocs:  22%|██▏       | 5.54k/25.7k [02:03<07:31, 44.6doc/s]
  scidocs:  22%|██▏       | 5.54k/25.7k [02:03<07:40, 43.7doc/s]
  scidocs:  22%|██▏       | 5.55k/25.7k [02:04<07:47, 43.0doc/s]
  scidocs:  22%|██▏       | 5.56k/25.7k [02:04<07:48, 42.9doc/s]
  scidocs:  22%|██▏       | 5.57k/25.7k [02:04<07:44, 43.3doc/s]
  scidocs:  22%|██▏       | 5.58k/25.7k [02:04<07:38, 43.8doc/s]
  scidocs:  22%|██▏       | 5.58k/25.7k [02:04<07:32, 44.4doc/s]
  scidocs:  22%|██▏       | 5.59k/25.7k [02:04<07:28, 44.7doc/s]
  scidocs:  22%|██▏       | 5.60k/25.7k [02:05<07:27, 44.8doc/s]
  scidocs:  22%|██▏       | 5.61k/25.7k [02:05<07:26, 44.9doc/s]
  scidocs:  22%|██▏       | 5.62k/25.7k [02:05<07:34, 44.1doc/s]
  scidocs:  22%|██▏       | 5.62k/25.7k [02:05<07:39, 43.6doc/s]
  scidocs:  22%|██▏       | 5.63k/25.7k [02:05<07:39, 43.5doc/s]
  scidocs:  22%|██▏       | 5.64k/25.7k [02:06<07:37, 43.7doc/s]
  scidocs:  22%|██▏       | 5.65k/25.7k [02:06<07:37, 43.8doc/s]
  scidocs:  22%|██▏       | 5.66k/25.7k [02:06<07:32, 44.2doc/s]
  scidocs:  22%|██▏       | 5.66k/25.7k [02:06<07:31, 44.3doc/s]
  scidocs:  22%|██▏       | 5.67k/25.7k [02:06<07:29, 44.4doc/s]
  scidocs:  22%|██▏       | 5.68k/25.7k [02:06<07:26, 44.7doc/s]
  scidocs:  22%|██▏       | 5.69k/25.7k [02:07<07:31, 44.3doc/s]
  scidocs:  22%|██▏       | 5.70k/25.7k [02:07<07:35, 43.8doc/s]
  scidocs:  22%|██▏       | 5.70k/25.7k [02:07<07:34, 43.9doc/s]
  scidocs:  22%|██▏       | 5.71k/25.7k [02:07<07:30, 44.3doc/s]
  scidocs:  22%|██▏       | 5.72k/25.7k [02:07<07:29, 44.4doc/s]
  scidocs:  22%|██▏       | 5.73k/25.7k [02:08<07:40, 43.3doc/s]
  scidocs:  22%|██▏       | 5.74k/25.7k [02:08<07:41, 43.2doc/s]
  scidocs:  22%|██▏       | 5.74k/25.7k [02:08<07:39, 43.4doc/s]
  scidocs:  22%|██▏       | 5.75k/25.7k [02:08<07:34, 43.8doc/s]
  scidocs:  22%|██▏       | 5.76k/25.7k [02:08<07:32, 43.9doc/s]
  scidocs:  22%|██▏       | 5.77k/25.7k [02:08<07:30, 44.1doc/s]
  scidocs:  23%|██▎       | 5.78k/25.7k [02:09<07:30, 44.2doc/s]
  scidocs:  23%|██▎       | 5.78k/25.7k [02:09<07:27, 44.4doc/s]
  scidocs:  23%|██▎       | 5.79k/25.7k [02:09<07:27, 44.3doc/s]
  scidocs:  23%|██▎       | 5.80k/25.7k [02:09<07:36, 43.5doc/s]
  scidocs:  23%|██▎       | 5.81k/25.7k [02:09<07:40, 43.1doc/s]
  scidocs:  23%|██▎       | 5.82k/25.7k [02:10<07:37, 43.4doc/s]
  scidocs:  23%|██▎       | 5.82k/25.7k [02:10<07:33, 43.7doc/s]
  scidocs:  23%|██▎       | 5.83k/25.7k [02:10<07:26, 44.4doc/s]
  scidocs:  23%|██▎       | 5.84k/25.7k [02:10<07:21, 44.9doc/s]
  scidocs:  23%|██▎       | 5.85k/25.7k [02:10<07:20, 45.0doc/s]
  scidocs:  23%|██▎       | 5.86k/25.7k [02:10<07:23, 44.6doc/s]
  scidocs:  23%|██▎       | 5.86k/25.7k [02:11<07:21, 44.8doc/s]
  scidocs:  23%|██▎       | 5.87k/25.7k [02:11<07:24, 44.5doc/s]
  scidocs:  23%|██▎       | 5.88k/25.7k [02:11<07:26, 44.3doc/s]
  scidocs:  23%|██▎       | 5.89k/25.7k [02:11<07:26, 44.3doc/s]
  scidocs:  23%|██▎       | 5.90k/25.7k [02:11<07:28, 44.1doc/s]
  scidocs:  23%|██▎       | 5.90k/25.7k [02:12<07:27, 44.1doc/s]
  scidocs:  23%|██▎       | 5.91k/25.7k [02:12<07:27, 44.1doc/s]
  scidocs:  23%|██▎       | 5.92k/25.7k [02:12<07:26, 44.3doc/s]
  scidocs:  23%|██▎       | 5.93k/25.7k [02:12<07:25, 44.3doc/s]
  scidocs:  23%|██▎       | 5.94k/25.7k [02:12<07:25, 44.3doc/s]
  scidocs:  23%|██▎       | 5.94k/25.7k [02:12<07:24, 44.3doc/s]
  scidocs:  23%|██▎       | 5.95k/25.7k [02:13<07:25, 44.3doc/s]
  scidocs:  23%|██▎       | 5.96k/25.7k [02:13<07:22, 44.5doc/s]
  scidocs:  23%|██▎       | 5.97k/25.7k [02:13<07:23, 44.4doc/s]
  scidocs:  23%|██▎       | 5.98k/25.7k [02:13<07:24, 44.3doc/s]
  scidocs:  23%|██▎       | 5.98k/25.7k [02:13<07:25, 44.1doc/s]
  scidocs:  23%|██▎       | 5.99k/25.7k [02:14<07:24, 44.2doc/s]
  scidocs:  23%|██▎       | 6.00k/25.7k [02:14<07:23, 44.3doc/s]
  scidocs:  23%|██▎       | 6.01k/25.7k [02:14<07:19, 44.7doc/s]
  scidocs:  23%|██▎       | 6.02k/25.7k [02:14<07:19, 44.7doc/s]
  scidocs:  23%|██▎       | 6.02k/25.7k [02:14<07:17, 44.9doc/s]
  scidocs:  24%|██▎       | 6.03k/25.7k [02:14<07:15, 45.1doc/s]
  scidocs:  24%|██▎       | 6.04k/25.7k [02:15<07:14, 45.1doc/s]
  scidocs:  24%|██▎       | 6.05k/25.7k [02:15<07:15, 45.0doc/s]
  scidocs:  24%|██▎       | 6.06k/25.7k [02:15<07:22, 44.3doc/s]
  scidocs:  24%|██▎       | 6.06k/25.7k [02:15<07:26, 43.9doc/s]
  scidocs:  24%|██▎       | 6.07k/25.7k [02:15<07:28, 43.7doc/s]
  scidocs:  24%|██▎       | 6.08k/25.7k [02:16<07:25, 43.9doc/s]
  scidocs:  24%|██▎       | 6.09k/25.7k [02:16<07:24, 44.1doc/s]
  scidocs:  24%|██▍       | 6.10k/25.7k [02:16<07:21, 44.3doc/s]
  scidocs:  24%|██▍       | 6.10k/25.7k [02:16<07:17, 44.7doc/s]
  scidocs:  24%|██▍       | 6.11k/25.7k [02:16<07:15, 44.9doc/s]
  scidocs:  24%|██▍       | 6.12k/25.7k [02:16<07:13, 45.0doc/s]
  scidocs:  24%|██▍       | 6.13k/25.7k [02:17<07:10, 45.4doc/s]
  scidocs:  24%|██▍       | 6.14k/25.7k [02:17<07:14, 44.9doc/s]
  scidocs:  24%|██▍       | 6.14k/25.7k [02:17<07:16, 44.7doc/s]
  scidocs:  24%|██▍       | 6.15k/25.7k [02:17<07:17, 44.6doc/s]
  scidocs:  24%|██▍       | 6.16k/25.7k [02:17<07:20, 44.2doc/s]
  scidocs:  24%|██▍       | 6.17k/25.7k [02:18<07:21, 44.1doc/s]
  scidocs:  24%|██▍       | 6.18k/25.7k [02:18<07:22, 44.0doc/s]
  scidocs:  24%|██▍       | 6.18k/25.7k [02:18<07:22, 44.0doc/s]
  scidocs:  24%|██▍       | 6.19k/25.7k [02:18<07:23, 43.9doc/s]
  scidocs:  24%|██▍       | 6.20k/25.7k [02:18<07:22, 44.0doc/s]
  scidocs:  24%|██▍       | 6.21k/25.7k [02:18<07:25, 43.7doc/s]
  scidocs:  24%|██▍       | 6.22k/25.7k [02:19<07:25, 43.6doc/s]
  scidocs:  24%|██▍       | 6.22k/25.7k [02:19<07:24, 43.7doc/s]
  scidocs:  24%|██▍       | 6.23k/25.7k [02:19<07:20, 44.1doc/s]
  scidocs:  24%|██▍       | 6.24k/25.7k [02:19<07:20, 44.0doc/s]
  scidocs:  24%|██▍       | 6.25k/25.7k [02:19<07:18, 44.3doc/s]
  scidocs:  24%|██▍       | 6.26k/25.7k [02:20<07:16, 44.4doc/s]
  scidocs:  24%|██▍       | 6.26k/25.7k [02:20<07:16, 44.5doc/s]
  scidocs:  24%|██▍       | 6.27k/25.7k [02:20<07:16, 44.4doc/s]
  scidocs:  24%|██▍       | 6.28k/25.7k [02:20<07:18, 44.2doc/s]
  scidocs:  25%|██▍       | 6.29k/25.7k [02:20<07:17, 44.3doc/s]
  scidocs:  25%|██▍       | 6.30k/25.7k [02:20<07:14, 44.5doc/s]
  scidocs:  25%|██▍       | 6.30k/25.7k [02:21<07:10, 44.9doc/s]
  scidocs:  25%|██▍       | 6.31k/25.7k [02:21<07:07, 45.2doc/s]
  scidocs:  25%|██▍       | 6.32k/25.7k [02:21<07:07, 45.2doc/s]
  scidocs:  25%|██▍       | 6.33k/25.7k [02:21<07:07, 45.3doc/s]
  scidocs:  25%|██▍       | 6.34k/25.7k [02:21<07:05, 45.4doc/s]
  scidocs:  25%|██▍       | 6.34k/25.7k [02:21<07:05, 45.4doc/s]
  scidocs:  25%|██▍       | 6.35k/25.7k [02:22<07:02, 45.7doc/s]
  scidocs:  25%|██▍       | 6.36k/25.7k [02:22<07:11, 44.7doc/s]
  scidocs:  25%|██▍       | 6.37k/25.7k [02:22<07:22, 43.6doc/s]
  scidocs:  25%|██▍       | 6.38k/25.7k [02:22<07:27, 43.1doc/s]
  scidocs:  25%|██▍       | 6.38k/25.7k [02:22<07:26, 43.1doc/s]
  scidocs:  25%|██▍       | 6.39k/25.7k [02:23<07:21, 43.7doc/s]
  scidocs:  25%|██▍       | 6.40k/25.7k [02:23<07:17, 44.1doc/s]
  scidocs:  25%|██▍       | 6.41k/25.7k [02:23<07:13, 44.4doc/s]
  scidocs:  25%|██▌       | 6.42k/25.7k [02:23<07:14, 44.3doc/s]
  scidocs:  25%|██▌       | 6.42k/25.7k [02:23<07:14, 44.3doc/s]
  scidocs:  25%|██▌       | 6.43k/25.7k [02:23<07:19, 43.7doc/s]
  scidocs:  25%|██▌       | 6.44k/25.7k [02:24<07:25, 43.2doc/s]
  scidocs:  25%|██▌       | 6.45k/25.7k [02:24<07:26, 43.0doc/s]
  scidocs:  25%|██▌       | 6.46k/25.7k [02:24<07:27, 42.9doc/s]
  scidocs:  25%|██▌       | 6.46k/25.7k [02:24<07:26, 43.0doc/s]
  scidocs:  25%|██▌       | 6.47k/25.7k [02:24<07:23, 43.3doc/s]
  scidocs:  25%|██▌       | 6.48k/25.7k [02:25<07:17, 43.8doc/s]
  scidocs:  25%|██▌       | 6.49k/25.7k [02:25<07:15, 44.0doc/s]
  scidocs:  25%|██▌       | 6.50k/25.7k [02:25<07:13, 44.2doc/s]
  scidocs:  25%|██▌       | 6.50k/25.7k [02:25<07:10, 44.5doc/s]
  scidocs:  25%|██▌       | 6.51k/25.7k [02:25<07:07, 44.8doc/s]
  scidocs:  25%|██▌       | 6.52k/25.7k [02:25<07:04, 45.1doc/s]
  scidocs:  25%|██▌       | 6.53k/25.7k [02:26<07:02, 45.3doc/s]
  scidocs:  25%|██▌       | 6.54k/25.7k [02:26<07:03, 45.2doc/s]
  scidocs:  26%|██▌       | 6.54k/25.7k [02:26<07:12, 44.2doc/s]
  scidocs:  26%|██▌       | 6.55k/25.7k [02:26<07:15, 43.9doc/s]
  scidocs:  26%|██▌       | 6.56k/25.7k [02:26<07:15, 43.8doc/s]
  scidocs:  26%|██▌       | 6.57k/25.7k [02:27<07:13, 44.0doc/s]
  scidocs:  26%|██▌       | 6.58k/25.7k [02:27<07:10, 44.4doc/s]
  scidocs:  26%|██▌       | 6.58k/25.7k [02:27<07:07, 44.6doc/s]
  scidocs:  26%|██▌       | 6.59k/25.7k [02:27<07:08, 44.5doc/s]
  scidocs:  26%|██▌       | 6.60k/25.7k [02:27<07:11, 44.2doc/s]
  scidocs:  26%|██▌       | 6.61k/25.7k [02:27<07:09, 44.3doc/s]
  scidocs:  26%|██▌       | 6.62k/25.7k [02:28<07:07, 44.5doc/s]
  scidocs:  26%|██▌       | 6.62k/25.7k [02:28<07:08, 44.4doc/s]
  scidocs:  26%|██▌       | 6.63k/25.7k [02:28<07:08, 44.4doc/s]
  scidocs:  26%|██▌       | 6.64k/25.7k [02:28<07:08, 44.4doc/s]
  scidocs:  26%|██▌       | 6.65k/25.7k [02:28<07:09, 44.2doc/s]
  scidocs:  26%|██▌       | 6.66k/25.7k [02:29<07:10, 44.1doc/s]
  scidocs:  26%|██▌       | 6.66k/25.7k [02:29<07:10, 44.2doc/s]
  scidocs:  26%|██▌       | 6.67k/25.7k [02:29<07:09, 44.2doc/s]
  scidocs:  26%|██▌       | 6.68k/25.7k [02:29<07:09, 44.2doc/s]
  scidocs:  26%|██▌       | 6.69k/25.7k [02:29<07:10, 44.1doc/s]
  scidocs:  26%|██▌       | 6.70k/25.7k [02:29<07:10, 44.1doc/s]
  scidocs:  26%|██▌       | 6.70k/25.7k [02:30<07:05, 44.5doc/s]
  scidocs:  26%|██▌       | 6.71k/25.7k [02:30<07:05, 44.6doc/s]
  scidocs:  26%|██▌       | 6.72k/25.7k [02:30<07:06, 44.4doc/s]
  scidocs:  26%|██▌       | 6.73k/25.7k [02:30<07:06, 44.4doc/s]
  scidocs:  26%|██▋       | 6.74k/25.7k [02:30<07:05, 44.4doc/s]
  scidocs:  26%|██▋       | 6.74k/25.7k [02:31<07:03, 44.7doc/s]
  scidocs:  26%|██▋       | 6.75k/25.7k [02:31<07:02, 44.8doc/s]
  scidocs:  26%|██▋       | 6.76k/25.7k [02:31<07:02, 44.7doc/s]
  scidocs:  26%|██▋       | 6.77k/25.7k [02:31<06:58, 45.1doc/s]
  scidocs:  26%|██▋       | 6.78k/25.7k [02:31<06:59, 45.0doc/s]
  scidocs:  26%|██▋       | 6.78k/25.7k [02:31<06:56, 45.3doc/s]
  scidocs:  26%|██▋       | 6.79k/25.7k [02:32<06:56, 45.3doc/s]
  scidocs:  27%|██▋       | 6.80k/25.7k [02:32<06:57, 45.2doc/s]
  scidocs:  27%|██▋       | 6.81k/25.7k [02:32<07:09, 43.9doc/s]
  scidocs:  27%|██▋       | 6.82k/25.7k [02:32<07:16, 43.1doc/s]
  scidocs:  27%|██▋       | 6.82k/25.7k [02:32<07:20, 42.8doc/s]
  scidocs:  27%|██▋       | 6.83k/25.7k [02:33<07:17, 43.1doc/s]
  scidocs:  27%|██▋       | 6.84k/25.7k [02:33<07:12, 43.5doc/s]
  scidocs:  27%|██▋       | 6.85k/25.7k [02:33<07:09, 43.8doc/s]
  scidocs:  27%|██▋       | 6.86k/25.7k [02:33<07:07, 43.9doc/s]
  scidocs:  27%|██▋       | 6.86k/25.7k [02:33<07:05, 44.2doc/s]
  scidocs:  27%|██▋       | 6.87k/25.7k [02:33<07:03, 44.3doc/s]
  scidocs:  27%|██▋       | 6.88k/25.7k [02:34<07:00, 44.7doc/s]
  scidocs:  27%|██▋       | 6.89k/25.7k [02:34<06:59, 44.7doc/s]
  scidocs:  27%|██▋       | 6.90k/25.7k [02:34<07:02, 44.4doc/s]
  scidocs:  27%|██▋       | 6.90k/25.7k [02:34<07:03, 44.3doc/s]
  scidocs:  27%|██▋       | 6.91k/25.7k [02:34<07:04, 44.2doc/s]
  scidocs:  27%|██▋       | 6.92k/25.7k [02:35<07:05, 44.0doc/s]
  scidocs:  27%|██▋       | 6.93k/25.7k [02:35<07:05, 44.0doc/s]
  scidocs:  27%|██▋       | 6.94k/25.7k [02:35<07:04, 44.1doc/s]
  scidocs:  27%|██▋       | 6.94k/25.7k [02:35<07:05, 43.9doc/s]
  scidocs:  27%|██▋       | 6.95k/25.7k [02:35<07:04, 44.0doc/s]
  scidocs:  27%|██▋       | 6.96k/25.7k [02:35<07:06, 43.9doc/s]
  scidocs:  27%|██▋       | 6.97k/25.7k [02:36<07:04, 44.0doc/s]
  scidocs:  27%|██▋       | 6.98k/25.7k [02:36<07:02, 44.2doc/s]
  scidocs:  27%|██▋       | 6.98k/25.7k [02:36<06:57, 44.7doc/s]
  scidocs:  27%|██▋       | 6.99k/25.7k [02:36<06:56, 44.8doc/s]
  scidocs:  27%|██▋       | 7.00k/25.7k [02:36<06:57, 44.7doc/s]
  scidocs:  27%|██▋       | 7.01k/25.7k [02:36<06:59, 44.4doc/s]
  scidocs:  27%|██▋       | 7.02k/25.7k [02:37<07:01, 44.2doc/s]
  scidocs:  27%|██▋       | 7.02k/25.7k [02:37<07:04, 43.9doc/s]
  scidocs:  27%|██▋       | 7.03k/25.7k [02:37<07:05, 43.8doc/s]
  scidocs:  27%|██▋       | 7.04k/25.7k [02:37<07:07, 43.6doc/s]
  scidocs:  27%|██▋       | 7.05k/25.7k [02:37<07:04, 43.9doc/s]
  scidocs:  28%|██▊       | 7.06k/25.7k [02:38<07:00, 44.2doc/s]
  scidocs:  28%|██▊       | 7.06k/25.7k [02:38<06:57, 44.5doc/s]
  scidocs:  28%|██▊       | 7.07k/25.7k [02:38<06:54, 44.8doc/s]
  scidocs:  28%|██▊       | 7.08k/25.7k [02:38<06:54, 44.8doc/s]
  scidocs:  28%|██▊       | 7.09k/25.7k [02:38<06:54, 44.8doc/s]
  scidocs:  28%|██▊       | 7.10k/25.7k [02:38<06:55, 44.7doc/s]
  scidocs:  28%|██▊       | 7.10k/25.7k [02:39<06:54, 44.8doc/s]
  scidocs:  28%|██▊       | 7.11k/25.7k [02:39<06:54, 44.7doc/s]
  scidocs:  28%|██▊       | 7.12k/25.7k [02:39<06:53, 44.8doc/s]
  scidocs:  28%|██▊       | 7.13k/25.7k [02:39<06:52, 44.9doc/s]
  scidocs:  28%|██▊       | 7.14k/25.7k [02:39<06:51, 45.0doc/s]
  scidocs:  28%|██▊       | 7.14k/25.7k [02:40<06:50, 45.1doc/s]
  scidocs:  28%|██▊       | 7.15k/25.7k [02:40<06:56, 44.4doc/s]
  scidocs:  28%|██▊       | 7.16k/25.7k [02:40<07:00, 44.0doc/s]
  scidocs:  28%|██▊       | 7.17k/25.7k [02:40<06:58, 44.2doc/s]
  scidocs:  28%|██▊       | 7.18k/25.7k [02:40<06:57, 44.3doc/s]
  scidocs:  28%|██▊       | 7.18k/25.7k [02:40<07:03, 43.6doc/s]
  scidocs:  28%|██▊       | 7.19k/25.7k [02:41<07:11, 42.8doc/s]
  scidocs:  28%|██▊       | 7.20k/25.7k [02:41<07:13, 42.6doc/s]
  scidocs:  28%|██▊       | 7.21k/25.7k [02:41<07:10, 42.9doc/s]
  scidocs:  28%|██▊       | 7.22k/25.7k [02:41<07:04, 43.4doc/s]
  scidocs:  28%|██▊       | 7.22k/25.7k [02:41<06:57, 44.1doc/s]
  scidocs:  28%|██▊       | 7.23k/25.7k [02:42<06:56, 44.3doc/s]
  scidocs:  28%|██▊       | 7.24k/25.7k [02:42<06:54, 44.5doc/s]
  scidocs:  28%|██▊       | 7.25k/25.7k [02:42<06:53, 44.5doc/s]
  scidocs:  28%|██▊       | 7.26k/25.7k [02:42<06:53, 44.5doc/s]
  scidocs:  28%|██▊       | 7.26k/25.7k [02:42<06:53, 44.5doc/s]
  scidocs:  28%|██▊       | 7.27k/25.7k [02:42<06:55, 44.3doc/s]
  scidocs:  28%|██▊       | 7.28k/25.7k [02:43<06:52, 44.5doc/s]
  scidocs:  28%|██▊       | 7.29k/25.7k [02:43<06:51, 44.6doc/s]
  scidocs:  28%|██▊       | 7.30k/25.7k [02:43<06:58, 43.8doc/s]
  scidocs:  28%|██▊       | 7.30k/25.7k [02:43<07:00, 43.6doc/s]
  scidocs:  28%|██▊       | 7.31k/25.7k [02:43<07:00, 43.7doc/s]
  scidocs:  29%|██▊       | 7.32k/25.7k [02:44<06:56, 44.0doc/s]
  scidocs:  29%|██▊       | 7.33k/25.7k [02:44<06:54, 44.2doc/s]
  scidocs:  29%|██▊       | 7.34k/25.7k [02:44<06:51, 44.5doc/s]
  scidocs:  29%|██▊       | 7.34k/25.7k [02:44<06:52, 44.4doc/s]
  scidocs:  29%|██▊       | 7.35k/25.7k [02:44<06:50, 44.5doc/s]
  scidocs:  29%|██▊       | 7.36k/25.7k [02:44<06:50, 44.5doc/s]
  scidocs:  29%|██▊       | 7.37k/25.7k [02:45<06:50, 44.6doc/s]
  scidocs:  29%|██▊       | 7.38k/25.7k [02:45<06:49, 44.7doc/s]
  scidocs:  29%|██▉       | 7.38k/25.7k [02:45<06:46, 44.9doc/s]
  scidocs:  29%|██▉       | 7.39k/25.7k [02:45<06:48, 44.7doc/s]
  scidocs:  29%|██▉       | 7.40k/25.7k [02:45<06:51, 44.4doc/s]
  scidocs:  29%|██▉       | 7.41k/25.7k [02:46<06:53, 44.1doc/s]
  scidocs:  29%|██▉       | 7.42k/25.7k [02:46<06:53, 44.1doc/s]
  scidocs:  29%|██▉       | 7.42k/25.7k [02:46<06:53, 44.1doc/s]
  scidocs:  29%|██▉       | 7.43k/25.7k [02:46<06:51, 44.2doc/s]
  scidocs:  29%|██▉       | 7.44k/25.7k [02:46<06:50, 44.4doc/s]
  scidocs:  29%|██▉       | 7.45k/25.7k [02:46<06:48, 44.5doc/s]
  scidocs:  29%|██▉       | 7.46k/25.7k [02:47<06:46, 44.8doc/s]
  scidocs:  29%|██▉       | 7.46k/25.7k [02:47<06:45, 44.9doc/s]
  scidocs:  29%|██▉       | 7.47k/25.7k [02:47<06:45, 44.8doc/s]
  scidocs:  29%|██▉       | 7.48k/25.7k [02:47<06:46, 44.7doc/s]
  scidocs:  29%|██▉       | 7.49k/25.7k [02:47<06:46, 44.7doc/s]
  scidocs:  29%|██▉       | 7.50k/25.7k [02:48<06:48, 44.5doc/s]
  scidocs:  29%|██▉       | 7.50k/25.7k [02:48<06:49, 44.4doc/s]
  scidocs:  29%|██▉       | 7.51k/25.7k [02:48<06:48, 44.4doc/s]
  scidocs:  29%|██▉       | 7.52k/25.7k [02:48<06:49, 44.3doc/s]
  scidocs:  29%|██▉       | 7.53k/25.7k [02:48<06:49, 44.3doc/s]
  scidocs:  29%|██▉       | 7.54k/25.7k [02:48<06:47, 44.4doc/s]
  scidocs:  29%|██▉       | 7.54k/25.7k [02:49<06:47, 44.4doc/s]
  scidocs:  29%|██▉       | 7.55k/25.7k [02:49<06:48, 44.3doc/s]
  scidocs:  29%|██▉       | 7.56k/25.7k [02:49<06:58, 43.2doc/s]
  scidocs:  29%|██▉       | 7.57k/25.7k [02:49<07:02, 42.9doc/s]
  scidocs:  30%|██▉       | 7.58k/25.7k [02:49<07:00, 43.0doc/s]
  scidocs:  30%|██▉       | 7.58k/25.7k [02:50<06:54, 43.6doc/s]
  scidocs:  30%|██▉       | 7.59k/25.7k [02:50<06:47, 44.3doc/s]
  scidocs:  30%|██▉       | 7.60k/25.7k [02:50<06:44, 44.7doc/s]
  scidocs:  30%|██▉       | 7.61k/25.7k [02:50<06:42, 44.9doc/s]
  scidocs:  30%|██▉       | 7.62k/25.7k [02:50<06:41, 45.0doc/s]
  scidocs:  30%|██▉       | 7.62k/25.7k [02:50<06:41, 44.9doc/s]
  scidocs:  30%|██▉       | 7.63k/25.7k [02:51<06:52, 43.7doc/s]
  scidocs:  30%|██▉       | 7.64k/25.7k [02:51<06:58, 43.1doc/s]
  scidocs:  30%|██▉       | 7.65k/25.7k [02:51<07:02, 42.6doc/s]
  scidocs:  30%|██▉       | 7.66k/25.7k [02:51<06:59, 42.9doc/s]
  scidocs:  30%|██▉       | 7.66k/25.7k [02:51<06:53, 43.5doc/s]
  scidocs:  30%|██▉       | 7.67k/25.7k [02:52<06:49, 43.9doc/s]
  scidocs:  30%|██▉       | 7.68k/25.7k [02:52<06:46, 44.2doc/s]
  scidocs:  30%|██▉       | 7.69k/25.7k [02:52<06:44, 44.4doc/s]
  scidocs:  30%|██▉       | 7.70k/25.7k [02:52<06:43, 44.5doc/s]
  scidocs:  30%|███       | 7.70k/25.7k [02:52<06:44, 44.4doc/s]
  scidocs:  30%|███       | 7.71k/25.7k [02:52<06:43, 44.4doc/s]
  scidocs:  30%|███       | 7.72k/25.7k [02:53<06:43, 44.4doc/s]
  scidocs:  30%|███       | 7.73k/25.7k [02:53<06:43, 44.4doc/s]
  scidocs:  30%|███       | 7.74k/25.7k [02:53<06:43, 44.4doc/s]
  scidocs:  30%|███       | 7.74k/25.7k [02:53<06:46, 44.1doc/s]
  scidocs:  30%|███       | 7.75k/25.7k [02:53<06:45, 44.2doc/s]
  scidocs:  30%|███       | 7.76k/25.7k [02:53<06:43, 44.4doc/s]
  scidocs:  30%|███       | 7.77k/25.7k [02:54<06:42, 44.4doc/s]
  scidocs:  30%|███       | 7.78k/25.7k [02:54<06:49, 43.7doc/s]
  scidocs:  30%|███       | 7.78k/25.7k [02:54<06:50, 43.6doc/s]
  scidocs:  30%|███       | 7.79k/25.7k [02:54<06:49, 43.6doc/s]
  scidocs:  30%|███       | 7.80k/25.7k [02:54<06:46, 43.9doc/s]
  scidocs:  30%|███       | 7.81k/25.7k [02:55<06:44, 44.2doc/s]
  scidocs:  30%|███       | 7.82k/25.7k [02:55<06:41, 44.4doc/s]
  scidocs:  30%|███       | 7.82k/25.7k [02:55<06:39, 44.7doc/s]
  scidocs:  31%|███       | 7.83k/25.7k [02:55<06:38, 44.7doc/s]
  scidocs:  31%|███       | 7.84k/25.7k [02:55<06:38, 44.8doc/s]
  scidocs:  31%|███       | 7.85k/25.7k [02:55<06:37, 44.8doc/s]
  scidocs:  31%|███       | 7.86k/25.7k [02:56<06:39, 44.5doc/s]
  scidocs:  31%|███       | 7.86k/25.7k [02:56<06:38, 44.7doc/s]
  scidocs:  31%|███       | 7.87k/25.7k [02:56<06:42, 44.2doc/s]
  scidocs:  31%|███       | 7.88k/25.7k [02:56<06:47, 43.6doc/s]
  scidocs:  31%|███       | 7.89k/25.7k [02:56<06:49, 43.4doc/s]
  scidocs:  31%|███       | 7.90k/25.7k [02:57<06:48, 43.4doc/s]
  scidocs:  31%|███       | 7.90k/25.7k [02:57<06:48, 43.5doc/s]
  scidocs:  31%|███       | 7.91k/25.7k [02:57<06:43, 44.0doc/s]
  scidocs:  31%|███       | 7.92k/25.7k [02:57<06:42, 44.1doc/s]
  scidocs:  31%|███       | 7.93k/25.7k [02:57<06:40, 44.2doc/s]
  scidocs:  31%|███       | 7.94k/25.7k [02:57<06:39, 44.3doc/s]
  scidocs:  31%|███       | 7.94k/25.7k [02:58<06:39, 44.4doc/s]
  scidocs:  31%|███       | 7.95k/25.7k [02:58<06:40, 44.2doc/s]
  scidocs:  31%|███       | 7.96k/25.7k [02:58<06:39, 44.3doc/s]
  scidocs:  31%|███       | 7.97k/25.7k [02:58<06:38, 44.4doc/s]
  scidocs:  31%|███       | 7.98k/25.7k [02:58<06:36, 44.6doc/s]
  scidocs:  31%|███       | 7.98k/25.7k [02:59<06:34, 44.8doc/s]
  scidocs:  31%|███       | 7.99k/25.7k [02:59<06:32, 45.0doc/s]
  scidocs:  31%|███       | 8.00k/25.7k [02:59<06:32, 45.0doc/s]
  scidocs:  31%|███       | 8.01k/25.7k [02:59<06:32, 45.0doc/s]
  scidocs:  31%|███       | 8.02k/25.7k [02:59<06:33, 44.9doc/s]
  scidocs:  31%|███▏      | 8.02k/25.7k [02:59<06:35, 44.6doc/s]
  scidocs:  31%|███▏      | 8.03k/25.7k [03:00<06:34, 44.7doc/s]
  scidocs:  31%|███▏      | 8.04k/25.7k [03:00<06:33, 44.8doc/s]
  scidocs:  31%|███▏      | 8.05k/25.7k [03:00<06:34, 44.6doc/s]
  scidocs:  31%|███▏      | 8.06k/25.7k [03:00<06:35, 44.5doc/s]
  scidocs:  31%|███▏      | 8.06k/25.7k [03:00<06:36, 44.4doc/s]
  scidocs:  31%|███▏      | 8.07k/25.7k [03:01<06:36, 44.4doc/s]
  scidocs:  31%|███▏      | 8.08k/25.7k [03:01<06:35, 44.4doc/s]
  scidocs:  32%|███▏      | 8.09k/25.7k [03:01<06:36, 44.3doc/s]
  scidocs:  32%|███▏      | 8.10k/25.7k [03:01<06:36, 44.2doc/s]
  scidocs:  32%|███▏      | 8.10k/25.7k [03:01<06:36, 44.2doc/s]
  scidocs:  32%|███▏      | 8.11k/25.7k [03:01<06:44, 43.3doc/s]
  scidocs:  32%|███▏      | 8.12k/25.7k [03:02<06:51, 42.6doc/s]
  scidocs:  32%|███▏      | 8.13k/25.7k [03:02<06:48, 42.9doc/s]
  scidocs:  32%|███▏      | 8.14k/25.7k [03:02<06:46, 43.1doc/s]
  scidocs:  32%|███▏      | 8.14k/25.7k [03:02<06:42, 43.6doc/s]
  scidocs:  32%|███▏      | 8.15k/25.7k [03:02<06:38, 44.0doc/s]
  scidocs:  32%|███▏      | 8.16k/25.7k [03:03<06:36, 44.1doc/s]
  scidocs:  32%|███▏      | 8.17k/25.7k [03:03<06:35, 44.2doc/s]
  scidocs:  32%|███▏      | 8.18k/25.7k [03:03<06:37, 44.0doc/s]
  scidocs:  32%|███▏      | 8.18k/25.7k [03:03<06:34, 44.3doc/s]
  scidocs:  32%|███▏      | 8.19k/25.7k [03:03<06:32, 44.4doc/s]
  scidocs:  32%|███▏      | 8.20k/25.7k [03:03<06:31, 44.5doc/s]
  scidocs:  32%|███▏      | 8.21k/25.7k [03:04<06:31, 44.5doc/s]
  scidocs:  32%|███▏      | 8.22k/25.7k [03:04<06:31, 44.6doc/s]
  scidocs:  32%|███▏      | 8.22k/25.7k [03:04<06:30, 44.7doc/s]
  scidocs:  32%|███▏      | 8.23k/25.7k [03:04<06:30, 44.7doc/s]
  scidocs:  32%|███▏      | 8.24k/25.7k [03:04<06:30, 44.6doc/s]
  scidocs:  32%|███▏      | 8.25k/25.7k [03:05<06:31, 44.5doc/s]
  scidocs:  32%|███▏      | 8.26k/25.7k [03:05<06:32, 44.3doc/s]
  scidocs:  32%|███▏      | 8.26k/25.7k [03:05<06:33, 44.2doc/s]
  scidocs:  32%|███▏      | 8.27k/25.7k [03:05<06:35, 44.0doc/s]
  scidocs:  32%|███▏      | 8.28k/25.7k [03:05<06:34, 44.0doc/s]
  scidocs:  32%|███▏      | 8.29k/25.7k [03:05<06:31, 44.4doc/s]
  scidocs:  32%|███▏      | 8.30k/25.7k [03:06<06:29, 44.6doc/s]
  scidocs:  32%|███▏      | 8.30k/25.7k [03:06<06:27, 44.8doc/s]
  scidocs:  32%|███▏      | 8.31k/25.7k [03:06<06:24, 45.1doc/s]
  scidocs:  32%|███▏      | 8.32k/25.7k [03:06<06:23, 45.2doc/s]
  scidocs:  32%|███▏      | 8.33k/25.7k [03:06<06:22, 45.3doc/s]
  scidocs:  32%|███▏      | 8.34k/25.7k [03:06<06:21, 45.3doc/s]
  scidocs:  33%|███▎      | 8.34k/25.7k [03:07<06:23, 45.1doc/s]
  scidocs:  33%|███▎      | 8.35k/25.7k [03:07<06:24, 45.0doc/s]
  scidocs:  33%|███▎      | 8.36k/25.7k [03:07<06:27, 44.7doc/s]
  scidocs:  33%|███▎      | 8.37k/25.7k [03:07<06:29, 44.4doc/s]
  scidocs:  33%|███▎      | 8.38k/25.7k [03:07<06:27, 44.5doc/s]
  scidocs:  33%|███▎      | 8.38k/25.7k [03:08<06:26, 44.7doc/s]
  scidocs:  33%|███▎      | 8.39k/25.7k [03:08<06:27, 44.5doc/s]
  scidocs:  33%|███▎      | 8.40k/25.7k [03:08<06:29, 44.3doc/s]
  scidocs:  33%|███▎      | 8.41k/25.7k [03:08<06:30, 44.2doc/s]
  scidocs:  33%|███▎      | 8.42k/25.7k [03:08<06:30, 44.1doc/s]
  scidocs:  33%|███▎      | 8.42k/25.7k [03:08<06:30, 44.2doc/s]
  scidocs:  33%|███▎      | 8.43k/25.7k [03:09<06:31, 44.0doc/s]
  scidocs:  33%|███▎      | 8.44k/25.7k [03:09<06:31, 44.0doc/s]
  scidocs:  33%|███▎      | 8.45k/25.7k [03:09<06:32, 43.9doc/s]
  scidocs:  33%|███▎      | 8.46k/25.7k [03:09<06:30, 44.1doc/s]
  scidocs:  33%|███▎      | 8.46k/25.7k [03:09<06:30, 44.0doc/s]
  scidocs:  33%|███▎      | 8.47k/25.7k [03:10<06:27, 44.4doc/s]
  scidocs:  33%|███▎      | 8.48k/25.7k [03:10<06:34, 43.6doc/s]
  scidocs:  33%|███▎      | 8.49k/25.7k [03:10<06:43, 42.5doc/s]
  scidocs:  33%|███▎      | 8.50k/25.7k [03:10<06:43, 42.6doc/s]
  scidocs:  33%|███▎      | 8.50k/25.7k [03:10<06:40, 42.9doc/s]
  scidocs:  33%|███▎      | 8.51k/25.7k [03:11<06:35, 43.3doc/s]
  scidocs:  33%|███▎      | 8.52k/25.7k [03:11<06:31, 43.7doc/s]
  scidocs:  33%|███▎      | 8.53k/25.7k [03:11<06:29, 44.0doc/s]
  scidocs:  33%|███▎      | 8.54k/25.7k [03:11<06:28, 44.0doc/s]
  scidocs:  33%|███▎      | 8.54k/25.7k [03:11<06:27, 44.2doc/s]
  scidocs:  33%|███▎      | 8.55k/25.7k [03:11<06:23, 44.7doc/s]
  scidocs:  33%|███▎      | 8.56k/25.7k [03:12<06:20, 44.9doc/s]
  scidocs:  33%|███▎      | 8.57k/25.7k [03:12<06:19, 45.0doc/s]
  scidocs:  33%|███▎      | 8.58k/25.7k [03:12<06:20, 44.9doc/s]
  scidocs:  33%|███▎      | 8.58k/25.7k [03:12<06:22, 44.6doc/s]
  scidocs:  33%|███▎      | 8.59k/25.7k [03:12<06:32, 43.5doc/s]
  scidocs:  34%|███▎      | 8.60k/25.7k [03:13<06:36, 43.0doc/s]
  scidocs:  34%|███▎      | 8.61k/25.7k [03:13<06:36, 43.0doc/s]
  scidocs:  34%|███▎      | 8.62k/25.7k [03:13<06:32, 43.5doc/s]
  scidocs:  34%|███▎      | 8.62k/25.7k [03:13<06:26, 44.0doc/s]
  scidocs:  34%|███▎      | 8.63k/25.7k [03:13<06:31, 43.5doc/s]
  scidocs:  34%|███▎      | 8.64k/25.7k [03:13<06:34, 43.1doc/s]
  scidocs:  34%|███▎      | 8.65k/25.7k [03:14<06:32, 43.4doc/s]
  scidocs:  34%|███▎      | 8.66k/25.7k [03:14<06:30, 43.6doc/s]
  scidocs:  34%|███▍      | 8.66k/25.7k [03:14<06:27, 43.8doc/s]
  scidocs:  34%|███▍      | 8.67k/25.7k [03:14<06:26, 43.9doc/s]
  scidocs:  34%|███▍      | 8.68k/25.7k [03:14<06:25, 44.0doc/s]
  scidocs:  34%|███▍      | 8.69k/25.7k [03:15<06:22, 44.3doc/s]
  scidocs:  34%|███▍      | 8.70k/25.7k [03:15<06:20, 44.6doc/s]
  scidocs:  34%|███▍      | 8.70k/25.7k [03:15<06:26, 43.9doc/s]
  scidocs:  34%|███▍      | 8.71k/25.7k [03:15<06:33, 43.1doc/s]
  scidocs:  34%|███▍      | 8.72k/25.7k [03:15<06:33, 43.1doc/s]
  scidocs:  34%|███▍      | 8.73k/25.7k [03:15<06:30, 43.3doc/s]
  scidocs:  34%|███▍      | 8.74k/25.7k [03:16<06:26, 43.8doc/s]
  scidocs:  34%|███▍      | 8.74k/25.7k [03:16<06:19, 44.5doc/s]
  scidocs:  34%|███▍      | 8.75k/25.7k [03:16<06:18, 44.7doc/s]
  scidocs:  34%|███▍      | 8.76k/25.7k [03:16<06:16, 44.9doc/s]
  scidocs:  34%|███▍      | 8.77k/25.7k [03:16<06:15, 45.0doc/s]
  scidocs:  34%|███▍      | 8.78k/25.7k [03:16<06:15, 45.0doc/s]
  scidocs:  34%|███▍      | 8.78k/25.7k [03:17<06:20, 44.4doc/s]
  scidocs:  34%|███▍      | 8.79k/25.7k [03:17<06:22, 44.1doc/s]
  scidocs:  34%|███▍      | 8.80k/25.7k [03:17<06:24, 43.8doc/s]
  scidocs:  34%|███▍      | 8.81k/25.7k [03:17<06:23, 44.0doc/s]
  scidocs:  34%|███▍      | 8.82k/25.7k [03:17<06:20, 44.2doc/s]
  scidocs:  34%|███▍      | 8.82k/25.7k [03:18<06:19, 44.3doc/s]
  scidocs:  34%|███▍      | 8.83k/25.7k [03:18<06:18, 44.4doc/s]
  scidocs:  34%|███▍      | 8.84k/25.7k [03:18<06:17, 44.6doc/s]
  scidocs:  34%|███▍      | 8.85k/25.7k [03:18<06:17, 44.5doc/s]
  scidocs:  35%|███▍      | 8.86k/25.7k [03:18<06:18, 44.4doc/s]
  scidocs:  35%|███▍      | 8.86k/25.7k [03:18<06:17, 44.5doc/s]
  scidocs:  35%|███▍      | 8.87k/25.7k [03:19<06:15, 44.8doc/s]
  scidocs:  35%|███▍      | 8.88k/25.7k [03:19<06:12, 45.0doc/s]
  scidocs:  35%|███▍      | 8.89k/25.7k [03:19<06:12, 45.0doc/s]
  scidocs:  35%|███▍      | 8.90k/25.7k [03:19<06:11, 45.1doc/s]
  scidocs:  35%|███▍      | 8.90k/25.7k [03:19<06:13, 44.9doc/s]
  scidocs:  35%|███▍      | 8.91k/25.7k [03:20<06:12, 45.0doc/s]
  scidocs:  35%|███▍      | 8.92k/25.7k [03:20<06:14, 44.7doc/s]
  scidocs:  35%|███▍      | 8.93k/25.7k [03:20<06:17, 44.3doc/s]
  scidocs:  35%|███▍      | 8.94k/25.7k [03:20<06:17, 44.3doc/s]
  scidocs:  35%|███▍      | 8.94k/25.7k [03:20<06:15, 44.5doc/s]
  scidocs:  35%|███▍      | 8.95k/25.7k [03:20<06:15, 44.5doc/s]
  scidocs:  35%|███▍      | 8.96k/25.7k [03:21<06:15, 44.4doc/s]
  scidocs:  35%|███▍      | 8.97k/25.7k [03:21<06:15, 44.5doc/s]
  scidocs:  35%|███▍      | 8.98k/25.7k [03:21<06:15, 44.4doc/s]
  scidocs:  35%|███▌      | 8.98k/25.7k [03:21<06:15, 44.5doc/s]
  scidocs:  35%|███▌      | 8.99k/25.7k [03:21<06:13, 44.6doc/s]
  scidocs:  35%|███▌      | 9.00k/25.7k [03:22<06:12, 44.7doc/s]
  scidocs:  35%|███▌      | 9.01k/25.7k [03:22<06:20, 43.8doc/s]
  scidocs:  35%|███▌      | 9.02k/25.7k [03:22<06:22, 43.5doc/s]
  scidocs:  35%|███▌      | 9.02k/25.7k [03:22<06:22, 43.5doc/s]
  scidocs:  35%|███▌      | 9.03k/25.7k [03:22<06:22, 43.4doc/s]
  scidocs:  35%|███▌      | 9.04k/25.7k [03:22<06:20, 43.7doc/s]
  scidocs:  35%|███▌      | 9.05k/25.7k [03:23<06:18, 43.9doc/s]
  scidocs:  35%|███▌      | 9.06k/25.7k [03:23<06:14, 44.3doc/s]
  scidocs:  35%|███▌      | 9.06k/25.7k [03:23<06:12, 44.6doc/s]
  scidocs:  35%|███▌      | 9.07k/25.7k [03:23<06:15, 44.2doc/s]
  scidocs:  35%|███▌      | 9.08k/25.7k [03:23<06:22, 43.4doc/s]
  scidocs:  35%|███▌      | 9.09k/25.7k [03:24<06:24, 43.1doc/s]
  scidocs:  35%|███▌      | 9.10k/25.7k [03:24<06:26, 42.9doc/s]
  scidocs:  35%|███▌      | 9.10k/25.7k [03:24<06:21, 43.4doc/s]
  scidocs:  36%|███▌      | 9.11k/25.7k [03:24<06:15, 44.0doc/s]
  scidocs:  36%|███▌      | 9.12k/25.7k [03:24<06:13, 44.2doc/s]
  scidocs:  36%|███▌      | 9.13k/25.7k [03:24<06:13, 44.3doc/s]
  scidocs:  36%|███▌      | 9.14k/25.7k [03:25<06:12, 44.4doc/s]
  scidocs:  36%|███▌      | 9.14k/25.7k [03:25<06:12, 44.4doc/s]
  scidocs:  36%|███▌      | 9.15k/25.7k [03:25<06:11, 44.4doc/s]
  scidocs:  36%|███▌      | 9.16k/25.7k [03:25<06:11, 44.4doc/s]
  scidocs:  36%|███▌      | 9.17k/25.7k [03:25<06:11, 44.4doc/s]
  scidocs:  36%|███▌      | 9.18k/25.7k [03:26<06:08, 44.7doc/s]
  scidocs:  36%|███▌      | 9.18k/25.7k [03:26<06:13, 44.1doc/s]
  scidocs:  36%|███▌      | 9.19k/25.7k [03:26<06:15, 43.8doc/s]
  scidocs:  36%|███▌      | 9.20k/25.7k [03:26<06:16, 43.7doc/s]
  scidocs:  36%|███▌      | 9.21k/25.7k [03:26<06:15, 43.8doc/s]
  scidocs:  36%|███▌      | 9.22k/25.7k [03:26<06:11, 44.2doc/s]
  scidocs:  36%|███▌      | 9.22k/25.7k [03:27<06:09, 44.4doc/s]
  scidocs:  36%|███▌      | 9.23k/25.7k [03:27<06:08, 44.6doc/s]
  scidocs:  36%|███▌      | 9.24k/25.7k [03:27<06:09, 44.4doc/s]
  scidocs:  36%|███▌      | 9.25k/25.7k [03:27<06:09, 44.4doc/s]
  scidocs:  36%|███▌      | 9.26k/25.7k [03:27<06:09, 44.4doc/s]
  scidocs:  36%|███▌      | 9.26k/25.7k [03:28<06:08, 44.5doc/s]
  scidocs:  36%|███▌      | 9.27k/25.7k [03:28<06:06, 44.7doc/s]
  scidocs:  36%|███▌      | 9.28k/25.7k [03:28<06:02, 45.1doc/s]
  scidocs:  36%|███▌      | 9.29k/25.7k [03:28<06:00, 45.3doc/s]
  scidocs:  36%|███▌      | 9.30k/25.7k [03:28<06:00, 45.4doc/s]
  scidocs:  36%|███▋      | 9.30k/25.7k [03:28<06:00, 45.3doc/s]
  scidocs:  36%|███▋      | 9.31k/25.7k [03:29<06:02, 45.0doc/s]
  scidocs:  36%|███▋      | 9.32k/25.7k [03:29<06:05, 44.7doc/s]
  scidocs:  36%|███▋      | 9.33k/25.7k [03:29<06:07, 44.4doc/s]
  scidocs:  36%|███▋      | 9.34k/25.7k [03:29<06:08, 44.3doc/s]
  scidocs:  36%|███▋      | 9.34k/25.7k [03:29<06:06, 44.5doc/s]
  scidocs:  36%|███▋      | 9.35k/25.7k [03:29<06:06, 44.5doc/s]
  scidocs:  36%|███▋      | 9.36k/25.7k [03:30<06:04, 44.7doc/s]
  scidocs:  37%|███▋      | 9.37k/25.7k [03:30<06:05, 44.6doc/s]
  scidocs:  37%|███▋      | 9.38k/25.7k [03:30<06:10, 43.9doc/s]
  scidocs:  37%|███▋      | 9.38k/25.7k [03:30<06:17, 43.2doc/s]
  scidocs:  37%|███▋      | 9.39k/25.7k [03:30<06:17, 43.1doc/s]
  scidocs:  37%|███▋      | 9.40k/25.7k [03:31<06:17, 43.1doc/s]
  scidocs:  37%|███▋      | 9.41k/25.7k [03:31<06:16, 43.2doc/s]
  scidocs:  37%|███▋      | 9.42k/25.7k [03:31<06:17, 43.0doc/s]
  scidocs:  37%|███▋      | 9.42k/25.7k [03:31<06:11, 43.6doc/s]
  scidocs:  37%|███▋      | 9.43k/25.7k [03:31<06:09, 43.9doc/s]
  scidocs:  37%|███▋      | 9.44k/25.7k [03:32<06:09, 43.9doc/s]
  scidocs:  37%|███▋      | 9.45k/25.7k [03:32<06:07, 44.1doc/s]
  scidocs:  37%|███▋      | 9.46k/25.7k [03:32<06:06, 44.2doc/s]
  scidocs:  37%|███▋      | 9.46k/25.7k [03:32<06:06, 44.2doc/s]
  scidocs:  37%|███▋      | 9.47k/25.7k [03:32<06:05, 44.2doc/s]
  scidocs:  37%|███▋      | 9.48k/25.7k [03:32<06:04, 44.4doc/s]
  scidocs:  37%|███▋      | 9.49k/25.7k [03:33<06:02, 44.7doc/s]
  scidocs:  37%|███▋      | 9.50k/25.7k [03:33<06:00, 44.8doc/s]
  scidocs:  37%|███▋      | 9.50k/25.7k [03:33<06:00, 44.9doc/s]
  scidocs:  37%|███▋      | 9.51k/25.7k [03:33<05:59, 44.9doc/s]
  scidocs:  37%|███▋      | 9.52k/25.7k [03:33<06:08, 43.8doc/s]
  scidocs:  37%|███▋      | 9.53k/25.7k [03:34<06:15, 43.0doc/s]
  scidocs:  37%|███▋      | 9.54k/25.7k [03:34<06:17, 42.7doc/s]
  scidocs:  37%|███▋      | 9.54k/25.7k [03:34<06:13, 43.1doc/s]
  scidocs:  37%|███▋      | 9.55k/25.7k [03:34<06:09, 43.6doc/s]
  scidocs:  37%|███▋      | 9.56k/25.7k [03:34<06:03, 44.2doc/s]
  scidocs:  37%|███▋      | 9.57k/25.7k [03:34<06:00, 44.7doc/s]
  scidocs:  37%|███▋      | 9.58k/25.7k [03:35<05:58, 44.9doc/s]
  scidocs:  37%|███▋      | 9.58k/25.7k [03:35<05:57, 44.9doc/s]
  scidocs:  37%|███▋      | 9.59k/25.7k [03:35<06:00, 44.6doc/s]
  scidocs:  37%|███▋      | 9.60k/25.7k [03:35<05:59, 44.6doc/s]
  scidocs:  37%|███▋      | 9.61k/25.7k [03:35<06:00, 44.6doc/s]
  scidocs:  37%|███▋      | 9.62k/25.7k [03:35<06:01, 44.4doc/s]
  scidocs:  38%|███▊      | 9.62k/25.7k [03:36<06:01, 44.3doc/s]
  scidocs:  38%|███▊      | 9.63k/25.7k [03:36<06:00, 44.5doc/s]
  scidocs:  38%|███▊      | 9.64k/25.7k [03:36<06:00, 44.5doc/s]
  scidocs:  38%|███▊      | 9.65k/25.7k [03:36<05:59, 44.6doc/s]
  scidocs:  38%|███▊      | 9.66k/25.7k [03:36<05:58, 44.7doc/s]
  scidocs:  38%|███▊      | 9.66k/25.7k [03:37<05:59, 44.5doc/s]
  scidocs:  38%|███▊      | 9.67k/25.7k [03:37<05:59, 44.4doc/s]
  scidocs:  38%|███▊      | 9.68k/25.7k [03:37<05:58, 44.5doc/s]
  scidocs:  38%|███▊      | 9.69k/25.7k [03:37<05:57, 44.7doc/s]
  scidocs:  38%|███▊      | 9.70k/25.7k [03:37<06:00, 44.2doc/s]
  scidocs:  38%|███▊      | 9.70k/25.7k [03:37<06:01, 44.1doc/s]
  scidocs:  38%|███▊      | 9.71k/25.7k [03:38<06:02, 44.0doc/s]
  scidocs:  38%|███▊      | 9.72k/25.7k [03:38<05:59, 44.4doc/s]
  scidocs:  38%|███▊      | 9.73k/25.7k [03:38<05:57, 44.6doc/s]
  scidocs:  38%|███▊      | 9.74k/25.7k [03:38<05:56, 44.6doc/s]
  scidocs:  38%|███▊      | 9.74k/25.7k [03:38<05:57, 44.5doc/s]
  scidocs:  38%|███▊      | 9.75k/25.7k [03:39<05:59, 44.2doc/s]
  scidocs:  38%|███▊      | 9.76k/25.7k [03:39<06:00, 44.1doc/s]
  scidocs:  38%|███▊      | 9.77k/25.7k [03:39<06:02, 43.8doc/s]
  scidocs:  38%|███▊      | 9.78k/25.7k [03:39<06:02, 43.8doc/s]
  scidocs:  38%|███▊      | 9.78k/25.7k [03:39<06:02, 43.8doc/s]
  scidocs:  38%|███▊      | 9.79k/25.7k [03:39<06:00, 44.1doc/s]
  scidocs:  38%|███▊      | 9.80k/25.7k [03:40<05:58, 44.3doc/s]
  scidocs:  38%|███▊      | 9.81k/25.7k [03:40<05:57, 44.3doc/s]
  scidocs:  38%|███▊      | 9.82k/25.7k [03:40<05:57, 44.3doc/s]
  scidocs:  38%|███▊      | 9.82k/25.7k [03:40<05:57, 44.3doc/s]
  scidocs:  38%|███▊      | 9.83k/25.7k [03:40<05:55, 44.5doc/s]
  scidocs:  38%|███▊      | 9.84k/25.7k [03:41<05:56, 44.4doc/s]
  scidocs:  38%|███▊      | 9.85k/25.7k [03:41<05:56, 44.4doc/s]
  scidocs:  38%|███▊      | 9.86k/25.7k [03:41<05:53, 44.8doc/s]
  scidocs:  38%|███▊      | 9.86k/25.7k [03:41<05:51, 44.9doc/s]
  scidocs:  38%|███▊      | 9.87k/25.7k [03:41<05:51, 44.9doc/s]
  scidocs:  39%|███▊      | 9.88k/25.7k [03:41<05:51, 44.9doc/s]
  scidocs:  39%|███▊      | 9.89k/25.7k [03:42<05:53, 44.6doc/s]
  scidocs:  39%|███▊      | 9.90k/25.7k [03:42<06:01, 43.6doc/s]
  scidocs:  39%|███▊      | 9.90k/25.7k [03:42<06:04, 43.2doc/s]
  scidocs:  39%|███▊      | 9.91k/25.7k [03:42<06:03, 43.3doc/s]
  scidocs:  39%|███▊      | 9.92k/25.7k [03:42<05:59, 43.8doc/s]
  scidocs:  39%|███▊      | 9.93k/25.7k [03:43<05:55, 44.2doc/s]
  scidocs:  39%|███▊      | 9.94k/25.7k [03:43<05:59, 43.7doc/s]
  scidocs:  39%|███▉      | 9.94k/25.7k [03:43<06:05, 43.0doc/s]
  scidocs:  39%|███▉      | 9.95k/25.7k [03:43<06:04, 43.1doc/s]
  scidocs:  39%|███▉      | 9.96k/25.7k [03:43<06:01, 43.4doc/s]
  scidocs:  39%|███▉      | 9.97k/25.7k [03:43<05:59, 43.7doc/s]
  scidocs:  39%|███▉      | 9.98k/25.7k [03:44<05:59, 43.6doc/s]
  scidocs:  39%|███▉      | 9.98k/25.7k [03:44<05:57, 43.8doc/s]
  scidocs:  39%|███▉      | 9.99k/25.7k [03:44<05:56, 44.0doc/s]
  scidocs:  39%|███▉      | 10.0k/25.7k [03:44<05:55, 44.0doc/s]
  scidocs:  39%|███▉      | 10.0k/25.7k [03:44<05:59, 43.5doc/s]
  scidocs:  39%|███▉      | 10.0k/25.7k [03:45<05:58, 43.7doc/s]
  scidocs:  39%|███▉      | 10.0k/25.7k [03:45<05:58, 43.6doc/s]
  scidocs:  39%|███▉      | 10.0k/25.7k [03:45<05:57, 43.7doc/s]
  scidocs:  39%|███▉      | 10.0k/25.7k [03:45<05:56, 43.9doc/s]
  scidocs:  39%|███▉      | 10.0k/25.7k [03:45<05:53, 44.2doc/s]
  scidocs:  39%|███▉      | 10.1k/25.7k [03:45<05:52, 44.3doc/s]
  scidocs:  39%|███▉      | 10.1k/25.7k [03:46<05:54, 43.9doc/s]
  scidocs:  39%|███▉      | 10.1k/25.7k [03:46<05:55, 43.8doc/s]
  scidocs:  39%|███▉      | 10.1k/25.7k [03:46<05:54, 44.0doc/s]
  scidocs:  39%|███▉      | 10.1k/25.7k [03:46<05:55, 43.8doc/s]
  scidocs:  39%|███▉      | 10.1k/25.7k [03:46<05:54, 43.9doc/s]
  scidocs:  39%|███▉      | 10.1k/25.7k [03:47<05:52, 44.1doc/s]
  scidocs:  39%|███▉      | 10.1k/25.7k [03:47<05:53, 43.9doc/s]
  scidocs:  39%|███▉      | 10.1k/25.7k [03:47<05:52, 44.1doc/s]
  scidocs:  39%|███▉      | 10.1k/25.7k [03:47<05:51, 44.2doc/s]
  scidocs:  40%|███▉      | 10.1k/25.7k [03:47<05:50, 44.3doc/s]
  scidocs:  40%|███▉      | 10.1k/25.7k [03:47<05:50, 44.3doc/s]
  scidocs:  40%|███▉      | 10.2k/25.7k [03:48<05:48, 44.4doc/s]
  scidocs:  40%|███▉      | 10.2k/25.7k [03:48<05:48, 44.5doc/s]
  scidocs:  40%|███▉      | 10.2k/25.7k [03:48<05:49, 44.3doc/s]
  scidocs:  40%|███▉      | 10.2k/25.7k [03:48<05:50, 44.2doc/s]
  scidocs:  40%|███▉      | 10.2k/25.7k [03:48<05:50, 44.1doc/s]
  scidocs:  40%|███▉      | 10.2k/25.7k [03:49<05:57, 43.3doc/s]
  scidocs:  40%|███▉      | 10.2k/25.7k [03:49<05:57, 43.2doc/s]
  scidocs:  40%|███▉      | 10.2k/25.7k [03:49<05:54, 43.6doc/s]
  scidocs:  40%|███▉      | 10.2k/25.7k [03:49<05:52, 43.9doc/s]
  scidocs:  40%|███▉      | 10.2k/25.7k [03:49<05:50, 44.0doc/s]
  scidocs:  40%|███▉      | 10.2k/25.7k [03:49<05:49, 44.1doc/s]
  scidocs:  40%|███▉      | 10.2k/25.7k [03:50<05:47, 44.3doc/s]
  scidocs:  40%|███▉      | 10.2k/25.7k [03:50<05:46, 44.5doc/s]
  scidocs:  40%|███▉      | 10.3k/25.7k [03:50<05:43, 44.8doc/s]
  scidocs:  40%|████      | 10.3k/25.7k [03:50<05:44, 44.7doc/s]
  scidocs:  40%|████      | 10.3k/25.7k [03:50<05:44, 44.7doc/s]
  scidocs:  40%|████      | 10.3k/25.7k [03:51<05:45, 44.6doc/s]
  scidocs:  40%|████      | 10.3k/25.7k [03:51<05:45, 44.5doc/s]
  scidocs:  40%|████      | 10.3k/25.7k [03:51<05:45, 44.5doc/s]
  scidocs:  40%|████      | 10.3k/25.7k [03:51<05:44, 44.5doc/s]
  scidocs:  40%|████      | 10.3k/25.7k [03:51<05:43, 44.7doc/s]
  scidocs:  40%|████      | 10.3k/25.7k [03:51<05:41, 44.9doc/s]
  scidocs:  40%|████      | 10.3k/25.7k [03:52<05:40, 45.0doc/s]
  scidocs:  40%|████      | 10.3k/25.7k [03:52<05:40, 45.0doc/s]
  scidocs:  40%|████      | 10.3k/25.7k [03:52<05:39, 45.1doc/s]
  scidocs:  40%|████      | 10.4k/25.7k [03:52<05:41, 44.8doc/s]
  scidocs:  40%|████      | 10.4k/25.7k [03:52<05:42, 44.7doc/s]
  scidocs:  40%|████      | 10.4k/25.7k [03:52<05:43, 44.5doc/s]
  scidocs:  40%|████      | 10.4k/25.7k [03:53<05:43, 44.5doc/s]
  scidocs:  40%|████      | 10.4k/25.7k [03:53<05:45, 44.2doc/s]
  scidocs:  41%|████      | 10.4k/25.7k [03:53<05:45, 44.2doc/s]
  scidocs:  41%|████      | 10.4k/25.7k [03:53<05:45, 44.2doc/s]
  scidocs:  41%|████      | 10.4k/25.7k [03:53<05:45, 44.2doc/s]
  scidocs:  41%|████      | 10.4k/25.7k [03:54<05:46, 44.0doc/s]
  scidocs:  41%|████      | 10.4k/25.7k [03:54<05:45, 44.1doc/s]
  scidocs:  41%|████      | 10.4k/25.7k [03:54<05:43, 44.4doc/s]
  scidocs:  41%|████      | 10.4k/25.7k [03:54<05:43, 44.3doc/s]
  scidocs:  41%|████      | 10.4k/25.7k [03:54<05:44, 44.1doc/s]
  scidocs:  41%|████      | 10.5k/25.7k [03:54<05:43, 44.2doc/s]
  scidocs:  41%|████      | 10.5k/25.7k [03:55<05:44, 44.1doc/s]
  scidocs:  41%|████      | 10.5k/25.7k [03:55<05:43, 44.2doc/s]
  scidocs:  41%|████      | 10.5k/25.7k [03:55<05:42, 44.3doc/s]
  scidocs:  41%|████      | 10.5k/25.7k [03:55<05:43, 44.2doc/s]
  scidocs:  41%|████      | 10.5k/25.7k [03:55<05:43, 44.2doc/s]
  scidocs:  41%|████      | 10.5k/25.7k [03:56<05:42, 44.2doc/s]
  scidocs:  41%|████      | 10.5k/25.7k [03:56<05:40, 44.5doc/s]
  scidocs:  41%|████      | 10.5k/25.7k [03:56<05:39, 44.5doc/s]
  scidocs:  41%|████      | 10.5k/25.7k [03:56<05:45, 43.8doc/s]
  scidocs:  41%|████      | 10.5k/25.7k [03:56<05:50, 43.2doc/s]
  scidocs:  41%|████      | 10.5k/25.7k [03:56<05:48, 43.4doc/s]
  scidocs:  41%|████      | 10.6k/25.7k [03:57<05:47, 43.5doc/s]
  scidocs:  41%|████      | 10.6k/25.7k [03:57<05:46, 43.6doc/s]
  scidocs:  41%|████      | 10.6k/25.7k [03:57<05:47, 43.4doc/s]
  scidocs:  41%|████      | 10.6k/25.7k [03:57<05:45, 43.7doc/s]
  scidocs:  41%|████▏     | 10.6k/25.7k [03:57<05:45, 43.6doc/s]
  scidocs:  41%|████▏     | 10.6k/25.7k [03:58<05:43, 43.8doc/s]
  scidocs:  41%|████▏     | 10.6k/25.7k [03:58<05:43, 43.9doc/s]
  scidocs:  41%|████▏     | 10.6k/25.7k [03:58<05:41, 44.0doc/s]
  scidocs:  41%|████▏     | 10.6k/25.7k [03:58<05:43, 43.8doc/s]
  scidocs:  41%|████▏     | 10.6k/25.7k [03:58<05:44, 43.6doc/s]
  scidocs:  41%|████▏     | 10.6k/25.7k [03:59<05:41, 44.0doc/s]
  scidocs:  41%|████▏     | 10.6k/25.7k [03:59<05:47, 43.3doc/s]
  scidocs:  42%|████▏     | 10.6k/25.7k [03:59<05:50, 42.9doc/s]
  scidocs:  42%|████▏     | 10.7k/25.7k [03:59<05:49, 42.9doc/s]
  scidocs:  42%|████▏     | 10.7k/25.7k [03:59<05:45, 43.4doc/s]
  scidocs:  42%|████▏     | 10.7k/25.7k [03:59<05:42, 43.8doc/s]
  scidocs:  42%|████▏     | 10.7k/25.7k [04:00<05:40, 44.0doc/s]
  scidocs:  42%|████▏     | 10.7k/25.7k [04:00<05:39, 44.1doc/s]
  scidocs:  42%|████▏     | 10.7k/25.7k [04:00<05:39, 44.1doc/s]
  scidocs:  42%|████▏     | 10.7k/25.7k [04:00<05:40, 43.9doc/s]
  scidocs:  42%|████▏     | 10.7k/25.7k [04:00<05:40, 43.8doc/s]
  scidocs:  42%|████▏     | 10.7k/25.7k [04:01<05:40, 43.9doc/s]
  scidocs:  42%|████▏     | 10.7k/25.7k [04:01<05:39, 44.0doc/s]
  scidocs:  42%|████▏     | 10.7k/25.7k [04:01<05:38, 44.1doc/s]
  scidocs:  42%|████▏     | 10.7k/25.7k [04:01<05:37, 44.2doc/s]
  scidocs:  42%|████▏     | 10.8k/25.7k [04:01<05:39, 44.0doc/s]
  scidocs:  42%|████▏     | 10.8k/25.7k [04:01<05:38, 44.0doc/s]
  scidocs:  42%|████▏     | 10.8k/25.7k [04:02<05:37, 44.1doc/s]
  scidocs:  42%|████▏     | 10.8k/25.7k [04:02<05:35, 44.3doc/s]
  scidocs:  42%|████▏     | 10.8k/25.7k [04:02<05:39, 43.8doc/s]
  scidocs:  42%|████▏     | 10.8k/25.7k [04:02<05:44, 43.2doc/s]
  scidocs:  42%|████▏     | 10.8k/25.7k [04:02<05:43, 43.3doc/s]
  scidocs:  42%|████▏     | 10.8k/25.7k [04:03<05:40, 43.6doc/s]
  scidocs:  42%|████▏     | 10.8k/25.7k [04:03<05:39, 43.7doc/s]
  scidocs:  42%|████▏     | 10.8k/25.7k [04:03<05:36, 44.0doc/s]
  scidocs:  42%|████▏     | 10.8k/25.7k [04:03<05:35, 44.3doc/s]
  scidocs:  42%|████▏     | 10.8k/25.7k [04:03<05:33, 44.5doc/s]
  scidocs:  42%|████▏     | 10.8k/25.7k [04:03<05:31, 44.7doc/s]
  scidocs:  42%|████▏     | 10.9k/25.7k [04:04<05:34, 44.3doc/s]
  scidocs:  42%|████▏     | 10.9k/25.7k [04:04<05:36, 43.9doc/s]
  scidocs:  42%|████▏     | 10.9k/25.7k [04:04<05:36, 43.9doc/s]
  scidocs:  42%|████▏     | 10.9k/25.7k [04:04<05:36, 43.9doc/s]
  scidocs:  42%|████▏     | 10.9k/25.7k [04:04<05:35, 44.1doc/s]
  scidocs:  42%|████▏     | 10.9k/25.7k [04:05<05:34, 44.1doc/s]
  scidocs:  42%|████▏     | 10.9k/25.7k [04:05<05:33, 44.3doc/s]
  scidocs:  43%|████▎     | 10.9k/25.7k [04:05<05:32, 44.3doc/s]
  scidocs:  43%|████▎     | 10.9k/25.7k [04:05<05:31, 44.4doc/s]
  scidocs:  43%|████▎     | 10.9k/25.7k [04:05<05:35, 43.9doc/s]
  scidocs:  43%|████▎     | 10.9k/25.7k [04:05<05:37, 43.6doc/s]
  scidocs:  43%|████▎     | 10.9k/25.7k [04:06<05:38, 43.5doc/s]
  scidocs:  43%|████▎     | 11.0k/25.7k [04:06<05:36, 43.8doc/s]
  scidocs:  43%|████▎     | 11.0k/25.7k [04:06<05:32, 44.2doc/s]
  scidocs:  43%|████▎     | 11.0k/25.7k [04:06<05:28, 44.7doc/s]
  scidocs:  43%|████▎     | 11.0k/25.7k [04:06<05:28, 44.7doc/s]
  scidocs:  43%|████▎     | 11.0k/25.7k [04:07<05:32, 44.1doc/s]
  scidocs:  43%|████▎     | 11.0k/25.7k [04:07<05:31, 44.2doc/s]
  scidocs:  43%|████▎     | 11.0k/25.7k [04:07<05:32, 44.1doc/s]
  scidocs:  43%|████▎     | 11.0k/25.7k [04:07<05:31, 44.2doc/s]
  scidocs:  43%|████▎     | 11.0k/25.7k [04:07<05:30, 44.3doc/s]
  scidocs:  43%|████▎     | 11.0k/25.7k [04:07<05:30, 44.3doc/s]
  scidocs:  43%|████▎     | 11.0k/25.7k [04:08<05:31, 44.1doc/s]
  scidocs:  43%|████▎     | 11.0k/25.7k [04:08<05:31, 44.2doc/s]
  scidocs:  43%|████▎     | 11.0k/25.7k [04:08<05:29, 44.3doc/s]
  scidocs:  43%|████▎     | 11.1k/25.7k [04:08<05:26, 44.7doc/s]
  scidocs:  43%|████▎     | 11.1k/25.7k [04:08<05:25, 44.9doc/s]
  scidocs:  43%|████▎     | 11.1k/25.7k [04:08<05:24, 44.9doc/s]
  scidocs:  43%|████▎     | 11.1k/25.7k [04:09<05:27, 44.5doc/s]
  scidocs:  43%|████▎     | 11.1k/25.7k [04:09<05:30, 44.1doc/s]
  scidocs:  43%|████▎     | 11.1k/25.7k [04:09<05:29, 44.2doc/s]
  scidocs:  43%|████▎     | 11.1k/25.7k [04:09<05:27, 44.4doc/s]
  scidocs:  43%|████▎     | 11.1k/25.7k [04:09<05:27, 44.5doc/s]
  scidocs:  43%|████▎     | 11.1k/25.7k [04:10<05:26, 44.5doc/s]
  scidocs:  43%|████▎     | 11.1k/25.7k [04:10<05:27, 44.4doc/s]
  scidocs:  43%|████▎     | 11.1k/25.7k [04:10<05:27, 44.3doc/s]
  scidocs:  43%|████▎     | 11.1k/25.7k [04:10<05:26, 44.4doc/s]
  scidocs:  43%|████▎     | 11.2k/25.7k [04:10<05:25, 44.6doc/s]
  scidocs:  43%|████▎     | 11.2k/25.7k [04:10<05:22, 45.0doc/s]
  scidocs:  44%|████▎     | 11.2k/25.7k [04:11<05:21, 45.1doc/s]
  scidocs:  44%|████▎     | 11.2k/25.7k [04:11<05:22, 45.0doc/s]
  scidocs:  44%|████▎     | 11.2k/25.7k [04:11<05:20, 45.1doc/s]
  scidocs:  44%|████▎     | 11.2k/25.7k [04:11<05:26, 44.3doc/s]
  scidocs:  44%|████▎     | 11.2k/25.7k [04:11<05:31, 43.6doc/s]
  scidocs:  44%|████▎     | 11.2k/25.7k [04:12<05:31, 43.6doc/s]
  scidocs:  44%|████▎     | 11.2k/25.7k [04:12<05:33, 43.2doc/s]
  scidocs:  44%|████▎     | 11.2k/25.7k [04:12<05:33, 43.3doc/s]
  scidocs:  44%|████▍     | 11.2k/25.7k [04:12<05:29, 43.8doc/s]
  scidocs:  44%|████▍     | 11.2k/25.7k [04:12<05:26, 44.2doc/s]
  scidocs:  44%|████▍     | 11.2k/25.7k [04:12<05:25, 44.3doc/s]
  scidocs:  44%|████▍     | 11.3k/25.7k [04:13<05:24, 44.3doc/s]
  scidocs:  44%|████▍     | 11.3k/25.7k [04:13<05:25, 44.3doc/s]
  scidocs:  44%|████▍     | 11.3k/25.7k [04:13<05:25, 44.2doc/s]
  scidocs:  44%|████▍     | 11.3k/25.7k [04:13<05:24, 44.3doc/s]
  scidocs:  44%|████▍     | 11.3k/25.7k [04:13<05:23, 44.4doc/s]
  scidocs:  44%|████▍     | 11.3k/25.7k [04:14<05:23, 44.4doc/s]
  scidocs:  44%|████▍     | 11.3k/25.7k [04:14<05:30, 43.5doc/s]
  scidocs:  44%|████▍     | 11.3k/25.7k [04:14<05:29, 43.5doc/s]
  scidocs:  44%|████▍     | 11.3k/25.7k [04:14<05:30, 43.4doc/s]
  scidocs:  44%|████▍     | 11.3k/25.7k [04:14<05:30, 43.4doc/s]
  scidocs:  44%|████▍     | 11.3k/25.7k [04:14<05:27, 43.7doc/s]
  scidocs:  44%|████▍     | 11.3k/25.7k [04:15<05:27, 43.7doc/s]
  scidocs:  44%|████▍     | 11.4k/25.7k [04:15<05:28, 43.5doc/s]
  scidocs:  44%|████▍     | 11.4k/25.7k [04:15<05:28, 43.5doc/s]
  scidocs:  44%|████▍     | 11.4k/25.7k [04:15<05:25, 43.9doc/s]
  scidocs:  44%|████▍     | 11.4k/25.7k [04:15<05:24, 44.1doc/s]
  scidocs:  44%|████▍     | 11.4k/25.7k [04:16<05:27, 43.6doc/s]
  scidocs:  44%|████▍     | 11.4k/25.7k [04:16<05:25, 43.8doc/s]
  scidocs:  44%|████▍     | 11.4k/25.7k [04:16<05:24, 44.0doc/s]
  scidocs:  44%|████▍     | 11.4k/25.7k [04:16<05:22, 44.2doc/s]
  scidocs:  44%|████▍     | 11.4k/25.7k [04:16<05:26, 43.6doc/s]
  scidocs:  45%|████▍     | 11.4k/25.7k [04:16<05:29, 43.2doc/s]
  scidocs:  45%|████▍     | 11.4k/25.7k [04:17<05:28, 43.4doc/s]
  scidocs:  45%|████▍     | 11.4k/25.7k [04:17<05:25, 43.7doc/s]
  scidocs:  45%|████▍     | 11.4k/25.7k [04:17<05:24, 43.8doc/s]
  scidocs:  45%|████▍     | 11.5k/25.7k [04:17<05:30, 43.0doc/s]
  scidocs:  45%|████▍     | 11.5k/25.7k [04:17<05:32, 42.6doc/s]
  scidocs:  45%|████▍     | 11.5k/25.7k [04:18<05:31, 42.8doc/s]
  scidocs:  45%|████▍     | 11.5k/25.7k [04:18<05:26, 43.4doc/s]
  scidocs:  45%|████▍     | 11.5k/25.7k [04:18<05:22, 43.9doc/s]
  scidocs:  45%|████▍     | 11.5k/25.7k [04:18<05:19, 44.3doc/s]
  scidocs:  45%|████▍     | 11.5k/25.7k [04:18<05:16, 44.7doc/s]
  scidocs:  45%|████▍     | 11.5k/25.7k [04:18<05:15, 44.9doc/s]
  scidocs:  45%|████▍     | 11.5k/25.7k [04:19<05:16, 44.7doc/s]
  scidocs:  45%|████▍     | 11.5k/25.7k [04:19<05:25, 43.4doc/s]
  scidocs:  45%|████▍     | 11.5k/25.7k [04:19<05:28, 42.9doc/s]
  scidocs:  45%|████▍     | 11.5k/25.7k [04:19<05:27, 43.1doc/s]
  scidocs:  45%|████▌     | 11.6k/25.7k [04:19<05:27, 43.1doc/s]
  scidocs:  45%|████▌     | 11.6k/25.7k [04:20<05:25, 43.3doc/s]
  scidocs:  45%|████▌     | 11.6k/25.7k [04:20<05:23, 43.6doc/s]
  scidocs:  45%|████▌     | 11.6k/25.7k [04:20<05:21, 43.8doc/s]
  scidocs:  45%|████▌     | 11.6k/25.7k [04:20<05:20, 43.9doc/s]
  scidocs:  45%|████▌     | 11.6k/25.7k [04:20<05:17, 44.3doc/s]
  scidocs:  45%|████▌     | 11.6k/25.7k [04:21<05:15, 44.6doc/s]
  scidocs:  45%|████▌     | 11.6k/25.7k [04:21<05:20, 43.9doc/s]
  scidocs:  45%|████▌     | 11.6k/25.7k [04:21<05:20, 43.8doc/s]
  scidocs:  45%|████▌     | 11.6k/25.7k [04:21<05:20, 43.8doc/s]
  scidocs:  45%|████▌     | 11.6k/25.7k [04:21<05:18, 44.0doc/s]
  scidocs:  45%|████▌     | 11.6k/25.7k [04:21<05:16, 44.3doc/s]
  scidocs:  45%|████▌     | 11.6k/25.7k [04:22<05:14, 44.5doc/s]
  scidocs:  45%|████▌     | 11.7k/25.7k [04:22<05:14, 44.5doc/s]
  scidocs:  45%|████▌     | 11.7k/25.7k [04:22<05:14, 44.5doc/s]
  scidocs:  45%|████▌     | 11.7k/25.7k [04:22<05:14, 44.5doc/s]
  scidocs:  46%|████▌     | 11.7k/25.7k [04:22<05:16, 44.2doc/s]
  scidocs:  46%|████▌     | 11.7k/25.7k [04:23<05:17, 44.0doc/s]
  scidocs:  46%|████▌     | 11.7k/25.7k [04:23<05:18, 43.8doc/s]
  scidocs:  46%|████▌     | 11.7k/25.7k [04:23<05:17, 43.9doc/s]
  scidocs:  46%|████▌     | 11.7k/25.7k [04:23<05:21, 43.4doc/s]
  scidocs:  46%|████▌     | 11.7k/25.7k [04:23<05:26, 42.7doc/s]
  scidocs:  46%|████▌     | 11.7k/25.7k [04:23<05:25, 42.8doc/s]
  scidocs:  46%|████▌     | 11.7k/25.7k [04:24<05:21, 43.2doc/s]
  scidocs:  46%|████▌     | 11.7k/25.7k [04:24<05:18, 43.6doc/s]
  scidocs:  46%|████▌     | 11.8k/25.7k [04:24<05:13, 44.3doc/s]
  scidocs:  46%|████▌     | 11.8k/25.7k [04:24<05:12, 44.5doc/s]
  scidocs:  46%|████▌     | 11.8k/25.7k [04:24<05:12, 44.4doc/s]
  scidocs:  46%|████▌     | 11.8k/25.7k [04:25<05:11, 44.6doc/s]
  scidocs:  46%|████▌     | 11.8k/25.7k [04:25<05:16, 43.9doc/s]
  scidocs:  46%|████▌     | 11.8k/25.7k [04:25<05:20, 43.3doc/s]
  scidocs:  46%|████▌     | 11.8k/25.7k [04:25<05:22, 43.0doc/s]
  scidocs:  46%|████▌     | 11.8k/25.7k [04:25<05:20, 43.2doc/s]
  scidocs:  46%|████▌     | 11.8k/25.7k [04:25<05:15, 43.8doc/s]
  scidocs:  46%|████▌     | 11.8k/25.7k [04:26<05:12, 44.3doc/s]
  scidocs:  46%|████▌     | 11.8k/25.7k [04:26<05:09, 44.6doc/s]
  scidocs:  46%|████▌     | 11.8k/25.7k [04:26<05:07, 44.9doc/s]
  scidocs:  46%|████▌     | 11.8k/25.7k [04:26<05:09, 44.7doc/s]
  scidocs:  46%|████▌     | 11.9k/25.7k [04:26<05:10, 44.4doc/s]
  scidocs:  46%|████▌     | 11.9k/25.7k [04:27<05:14, 43.9doc/s]
  scidocs:  46%|████▋     | 11.9k/25.7k [04:27<05:15, 43.7doc/s]
  scidocs:  46%|████▋     | 11.9k/25.7k [04:27<05:13, 43.9doc/s]
  scidocs:  46%|████▋     | 11.9k/25.7k [04:27<05:12, 44.0doc/s]
  scidocs:  46%|████▋     | 11.9k/25.7k [04:27<05:17, 43.4doc/s]
  scidocs:  46%|████▋     | 11.9k/25.7k [04:27<05:18, 43.2doc/s]
  scidocs:  46%|████▋     | 11.9k/25.7k [04:28<05:16, 43.4doc/s]
  scidocs:  46%|████▋     | 11.9k/25.7k [04:28<05:15, 43.5doc/s]
  scidocs:  46%|████▋     | 11.9k/25.7k [04:28<05:12, 44.0doc/s]
  scidocs:  47%|████▋     | 11.9k/25.7k [04:28<05:11, 44.0doc/s]
  scidocs:  47%|████▋     | 11.9k/25.7k [04:28<05:09, 44.2doc/s]
  scidocs:  47%|████▋     | 12.0k/25.7k [04:29<05:09, 44.3doc/s]
  scidocs:  47%|████▋     | 12.0k/25.7k [04:29<05:07, 44.5doc/s]
  scidocs:  47%|████▋     | 12.0k/25.7k [04:29<05:08, 44.4doc/s]
  scidocs:  47%|████▋     | 12.0k/25.7k [04:29<05:07, 44.5doc/s]
  scidocs:  47%|████▋     | 12.0k/25.7k [04:29<05:07, 44.5doc/s]
  scidocs:  47%|████▋     | 12.0k/25.7k [04:29<05:06, 44.5doc/s]
  scidocs:  47%|████▋     | 12.0k/25.7k [04:30<05:06, 44.5doc/s]
  scidocs:  47%|████▋     | 12.0k/25.7k [04:30<05:05, 44.6doc/s]
  scidocs:  47%|████▋     | 12.0k/25.7k [04:30<05:06, 44.5doc/s]
  scidocs:  47%|████▋     | 12.0k/25.7k [04:30<05:07, 44.3doc/s]
  scidocs:  47%|████▋     | 12.0k/25.7k [04:30<05:07, 44.3doc/s]
  scidocs:  47%|████▋     | 12.0k/25.7k [04:31<05:07, 44.2doc/s]
  scidocs:  47%|████▋     | 12.0k/25.7k [04:31<05:07, 44.2doc/s]
  scidocs:  47%|████▋     | 12.1k/25.7k [04:31<05:06, 44.4doc/s]
  scidocs:  47%|████▋     | 12.1k/25.7k [04:31<05:07, 44.2doc/s]
  scidocs:  47%|████▋     | 12.1k/25.7k [04:31<05:09, 43.9doc/s]
  scidocs:  47%|████▋     | 12.1k/25.7k [04:31<05:10, 43.8doc/s]
  scidocs:  47%|████▋     | 12.1k/25.7k [04:32<05:10, 43.7doc/s]
  scidocs:  47%|████▋     | 12.1k/25.7k [04:32<05:08, 44.0doc/s]
  scidocs:  47%|████▋     | 12.1k/25.7k [04:32<05:05, 44.3doc/s]
  scidocs:  47%|████▋     | 12.1k/25.7k [04:32<05:05, 44.4doc/s]
  scidocs:  47%|████▋     | 12.1k/25.7k [04:32<05:05, 44.4doc/s]
  scidocs:  47%|████▋     | 12.1k/25.7k [04:33<05:04, 44.4doc/s]
  scidocs:  47%|████▋     | 12.1k/25.7k [04:33<05:05, 44.3doc/s]
  scidocs:  47%|████▋     | 12.1k/25.7k [04:33<05:04, 44.4doc/s]
  scidocs:  47%|████▋     | 12.2k/25.7k [04:33<05:05, 44.3doc/s]
  scidocs:  47%|████▋     | 12.2k/25.7k [04:33<05:06, 44.1doc/s]
  scidocs:  47%|████▋     | 12.2k/25.7k [04:33<05:05, 44.2doc/s]
  scidocs:  47%|████▋     | 12.2k/25.7k [04:34<05:04, 44.2doc/s]
  scidocs:  47%|████▋     | 12.2k/25.7k [04:34<05:03, 44.3doc/s]
  scidocs:  48%|████▊     | 12.2k/25.7k [04:34<05:03, 44.4doc/s]
  scidocs:  48%|████▊     | 12.2k/25.7k [04:34<05:03, 44.4doc/s]
  scidocs:  48%|████▊     | 12.2k/25.7k [04:34<05:01, 44.6doc/s]
  scidocs:  48%|████▊     | 12.2k/25.7k [04:34<05:01, 44.6doc/s]
  scidocs:  48%|████▊     | 12.2k/25.7k [04:35<05:01, 44.6doc/s]
  scidocs:  48%|████▊     | 12.2k/25.7k [04:35<04:59, 44.8doc/s]
  scidocs:  48%|████▊     | 12.2k/25.7k [04:35<04:57, 45.0doc/s]
  scidocs:  48%|████▊     | 12.2k/25.7k [04:35<04:58, 44.9doc/s]
  scidocs:  48%|████▊     | 12.3k/25.7k [04:35<04:57, 45.0doc/s]
  scidocs:  48%|████▊     | 12.3k/25.7k [04:36<05:01, 44.4doc/s]
  scidocs:  48%|████▊     | 12.3k/25.7k [04:36<05:07, 43.5doc/s]
  scidocs:  48%|████▊     | 12.3k/25.7k [04:36<05:07, 43.4doc/s]
  scidocs:  48%|████▊     | 12.3k/25.7k [04:36<05:09, 43.2doc/s]
  scidocs:  48%|████▊     | 12.3k/25.7k [04:36<05:08, 43.2doc/s]
  scidocs:  48%|████▊     | 12.3k/25.7k [04:36<05:07, 43.5doc/s]
  scidocs:  48%|████▊     | 12.3k/25.7k [04:37<05:12, 42.8doc/s]
  scidocs:  48%|████▊     | 12.3k/25.7k [04:37<05:14, 42.4doc/s]
  scidocs:  48%|████▊     | 12.3k/25.7k [04:37<05:12, 42.6doc/s]
  scidocs:  48%|████▊     | 12.3k/25.7k [04:37<05:09, 43.1doc/s]
  scidocs:  48%|████▊     | 12.3k/25.7k [04:37<05:03, 43.8doc/s]
  scidocs:  48%|████▊     | 12.4k/25.7k [04:38<04:59, 44.4doc/s]
  scidocs:  48%|████▊     | 12.4k/25.7k [04:38<04:57, 44.8doc/s]
  scidocs:  48%|████▊     | 12.4k/25.7k [04:38<04:56, 44.8doc/s]
  scidocs:  48%|████▊     | 12.4k/25.7k [04:38<04:56, 44.8doc/s]
  scidocs:  48%|████▊     | 12.4k/25.7k [04:38<05:02, 43.9doc/s]
  scidocs:  48%|████▊     | 12.4k/25.7k [04:39<05:04, 43.6doc/s]
  scidocs:  48%|████▊     | 12.4k/25.7k [04:39<05:03, 43.6doc/s]
  scidocs:  48%|████▊     | 12.4k/25.7k [04:39<05:02, 43.8doc/s]
  scidocs:  48%|████▊     | 12.4k/25.7k [04:39<05:00, 44.1doc/s]
  scidocs:  48%|████▊     | 12.4k/25.7k [04:39<04:58, 44.3doc/s]
  scidocs:  48%|████▊     | 12.4k/25.7k [04:39<04:58, 44.4doc/s]
  scidocs:  48%|████▊     | 12.4k/25.7k [04:40<04:56, 44.5doc/s]
  scidocs:  49%|████▊     | 12.4k/25.7k [04:40<04:58, 44.3doc/s]
  scidocs:  49%|████▊     | 12.5k/25.7k [04:40<05:04, 43.4doc/s]
  scidocs:  49%|████▊     | 12.5k/25.7k [04:40<05:05, 43.2doc/s]
  scidocs:  49%|████▊     | 12.5k/25.7k [04:40<05:04, 43.3doc/s]
  scidocs:  49%|████▊     | 12.5k/25.7k [04:41<05:01, 43.7doc/s]
  scidocs:  49%|████▊     | 12.5k/25.7k [04:41<04:59, 44.0doc/s]
  scidocs:  49%|████▊     | 12.5k/25.7k [04:41<04:58, 44.0doc/s]
  scidocs:  49%|████▊     | 12.5k/25.7k [04:41<04:57, 44.2doc/s]
  scidocs:  49%|████▉     | 12.5k/25.7k [04:41<04:56, 44.3doc/s]
  scidocs:  49%|████▉     | 12.5k/25.7k [04:41<04:56, 44.3doc/s]
  scidocs:  49%|████▉     | 12.5k/25.7k [04:42<05:03, 43.3doc/s]
  scidocs:  49%|████▉     | 12.5k/25.7k [04:42<05:07, 42.6doc/s]
  scidocs:  49%|████▉     | 12.5k/25.7k [04:42<05:06, 42.8doc/s]
  scidocs:  49%|████▉     | 12.6k/25.7k [04:42<05:02, 43.3doc/s]
  scidocs:  49%|████▉     | 12.6k/25.7k [04:42<04:58, 43.9doc/s]
  scidocs:  49%|████▉     | 12.6k/25.7k [04:43<04:54, 44.5doc/s]
  scidocs:  49%|████▉     | 12.6k/25.7k [04:43<04:52, 44.7doc/s]
  scidocs:  49%|████▉     | 12.6k/25.7k [04:43<04:51, 44.9doc/s]
  scidocs:  49%|████▉     | 12.6k/25.7k [04:43<04:51, 44.9doc/s]
  scidocs:  49%|████▉     | 12.6k/25.7k [04:43<04:57, 43.9doc/s]
  scidocs:  49%|████▉     | 12.6k/25.7k [04:43<05:01, 43.3doc/s]
  scidocs:  49%|████▉     | 12.6k/25.7k [04:44<04:59, 43.6doc/s]
  scidocs:  49%|████▉     | 12.6k/25.7k [04:44<04:58, 43.7doc/s]
  scidocs:  49%|████▉     | 12.6k/25.7k [04:44<04:54, 44.2doc/s]
  scidocs:  49%|████▉     | 12.6k/25.7k [04:44<04:54, 44.2doc/s]
  scidocs:  49%|████▉     | 12.6k/25.7k [04:44<04:56, 43.9doc/s]
  scidocs:  49%|████▉     | 12.7k/25.7k [04:45<04:56, 43.8doc/s]
  scidocs:  49%|████▉     | 12.7k/25.7k [04:45<04:56, 43.8doc/s]
  scidocs:  49%|████▉     | 12.7k/25.7k [04:45<04:55, 43.9doc/s]
  scidocs:  49%|████▉     | 12.7k/25.7k [04:45<04:54, 44.0doc/s]
  scidocs:  49%|████▉     | 12.7k/25.7k [04:45<04:55, 43.9doc/s]
  scidocs:  49%|████▉     | 12.7k/25.7k [04:45<04:56, 43.6doc/s]
  scidocs:  50%|████▉     | 12.7k/25.7k [04:46<04:55, 43.8doc/s]
  scidocs:  50%|████▉     | 12.7k/25.7k [04:46<04:59, 43.2doc/s]
  scidocs:  50%|████▉     | 12.7k/25.7k [04:46<05:02, 42.7doc/s]
  scidocs:  50%|████▉     | 12.7k/25.7k [04:46<05:01, 42.8doc/s]
  scidocs:  50%|████▉     | 12.7k/25.7k [04:46<05:00, 43.0doc/s]
  scidocs:  50%|████▉     | 12.7k/25.7k [04:47<04:57, 43.4doc/s]
  scidocs:  50%|████▉     | 12.8k/25.7k [04:47<04:56, 43.5doc/s]
  scidocs:  50%|████▉     | 12.8k/25.7k [04:47<05:02, 42.6doc/s]
  scidocs:  50%|████▉     | 12.8k/25.7k [04:47<05:04, 42.3doc/s]
  scidocs:  50%|████▉     | 12.8k/25.7k [04:47<05:04, 42.3doc/s]
  scidocs:  50%|████▉     | 12.8k/25.7k [04:47<05:00, 42.9doc/s]
  scidocs:  50%|████▉     | 12.8k/25.7k [04:48<04:54, 43.7doc/s]
  scidocs:  50%|████▉     | 12.8k/25.7k [04:48<04:50, 44.3doc/s]
  scidocs:  50%|████▉     | 12.8k/25.7k [04:48<04:47, 44.6doc/s]
  scidocs:  50%|████▉     | 12.8k/25.7k [04:48<04:48, 44.5doc/s]
  scidocs:  50%|████▉     | 12.8k/25.7k [04:48<04:48, 44.5doc/s]
  scidocs:  50%|█████     | 12.8k/25.7k [04:49<04:47, 44.7doc/s]
  scidocs:  50%|█████     | 12.8k/25.7k [04:49<04:46, 44.7doc/s]
  scidocs:  50%|█████     | 12.8k/25.7k [04:49<04:47, 44.6doc/s]
  scidocs:  50%|█████     | 12.9k/25.7k [04:49<04:50, 44.1doc/s]
  scidocs:  50%|█████     | 12.9k/25.7k [04:49<04:50, 44.0doc/s]
  scidocs:  50%|█████     | 12.9k/25.7k [04:49<04:51, 43.8doc/s]
  scidocs:  50%|█████     | 12.9k/25.7k [04:50<04:50, 43.9doc/s]
  scidocs:  50%|█████     | 12.9k/25.7k [04:50<04:49, 44.1doc/s]
  scidocs:  50%|█████     | 12.9k/25.7k [04:50<04:47, 44.4doc/s]
  scidocs:  50%|█████     | 12.9k/25.7k [04:50<04:47, 44.4doc/s]
  scidocs:  50%|█████     | 12.9k/25.7k [04:50<04:45, 44.6doc/s]
  scidocs:  50%|█████     | 12.9k/25.7k [04:51<04:45, 44.6doc/s]
  scidocs:  50%|█████     | 12.9k/25.7k [04:51<04:51, 43.6doc/s]
  scidocs:  50%|█████     | 12.9k/25.7k [04:51<04:56, 42.9doc/s]
  scidocs:  50%|█████     | 12.9k/25.7k [04:51<04:58, 42.6doc/s]
  scidocs:  50%|█████     | 13.0k/25.7k [04:51<04:56, 42.8doc/s]
  scidocs:  51%|█████     | 13.0k/25.7k [04:51<04:54, 43.1doc/s]
  scidocs:  51%|█████     | 13.0k/25.7k [04:52<04:52, 43.4doc/s]
  scidocs:  51%|█████     | 13.0k/25.7k [04:52<04:49, 43.9doc/s]
  scidocs:  51%|█████     | 13.0k/25.7k [04:52<04:47, 44.1doc/s]
  scidocs:  51%|█████     | 13.0k/25.7k [04:52<04:46, 44.2doc/s]
  scidocs:  51%|█████     | 13.0k/25.7k [04:52<04:45, 44.3doc/s]
  scidocs:  51%|█████     | 13.0k/25.7k [04:53<04:44, 44.4doc/s]
  scidocs:  51%|█████     | 13.0k/25.7k [04:53<04:46, 44.1doc/s]
  scidocs:  51%|█████     | 13.0k/25.7k [04:53<04:46, 44.2doc/s]
  scidocs:  51%|█████     | 13.0k/25.7k [04:53<04:44, 44.3doc/s]
  scidocs:  51%|█████     | 13.0k/25.7k [04:53<04:43, 44.5doc/s]
  scidocs:  51%|█████     | 13.0k/25.7k [04:53<04:49, 43.5doc/s]
  scidocs:  51%|█████     | 13.1k/25.7k [04:54<04:51, 43.3doc/s]
  scidocs:  51%|█████     | 13.1k/25.7k [04:54<04:51, 43.2doc/s]
  scidocs:  51%|█████     | 13.1k/25.7k [04:54<04:51, 43.1doc/s]
  scidocs:  51%|█████     | 13.1k/25.7k [04:54<04:49, 43.5doc/s]
  scidocs:  51%|█████     | 13.1k/25.7k [04:54<04:47, 43.8doc/s]
  scidocs:  51%|█████     | 13.1k/25.7k [04:55<04:46, 43.8doc/s]
  scidocs:  51%|█████     | 13.1k/25.7k [04:55<04:45, 43.9doc/s]
  scidocs:  51%|█████     | 13.1k/25.7k [04:55<04:44, 44.1doc/s]
  scidocs:  51%|█████     | 13.1k/25.7k [04:55<04:44, 44.0doc/s]
  scidocs:  51%|█████     | 13.1k/25.7k [04:55<04:51, 43.0doc/s]
  scidocs:  51%|█████     | 13.1k/25.7k [04:55<04:50, 43.1doc/s]
  scidocs:  51%|█████     | 13.1k/25.7k [04:56<04:48, 43.4doc/s]
  scidocs:  51%|█████▏    | 13.2k/25.7k [04:56<04:45, 43.8doc/s]
  scidocs:  51%|█████▏    | 13.2k/25.7k [04:56<04:43, 44.0doc/s]
  scidocs:  51%|█████▏    | 13.2k/25.7k [04:56<04:42, 44.2doc/s]
  scidocs:  51%|█████▏    | 13.2k/25.7k [04:56<04:41, 44.3doc/s]
  scidocs:  51%|█████▏    | 13.2k/25.7k [04:57<04:40, 44.4doc/s]
  scidocs:  51%|█████▏    | 13.2k/25.7k [04:57<04:39, 44.6doc/s]
  scidocs:  51%|█████▏    | 13.2k/25.7k [04:57<04:39, 44.6doc/s]
  scidocs:  51%|█████▏    | 13.2k/25.7k [04:57<04:39, 44.5doc/s]
  scidocs:  52%|█████▏    | 13.2k/25.7k [04:57<04:41, 44.3doc/s]
  scidocs:  52%|█████▏    | 13.2k/25.7k [04:57<04:42, 44.1doc/s]
  scidocs:  52%|█████▏    | 13.2k/25.7k [04:58<04:43, 43.8doc/s]
  scidocs:  52%|█████▏    | 13.2k/25.7k [04:58<04:44, 43.7doc/s]
  scidocs:  52%|█████▏    | 13.2k/25.7k [04:58<04:42, 43.9doc/s]
  scidocs:  52%|█████▏    | 13.3k/25.7k [04:58<04:42, 43.9doc/s]
  scidocs:  52%|█████▏    | 13.3k/25.7k [04:58<04:42, 43.9doc/s]
  scidocs:  52%|█████▏    | 13.3k/25.7k [04:59<04:42, 43.8doc/s]
  scidocs:  52%|█████▏    | 13.3k/25.7k [04:59<04:44, 43.6doc/s]
  scidocs:  52%|█████▏    | 13.3k/25.7k [04:59<04:43, 43.6doc/s]
  scidocs:  52%|█████▏    | 13.3k/25.7k [04:59<04:40, 44.1doc/s]
  scidocs:  52%|█████▏    | 13.3k/25.7k [04:59<04:45, 43.3doc/s]
  scidocs:  52%|█████▏    | 13.3k/25.7k [05:00<04:48, 42.8doc/s]
  scidocs:  52%|█████▏    | 13.3k/25.7k [05:00<04:47, 43.0doc/s]
  scidocs:  52%|█████▏    | 13.3k/25.7k [05:00<04:45, 43.3doc/s]
  scidocs:  52%|█████▏    | 13.3k/25.7k [05:00<04:43, 43.4doc/s]
  scidocs:  52%|█████▏    | 13.3k/25.7k [05:00<04:42, 43.5doc/s]
  scidocs:  52%|█████▏    | 13.4k/25.7k [05:00<04:41, 43.7doc/s]
  scidocs:  52%|█████▏    | 13.4k/25.7k [05:01<04:40, 43.8doc/s]
  scidocs:  52%|█████▏    | 13.4k/25.7k [05:01<04:39, 44.0doc/s]
  scidocs:  52%|█████▏    | 13.4k/25.7k [05:01<04:37, 44.2doc/s]
  scidocs:  52%|█████▏    | 13.4k/25.7k [05:01<04:37, 44.2doc/s]
  scidocs:  52%|█████▏    | 13.4k/25.7k [05:01<04:37, 44.2doc/s]
  scidocs:  52%|█████▏    | 13.4k/25.7k [05:02<04:38, 44.0doc/s]
  scidocs:  52%|█████▏    | 13.4k/25.7k [05:02<04:37, 44.1doc/s]
  scidocs:  52%|█████▏    | 13.4k/25.7k [05:02<04:36, 44.2doc/s]
  scidocs:  52%|█████▏    | 13.4k/25.7k [05:02<04:35, 44.4doc/s]
  scidocs:  52%|█████▏    | 13.4k/25.7k [05:02<04:36, 44.3doc/s]
  scidocs:  52%|█████▏    | 13.4k/25.7k [05:02<04:34, 44.5doc/s]
  scidocs:  52%|█████▏    | 13.4k/25.7k [05:03<04:38, 43.9doc/s]
  scidocs:  52%|█████▏    | 13.5k/25.7k [05:03<04:40, 43.4doc/s]
  scidocs:  52%|█████▏    | 13.5k/25.7k [05:03<04:41, 43.3doc/s]
  scidocs:  53%|█████▎    | 13.5k/25.7k [05:03<04:41, 43.3doc/s]
  scidocs:  53%|█████▎    | 13.5k/25.7k [05:03<04:40, 43.4doc/s]
  scidocs:  53%|█████▎    | 13.5k/25.7k [05:04<04:38, 43.6doc/s]
  scidocs:  53%|█████▎    | 13.5k/25.7k [05:04<04:36, 43.9doc/s]
  scidocs:  53%|█████▎    | 13.5k/25.7k [05:04<04:35, 44.1doc/s]
  scidocs:  53%|█████▎    | 13.5k/25.7k [05:04<04:34, 44.2doc/s]
  scidocs:  53%|█████▎    | 13.5k/25.7k [05:04<04:34, 44.1doc/s]
  scidocs:  53%|█████▎    | 13.5k/25.7k [05:04<04:34, 44.2doc/s]
  scidocs:  53%|█████▎    | 13.5k/25.7k [05:05<04:33, 44.3doc/s]
  scidocs:  53%|█████▎    | 13.5k/25.7k [05:05<04:32, 44.5doc/s]
  scidocs:  53%|█████▎    | 13.6k/25.7k [05:05<04:32, 44.4doc/s]
  scidocs:  53%|█████▎    | 13.6k/25.7k [05:05<04:39, 43.3doc/s]
  scidocs:  53%|█████▎    | 13.6k/25.7k [05:05<04:41, 43.0doc/s]
  scidocs:  53%|█████▎    | 13.6k/25.7k [05:06<04:39, 43.2doc/s]
  scidocs:  53%|█████▎    | 13.6k/25.7k [05:06<04:38, 43.4doc/s]
  scidocs:  53%|█████▎    | 13.6k/25.7k [05:06<04:36, 43.7doc/s]
  scidocs:  53%|█████▎    | 13.6k/25.7k [05:06<04:37, 43.4doc/s]
  scidocs:  53%|█████▎    | 13.6k/25.7k [05:06<04:40, 42.9doc/s]
  scidocs:  53%|█████▎    | 13.6k/25.7k [05:06<04:39, 43.1doc/s]
  scidocs:  53%|█████▎    | 13.6k/25.7k [05:07<04:37, 43.3doc/s]
  scidocs:  53%|█████▎    | 13.6k/25.7k [05:07<04:35, 43.6doc/s]
  scidocs:  53%|█████▎    | 13.6k/25.7k [05:07<04:31, 44.2doc/s]
  scidocs:  53%|█████▎    | 13.6k/25.7k [05:07<04:30, 44.4doc/s]
  scidocs:  53%|█████▎    | 13.7k/25.7k [05:07<04:30, 44.3doc/s]
  scidocs:  53%|█████▎    | 13.7k/25.7k [05:08<04:29, 44.6doc/s]
  scidocs:  53%|█████▎    | 13.7k/25.7k [05:08<04:34, 43.6doc/s]
  scidocs:  53%|█████▎    | 13.7k/25.7k [05:08<04:39, 42.9doc/s]
  scidocs:  53%|█████▎    | 13.7k/25.7k [05:08<04:41, 42.6doc/s]
  scidocs:  53%|█████▎    | 13.7k/25.7k [05:08<04:38, 43.0doc/s]
  scidocs:  53%|█████▎    | 13.7k/25.7k [05:08<04:35, 43.3doc/s]
  scidocs:  53%|█████▎    | 13.7k/25.7k [05:09<04:31, 43.9doc/s]
  scidocs:  53%|█████▎    | 13.7k/25.7k [05:09<04:28, 44.5doc/s]
  scidocs:  54%|█████▎    | 13.7k/25.7k [05:09<04:27, 44.6doc/s]
  scidocs:  54%|█████▎    | 13.7k/25.7k [05:09<04:27, 44.6doc/s]
  scidocs:  54%|█████▎    | 13.7k/25.7k [05:09<04:31, 43.9doc/s]
  scidocs:  54%|█████▎    | 13.8k/25.7k [05:10<04:36, 43.1doc/s]
  scidocs:  54%|█████▎    | 13.8k/25.7k [05:10<04:36, 43.0doc/s]
  scidocs:  54%|█████▎    | 13.8k/25.7k [05:10<04:34, 43.3doc/s]
  scidocs:  54%|█████▎    | 13.8k/25.7k [05:10<04:34, 43.3doc/s]
  scidocs:  54%|█████▎    | 13.8k/25.7k [05:10<04:31, 43.7doc/s]
  scidocs:  54%|█████▍    | 13.8k/25.7k [05:10<04:29, 44.0doc/s]
  scidocs:  54%|█████▍    | 13.8k/25.7k [05:11<04:27, 44.4doc/s]
  scidocs:  54%|█████▍    | 13.8k/25.7k [05:11<04:27, 44.4doc/s]
  scidocs:  54%|█████▍    | 13.8k/25.7k [05:11<04:24, 44.7doc/s]
  scidocs:  54%|█████▍    | 13.8k/25.7k [05:11<04:26, 44.5doc/s]
  scidocs:  54%|█████▍    | 13.8k/25.7k [05:11<04:27, 44.1doc/s]
  scidocs:  54%|█████▍    | 13.8k/25.7k [05:12<04:28, 44.0doc/s]
  scidocs:  54%|█████▍    | 13.8k/25.7k [05:12<04:28, 44.0doc/s]
  scidocs:  54%|█████▍    | 13.9k/25.7k [05:12<04:28, 44.0doc/s]
  scidocs:  54%|█████▍    | 13.9k/25.7k [05:12<04:32, 43.2doc/s]
  scidocs:  54%|█████▍    | 13.9k/25.7k [05:12<04:34, 42.9doc/s]
  scidocs:  54%|█████▍    | 13.9k/25.7k [05:12<04:32, 43.2doc/s]
  scidocs:  54%|█████▍    | 13.9k/25.7k [05:13<04:31, 43.4doc/s]
  scidocs:  54%|█████▍    | 13.9k/25.7k [05:13<04:30, 43.5doc/s]
  scidocs:  54%|█████▍    | 13.9k/25.7k [05:13<04:29, 43.6doc/s]
  scidocs:  54%|█████▍    | 13.9k/25.7k [05:13<04:28, 43.8doc/s]
  scidocs:  54%|█████▍    | 13.9k/25.7k [05:13<04:27, 43.9doc/s]
  scidocs:  54%|█████▍    | 13.9k/25.7k [05:14<04:26, 44.0doc/s]
  scidocs:  54%|█████▍    | 13.9k/25.7k [05:14<04:26, 43.9doc/s]
  scidocs:  54%|█████▍    | 13.9k/25.7k [05:14<04:25, 44.1doc/s]
  scidocs:  54%|█████▍    | 14.0k/25.7k [05:14<04:25, 44.1doc/s]
  scidocs:  54%|█████▍    | 14.0k/25.7k [05:14<04:25, 44.0doc/s]
  scidocs:  54%|█████▍    | 14.0k/25.7k [05:14<04:26, 43.9doc/s]
  scidocs:  54%|█████▍    | 14.0k/25.7k [05:15<04:26, 43.9doc/s]
  scidocs:  55%|█████▍    | 14.0k/25.7k [05:15<04:25, 43.9doc/s]
  scidocs:  55%|█████▍    | 14.0k/25.7k [05:15<04:26, 43.8doc/s]
  scidocs:  55%|█████▍    | 14.0k/25.7k [05:15<04:25, 44.0doc/s]
  scidocs:  55%|█████▍    | 14.0k/25.7k [05:15<04:25, 43.8doc/s]
  scidocs:  55%|█████▍    | 14.0k/25.7k [05:16<04:24, 43.9doc/s]
  scidocs:  55%|█████▍    | 14.0k/25.7k [05:16<04:24, 43.9doc/s]
  scidocs:  55%|█████▍    | 14.0k/25.7k [05:16<04:24, 44.0doc/s]
  scidocs:  55%|█████▍    | 14.0k/25.7k [05:16<04:23, 44.1doc/s]
  scidocs:  55%|█████▍    | 14.0k/25.7k [05:16<04:24, 43.9doc/s]
  scidocs:  55%|█████▍    | 14.1k/25.7k [05:16<04:23, 44.0doc/s]
  scidocs:  55%|█████▍    | 14.1k/25.7k [05:17<04:24, 43.9doc/s]
  scidocs:  55%|█████▍    | 14.1k/25.7k [05:17<04:24, 43.9doc/s]
  scidocs:  55%|█████▍    | 14.1k/25.7k [05:17<04:23, 43.9doc/s]
  scidocs:  55%|█████▍    | 14.1k/25.7k [05:17<04:23, 44.0doc/s]
  scidocs:  55%|█████▍    | 14.1k/25.7k [05:17<04:22, 44.1doc/s]
  scidocs:  55%|█████▍    | 14.1k/25.7k [05:18<04:22, 44.0doc/s]
  scidocs:  55%|█████▌    | 14.1k/25.7k [05:18<04:22, 44.0doc/s]
  scidocs:  55%|█████▌    | 14.1k/25.7k [05:18<04:23, 43.8doc/s]
  scidocs:  55%|█████▌    | 14.1k/25.7k [05:18<04:22, 44.0doc/s]
  scidocs:  55%|█████▌    | 14.1k/25.7k [05:18<04:22, 43.8doc/s]
  scidocs:  55%|█████▌    | 14.1k/25.7k [05:18<04:22, 43.9doc/s]
  scidocs:  55%|█████▌    | 14.2k/25.7k [05:19<04:22, 43.8doc/s]
  scidocs:  55%|█████▌    | 14.2k/25.7k [05:19<04:23, 43.7doc/s]
  scidocs:  55%|█████▌    | 14.2k/25.7k [05:19<04:22, 43.8doc/s]
  scidocs:  55%|█████▌    | 14.2k/25.7k [05:19<04:21, 43.9doc/s]
  scidocs:  55%|█████▌    | 14.2k/25.7k [05:19<04:21, 43.8doc/s]
  scidocs:  55%|█████▌    | 14.2k/25.7k [05:20<04:20, 44.0doc/s]
  scidocs:  55%|█████▌    | 14.2k/25.7k [05:20<04:20, 44.0doc/s]
  scidocs:  55%|█████▌    | 14.2k/25.7k [05:20<04:19, 44.0doc/s]
  scidocs:  55%|█████▌    | 14.2k/25.7k [05:20<04:20, 44.0doc/s]
  scidocs:  55%|█████▌    | 14.2k/25.7k [05:20<04:19, 44.0doc/s]
  scidocs:  55%|█████▌    | 14.2k/25.7k [05:20<04:20, 43.9doc/s]
  scidocs:  56%|█████▌    | 14.2k/25.7k [05:21<04:19, 44.0doc/s]
  scidocs:  56%|█████▌    | 14.2k/25.7k [05:21<04:19, 43.9doc/s]
  scidocs:  56%|█████▌    | 14.3k/25.7k [05:21<04:19, 43.9doc/s]
  scidocs:  56%|█████▌    | 14.3k/25.7k [05:21<04:18, 44.0doc/s]
  scidocs:  56%|█████▌    | 14.3k/25.7k [05:21<04:18, 44.1doc/s]
  scidocs:  56%|█████▌    | 14.3k/25.7k [05:22<04:17, 44.1doc/s]
  scidocs:  56%|█████▌    | 14.3k/25.7k [05:22<04:18, 44.0doc/s]
  scidocs:  56%|█████▌    | 14.3k/25.7k [05:22<04:18, 44.0doc/s]
  scidocs:  56%|█████▌    | 14.3k/25.7k [05:22<04:17, 44.2doc/s]
  scidocs:  56%|█████▌    | 14.3k/25.7k [05:22<04:17, 44.0doc/s]
  scidocs:  56%|█████▌    | 14.3k/25.7k [05:22<04:17, 44.0doc/s]
  scidocs:  56%|█████▌    | 14.3k/25.7k [05:23<04:18, 43.9doc/s]
  scidocs:  56%|█████▌    | 14.3k/25.7k [05:23<04:17, 43.9doc/s]
  scidocs:  56%|█████▌    | 14.3k/25.7k [05:23<04:18, 43.8doc/s]
  scidocs:  56%|█████▌    | 14.4k/25.7k [05:23<04:18, 43.8doc/s]
  scidocs:  56%|█████▌    | 14.4k/25.7k [05:23<04:18, 43.8doc/s]
  scidocs:  56%|█████▌    | 14.4k/25.7k [05:24<04:17, 43.8doc/s]
  scidocs:  56%|█████▌    | 14.4k/25.7k [05:24<04:17, 43.8doc/s]
  scidocs:  56%|█████▌    | 14.4k/25.7k [05:24<04:17, 43.7doc/s]
  scidocs:  56%|█████▌    | 14.4k/25.7k [05:24<04:18, 43.6doc/s]
  scidocs:  56%|█████▌    | 14.4k/25.7k [05:24<04:16, 44.0doc/s]
  scidocs:  56%|█████▌    | 14.4k/25.7k [05:25<04:17, 43.6doc/s]
  scidocs:  56%|█████▌    | 14.4k/25.7k [05:25<04:18, 43.4doc/s]
  scidocs:  56%|█████▌    | 14.4k/25.7k [05:25<04:18, 43.4doc/s]
  scidocs:  56%|█████▌    | 14.4k/25.7k [05:25<04:17, 43.5doc/s]
  scidocs:  56%|█████▋    | 14.4k/25.7k [05:25<04:16, 43.8doc/s]
  scidocs:  56%|█████▋    | 14.4k/25.7k [05:25<04:15, 43.9doc/s]
  scidocs:  56%|█████▋    | 14.5k/25.7k [05:26<04:14, 44.0doc/s]
  scidocs:  56%|█████▋    | 14.5k/25.7k [05:26<04:13, 44.2doc/s]
  scidocs:  56%|█████▋    | 14.5k/25.7k [05:26<04:10, 44.6doc/s]
  scidocs:  56%|█████▋    | 14.5k/25.7k [05:26<04:10, 44.7doc/s]
  scidocs:  56%|█████▋    | 14.5k/25.7k [05:26<04:11, 44.5doc/s]
  scidocs:  56%|█████▋    | 14.5k/25.7k [05:26<04:12, 44.3doc/s]
  scidocs:  57%|█████▋    | 14.5k/25.7k [05:27<04:13, 44.0doc/s]
  scidocs:  57%|█████▋    | 14.5k/25.7k [05:27<04:13, 44.0doc/s]
  scidocs:  57%|█████▋    | 14.5k/25.7k [05:27<04:12, 44.2doc/s]
  scidocs:  57%|█████▋    | 14.5k/25.7k [05:27<04:12, 44.2doc/s]
  scidocs:  57%|█████▋    | 14.5k/25.7k [05:27<04:11, 44.2doc/s]
  scidocs:  57%|█████▋    | 14.5k/25.7k [05:28<04:10, 44.4doc/s]
  scidocs:  57%|█████▋    | 14.6k/25.7k [05:28<04:10, 44.3doc/s]
  scidocs:  57%|█████▋    | 14.6k/25.7k [05:28<04:10, 44.3doc/s]
  scidocs:  57%|█████▋    | 14.6k/25.7k [05:28<04:10, 44.3doc/s]
  scidocs:  57%|█████▋    | 14.6k/25.7k [05:28<04:08, 44.6doc/s]
  scidocs:  57%|█████▋    | 14.6k/25.7k [05:28<04:08, 44.5doc/s]
  scidocs:  57%|█████▋    | 14.6k/25.7k [05:29<04:08, 44.5doc/s]
  scidocs:  57%|█████▋    | 14.6k/25.7k [05:29<04:10, 44.2doc/s]
  scidocs:  57%|█████▋    | 14.6k/25.7k [05:29<04:11, 43.9doc/s]
  scidocs:  57%|█████▋    | 14.6k/25.7k [05:29<04:13, 43.5doc/s]
  scidocs:  57%|█████▋    | 14.6k/25.7k [05:29<04:13, 43.5doc/s]
  scidocs:  57%|█████▋    | 14.6k/25.7k [05:30<04:13, 43.5doc/s]
  scidocs:  57%|█████▋    | 14.6k/25.7k [05:30<04:12, 43.6doc/s]
  scidocs:  57%|█████▋    | 14.6k/25.7k [05:30<04:11, 43.8doc/s]
  scidocs:  57%|█████▋    | 14.7k/25.7k [05:30<04:09, 44.1doc/s]
  scidocs:  57%|█████▋    | 14.7k/25.7k [05:30<04:10, 43.9doc/s]
  scidocs:  57%|█████▋    | 14.7k/25.7k [05:30<04:11, 43.6doc/s]
  scidocs:  57%|█████▋    | 14.7k/25.7k [05:31<04:09, 43.9doc/s]
  scidocs:  57%|█████▋    | 14.7k/25.7k [05:31<04:07, 44.3doc/s]
  scidocs:  57%|█████▋    | 14.7k/25.7k [05:31<04:05, 44.6doc/s]
  scidocs:  57%|█████▋    | 14.7k/25.7k [05:31<04:06, 44.4doc/s]
  scidocs:  57%|█████▋    | 14.7k/25.7k [05:31<04:06, 44.4doc/s]
  scidocs:  57%|█████▋    | 14.7k/25.7k [05:32<04:05, 44.5doc/s]
  scidocs:  57%|█████▋    | 14.7k/25.7k [05:32<04:06, 44.3doc/s]
  scidocs:  57%|█████▋    | 14.7k/25.7k [05:32<04:07, 44.0doc/s]
  scidocs:  57%|█████▋    | 14.7k/25.7k [05:32<04:09, 43.8doc/s]
  scidocs:  57%|█████▋    | 14.8k/25.7k [05:32<04:07, 44.0doc/s]
  scidocs:  58%|█████▊    | 14.8k/25.7k [05:32<04:05, 44.3doc/s]
  scidocs:  58%|█████▊    | 14.8k/25.7k [05:33<04:06, 44.2doc/s]
  scidocs:  58%|█████▊    | 14.8k/25.7k [05:33<04:06, 44.1doc/s]
  scidocs:  58%|█████▊    | 14.8k/25.7k [05:33<04:08, 43.8doc/s]
  scidocs:  58%|█████▊    | 14.8k/25.7k [05:33<04:08, 43.7doc/s]
  scidocs:  58%|█████▊    | 14.8k/25.7k [05:33<04:07, 43.9doc/s]
  scidocs:  58%|█████▊    | 14.8k/25.7k [05:34<04:06, 44.0doc/s]
  scidocs:  58%|█████▊    | 14.8k/25.7k [05:34<04:06, 44.0doc/s]
  scidocs:  58%|█████▊    | 14.8k/25.7k [05:34<04:05, 44.1doc/s]
  scidocs:  58%|█████▊    | 14.8k/25.7k [05:34<04:06, 43.9doc/s]
  scidocs:  58%|█████▊    | 14.8k/25.7k [05:34<04:07, 43.8doc/s]
  scidocs:  58%|█████▊    | 14.8k/25.7k [05:34<04:07, 43.7doc/s]
  scidocs:  58%|█████▊    | 14.9k/25.7k [05:35<04:06, 43.7doc/s]
  scidocs:  58%|█████▊    | 14.9k/25.7k [05:35<04:06, 43.9doc/s]
  scidocs:  58%|█████▊    | 14.9k/25.7k [05:35<04:07, 43.6doc/s]
  scidocs:  58%|█████▊    | 14.9k/25.7k [05:35<04:05, 43.9doc/s]
  scidocs:  58%|█████▊    | 14.9k/25.7k [05:35<04:04, 44.0doc/s]
  scidocs:  58%|█████▊    | 14.9k/25.7k [05:36<04:04, 44.1doc/s]
  scidocs:  58%|█████▊    | 14.9k/25.7k [05:36<04:03, 44.1doc/s]
  scidocs:  58%|█████▊    | 14.9k/25.7k [05:36<04:02, 44.3doc/s]
  scidocs:  58%|█████▊    | 14.9k/25.7k [05:36<04:02, 44.3doc/s]
  scidocs:  58%|█████▊    | 14.9k/25.7k [05:36<04:02, 44.3doc/s]
  scidocs:  58%|█████▊    | 14.9k/25.7k [05:36<04:00, 44.5doc/s]
  scidocs:  58%|█████▊    | 14.9k/25.7k [05:37<04:01, 44.3doc/s]
  scidocs:  58%|█████▊    | 15.0k/25.7k [05:37<04:03, 44.0doc/s]
  scidocs:  58%|█████▊    | 15.0k/25.7k [05:37<04:01, 44.2doc/s]
  scidocs:  58%|█████▊    | 15.0k/25.7k [05:37<04:05, 43.5doc/s]
  scidocs:  58%|█████▊    | 15.0k/25.7k [05:37<04:09, 42.7doc/s]
  scidocs:  58%|█████▊    | 15.0k/25.7k [05:38<04:10, 42.7doc/s]
  scidocs:  58%|█████▊    | 15.0k/25.7k [05:38<04:07, 43.1doc/s]
  scidocs:  58%|█████▊    | 15.0k/25.7k [05:38<04:05, 43.4doc/s]
  scidocs:  58%|█████▊    | 15.0k/25.7k [05:38<04:04, 43.6doc/s]
  scidocs:  59%|█████▊    | 15.0k/25.7k [05:38<04:03, 43.8doc/s]
  scidocs:  59%|█████▊    | 15.0k/25.7k [05:39<04:01, 44.0doc/s]
  scidocs:  59%|█████▊    | 15.0k/25.7k [05:39<04:00, 44.1doc/s]
  scidocs:  59%|█████▊    | 15.0k/25.7k [05:39<03:58, 44.5doc/s]
  scidocs:  59%|█████▊    | 15.0k/25.7k [05:39<03:57, 44.7doc/s]
  scidocs:  59%|█████▊    | 15.1k/25.7k [05:39<03:55, 44.9doc/s]
  scidocs:  59%|█████▊    | 15.1k/25.7k [05:39<03:54, 45.1doc/s]
  scidocs:  59%|█████▊    | 15.1k/25.7k [05:40<03:56, 44.8doc/s]
  scidocs:  59%|█████▉    | 15.1k/25.7k [05:40<04:01, 43.7doc/s]
  scidocs:  59%|█████▉    | 15.1k/25.7k [05:40<04:04, 43.3doc/s]
  scidocs:  59%|█████▉    | 15.1k/25.7k [05:40<04:03, 43.4doc/s]
  scidocs:  59%|█████▉    | 15.1k/25.7k [05:40<04:02, 43.5doc/s]
  scidocs:  59%|█████▉    | 15.1k/25.7k [05:40<03:59, 44.1doc/s]
  scidocs:  59%|█████▉    | 15.1k/25.7k [05:41<03:57, 44.4doc/s]
  scidocs:  59%|█████▉    | 15.1k/25.7k [05:41<03:55, 44.7doc/s]
  scidocs:  59%|█████▉    | 15.1k/25.7k [05:41<03:54, 44.9doc/s]
  scidocs:  59%|█████▉    | 15.1k/25.7k [05:41<03:53, 45.0doc/s]
  scidocs:  59%|█████▉    | 15.2k/25.7k [05:41<03:58, 44.0doc/s]
  scidocs:  59%|█████▉    | 15.2k/25.7k [05:42<04:01, 43.4doc/s]
  scidocs:  59%|█████▉    | 15.2k/25.7k [05:42<04:01, 43.3doc/s]
  scidocs:  59%|█████▉    | 15.2k/25.7k [05:42<04:01, 43.4doc/s]
  scidocs:  59%|█████▉    | 15.2k/25.7k [05:42<04:00, 43.6doc/s]
  scidocs:  59%|█████▉    | 15.2k/25.7k [05:42<03:57, 44.1doc/s]
  scidocs:  59%|█████▉    | 15.2k/25.7k [05:42<03:55, 44.3doc/s]
  scidocs:  59%|█████▉    | 15.2k/25.7k [05:43<03:56, 44.1doc/s]
  scidocs:  59%|█████▉    | 15.2k/25.7k [05:43<03:56, 44.1doc/s]
  scidocs:  59%|█████▉    | 15.2k/25.7k [05:43<03:56, 44.1doc/s]
  scidocs:  59%|█████▉    | 15.2k/25.7k [05:43<03:56, 44.1doc/s]
  scidocs:  59%|█████▉    | 15.2k/25.7k [05:43<03:56, 44.1doc/s]
  scidocs:  59%|█████▉    | 15.2k/25.7k [05:44<03:53, 44.6doc/s]
  scidocs:  59%|█████▉    | 15.3k/25.7k [05:44<03:55, 44.2doc/s]
  scidocs:  59%|█████▉    | 15.3k/25.7k [05:44<03:57, 43.8doc/s]
  scidocs:  60%|█████▉    | 15.3k/25.7k [05:44<03:58, 43.6doc/s]
  scidocs:  60%|█████▉    | 15.3k/25.7k [05:44<03:57, 43.6doc/s]
  scidocs:  60%|█████▉    | 15.3k/25.7k [05:44<03:57, 43.7doc/s]
  scidocs:  60%|█████▉    | 15.3k/25.7k [05:45<03:54, 44.1doc/s]
  scidocs:  60%|█████▉    | 15.3k/25.7k [05:45<03:54, 44.1doc/s]
  scidocs:  60%|█████▉    | 15.3k/25.7k [05:45<03:55, 44.0doc/s]
  scidocs:  60%|█████▉    | 15.3k/25.7k [05:45<03:52, 44.5doc/s]
  scidocs:  60%|█████▉    | 15.3k/25.7k [05:45<03:54, 44.0doc/s]
  scidocs:  60%|█████▉    | 15.3k/25.7k [05:46<03:56, 43.7doc/s]
  scidocs:  60%|█████▉    | 15.3k/25.7k [05:46<03:56, 43.5doc/s]
  scidocs:  60%|█████▉    | 15.4k/25.7k [05:46<03:56, 43.5doc/s]
  scidocs:  60%|█████▉    | 15.4k/25.7k [05:46<03:56, 43.5doc/s]
  scidocs:  60%|█████▉    | 15.4k/25.7k [05:46<03:54, 43.9doc/s]
  scidocs:  60%|█████▉    | 15.4k/25.7k [05:46<03:55, 43.7doc/s]
  scidocs:  60%|█████▉    | 15.4k/25.7k [05:47<03:55, 43.7doc/s]
  scidocs:  60%|█████▉    | 15.4k/25.7k [05:47<03:55, 43.7doc/s]
  scidocs:  60%|██████    | 15.4k/25.7k [05:47<03:53, 43.9doc/s]
  scidocs:  60%|██████    | 15.4k/25.7k [05:47<03:55, 43.5doc/s]
  scidocs:  60%|██████    | 15.4k/25.7k [05:47<03:56, 43.3doc/s]
  scidocs:  60%|██████    | 15.4k/25.7k [05:48<03:54, 43.6doc/s]
  scidocs:  60%|██████    | 15.4k/25.7k [05:48<03:51, 44.1doc/s]
  scidocs:  60%|██████    | 15.4k/25.7k [05:48<03:52, 43.9doc/s]
  scidocs:  60%|██████    | 15.4k/25.7k [05:48<03:57, 43.0doc/s]
  scidocs:  60%|██████    | 15.5k/25.7k [05:48<03:58, 42.8doc/s]
  scidocs:  60%|██████    | 15.5k/25.7k [05:49<03:57, 42.9doc/s]
  scidocs:  60%|██████    | 15.5k/25.7k [05:49<03:54, 43.4doc/s]
  scidocs:  60%|██████    | 15.5k/25.7k [05:49<03:51, 43.9doc/s]
  scidocs:  60%|██████    | 15.5k/25.7k [05:49<03:50, 44.1doc/s]
  scidocs:  60%|██████    | 15.5k/25.7k [05:49<03:49, 44.3doc/s]
  scidocs:  60%|██████    | 15.5k/25.7k [05:49<03:48, 44.5doc/s]
  scidocs:  60%|██████    | 15.5k/25.7k [05:50<03:49, 44.1doc/s]
  scidocs:  60%|██████    | 15.5k/25.7k [05:50<03:54, 43.2doc/s]
  scidocs:  61%|██████    | 15.5k/25.7k [05:50<03:57, 42.6doc/s]
  scidocs:  61%|██████    | 15.5k/25.7k [05:50<03:57, 42.6doc/s]
  scidocs:  61%|██████    | 15.5k/25.7k [05:50<03:54, 43.2doc/s]
  scidocs:  61%|██████    | 15.6k/25.7k [05:51<03:51, 43.6doc/s]
  scidocs:  61%|██████    | 15.6k/25.7k [05:51<03:49, 44.0doc/s]
  scidocs:  61%|██████    | 15.6k/25.7k [05:51<03:49, 43.9doc/s]
  scidocs:  61%|██████    | 15.6k/25.7k [05:51<03:49, 44.0doc/s]
  scidocs:  61%|██████    | 15.6k/25.7k [05:51<03:47, 44.3doc/s]
  scidocs:  61%|██████    | 15.6k/25.7k [05:51<03:46, 44.5doc/s]
  scidocs:  61%|██████    | 15.6k/25.7k [05:52<03:44, 44.7doc/s]
  scidocs:  61%|██████    | 15.6k/25.7k [05:52<03:44, 44.8doc/s]
  scidocs:  61%|██████    | 15.6k/25.7k [05:52<03:46, 44.4doc/s]
  scidocs:  61%|██████    | 15.6k/25.7k [05:52<03:47, 44.0doc/s]
  scidocs:  61%|██████    | 15.6k/25.7k [05:52<03:49, 43.6doc/s]
  scidocs:  61%|██████    | 15.6k/25.7k [05:53<03:49, 43.7doc/s]
  scidocs:  61%|██████    | 15.6k/25.7k [05:53<03:50, 43.4doc/s]
  scidocs:  61%|██████    | 15.7k/25.7k [05:53<03:50, 43.5doc/s]
  scidocs:  61%|██████    | 15.7k/25.7k [05:53<03:48, 43.6doc/s]
  scidocs:  61%|██████    | 15.7k/25.7k [05:53<03:52, 42.9doc/s]
  scidocs:  61%|██████    | 15.7k/25.7k [05:53<03:55, 42.3doc/s]
  scidocs:  61%|██████    | 15.7k/25.7k [05:54<03:54, 42.6doc/s]
  scidocs:  61%|██████    | 15.7k/25.7k [05:54<03:51, 43.0doc/s]
  scidocs:  61%|██████    | 15.7k/25.7k [05:54<03:47, 43.7doc/s]
  scidocs:  61%|██████    | 15.7k/25.7k [05:54<03:50, 43.1doc/s]
  scidocs:  61%|██████▏   | 15.7k/25.7k [05:54<03:53, 42.6doc/s]
  scidocs:  61%|██████▏   | 15.7k/25.7k [05:55<03:53, 42.6doc/s]
  scidocs:  61%|██████▏   | 15.7k/25.7k [05:55<03:51, 42.8doc/s]
  scidocs:  61%|██████▏   | 15.7k/25.7k [05:55<03:48, 43.4doc/s]
  scidocs:  61%|██████▏   | 15.8k/25.7k [05:55<03:45, 44.0doc/s]
  scidocs:  61%|██████▏   | 15.8k/25.7k [05:55<03:44, 44.1doc/s]
  scidocs:  61%|██████▏   | 15.8k/25.7k [05:55<03:43, 44.2doc/s]
  scidocs:  61%|██████▏   | 15.8k/25.7k [05:56<03:43, 44.1doc/s]
  scidocs:  62%|██████▏   | 15.8k/25.7k [05:56<03:44, 44.1doc/s]
  scidocs:  62%|██████▏   | 15.8k/25.7k [05:56<03:44, 44.0doc/s]
  scidocs:  62%|██████▏   | 15.8k/25.7k [05:56<03:44, 43.9doc/s]
  scidocs:  62%|██████▏   | 15.8k/25.7k [05:56<03:45, 43.8doc/s]
  scidocs:  62%|██████▏   | 15.8k/25.7k [05:57<03:44, 43.8doc/s]
  scidocs:  62%|██████▏   | 15.8k/25.7k [05:57<03:42, 44.1doc/s]
  scidocs:  62%|██████▏   | 15.8k/25.7k [05:57<03:40, 44.6doc/s]
  scidocs:  62%|██████▏   | 15.8k/25.7k [05:57<03:40, 44.5doc/s]
  scidocs:  62%|██████▏   | 15.8k/25.7k [05:57<03:39, 44.6doc/s]
  scidocs:  62%|██████▏   | 15.9k/25.7k [05:57<03:39, 44.6doc/s]
  scidocs:  62%|██████▏   | 15.9k/25.7k [05:58<03:39, 44.6doc/s]
  scidocs:  62%|██████▏   | 15.9k/25.7k [05:58<03:40, 44.5doc/s]
  scidocs:  62%|██████▏   | 15.9k/25.7k [05:58<03:39, 44.4doc/s]
  scidocs:  62%|██████▏   | 15.9k/25.7k [05:58<03:39, 44.6doc/s]
  scidocs:  62%|██████▏   | 15.9k/25.7k [05:58<03:38, 44.7doc/s]
  scidocs:  62%|██████▏   | 15.9k/25.7k [05:59<03:37, 44.8doc/s]
  scidocs:  62%|██████▏   | 15.9k/25.7k [05:59<03:39, 44.3doc/s]
  scidocs:  62%|██████▏   | 15.9k/25.7k [05:59<03:40, 44.2doc/s]
  scidocs:  62%|██████▏   | 15.9k/25.7k [05:59<03:39, 44.3doc/s]
  scidocs:  62%|██████▏   | 15.9k/25.7k [05:59<03:39, 44.3doc/s]
  scidocs:  62%|██████▏   | 15.9k/25.7k [05:59<03:40, 44.1doc/s]
  scidocs:  62%|██████▏   | 16.0k/25.7k [06:00<03:40, 44.1doc/s]
  scidocs:  62%|██████▏   | 16.0k/25.7k [06:00<03:40, 44.0doc/s]
  scidocs:  62%|██████▏   | 16.0k/25.7k [06:00<03:39, 44.2doc/s]
  scidocs:  62%|██████▏   | 16.0k/25.7k [06:00<03:39, 44.1doc/s]
  scidocs:  62%|██████▏   | 16.0k/25.7k [06:00<03:40, 43.8doc/s]
  scidocs:  62%|██████▏   | 16.0k/25.7k [06:01<03:40, 43.9doc/s]
  scidocs:  62%|██████▏   | 16.0k/25.7k [06:01<03:39, 44.0doc/s]
  scidocs:  62%|██████▏   | 16.0k/25.7k [06:01<03:38, 44.1doc/s]
  scidocs:  62%|██████▏   | 16.0k/25.7k [06:01<03:38, 44.2doc/s]
  scidocs:  62%|██████▏   | 16.0k/25.7k [06:01<03:37, 44.2doc/s]
  scidocs:  62%|██████▏   | 16.0k/25.7k [06:01<03:41, 43.5doc/s]
  scidocs:  63%|██████▎   | 16.0k/25.7k [06:02<03:43, 43.1doc/s]
  scidocs:  63%|██████▎   | 16.0k/25.7k [06:02<03:42, 43.1doc/s]
  scidocs:  63%|██████▎   | 16.1k/25.7k [06:02<03:39, 43.7doc/s]
  scidocs:  63%|██████▎   | 16.1k/25.7k [06:02<03:37, 44.0doc/s]
  scidocs:  63%|██████▎   | 16.1k/25.7k [06:02<03:39, 43.7doc/s]
  scidocs:  63%|██████▎   | 16.1k/25.7k [06:03<03:40, 43.5doc/s]
  scidocs:  63%|██████▎   | 16.1k/25.7k [06:03<03:39, 43.5doc/s]
  scidocs:  63%|██████▎   | 16.1k/25.7k [06:03<03:37, 44.0doc/s]
  scidocs:  63%|██████▎   | 16.1k/25.7k [06:03<03:35, 44.3doc/s]
  scidocs:  63%|██████▎   | 16.1k/25.7k [06:03<03:38, 43.7doc/s]
  scidocs:  63%|██████▎   | 16.1k/25.7k [06:03<03:38, 43.6doc/s]
  scidocs:  63%|██████▎   | 16.1k/25.7k [06:04<03:37, 43.8doc/s]
  scidocs:  63%|██████▎   | 16.1k/25.7k [06:04<03:34, 44.3doc/s]
  scidocs:  63%|██████▎   | 16.1k/25.7k [06:04<03:34, 44.4doc/s]
  scidocs:  63%|██████▎   | 16.2k/25.7k [06:04<03:36, 44.0doc/s]
  scidocs:  63%|██████▎   | 16.2k/25.7k [06:04<03:36, 43.9doc/s]
  scidocs:  63%|██████▎   | 16.2k/25.7k [06:05<03:35, 44.0doc/s]
  scidocs:  63%|██████▎   | 16.2k/25.7k [06:05<03:35, 44.0doc/s]
  scidocs:  63%|██████▎   | 16.2k/25.7k [06:05<03:38, 43.5doc/s]
  scidocs:  63%|██████▎   | 16.2k/25.7k [06:05<03:40, 43.0doc/s]
  scidocs:  63%|██████▎   | 16.2k/25.7k [06:05<03:40, 42.8doc/s]
  scidocs:  63%|██████▎   | 16.2k/25.7k [06:06<03:39, 43.1doc/s]
  scidocs:  63%|██████▎   | 16.2k/25.7k [06:06<03:36, 43.6doc/s]
  scidocs:  63%|██████▎   | 16.2k/25.7k [06:06<03:34, 44.0doc/s]
  scidocs:  63%|██████▎   | 16.2k/25.7k [06:06<03:32, 44.3doc/s]
  scidocs:  63%|██████▎   | 16.2k/25.7k [06:06<03:31, 44.6doc/s]
  scidocs:  63%|██████▎   | 16.2k/25.7k [06:06<03:30, 44.8doc/s]
  scidocs:  63%|██████▎   | 16.3k/25.7k [06:07<03:33, 44.0doc/s]
  scidocs:  63%|██████▎   | 16.3k/25.7k [06:07<03:36, 43.5doc/s]
  scidocs:  63%|██████▎   | 16.3k/25.7k [06:07<03:35, 43.6doc/s]
  scidocs:  63%|██████▎   | 16.3k/25.7k [06:07<03:32, 44.1doc/s]
  scidocs:  63%|██████▎   | 16.3k/25.7k [06:07<03:35, 43.6doc/s]
  scidocs:  64%|██████▎   | 16.3k/25.7k [06:08<03:38, 42.9doc/s]
  scidocs:  64%|██████▎   | 16.3k/25.7k [06:08<03:38, 42.8doc/s]
  scidocs:  64%|██████▎   | 16.3k/25.7k [06:08<03:37, 43.0doc/s]
  scidocs:  64%|██████▎   | 16.3k/25.7k [06:08<03:35, 43.2doc/s]
  scidocs:  64%|██████▎   | 16.3k/25.7k [06:08<03:34, 43.5doc/s]
  scidocs:  64%|██████▎   | 16.3k/25.7k [06:08<03:31, 44.0doc/s]
  scidocs:  64%|██████▎   | 16.3k/25.7k [06:09<03:31, 44.1doc/s]
  scidocs:  64%|██████▎   | 16.4k/25.7k [06:09<03:30, 44.2doc/s]
  scidocs:  64%|██████▍   | 16.4k/25.7k [06:09<03:27, 44.7doc/s]
  scidocs:  64%|██████▍   | 16.4k/25.7k [06:09<03:29, 44.4doc/s]
  scidocs:  64%|██████▍   | 16.4k/25.7k [06:09<03:31, 43.8doc/s]
  scidocs:  64%|██████▍   | 16.4k/25.7k [06:10<03:33, 43.5doc/s]
  scidocs:  64%|██████▍   | 16.4k/25.7k [06:10<03:31, 43.7doc/s]
  scidocs:  64%|██████▍   | 16.4k/25.7k [06:10<03:31, 43.7doc/s]
  scidocs:  64%|██████▍   | 16.4k/25.7k [06:10<03:36, 42.8doc/s]
  scidocs:  64%|██████▍   | 16.4k/25.7k [06:10<03:37, 42.4doc/s]
  scidocs:  64%|██████▍   | 16.4k/25.7k [06:10<03:37, 42.5doc/s]
  scidocs:  64%|██████▍   | 16.4k/25.7k [06:11<03:33, 43.2doc/s]
  scidocs:  64%|██████▍   | 16.4k/25.7k [06:11<03:31, 43.5doc/s]
  scidocs:  64%|██████▍   | 16.4k/25.7k [06:11<03:34, 43.0doc/s]
  scidocs:  64%|██████▍   | 16.5k/25.7k [06:11<03:36, 42.5doc/s]
  scidocs:  64%|██████▍   | 16.5k/25.7k [06:11<03:37, 42.3doc/s]
  scidocs:  64%|██████▍   | 16.5k/25.7k [06:12<03:36, 42.5doc/s]
  scidocs:  64%|██████▍   | 16.5k/25.7k [06:12<03:34, 42.7doc/s]
  scidocs:  64%|██████▍   | 16.5k/25.7k [06:12<03:32, 43.1doc/s]
  scidocs:  64%|██████▍   | 16.5k/25.7k [06:12<03:30, 43.5doc/s]
  scidocs:  64%|██████▍   | 16.5k/25.7k [06:12<03:27, 44.0doc/s]
  scidocs:  64%|██████▍   | 16.5k/25.7k [06:12<03:26, 44.3doc/s]
  scidocs:  64%|██████▍   | 16.5k/25.7k [06:13<03:23, 44.8doc/s]
  scidocs:  64%|██████▍   | 16.5k/25.7k [06:13<03:22, 45.2doc/s]
  scidocs:  64%|██████▍   | 16.5k/25.7k [06:13<03:21, 45.2doc/s]
  scidocs:  64%|██████▍   | 16.5k/25.7k [06:13<03:22, 45.0doc/s]
  scidocs:  65%|██████▍   | 16.6k/25.7k [06:13<03:22, 45.0doc/s]
  scidocs:  65%|██████▍   | 16.6k/25.7k [06:14<03:22, 44.9doc/s]
  scidocs:  65%|██████▍   | 16.6k/25.7k [06:14<03:23, 44.6doc/s]
  scidocs:  65%|██████▍   | 16.6k/25.7k [06:14<03:24, 44.5doc/s]
  scidocs:  65%|██████▍   | 16.6k/25.7k [06:14<03:25, 44.2doc/s]
  scidocs:  65%|██████▍   | 16.6k/25.7k [06:14<03:24, 44.3doc/s]
  scidocs:  65%|██████▍   | 16.6k/25.7k [06:14<03:24, 44.3doc/s]
  scidocs:  65%|██████▍   | 16.6k/25.7k [06:15<03:23, 44.4doc/s]
  scidocs:  65%|██████▍   | 16.6k/25.7k [06:15<03:24, 44.1doc/s]
  scidocs:  65%|██████▍   | 16.6k/25.7k [06:15<03:24, 44.2doc/s]
  scidocs:  65%|██████▍   | 16.6k/25.7k [06:15<03:24, 44.2doc/s]
  scidocs:  65%|██████▍   | 16.6k/25.7k [06:15<03:23, 44.2doc/s]
  scidocs:  65%|██████▍   | 16.6k/25.7k [06:16<03:23, 44.2doc/s]
  scidocs:  65%|██████▍   | 16.7k/25.7k [06:16<03:23, 44.1doc/s]
  scidocs:  65%|██████▍   | 16.7k/25.7k [06:16<03:24, 44.1doc/s]
  scidocs:  65%|██████▍   | 16.7k/25.7k [06:16<03:23, 44.1doc/s]
  scidocs:  65%|██████▌   | 16.7k/25.7k [06:16<03:24, 44.0doc/s]
  scidocs:  65%|██████▌   | 16.7k/25.7k [06:16<03:24, 43.9doc/s]
  scidocs:  65%|██████▌   | 16.7k/25.7k [06:17<03:23, 44.0doc/s]
  scidocs:  65%|██████▌   | 16.7k/25.7k [06:17<03:23, 43.9doc/s]
  scidocs:  65%|██████▌   | 16.7k/25.7k [06:17<03:23, 43.9doc/s]
  scidocs:  65%|██████▌   | 16.7k/25.7k [06:17<03:23, 44.0doc/s]
  scidocs:  65%|██████▌   | 16.7k/25.7k [06:17<03:22, 44.0doc/s]
  scidocs:  65%|██████▌   | 16.7k/25.7k [06:18<03:22, 44.1doc/s]
  scidocs:  65%|██████▌   | 16.7k/25.7k [06:18<03:22, 44.0doc/s]
  scidocs:  65%|██████▌   | 16.8k/25.7k [06:18<03:22, 44.0doc/s]
  scidocs:  65%|██████▌   | 16.8k/25.7k [06:18<03:22, 44.0doc/s]
  scidocs:  65%|██████▌   | 16.8k/25.7k [06:18<03:22, 44.0doc/s]
  scidocs:  65%|██████▌   | 16.8k/25.7k [06:18<03:22, 43.8doc/s]
  scidocs:  65%|██████▌   | 16.8k/25.7k [06:19<03:22, 43.9doc/s]
  scidocs:  65%|██████▌   | 16.8k/25.7k [06:19<03:21, 43.9doc/s]
  scidocs:  65%|██████▌   | 16.8k/25.7k [06:19<03:21, 43.9doc/s]
  scidocs:  66%|██████▌   | 16.8k/25.7k [06:19<03:20, 44.1doc/s]
  scidocs:  66%|██████▌   | 16.8k/25.7k [06:19<03:20, 44.1doc/s]
  scidocs:  66%|██████▌   | 16.8k/25.7k [06:20<03:20, 44.0doc/s]
  scidocs:  66%|██████▌   | 16.8k/25.7k [06:20<03:20, 44.1doc/s]
  scidocs:  66%|██████▌   | 16.8k/25.7k [06:20<03:20, 43.9doc/s]
  scidocs:  66%|██████▌   | 16.8k/25.7k [06:20<03:20, 43.9doc/s]
  scidocs:  66%|██████▌   | 16.9k/25.7k [06:20<03:21, 43.8doc/s]
  scidocs:  66%|██████▌   | 16.9k/25.7k [06:20<03:21, 43.7doc/s]
  scidocs:  66%|██████▌   | 16.9k/25.7k [06:21<03:21, 43.6doc/s]
  scidocs:  66%|██████▌   | 16.9k/25.7k [06:21<03:21, 43.5doc/s]
  scidocs:  66%|██████▌   | 16.9k/25.7k [06:21<03:21, 43.6doc/s]
  scidocs:  66%|██████▌   | 16.9k/25.7k [06:21<03:20, 43.6doc/s]
  scidocs:  66%|██████▌   | 16.9k/25.7k [06:21<03:20, 43.6doc/s]
  scidocs:  66%|██████▌   | 16.9k/25.7k [06:22<03:20, 43.6doc/s]
  scidocs:  66%|██████▌   | 16.9k/25.7k [06:22<03:23, 43.0doc/s]
  scidocs:  66%|██████▌   | 16.9k/25.7k [06:22<03:24, 42.8doc/s]
  scidocs:  66%|██████▌   | 16.9k/25.7k [06:22<03:22, 43.1doc/s]
  scidocs:  66%|██████▌   | 16.9k/25.7k [06:22<03:21, 43.2doc/s]
  scidocs:  66%|██████▌   | 17.0k/25.7k [06:22<03:20, 43.5doc/s]
  scidocs:  66%|██████▌   | 17.0k/25.7k [06:23<03:21, 43.2doc/s]
  scidocs:  66%|██████▌   | 17.0k/25.7k [06:23<03:24, 42.5doc/s]
  scidocs:  66%|██████▌   | 17.0k/25.7k [06:23<03:24, 42.5doc/s]
  scidocs:  66%|██████▌   | 17.0k/25.7k [06:23<03:22, 42.8doc/s]
  scidocs:  66%|██████▌   | 17.0k/25.7k [06:23<03:19, 43.4doc/s]
  scidocs:  66%|██████▋   | 17.0k/25.7k [06:24<03:16, 44.1doc/s]
  scidocs:  66%|██████▋   | 17.0k/25.7k [06:24<03:13, 44.6doc/s]
  scidocs:  66%|██████▋   | 17.0k/25.7k [06:24<03:13, 44.6doc/s]
  scidocs:  66%|██████▋   | 17.0k/25.7k [06:24<03:13, 44.7doc/s]
  scidocs:  66%|██████▋   | 17.0k/25.7k [06:24<03:16, 44.0doc/s]
  scidocs:  66%|██████▋   | 17.0k/25.7k [06:25<03:18, 43.3doc/s]
  scidocs:  66%|██████▋   | 17.0k/25.7k [06:25<03:18, 43.3doc/s]
  scidocs:  66%|██████▋   | 17.1k/25.7k [06:25<03:17, 43.5doc/s]
  scidocs:  67%|██████▋   | 17.1k/25.7k [06:25<03:16, 43.7doc/s]
  scidocs:  67%|██████▋   | 17.1k/25.7k [06:25<03:14, 44.1doc/s]
  scidocs:  67%|██████▋   | 17.1k/25.7k [06:25<03:13, 44.4doc/s]
  scidocs:  67%|██████▋   | 17.1k/25.7k [06:26<03:12, 44.5doc/s]
  scidocs:  67%|██████▋   | 17.1k/25.7k [06:26<03:11, 44.6doc/s]
  scidocs:  67%|██████▋   | 17.1k/25.7k [06:26<03:15, 43.8doc/s]
  scidocs:  67%|██████▋   | 17.1k/25.7k [06:26<03:17, 43.2doc/s]
  scidocs:  67%|██████▋   | 17.1k/25.7k [06:26<03:18, 43.1doc/s]
  scidocs:  67%|██████▋   | 17.1k/25.7k [06:27<03:17, 43.2doc/s]
  scidocs:  67%|██████▋   | 17.1k/25.7k [06:27<03:14, 43.7doc/s]
  scidocs:  67%|██████▋   | 17.1k/25.7k [06:27<03:13, 43.9doc/s]
  scidocs:  67%|██████▋   | 17.2k/25.7k [06:27<03:12, 44.2doc/s]
  scidocs:  67%|██████▋   | 17.2k/25.7k [06:27<03:12, 44.2doc/s]
  scidocs:  67%|██████▋   | 17.2k/25.7k [06:27<03:10, 44.5doc/s]
  scidocs:  67%|██████▋   | 17.2k/25.7k [06:28<03:14, 43.7doc/s]
  scidocs:  67%|██████▋   | 17.2k/25.7k [06:28<03:15, 43.3doc/s]
  scidocs:  67%|██████▋   | 17.2k/25.7k [06:28<03:14, 43.4doc/s]
  scidocs:  67%|██████▋   | 17.2k/25.7k [06:28<03:14, 43.6doc/s]
  scidocs:  67%|██████▋   | 17.2k/25.7k [06:28<03:12, 43.8doc/s]
  scidocs:  67%|██████▋   | 17.2k/25.7k [06:29<03:11, 44.0doc/s]
  scidocs:  67%|██████▋   | 17.2k/25.7k [06:29<03:11, 44.1doc/s]
  scidocs:  67%|██████▋   | 17.2k/25.7k [06:29<03:10, 44.2doc/s]
  scidocs:  67%|██████▋   | 17.2k/25.7k [06:29<03:11, 44.1doc/s]
  scidocs:  67%|██████▋   | 17.2k/25.7k [06:29<03:10, 44.1doc/s]
  scidocs:  67%|██████▋   | 17.3k/25.7k [06:29<03:09, 44.3doc/s]
  scidocs:  67%|██████▋   | 17.3k/25.7k [06:30<03:09, 44.3doc/s]
  scidocs:  67%|██████▋   | 17.3k/25.7k [06:30<03:10, 44.1doc/s]
  scidocs:  67%|██████▋   | 17.3k/25.7k [06:30<03:10, 44.0doc/s]
  scidocs:  67%|██████▋   | 17.3k/25.7k [06:30<03:11, 43.7doc/s]
  scidocs:  67%|██████▋   | 17.3k/25.7k [06:30<03:14, 43.0doc/s]
  scidocs:  67%|██████▋   | 17.3k/25.7k [06:31<03:15, 42.8doc/s]
  scidocs:  67%|██████▋   | 17.3k/25.7k [06:31<03:14, 43.0doc/s]
  scidocs:  68%|██████▊   | 17.3k/25.7k [06:31<03:12, 43.2doc/s]
  scidocs:  68%|██████▊   | 17.3k/25.7k [06:31<03:11, 43.6doc/s]
  scidocs:  68%|██████▊   | 17.3k/25.7k [06:31<03:10, 43.7doc/s]
  scidocs:  68%|██████▊   | 17.3k/25.7k [06:31<03:10, 43.7doc/s]
  scidocs:  68%|██████▊   | 17.4k/25.7k [06:32<03:09, 43.8doc/s]
  scidocs:  68%|██████▊   | 17.4k/25.7k [06:32<03:08, 43.9doc/s]
  scidocs:  68%|██████▊   | 17.4k/25.7k [06:32<03:08, 44.0doc/s]
  scidocs:  68%|██████▊   | 17.4k/25.7k [06:32<03:08, 44.0doc/s]
  scidocs:  68%|██████▊   | 17.4k/25.7k [06:32<03:07, 44.1doc/s]
  scidocs:  68%|██████▊   | 17.4k/25.7k [06:33<03:08, 43.9doc/s]
  scidocs:  68%|██████▊   | 17.4k/25.7k [06:33<03:08, 43.9doc/s]
  scidocs:  68%|██████▊   | 17.4k/25.7k [06:33<03:07, 43.9doc/s]
  scidocs:  68%|██████▊   | 17.4k/25.7k [06:33<03:07, 43.9doc/s]
  scidocs:  68%|██████▊   | 17.4k/25.7k [06:33<03:07, 43.9doc/s]
  scidocs:  68%|██████▊   | 17.4k/25.7k [06:33<03:06, 44.1doc/s]
  scidocs:  68%|██████▊   | 17.4k/25.7k [06:34<03:07, 43.9doc/s]
  scidocs:  68%|██████▊   | 17.4k/25.7k [06:34<03:07, 43.8doc/s]
  scidocs:  68%|██████▊   | 17.5k/25.7k [06:34<03:07, 43.8doc/s]
  scidocs:  68%|██████▊   | 17.5k/25.7k [06:34<03:07, 43.7doc/s]
  scidocs:  68%|██████▊   | 17.5k/25.7k [06:34<03:05, 44.1doc/s]
  scidocs:  68%|██████▊   | 17.5k/25.7k [06:35<03:05, 44.1doc/s]
  scidocs:  68%|██████▊   | 17.5k/25.7k [06:35<03:04, 44.4doc/s]
  scidocs:  68%|██████▊   | 17.5k/25.7k [06:35<03:03, 44.5doc/s]
  scidocs:  68%|██████▊   | 17.5k/25.7k [06:35<03:04, 44.2doc/s]
  scidocs:  68%|██████▊   | 17.5k/25.7k [06:35<03:08, 43.2doc/s]
  scidocs:  68%|██████▊   | 17.5k/25.7k [06:35<03:10, 42.6doc/s]
  scidocs:  68%|██████▊   | 17.5k/25.7k [06:36<03:10, 42.8doc/s]
  scidocs:  68%|██████▊   | 17.5k/25.7k [06:36<03:08, 43.0doc/s]
  scidocs:  68%|██████▊   | 17.5k/25.7k [06:36<03:05, 43.6doc/s]
  scidocs:  68%|██████▊   | 17.6k/25.7k [06:36<03:08, 43.1doc/s]
  scidocs:  68%|██████▊   | 17.6k/25.7k [06:36<03:09, 42.8doc/s]
  scidocs:  68%|██████▊   | 17.6k/25.7k [06:37<03:09, 42.6doc/s]
  scidocs:  69%|██████▊   | 17.6k/25.7k [06:37<03:08, 42.8doc/s]
  scidocs:  69%|██████▊   | 17.6k/25.7k [06:37<03:06, 43.3doc/s]
  scidocs:  69%|██████▊   | 17.6k/25.7k [06:37<03:05, 43.4doc/s]
  scidocs:  69%|██████▊   | 17.6k/25.7k [06:37<03:05, 43.5doc/s]
  scidocs:  69%|██████▊   | 17.6k/25.7k [06:37<03:04, 43.7doc/s]
  scidocs:  69%|██████▊   | 17.6k/25.7k [06:38<03:03, 43.7doc/s]
  scidocs:  69%|██████▊   | 17.6k/25.7k [06:38<03:02, 44.0doc/s]
  scidocs:  69%|██████▊   | 17.6k/25.7k [06:38<03:02, 44.0doc/s]
  scidocs:  69%|██████▉   | 17.6k/25.7k [06:38<03:02, 44.0doc/s]
  scidocs:  69%|██████▉   | 17.6k/25.7k [06:38<03:01, 44.1doc/s]
  scidocs:  69%|██████▉   | 17.7k/25.7k [06:39<03:00, 44.3doc/s]
  scidocs:  69%|██████▉   | 17.7k/25.7k [06:39<03:00, 44.4doc/s]
  scidocs:  69%|██████▉   | 17.7k/25.7k [06:39<02:59, 44.5doc/s]
  scidocs:  69%|██████▉   | 17.7k/25.7k [06:39<02:58, 44.7doc/s]
  scidocs:  69%|██████▉   | 17.7k/25.7k [06:39<02:59, 44.4doc/s]
  scidocs:  69%|██████▉   | 17.7k/25.7k [06:39<03:00, 44.1doc/s]
  scidocs:  69%|██████▉   | 17.7k/25.7k [06:40<03:00, 44.0doc/s]
  scidocs:  69%|██████▉   | 17.7k/25.7k [06:40<03:01, 43.8doc/s]
  scidocs:  69%|██████▉   | 17.7k/25.7k [06:40<03:02, 43.6doc/s]
  scidocs:  69%|██████▉   | 17.7k/25.7k [06:40<03:01, 43.6doc/s]
  scidocs:  69%|██████▉   | 17.7k/25.7k [06:40<03:01, 43.7doc/s]
  scidocs:  69%|██████▉   | 17.7k/25.7k [06:41<02:59, 44.0doc/s]
  scidocs:  69%|██████▉   | 17.8k/25.7k [06:41<02:59, 44.0doc/s]
  scidocs:  69%|██████▉   | 17.8k/25.7k [06:41<02:59, 44.0doc/s]
  scidocs:  69%|██████▉   | 17.8k/25.7k [06:41<02:57, 44.3doc/s]
  scidocs:  69%|██████▉   | 17.8k/25.7k [06:41<02:56, 44.7doc/s]
  scidocs:  69%|██████▉   | 17.8k/25.7k [06:41<02:55, 44.9doc/s]
  scidocs:  69%|██████▉   | 17.8k/25.7k [06:42<02:54, 45.1doc/s]
  scidocs:  69%|██████▉   | 17.8k/25.7k [06:42<02:55, 44.9doc/s]
  scidocs:  69%|██████▉   | 17.8k/25.7k [06:42<02:58, 43.9doc/s]
  scidocs:  69%|██████▉   | 17.8k/25.7k [06:42<02:59, 43.7doc/s]
  scidocs:  69%|██████▉   | 17.8k/25.7k [06:42<02:59, 43.7doc/s]
  scidocs:  70%|██████▉   | 17.8k/25.7k [06:43<02:57, 44.0doc/s]
  scidocs:  70%|██████▉   | 17.8k/25.7k [06:43<02:57, 43.9doc/s]
  scidocs:  70%|██████▉   | 17.8k/25.7k [06:43<02:57, 43.9doc/s]
  scidocs:  70%|██████▉   | 17.9k/25.7k [06:43<02:57, 43.9doc/s]
  scidocs:  70%|██████▉   | 17.9k/25.7k [06:43<02:57, 43.9doc/s]
  scidocs:  70%|██████▉   | 17.9k/25.7k [06:43<02:57, 43.9doc/s]
  scidocs:  70%|██████▉   | 17.9k/25.7k [06:44<02:57, 43.8doc/s]
  scidocs:  70%|██████▉   | 17.9k/25.7k [06:44<02:57, 43.8doc/s]
  scidocs:  70%|██████▉   | 17.9k/25.7k [06:44<02:57, 43.8doc/s]
  scidocs:  70%|██████▉   | 17.9k/25.7k [06:44<02:56, 43.9doc/s]
  scidocs:  70%|██████▉   | 17.9k/25.7k [06:44<02:57, 43.7doc/s]
  scidocs:  70%|██████▉   | 17.9k/25.7k [06:45<02:56, 43.8doc/s]
  scidocs:  70%|██████▉   | 17.9k/25.7k [06:45<02:56, 43.9doc/s]
  scidocs:  70%|██████▉   | 17.9k/25.7k [06:45<02:55, 43.9doc/s]
  scidocs:  70%|██████▉   | 17.9k/25.7k [06:45<02:55, 44.0doc/s]
  scidocs:  70%|██████▉   | 18.0k/25.7k [06:45<02:55, 43.9doc/s]
  scidocs:  70%|███████   | 18.0k/25.7k [06:45<02:55, 43.9doc/s]
  scidocs:  70%|███████   | 18.0k/25.7k [06:46<02:55, 43.8doc/s]
  scidocs:  70%|███████   | 18.0k/25.7k [06:46<02:55, 43.8doc/s]
  scidocs:  70%|███████   | 18.0k/25.7k [06:46<02:55, 43.8doc/s]
  scidocs:  70%|███████   | 18.0k/25.7k [06:46<02:55, 43.6doc/s]
  scidocs:  70%|███████   | 18.0k/25.7k [06:46<02:55, 43.7doc/s]
  scidocs:  70%|███████   | 18.0k/25.7k [06:47<02:54, 43.8doc/s]
  scidocs:  70%|███████   | 18.0k/25.7k [06:47<02:54, 43.8doc/s]
  scidocs:  70%|███████   | 18.0k/25.7k [06:47<02:53, 43.9doc/s]
  scidocs:  70%|███████   | 18.0k/25.7k [06:47<02:57, 43.0doc/s]
  scidocs:  70%|███████   | 18.0k/25.7k [06:47<02:58, 42.8doc/s]
  scidocs:  70%|███████   | 18.0k/25.7k [06:48<02:56, 43.0doc/s]
  scidocs:  70%|███████   | 18.1k/25.7k [06:48<02:55, 43.3doc/s]
  scidocs:  70%|███████   | 18.1k/25.7k [06:48<02:54, 43.5doc/s]
  scidocs:  70%|███████   | 18.1k/25.7k [06:48<02:53, 43.8doc/s]
  scidocs:  70%|███████   | 18.1k/25.7k [06:48<02:52, 43.9doc/s]
  scidocs:  70%|███████   | 18.1k/25.7k [06:48<02:52, 44.0doc/s]
  scidocs:  71%|███████   | 18.1k/25.7k [06:49<02:53, 43.7doc/s]
  scidocs:  71%|███████   | 18.1k/25.7k [06:49<02:51, 44.0doc/s]
  scidocs:  71%|███████   | 18.1k/25.7k [06:49<02:51, 43.9doc/s]
  scidocs:  71%|███████   | 18.1k/25.7k [06:49<02:52, 43.8doc/s]
  scidocs:  71%|███████   | 18.1k/25.7k [06:49<02:51, 43.8doc/s]
  scidocs:  71%|███████   | 18.1k/25.7k [06:50<02:51, 43.8doc/s]
  scidocs:  71%|███████   | 18.1k/25.7k [06:50<02:51, 43.7doc/s]
  scidocs:  71%|███████   | 18.2k/25.7k [06:50<02:51, 43.7doc/s]
  scidocs:  71%|███████   | 18.2k/25.7k [06:50<02:51, 43.8doc/s]
  scidocs:  71%|███████   | 18.2k/25.7k [06:50<02:51, 43.8doc/s]
  scidocs:  71%|███████   | 18.2k/25.7k [06:50<02:49, 44.2doc/s]
  scidocs:  71%|███████   | 18.2k/25.7k [06:51<02:48, 44.3doc/s]
  scidocs:  71%|███████   | 18.2k/25.7k [06:51<02:47, 44.5doc/s]
  scidocs:  71%|███████   | 18.2k/25.7k [06:51<02:47, 44.5doc/s]
  scidocs:  71%|███████   | 18.2k/25.7k [06:51<02:50, 43.7doc/s]
  scidocs:  71%|███████   | 18.2k/25.7k [06:51<02:53, 42.8doc/s]
  scidocs:  71%|███████   | 18.2k/25.7k [06:52<02:54, 42.6doc/s]
  scidocs:  71%|███████   | 18.2k/25.7k [06:52<02:52, 42.9doc/s]
  scidocs:  71%|███████   | 18.2k/25.7k [06:52<02:51, 43.3doc/s]
  scidocs:  71%|███████   | 18.2k/25.7k [06:52<02:50, 43.5doc/s]
  scidocs:  71%|███████   | 18.3k/25.7k [06:52<02:49, 43.7doc/s]
  scidocs:  71%|███████   | 18.3k/25.7k [06:52<02:50, 43.5doc/s]
  scidocs:  71%|███████   | 18.3k/25.7k [06:53<02:49, 43.6doc/s]
  scidocs:  71%|███████   | 18.3k/25.7k [06:53<02:49, 43.5doc/s]
  scidocs:  71%|███████▏  | 18.3k/25.7k [06:53<02:48, 43.7doc/s]
  scidocs:  71%|███████▏  | 18.3k/25.7k [06:53<02:48, 43.7doc/s]
  scidocs:  71%|███████▏  | 18.3k/25.7k [06:53<02:47, 43.9doc/s]
  scidocs:  71%|███████▏  | 18.3k/25.7k [06:54<02:47, 43.9doc/s]
  scidocs:  71%|███████▏  | 18.3k/25.7k [06:54<02:47, 43.9doc/s]
  scidocs:  71%|███████▏  | 18.3k/25.7k [06:54<02:45, 44.3doc/s]
  scidocs:  71%|███████▏  | 18.3k/25.7k [06:54<02:45, 44.3doc/s]
  scidocs:  71%|███████▏  | 18.3k/25.7k [06:54<02:47, 43.7doc/s]
  scidocs:  72%|███████▏  | 18.4k/25.7k [06:54<02:46, 43.8doc/s]
  scidocs:  72%|███████▏  | 18.4k/25.7k [06:55<02:45, 44.1doc/s]
  scidocs:  72%|███████▏  | 18.4k/25.7k [06:55<02:45, 44.2doc/s]
  scidocs:  72%|███████▏  | 18.4k/25.7k [06:55<02:45, 44.0doc/s]
  scidocs:  72%|███████▏  | 18.4k/25.7k [06:55<02:45, 44.1doc/s]
  scidocs:  72%|███████▏  | 18.4k/25.7k [06:55<02:45, 43.9doc/s]
  scidocs:  72%|███████▏  | 18.4k/25.7k [06:56<02:45, 43.9doc/s]
  scidocs:  72%|███████▏  | 18.4k/25.7k [06:56<02:44, 44.0doc/s]
  scidocs:  72%|███████▏  | 18.4k/25.7k [06:56<02:44, 44.1doc/s]
  scidocs:  72%|███████▏  | 18.4k/25.7k [06:56<02:44, 44.1doc/s]
  scidocs:  72%|███████▏  | 18.4k/25.7k [06:56<02:44, 43.9doc/s]
  scidocs:  72%|███████▏  | 18.4k/25.7k [06:56<02:44, 43.9doc/s]
  scidocs:  72%|███████▏  | 18.4k/25.7k [06:57<02:43, 44.0doc/s]
  scidocs:  72%|███████▏  | 18.5k/25.7k [06:57<02:43, 44.0doc/s]
  scidocs:  72%|███████▏  | 18.5k/25.7k [06:57<02:44, 43.8doc/s]
  scidocs:  72%|███████▏  | 18.5k/25.7k [06:57<02:44, 43.7doc/s]
  scidocs:  72%|███████▏  | 18.5k/25.7k [06:57<02:43, 43.8doc/s]
  scidocs:  72%|███████▏  | 18.5k/25.7k [06:58<02:43, 43.8doc/s]
  scidocs:  72%|███████▏  | 18.5k/25.7k [06:58<02:43, 43.7doc/s]
  scidocs:  72%|███████▏  | 18.5k/25.7k [06:58<02:43, 43.8doc/s]
  scidocs:  72%|███████▏  | 18.5k/25.7k [06:58<02:43, 43.8doc/s]
  scidocs:  72%|███████▏  | 18.5k/25.7k [06:58<02:43, 43.7doc/s]
  scidocs:  72%|███████▏  | 18.5k/25.7k [06:58<02:43, 43.5doc/s]
  scidocs:  72%|███████▏  | 18.5k/25.7k [06:59<02:43, 43.6doc/s]
  scidocs:  72%|███████▏  | 18.5k/25.7k [06:59<02:41, 44.0doc/s]
  scidocs:  72%|███████▏  | 18.6k/25.7k [06:59<02:40, 44.4doc/s]
  scidocs:  72%|███████▏  | 18.6k/25.7k [06:59<02:40, 44.3doc/s]
  scidocs:  72%|███████▏  | 18.6k/25.7k [06:59<02:40, 44.2doc/s]
  scidocs:  72%|███████▏  | 18.6k/25.7k [07:00<02:41, 43.9doc/s]
  scidocs:  72%|███████▏  | 18.6k/25.7k [07:00<02:43, 43.2doc/s]
  scidocs:  72%|███████▏  | 18.6k/25.7k [07:00<02:43, 43.2doc/s]
  scidocs:  72%|███████▏  | 18.6k/25.7k [07:00<02:43, 43.3doc/s]
  scidocs:  73%|███████▎  | 18.6k/25.7k [07:00<02:43, 43.1doc/s]
  scidocs:  73%|███████▎  | 18.6k/25.7k [07:00<02:42, 43.4doc/s]
  scidocs:  73%|███████▎  | 18.6k/25.7k [07:01<02:40, 43.8doc/s]
  scidocs:  73%|███████▎  | 18.6k/25.7k [07:01<02:40, 43.9doc/s]
  scidocs:  73%|███████▎  | 18.6k/25.7k [07:01<02:39, 43.9doc/s]
  scidocs:  73%|███████▎  | 18.6k/25.7k [07:01<02:38, 44.3doc/s]
  scidocs:  73%|███████▎  | 18.7k/25.7k [07:01<02:40, 43.6doc/s]
  scidocs:  73%|███████▎  | 18.7k/25.7k [07:02<02:42, 43.0doc/s]
  scidocs:  73%|███████▎  | 18.7k/25.7k [07:02<02:42, 43.0doc/s]
  scidocs:  73%|███████▎  | 18.7k/25.7k [07:02<02:41, 43.3doc/s]
  scidocs:  73%|███████▎  | 18.7k/25.7k [07:02<02:40, 43.4doc/s]
  scidocs:  73%|███████▎  | 18.7k/25.7k [07:02<02:39, 43.5doc/s]
  scidocs:  73%|███████▎  | 18.7k/25.7k [07:02<02:39, 43.6doc/s]
  scidocs:  73%|███████▎  | 18.7k/25.7k [07:03<02:39, 43.5doc/s]
  scidocs:  73%|███████▎  | 18.7k/25.7k [07:03<02:38, 43.7doc/s]
  scidocs:  73%|███████▎  | 18.7k/25.7k [07:03<02:39, 43.6doc/s]
  scidocs:  73%|███████▎  | 18.7k/25.7k [07:03<02:37, 43.9doc/s]
  scidocs:  73%|███████▎  | 18.7k/25.7k [07:03<02:36, 44.2doc/s]
  scidocs:  73%|███████▎  | 18.8k/25.7k [07:04<02:36, 44.3doc/s]
  scidocs:  73%|███████▎  | 18.8k/25.7k [07:04<02:35, 44.2doc/s]
  scidocs:  73%|███████▎  | 18.8k/25.7k [07:04<02:34, 44.6doc/s]
  scidocs:  73%|███████▎  | 18.8k/25.7k [07:04<02:33, 44.8doc/s]
  scidocs:  73%|███████▎  | 18.8k/25.7k [07:04<02:33, 44.9doc/s]
  scidocs:  73%|███████▎  | 18.8k/25.7k [07:04<02:33, 44.8doc/s]
  scidocs:  73%|███████▎  | 18.8k/25.7k [07:05<02:36, 43.9doc/s]
  scidocs:  73%|███████▎  | 18.8k/25.7k [07:05<02:39, 43.0doc/s]
  scidocs:  73%|███████▎  | 18.8k/25.7k [07:05<02:40, 42.6doc/s]
  scidocs:  73%|███████▎  | 18.8k/25.7k [07:05<02:39, 42.9doc/s]
  scidocs:  73%|███████▎  | 18.8k/25.7k [07:05<02:38, 43.2doc/s]
  scidocs:  73%|███████▎  | 18.8k/25.7k [07:06<02:37, 43.3doc/s]
  scidocs:  73%|███████▎  | 18.8k/25.7k [07:06<02:36, 43.5doc/s]
  scidocs:  73%|███████▎  | 18.9k/25.7k [07:06<02:35, 43.7doc/s]
  scidocs:  74%|███████▎  | 18.9k/25.7k [07:06<02:34, 43.8doc/s]
  scidocs:  74%|███████▎  | 18.9k/25.7k [07:06<02:34, 43.9doc/s]
  scidocs:  74%|███████▎  | 18.9k/25.7k [07:07<02:34, 43.9doc/s]
  scidocs:  74%|███████▎  | 18.9k/25.7k [07:07<02:34, 43.9doc/s]
  scidocs:  74%|███████▎  | 18.9k/25.7k [07:07<02:33, 44.1doc/s]
  scidocs:  74%|███████▎  | 18.9k/25.7k [07:07<02:32, 44.1doc/s]
  scidocs:  74%|███████▎  | 18.9k/25.7k [07:07<02:32, 44.3doc/s]
  scidocs:  74%|███████▎  | 18.9k/25.7k [07:07<02:31, 44.4doc/s]
  scidocs:  74%|███████▍  | 18.9k/25.7k [07:08<02:32, 44.2doc/s]
  scidocs:  74%|███████▍  | 18.9k/25.7k [07:08<02:31, 44.2doc/s]
  scidocs:  74%|███████▍  | 18.9k/25.7k [07:08<02:32, 43.9doc/s]
  scidocs:  74%|███████▍  | 19.0k/25.7k [07:08<02:32, 44.0doc/s]
  scidocs:  74%|███████▍  | 19.0k/25.7k [07:08<02:32, 43.9doc/s]
  scidocs:  74%|███████▍  | 19.0k/25.7k [07:09<02:32, 43.8doc/s]
  scidocs:  74%|███████▍  | 19.0k/25.7k [07:09<02:32, 43.8doc/s]
  scidocs:  74%|███████▍  | 19.0k/25.7k [07:09<02:33, 43.4doc/s]
  scidocs:  74%|███████▍  | 19.0k/25.7k [07:09<02:34, 43.2doc/s]
  scidocs:  74%|███████▍  | 19.0k/25.7k [07:09<02:33, 43.5doc/s]
  scidocs:  74%|███████▍  | 19.0k/25.7k [07:09<02:32, 43.7doc/s]
  scidocs:  74%|███████▍  | 19.0k/25.7k [07:10<02:31, 43.9doc/s]
  scidocs:  74%|███████▍  | 19.0k/25.7k [07:10<02:30, 44.0doc/s]
  scidocs:  74%|███████▍  | 19.0k/25.7k [07:10<02:32, 43.4doc/s]
  scidocs:  74%|███████▍  | 19.0k/25.7k [07:10<02:34, 42.8doc/s]
  scidocs:  74%|███████▍  | 19.0k/25.7k [07:10<02:35, 42.6doc/s]
  scidocs:  74%|███████▍  | 19.1k/25.7k [07:11<02:33, 42.9doc/s]
  scidocs:  74%|███████▍  | 19.1k/25.7k [07:11<02:32, 43.3doc/s]
  scidocs:  74%|███████▍  | 19.1k/25.7k [07:11<02:29, 44.0doc/s]
  scidocs:  74%|███████▍  | 19.1k/25.7k [07:11<02:28, 44.3doc/s]
  scidocs:  74%|███████▍  | 19.1k/25.7k [07:11<02:29, 44.1doc/s]
  scidocs:  74%|███████▍  | 19.1k/25.7k [07:11<02:29, 44.0doc/s]
  scidocs:  74%|███████▍  | 19.1k/25.7k [07:12<02:29, 43.8doc/s]
  scidocs:  74%|███████▍  | 19.1k/25.7k [07:12<02:30, 43.5doc/s]
  scidocs:  75%|███████▍  | 19.1k/25.7k [07:12<02:30, 43.4doc/s]
  scidocs:  75%|███████▍  | 19.1k/25.7k [07:12<02:30, 43.3doc/s]
  scidocs:  75%|███████▍  | 19.1k/25.7k [07:12<02:30, 43.4doc/s]
  scidocs:  75%|███████▍  | 19.1k/25.7k [07:13<02:28, 43.7doc/s]
  scidocs:  75%|███████▍  | 19.2k/25.7k [07:13<02:28, 43.8doc/s]
  scidocs:  75%|███████▍  | 19.2k/25.7k [07:13<02:27, 44.1doc/s]
  scidocs:  75%|███████▍  | 19.2k/25.7k [07:13<02:26, 44.2doc/s]
  scidocs:  75%|███████▍  | 19.2k/25.7k [07:13<02:26, 44.3doc/s]
  scidocs:  75%|███████▍  | 19.2k/25.7k [07:13<02:25, 44.4doc/s]
  scidocs:  75%|███████▍  | 19.2k/25.7k [07:14<02:25, 44.3doc/s]
  scidocs:  75%|███████▍  | 19.2k/25.7k [07:14<02:25, 44.3doc/s]
  scidocs:  75%|███████▍  | 19.2k/25.7k [07:14<02:26, 44.0doc/s]
  scidocs:  75%|███████▍  | 19.2k/25.7k [07:14<02:27, 43.8doc/s]
  scidocs:  75%|███████▍  | 19.2k/25.7k [07:14<02:27, 43.7doc/s]
  scidocs:  75%|███████▍  | 19.2k/25.7k [07:15<02:26, 43.8doc/s]
  scidocs:  75%|███████▍  | 19.2k/25.7k [07:15<02:26, 43.9doc/s]
  scidocs:  75%|███████▌  | 19.2k/25.7k [07:15<02:26, 43.9doc/s]
  scidocs:  75%|███████▌  | 19.3k/25.7k [07:15<02:26, 43.8doc/s]
  scidocs:  75%|███████▌  | 19.3k/25.7k [07:15<02:26, 43.8doc/s]
  scidocs:  75%|███████▌  | 19.3k/25.7k [07:15<02:25, 43.9doc/s]
  scidocs:  75%|███████▌  | 19.3k/25.7k [07:16<02:24, 44.1doc/s]
  scidocs:  75%|███████▌  | 19.3k/25.7k [07:16<02:23, 44.3doc/s]
  scidocs:  75%|███████▌  | 19.3k/25.7k [07:16<02:23, 44.5doc/s]
  scidocs:  75%|███████▌  | 19.3k/25.7k [07:16<02:22, 44.7doc/s]
  scidocs:  75%|███████▌  | 19.3k/25.7k [07:16<02:21, 44.8doc/s]
  scidocs:  75%|███████▌  | 19.3k/25.7k [07:17<02:24, 43.9doc/s]
  scidocs:  75%|███████▌  | 19.3k/25.7k [07:17<02:26, 43.3doc/s]
  scidocs:  75%|███████▌  | 19.3k/25.7k [07:17<02:26, 43.2doc/s]
  scidocs:  75%|███████▌  | 19.3k/25.7k [07:17<02:25, 43.3doc/s]
  scidocs:  75%|███████▌  | 19.4k/25.7k [07:17<02:24, 43.5doc/s]
  scidocs:  75%|███████▌  | 19.4k/25.7k [07:17<02:23, 43.8doc/s]
  scidocs:  75%|███████▌  | 19.4k/25.7k [07:18<02:22, 44.2doc/s]
  scidocs:  76%|███████▌  | 19.4k/25.7k [07:18<02:21, 44.4doc/s]
  scidocs:  76%|███████▌  | 19.4k/25.7k [07:18<02:21, 44.5doc/s]
  scidocs:  76%|███████▌  | 19.4k/25.7k [07:18<02:23, 43.7doc/s]
  scidocs:  76%|███████▌  | 19.4k/25.7k [07:18<02:24, 43.2doc/s]
  scidocs:  76%|███████▌  | 19.4k/25.7k [07:19<02:24, 43.2doc/s]
  scidocs:  76%|███████▌  | 19.4k/25.7k [07:19<02:24, 43.3doc/s]
  scidocs:  76%|███████▌  | 19.4k/25.7k [07:19<02:24, 43.3doc/s]
  scidocs:  76%|███████▌  | 19.4k/25.7k [07:19<02:23, 43.4doc/s]
  scidocs:  76%|███████▌  | 19.4k/25.7k [07:19<02:22, 43.8doc/s]
  scidocs:  76%|███████▌  | 19.4k/25.7k [07:19<02:20, 44.1doc/s]
  scidocs:  76%|███████▌  | 19.5k/25.7k [07:20<02:19, 44.3doc/s]
  scidocs:  76%|███████▌  | 19.5k/25.7k [07:20<02:19, 44.3doc/s]
  scidocs:  76%|███████▌  | 19.5k/25.7k [07:20<02:18, 44.6doc/s]
  scidocs:  76%|███████▌  | 19.5k/25.7k [07:20<02:18, 44.6doc/s]
  scidocs:  76%|███████▌  | 19.5k/25.7k [07:20<02:18, 44.5doc/s]
  scidocs:  76%|███████▌  | 19.5k/25.7k [07:21<02:19, 44.2doc/s]
  scidocs:  76%|███████▌  | 19.5k/25.7k [07:21<02:18, 44.3doc/s]
  scidocs:  76%|███████▌  | 19.5k/25.7k [07:21<02:18, 44.4doc/s]
  scidocs:  76%|███████▌  | 19.5k/25.7k [07:21<02:18, 44.2doc/s]
  scidocs:  76%|███████▌  | 19.5k/25.7k [07:21<02:20, 43.7doc/s]
  scidocs:  76%|███████▌  | 19.5k/25.7k [07:21<02:19, 43.8doc/s]
  scidocs:  76%|███████▌  | 19.5k/25.7k [07:22<02:19, 43.8doc/s]
  scidocs:  76%|███████▌  | 19.6k/25.7k [07:22<02:18, 43.9doc/s]
  scidocs:  76%|███████▌  | 19.6k/25.7k [07:22<02:19, 43.8doc/s]
  scidocs:  76%|███████▋  | 19.6k/25.7k [07:22<02:19, 43.8doc/s]
  scidocs:  76%|███████▋  | 19.6k/25.7k [07:22<02:17, 44.1doc/s]
  scidocs:  76%|███████▋  | 19.6k/25.7k [07:23<02:17, 44.3doc/s]
  scidocs:  76%|███████▋  | 19.6k/25.7k [07:23<02:15, 44.6doc/s]
  scidocs:  76%|███████▋  | 19.6k/25.7k [07:23<02:15, 44.7doc/s]
  scidocs:  76%|███████▋  | 19.6k/25.7k [07:23<02:17, 43.9doc/s]
  scidocs:  76%|███████▋  | 19.6k/25.7k [07:23<02:20, 42.9doc/s]
  scidocs:  76%|███████▋  | 19.6k/25.7k [07:23<02:22, 42.4doc/s]
  scidocs:  77%|███████▋  | 19.6k/25.7k [07:24<02:20, 42.7doc/s]
  scidocs:  77%|███████▋  | 19.6k/25.7k [07:24<02:19, 43.1doc/s]
  scidocs:  77%|███████▋  | 19.6k/25.7k [07:24<02:18, 43.4doc/s]
  scidocs:  77%|███████▋  | 19.7k/25.7k [07:24<02:17, 43.6doc/s]
  scidocs:  77%|███████▋  | 19.7k/25.7k [07:24<02:17, 43.7doc/s]
  scidocs:  77%|███████▋  | 19.7k/25.7k [07:25<02:17, 43.6doc/s]
  scidocs:  77%|███████▋  | 19.7k/25.7k [07:25<02:17, 43.6doc/s]
  scidocs:  77%|███████▋  | 19.7k/25.7k [07:25<02:15, 44.0doc/s]
  scidocs:  77%|███████▋  | 19.7k/25.7k [07:25<02:14, 44.3doc/s]
  scidocs:  77%|███████▋  | 19.7k/25.7k [07:25<02:13, 44.4doc/s]
  scidocs:  77%|███████▋  | 19.7k/25.7k [07:25<02:13, 44.7doc/s]
  scidocs:  77%|███████▋  | 19.7k/25.7k [07:26<02:13, 44.5doc/s]
  scidocs:  77%|███████▋  | 19.7k/25.7k [07:26<02:16, 43.4doc/s]
  scidocs:  77%|███████▋  | 19.7k/25.7k [07:26<02:18, 42.8doc/s]
  scidocs:  77%|███████▋  | 19.7k/25.7k [07:26<02:18, 42.7doc/s]
  scidocs:  77%|███████▋  | 19.8k/25.7k [07:26<02:16, 43.3doc/s]
  scidocs:  77%|███████▋  | 19.8k/25.7k [07:27<02:14, 43.9doc/s]
  scidocs:  77%|███████▋  | 19.8k/25.7k [07:27<02:15, 43.5doc/s]
  scidocs:  77%|███████▋  | 19.8k/25.7k [07:27<02:16, 43.0doc/s]
  scidocs:  77%|███████▋  | 19.8k/25.7k [07:27<02:16, 43.0doc/s]
  scidocs:  77%|███████▋  | 19.8k/25.7k [07:27<02:15, 43.2doc/s]
  scidocs:  77%|███████▋  | 19.8k/25.7k [07:28<02:14, 43.5doc/s]
  scidocs:  77%|███████▋  | 19.8k/25.7k [07:28<02:12, 44.0doc/s]
  scidocs:  77%|███████▋  | 19.8k/25.7k [07:28<02:12, 44.2doc/s]
  scidocs:  77%|███████▋  | 19.8k/25.7k [07:28<02:12, 44.0doc/s]
  scidocs:  77%|███████▋  | 19.8k/25.7k [07:28<02:13, 43.7doc/s]
  scidocs:  77%|███████▋  | 19.8k/25.7k [07:28<02:12, 43.8doc/s]
  scidocs:  77%|███████▋  | 19.8k/25.7k [07:29<02:12, 43.9doc/s]
  scidocs:  77%|███████▋  | 19.9k/25.7k [07:29<02:12, 43.9doc/s]
  scidocs:  77%|███████▋  | 19.9k/25.7k [07:29<02:11, 44.0doc/s]
  scidocs:  77%|███████▋  | 19.9k/25.7k [07:29<02:11, 44.0doc/s]
  scidocs:  77%|███████▋  | 19.9k/25.7k [07:29<02:10, 44.1doc/s]
  scidocs:  78%|███████▊  | 19.9k/25.7k [07:30<02:11, 44.0doc/s]
  scidocs:  78%|███████▊  | 19.9k/25.7k [07:30<02:11, 43.8doc/s]
  scidocs:  78%|███████▊  | 19.9k/25.7k [07:30<02:11, 43.8doc/s]
  scidocs:  78%|███████▊  | 19.9k/25.7k [07:30<02:11, 43.8doc/s]
  scidocs:  78%|███████▊  | 19.9k/25.7k [07:30<02:10, 43.8doc/s]
  scidocs:  78%|███████▊  | 19.9k/25.7k [07:30<02:10, 43.8doc/s]
  scidocs:  78%|███████▊  | 19.9k/25.7k [07:31<02:10, 43.8doc/s]
  scidocs:  78%|███████▊  | 19.9k/25.7k [07:31<02:10, 43.9doc/s]
  scidocs:  78%|███████▊  | 20.0k/25.7k [07:31<02:08, 44.4doc/s]
  scidocs:  78%|███████▊  | 20.0k/25.7k [07:31<02:07, 44.6doc/s]
  scidocs:  78%|███████▊  | 20.0k/25.7k [07:31<02:07, 44.6doc/s]
  scidocs:  78%|███████▊  | 20.0k/25.7k [07:32<02:07, 44.7doc/s]
  scidocs:  78%|███████▊  | 20.0k/25.7k [07:32<02:09, 43.9doc/s]
  scidocs:  78%|███████▊  | 20.0k/25.7k [07:32<02:11, 43.2doc/s]
  scidocs:  78%|███████▊  | 20.0k/25.7k [07:32<02:11, 42.9doc/s]
  scidocs:  78%|███████▊  | 20.0k/25.7k [07:32<02:11, 42.9doc/s]
  scidocs:  78%|███████▊  | 20.0k/25.7k [07:32<02:09, 43.5doc/s]
  scidocs:  78%|███████▊  | 20.0k/25.7k [07:33<02:07, 44.1doc/s]
  scidocs:  78%|███████▊  | 20.0k/25.7k [07:33<02:07, 44.2doc/s]
  scidocs:  78%|███████▊  | 20.0k/25.7k [07:33<02:06, 44.3doc/s]
  scidocs:  78%|███████▊  | 20.0k/25.7k [07:33<02:07, 44.1doc/s]
  scidocs:  78%|███████▊  | 20.1k/25.7k [07:33<02:06, 44.1doc/s]
  scidocs:  78%|███████▊  | 20.1k/25.7k [07:34<02:06, 44.2doc/s]
  scidocs:  78%|███████▊  | 20.1k/25.7k [07:34<02:06, 44.2doc/s]
  scidocs:  78%|███████▊  | 20.1k/25.7k [07:34<02:06, 44.0doc/s]
  scidocs:  78%|███████▊  | 20.1k/25.7k [07:34<02:06, 44.0doc/s]
  scidocs:  78%|███████▊  | 20.1k/25.7k [07:34<02:06, 43.9doc/s]
  scidocs:  78%|███████▊  | 20.1k/25.7k [07:34<02:06, 43.9doc/s]
  scidocs:  78%|███████▊  | 20.1k/25.7k [07:35<02:06, 43.8doc/s]
  scidocs:  78%|███████▊  | 20.1k/25.7k [07:35<02:05, 44.1doc/s]
  scidocs:  78%|███████▊  | 20.1k/25.7k [07:35<02:06, 43.5doc/s]
  scidocs:  78%|███████▊  | 20.1k/25.7k [07:35<02:07, 43.2doc/s]
  scidocs:  79%|███████▊  | 20.1k/25.7k [07:35<02:07, 43.1doc/s]
  scidocs:  79%|███████▊  | 20.2k/25.7k [07:36<02:07, 43.3doc/s]
  scidocs:  79%|███████▊  | 20.2k/25.7k [07:36<02:06, 43.3doc/s]
  scidocs:  79%|███████▊  | 20.2k/25.7k [07:36<02:06, 43.5doc/s]
  scidocs:  79%|███████▊  | 20.2k/25.7k [07:36<02:05, 43.7doc/s]
  scidocs:  79%|███████▊  | 20.2k/25.7k [07:36<02:05, 43.5doc/s]
  scidocs:  79%|███████▊  | 20.2k/25.7k [07:36<02:05, 43.5doc/s]
  scidocs:  79%|███████▊  | 20.2k/25.7k [07:37<02:05, 43.5doc/s]
  scidocs:  79%|███████▉  | 20.2k/25.7k [07:37<02:04, 43.8doc/s]
  scidocs:  79%|███████▉  | 20.2k/25.7k [07:37<02:03, 44.0doc/s]
  scidocs:  79%|███████▉  | 20.2k/25.7k [07:37<02:03, 44.2doc/s]
  scidocs:  79%|███████▉  | 20.2k/25.7k [07:37<02:03, 44.1doc/s]
  scidocs:  79%|███████▉  | 20.2k/25.7k [07:38<02:03, 43.7doc/s]
  scidocs:  79%|███████▉  | 20.2k/25.7k [07:38<02:03, 43.9doc/s]
  scidocs:  79%|███████▉  | 20.3k/25.7k [07:38<02:03, 43.9doc/s]
  scidocs:  79%|███████▉  | 20.3k/25.7k [07:38<02:02, 44.0doc/s]
  scidocs:  79%|███████▉  | 20.3k/25.7k [07:38<02:02, 43.8doc/s]
  scidocs:  79%|███████▉  | 20.3k/25.7k [07:38<02:02, 43.9doc/s]
  scidocs:  79%|███████▉  | 20.3k/25.7k [07:39<02:02, 43.8doc/s]
  scidocs:  79%|███████▉  | 20.3k/25.7k [07:39<02:02, 43.6doc/s]
  scidocs:  79%|███████▉  | 20.3k/25.7k [07:39<02:02, 43.6doc/s]
  scidocs:  79%|███████▉  | 20.3k/25.7k [07:39<02:02, 43.7doc/s]
  scidocs:  79%|███████▉  | 20.3k/25.7k [07:39<02:01, 44.0doc/s]
  scidocs:  79%|███████▉  | 20.3k/25.7k [07:40<02:00, 44.1doc/s]
  scidocs:  79%|███████▉  | 20.3k/25.7k [07:40<01:59, 44.4doc/s]
  scidocs:  79%|███████▉  | 20.3k/25.7k [07:40<02:00, 44.1doc/s]
  scidocs:  79%|███████▉  | 20.4k/25.7k [07:40<02:00, 44.0doc/s]
  scidocs:  79%|███████▉  | 20.4k/25.7k [07:40<02:00, 43.9doc/s]
  scidocs:  79%|███████▉  | 20.4k/25.7k [07:40<02:00, 43.9doc/s]
  scidocs:  79%|███████▉  | 20.4k/25.7k [07:41<02:00, 44.0doc/s]
  scidocs:  79%|███████▉  | 20.4k/25.7k [07:41<01:59, 44.0doc/s]
  scidocs:  79%|███████▉  | 20.4k/25.7k [07:41<01:59, 44.1doc/s]
  scidocs:  80%|███████▉  | 20.4k/25.7k [07:41<01:57, 44.6doc/s]
  scidocs:  80%|███████▉  | 20.4k/25.7k [07:41<01:57, 44.6doc/s]
  scidocs:  80%|███████▉  | 20.4k/25.7k [07:42<01:57, 44.6doc/s]
  scidocs:  80%|███████▉  | 20.4k/25.7k [07:42<01:59, 43.7doc/s]
  scidocs:  80%|███████▉  | 20.4k/25.7k [07:42<02:01, 43.0doc/s]
  scidocs:  80%|███████▉  | 20.4k/25.7k [07:42<02:02, 42.7doc/s]
  scidocs:  80%|███████▉  | 20.4k/25.7k [07:42<02:01, 43.0doc/s]
  scidocs:  80%|███████▉  | 20.5k/25.7k [07:42<02:00, 43.2doc/s]
  scidocs:  80%|███████▉  | 20.5k/25.7k [07:43<02:00, 43.2doc/s]
  scidocs:  80%|███████▉  | 20.5k/25.7k [07:43<01:59, 43.5doc/s]
  scidocs:  80%|███████▉  | 20.5k/25.7k [07:43<01:58, 43.6doc/s]
  scidocs:  80%|███████▉  | 20.5k/25.7k [07:43<01:58, 43.7doc/s]
  scidocs:  80%|███████▉  | 20.5k/25.7k [07:43<01:57, 43.9doc/s]
  scidocs:  80%|███████▉  | 20.5k/25.7k [07:44<01:57, 43.9doc/s]
  scidocs:  80%|███████▉  | 20.5k/25.7k [07:44<01:57, 43.9doc/s]
  scidocs:  80%|███████▉  | 20.5k/25.7k [07:44<01:56, 43.9doc/s]
  scidocs:  80%|████████  | 20.5k/25.7k [07:44<01:56, 44.0doc/s]
  scidocs:  80%|████████  | 20.5k/25.7k [07:44<01:56, 43.8doc/s]
  scidocs:  80%|████████  | 20.5k/25.7k [07:44<01:56, 44.0doc/s]
  scidocs:  80%|████████  | 20.6k/25.7k [07:45<01:55, 44.0doc/s]
  scidocs:  80%|████████  | 20.6k/25.7k [07:45<01:55, 44.2doc/s]
  scidocs:  80%|████████  | 20.6k/25.7k [07:45<01:55, 44.1doc/s]
  scidocs:  80%|████████  | 20.6k/25.7k [07:45<01:55, 44.2doc/s]
  scidocs:  80%|████████  | 20.6k/25.7k [07:45<01:54, 44.2doc/s]
  scidocs:  80%|████████  | 20.6k/25.7k [07:46<01:54, 44.1doc/s]
  scidocs:  80%|████████  | 20.6k/25.7k [07:46<01:54, 44.3doc/s]
  scidocs:  80%|████████  | 20.6k/25.7k [07:46<01:53, 44.4doc/s]
  scidocs:  80%|████████  | 20.6k/25.7k [07:46<01:56, 43.3doc/s]
  scidocs:  80%|████████  | 20.6k/25.7k [07:46<01:56, 43.0doc/s]
  scidocs:  80%|████████  | 20.6k/25.7k [07:46<01:56, 43.1doc/s]
  scidocs:  80%|████████  | 20.6k/25.7k [07:47<01:54, 43.7doc/s]
  scidocs:  80%|████████  | 20.6k/25.7k [07:47<01:54, 43.9doc/s]
  scidocs:  81%|████████  | 20.7k/25.7k [07:47<01:53, 44.1doc/s]
  scidocs:  81%|████████  | 20.7k/25.7k [07:47<01:52, 44.3doc/s]
  scidocs:  81%|████████  | 20.7k/25.7k [07:47<01:52, 44.5doc/s]
  scidocs:  81%|████████  | 20.7k/25.7k [07:48<01:53, 43.9doc/s]
  scidocs:  81%|████████  | 20.7k/25.7k [07:48<01:55, 43.0doc/s]
  scidocs:  81%|████████  | 20.7k/25.7k [07:48<01:56, 42.5doc/s]
  scidocs:  81%|████████  | 20.7k/25.7k [07:48<01:57, 42.3doc/s]
  scidocs:  81%|████████  | 20.7k/25.7k [07:48<01:55, 42.8doc/s]
  scidocs:  81%|████████  | 20.7k/25.7k [07:49<01:55, 42.9doc/s]
  scidocs:  81%|████████  | 20.7k/25.7k [07:49<01:53, 43.4doc/s]
  scidocs:  81%|████████  | 20.7k/25.7k [07:49<01:52, 43.7doc/s]
  scidocs:  81%|████████  | 20.7k/25.7k [07:49<01:51, 44.0doc/s]
  scidocs:  81%|████████  | 20.8k/25.7k [07:49<01:51, 44.0doc/s]
  scidocs:  81%|████████  | 20.8k/25.7k [07:49<01:50, 44.2doc/s]
  scidocs:  81%|████████  | 20.8k/25.7k [07:50<01:50, 44.1doc/s]
  scidocs:  81%|████████  | 20.8k/25.7k [07:50<01:50, 44.0doc/s]
  scidocs:  81%|████████  | 20.8k/25.7k [07:50<01:50, 44.1doc/s]
  scidocs:  81%|████████  | 20.8k/25.7k [07:50<01:50, 44.2doc/s]
  scidocs:  81%|████████  | 20.8k/25.7k [07:50<01:49, 44.2doc/s]
  scidocs:  81%|████████  | 20.8k/25.7k [07:51<01:49, 44.1doc/s]
  scidocs:  81%|████████  | 20.8k/25.7k [07:51<01:49, 44.1doc/s]
  scidocs:  81%|████████  | 20.8k/25.7k [07:51<01:49, 44.1doc/s]
  scidocs:  81%|████████  | 20.8k/25.7k [07:51<01:49, 44.0doc/s]
  scidocs:  81%|████████  | 20.8k/25.7k [07:51<01:49, 43.9doc/s]
  scidocs:  81%|████████▏ | 20.8k/25.7k [07:51<01:49, 43.8doc/s]
  scidocs:  81%|████████▏ | 20.9k/25.7k [07:52<01:49, 43.8doc/s]
  scidocs:  81%|████████▏ | 20.9k/25.7k [07:52<01:49, 43.9doc/s]
  scidocs:  81%|████████▏ | 20.9k/25.7k [07:52<01:49, 43.7doc/s]
  scidocs:  81%|████████▏ | 20.9k/25.7k [07:52<01:49, 43.6doc/s]
  scidocs:  81%|████████▏ | 20.9k/25.7k [07:52<01:48, 43.8doc/s]
  scidocs:  81%|████████▏ | 20.9k/25.7k [07:53<01:48, 44.0doc/s]
  scidocs:  81%|████████▏ | 20.9k/25.7k [07:53<01:48, 44.0doc/s]
  scidocs:  82%|████████▏ | 20.9k/25.7k [07:53<01:47, 44.1doc/s]
  scidocs:  82%|████████▏ | 20.9k/25.7k [07:53<01:48, 43.8doc/s]
  scidocs:  82%|████████▏ | 20.9k/25.7k [07:53<01:48, 43.7doc/s]
  scidocs:  82%|████████▏ | 20.9k/25.7k [07:53<01:47, 43.8doc/s]
  scidocs:  82%|████████▏ | 20.9k/25.7k [07:54<01:47, 43.7doc/s]
  scidocs:  82%|████████▏ | 21.0k/25.7k [07:54<01:47, 43.7doc/s]
  scidocs:  82%|████████▏ | 21.0k/25.7k [07:54<01:46, 44.0doc/s]
  scidocs:  82%|████████▏ | 21.0k/25.7k [07:54<01:46, 44.0doc/s]
  scidocs:  82%|████████▏ | 21.0k/25.7k [07:54<01:46, 43.9doc/s]
  scidocs:  82%|████████▏ | 21.0k/25.7k [07:55<01:46, 44.1doc/s]
  scidocs:  82%|████████▏ | 21.0k/25.7k [07:55<01:46, 43.9doc/s]
  scidocs:  82%|████████▏ | 21.0k/25.7k [07:55<01:45, 44.0doc/s]
  scidocs:  82%|████████▏ | 21.0k/25.7k [07:55<01:46, 43.7doc/s]
  scidocs:  82%|████████▏ | 21.0k/25.7k [07:55<01:45, 44.0doc/s]
  scidocs:  82%|████████▏ | 21.0k/25.7k [07:55<01:44, 44.4doc/s]
  scidocs:  82%|████████▏ | 21.0k/25.7k [07:56<01:43, 44.6doc/s]
  scidocs:  82%|████████▏ | 21.0k/25.7k [07:56<01:43, 44.5doc/s]
  scidocs:  82%|████████▏ | 21.0k/25.7k [07:56<01:44, 44.2doc/s]
  scidocs:  82%|████████▏ | 21.1k/25.7k [07:56<01:46, 43.2doc/s]
  scidocs:  82%|████████▏ | 21.1k/25.7k [07:56<01:47, 42.7doc/s]
  scidocs:  82%|████████▏ | 21.1k/25.7k [07:57<01:46, 42.9doc/s]
  scidocs:  82%|████████▏ | 21.1k/25.7k [07:57<01:46, 42.9doc/s]
  scidocs:  82%|████████▏ | 21.1k/25.7k [07:57<01:46, 42.9doc/s]
  scidocs:  82%|████████▏ | 21.1k/25.7k [07:57<01:45, 43.3doc/s]
  scidocs:  82%|████████▏ | 21.1k/25.7k [07:57<01:44, 43.5doc/s]
  scidocs:  82%|████████▏ | 21.1k/25.7k [07:57<01:43, 43.8doc/s]
  scidocs:  82%|████████▏ | 21.1k/25.7k [07:58<01:43, 43.9doc/s]
  scidocs:  82%|████████▏ | 21.1k/25.7k [07:58<01:43, 43.8doc/s]
  scidocs:  82%|████████▏ | 21.1k/25.7k [07:58<01:42, 44.1doc/s]
  scidocs:  82%|████████▏ | 21.1k/25.7k [07:58<01:42, 43.9doc/s]
  scidocs:  82%|████████▏ | 21.2k/25.7k [07:58<01:43, 43.7doc/s]
  scidocs:  82%|████████▏ | 21.2k/25.7k [07:59<01:42, 43.8doc/s]
  scidocs:  83%|████████▎ | 21.2k/25.7k [07:59<01:42, 43.8doc/s]
  scidocs:  83%|████████▎ | 21.2k/25.7k [07:59<01:42, 43.7doc/s]
  scidocs:  83%|████████▎ | 21.2k/25.7k [07:59<01:42, 43.7doc/s]
  scidocs:  83%|████████▎ | 21.2k/25.7k [07:59<01:42, 43.6doc/s]
  scidocs:  83%|████████▎ | 21.2k/25.7k [07:59<01:42, 43.6doc/s]
  scidocs:  83%|████████▎ | 21.2k/25.7k [08:00<01:41, 44.0doc/s]
  scidocs:  83%|████████▎ | 21.2k/25.7k [08:00<01:40, 44.2doc/s]
  scidocs:  83%|████████▎ | 21.2k/25.7k [08:00<01:40, 44.3doc/s]
  scidocs:  83%|████████▎ | 21.2k/25.7k [08:00<01:39, 44.3doc/s]
  scidocs:  83%|████████▎ | 21.2k/25.7k [08:00<01:39, 44.2doc/s]
  scidocs:  83%|████████▎ | 21.2k/25.7k [08:01<01:40, 44.1doc/s]
  scidocs:  83%|████████▎ | 21.3k/25.7k [08:01<01:40, 43.8doc/s]
  scidocs:  83%|████████▎ | 21.3k/25.7k [08:01<01:40, 43.7doc/s]
  scidocs:  83%|████████▎ | 21.3k/25.7k [08:01<01:40, 43.7doc/s]
  scidocs:  83%|████████▎ | 21.3k/25.7k [08:01<01:39, 43.9doc/s]
  scidocs:  83%|████████▎ | 21.3k/25.7k [08:01<01:39, 44.1doc/s]
  scidocs:  83%|████████▎ | 21.3k/25.7k [08:02<01:38, 44.3doc/s]
  scidocs:  83%|████████▎ | 21.3k/25.7k [08:02<01:38, 44.1doc/s]
  scidocs:  83%|████████▎ | 21.3k/25.7k [08:02<01:39, 43.9doc/s]
  scidocs:  83%|████████▎ | 21.3k/25.7k [08:02<01:39, 43.4doc/s]
  scidocs:  83%|████████▎ | 21.3k/25.7k [08:02<01:40, 43.1doc/s]
  scidocs:  83%|████████▎ | 21.3k/25.7k [08:03<01:40, 43.1doc/s]
  scidocs:  83%|████████▎ | 21.3k/25.7k [08:03<01:39, 43.2doc/s]
  scidocs:  83%|████████▎ | 21.4k/25.7k [08:03<01:39, 43.2doc/s]
  scidocs:  83%|████████▎ | 21.4k/25.7k [08:03<01:38, 43.5doc/s]
  scidocs:  83%|████████▎ | 21.4k/25.7k [08:03<01:38, 43.6doc/s]
  scidocs:  83%|████████▎ | 21.4k/25.7k [08:03<01:38, 43.6doc/s]
  scidocs:  83%|████████▎ | 21.4k/25.7k [08:04<01:37, 43.6doc/s]
  scidocs:  83%|████████▎ | 21.4k/25.7k [08:04<01:37, 43.8doc/s]
  scidocs:  83%|████████▎ | 21.4k/25.7k [08:04<01:37, 43.9doc/s]
  scidocs:  83%|████████▎ | 21.4k/25.7k [08:04<01:37, 43.8doc/s]
  scidocs:  83%|████████▎ | 21.4k/25.7k [08:04<01:36, 44.0doc/s]
  scidocs:  84%|████████▎ | 21.4k/25.7k [08:05<01:36, 43.7doc/s]
  scidocs:  84%|████████▎ | 21.4k/25.7k [08:05<01:36, 43.6doc/s]
  scidocs:  84%|████████▎ | 21.4k/25.7k [08:05<01:36, 43.7doc/s]
  scidocs:  84%|████████▎ | 21.4k/25.7k [08:05<01:36, 43.6doc/s]
  scidocs:  84%|████████▎ | 21.5k/25.7k [08:05<01:36, 43.5doc/s]
  scidocs:  84%|████████▎ | 21.5k/25.7k [08:05<01:35, 43.9doc/s]
  scidocs:  84%|████████▎ | 21.5k/25.7k [08:06<01:35, 44.0doc/s]
  scidocs:  84%|████████▎ | 21.5k/25.7k [08:06<01:34, 44.1doc/s]
  scidocs:  84%|████████▍ | 21.5k/25.7k [08:06<01:34, 43.9doc/s]
  scidocs:  84%|████████▍ | 21.5k/25.7k [08:06<01:34, 43.9doc/s]
  scidocs:  84%|████████▍ | 21.5k/25.7k [08:06<01:33, 44.2doc/s]
  scidocs:  84%|████████▍ | 21.5k/25.7k [08:07<01:33, 44.5doc/s]
  scidocs:  84%|████████▍ | 21.5k/25.7k [08:07<01:33, 44.5doc/s]
  scidocs:  84%|████████▍ | 21.5k/25.7k [08:07<01:33, 44.2doc/s]
  scidocs:  84%|████████▍ | 21.5k/25.7k [08:07<01:34, 43.8doc/s]
  scidocs:  84%|████████▍ | 21.5k/25.7k [08:07<01:33, 43.8doc/s]
  scidocs:  84%|████████▍ | 21.6k/25.7k [08:07<01:33, 43.8doc/s]
  scidocs:  84%|████████▍ | 21.6k/25.7k [08:08<01:33, 43.6doc/s]
  scidocs:  84%|████████▍ | 21.6k/25.7k [08:08<01:33, 43.7doc/s]
  scidocs:  84%|████████▍ | 21.6k/25.7k [08:08<01:32, 44.1doc/s]
  scidocs:  84%|████████▍ | 21.6k/25.7k [08:08<01:31, 44.4doc/s]
  scidocs:  84%|████████▍ | 21.6k/25.7k [08:08<01:31, 44.4doc/s]
  scidocs:  84%|████████▍ | 21.6k/25.7k [08:09<01:30, 44.9doc/s]
  scidocs:  84%|████████▍ | 21.6k/25.7k [08:09<01:31, 44.1doc/s]
  scidocs:  84%|████████▍ | 21.6k/25.7k [08:09<01:33, 43.2doc/s]
  scidocs:  84%|████████▍ | 21.6k/25.7k [08:09<01:34, 42.5doc/s]
  scidocs:  84%|████████▍ | 21.6k/25.7k [08:09<01:34, 42.4doc/s]
  scidocs:  84%|████████▍ | 21.6k/25.7k [08:10<01:34, 42.6doc/s]
  scidocs:  84%|████████▍ | 21.6k/25.7k [08:10<01:33, 43.0doc/s]
  scidocs:  84%|████████▍ | 21.7k/25.7k [08:10<01:31, 43.8doc/s]
  scidocs:  84%|████████▍ | 21.7k/25.7k [08:10<01:30, 43.9doc/s]
  scidocs:  84%|████████▍ | 21.7k/25.7k [08:10<01:29, 44.3doc/s]
  scidocs:  84%|████████▍ | 21.7k/25.7k [08:10<01:30, 44.0doc/s]
  scidocs:  85%|████████▍ | 21.7k/25.7k [08:11<01:30, 43.9doc/s]
  scidocs:  85%|████████▍ | 21.7k/25.7k [08:11<01:30, 43.7doc/s]
  scidocs:  85%|████████▍ | 21.7k/25.7k [08:11<01:31, 43.4doc/s]
  scidocs:  85%|████████▍ | 21.7k/25.7k [08:11<01:30, 43.4doc/s]
  scidocs:  85%|████████▍ | 21.7k/25.7k [08:11<01:30, 43.5doc/s]
  scidocs:  85%|████████▍ | 21.7k/25.7k [08:12<01:29, 43.7doc/s]
  scidocs:  85%|████████▍ | 21.7k/25.7k [08:12<01:30, 43.5doc/s]
  scidocs:  85%|████████▍ | 21.7k/25.7k [08:12<01:30, 43.3doc/s]
  scidocs:  85%|████████▍ | 21.8k/25.7k [08:12<01:30, 43.0doc/s]
  scidocs:  85%|████████▍ | 21.8k/25.7k [08:12<01:31, 42.7doc/s]
  scidocs:  85%|████████▍ | 21.8k/25.7k [08:12<01:30, 43.2doc/s]
  scidocs:  85%|████████▍ | 21.8k/25.7k [08:13<01:28, 43.8doc/s]
  scidocs:  85%|████████▍ | 21.8k/25.7k [08:13<01:28, 44.0doc/s]
  scidocs:  85%|████████▍ | 21.8k/25.7k [08:13<01:27, 43.9doc/s]
  scidocs:  85%|████████▍ | 21.8k/25.7k [08:13<01:28, 43.4doc/s]
  scidocs:  85%|████████▍ | 21.8k/25.7k [08:13<01:28, 43.4doc/s]
  scidocs:  85%|████████▌ | 21.8k/25.7k [08:14<01:28, 43.2doc/s]
  scidocs:  85%|████████▌ | 21.8k/25.7k [08:14<01:28, 43.2doc/s]
  scidocs:  85%|████████▌ | 21.8k/25.7k [08:14<01:28, 43.2doc/s]
  scidocs:  85%|████████▌ | 21.8k/25.7k [08:14<01:28, 43.3doc/s]
  scidocs:  85%|████████▌ | 21.8k/25.7k [08:14<01:26, 43.9doc/s]
  scidocs:  85%|████████▌ | 21.9k/25.7k [08:14<01:26, 44.0doc/s]
  scidocs:  85%|████████▌ | 21.9k/25.7k [08:15<01:26, 44.0doc/s]
  scidocs:  85%|████████▌ | 21.9k/25.7k [08:15<01:26, 43.9doc/s]
  scidocs:  85%|████████▌ | 21.9k/25.7k [08:15<01:26, 43.8doc/s]
  scidocs:  85%|████████▌ | 21.9k/25.7k [08:15<01:26, 43.6doc/s]
  scidocs:  85%|████████▌ | 21.9k/25.7k [08:15<01:26, 43.5doc/s]
  scidocs:  85%|████████▌ | 21.9k/25.7k [08:16<01:26, 43.4doc/s]
  scidocs:  85%|████████▌ | 21.9k/25.7k [08:16<01:26, 43.5doc/s]
  scidocs:  85%|████████▌ | 21.9k/25.7k [08:16<01:24, 44.0doc/s]
  scidocs:  85%|████████▌ | 21.9k/25.7k [08:16<01:24, 43.9doc/s]
  scidocs:  85%|████████▌ | 21.9k/25.7k [08:16<01:25, 43.7doc/s]
  scidocs:  86%|████████▌ | 21.9k/25.7k [08:16<01:25, 43.5doc/s]
  scidocs:  86%|████████▌ | 22.0k/25.7k [08:17<01:25, 43.4doc/s]
  scidocs:  86%|████████▌ | 22.0k/25.7k [08:17<01:24, 43.6doc/s]
  scidocs:  86%|████████▌ | 22.0k/25.7k [08:17<01:24, 43.9doc/s]
  scidocs:  86%|████████▌ | 22.0k/25.7k [08:17<01:23, 43.8doc/s]
  scidocs:  86%|████████▌ | 22.0k/25.7k [08:17<01:23, 43.8doc/s]
  scidocs:  86%|████████▌ | 22.0k/25.7k [08:18<01:22, 44.3doc/s]
  scidocs:  86%|████████▌ | 22.0k/25.7k [08:18<01:23, 43.6doc/s]
  scidocs:  86%|████████▌ | 22.0k/25.7k [08:18<01:24, 43.0doc/s]
  scidocs:  86%|████████▌ | 22.0k/25.7k [08:18<01:25, 42.8doc/s]
  scidocs:  86%|████████▌ | 22.0k/25.7k [08:18<01:24, 42.8doc/s]
  scidocs:  86%|████████▌ | 22.0k/25.7k [08:19<01:23, 43.3doc/s]
  scidocs:  86%|████████▌ | 22.0k/25.7k [08:19<01:23, 43.6doc/s]
  scidocs:  86%|████████▌ | 22.0k/25.7k [08:19<01:24, 42.9doc/s]
  scidocs:  86%|████████▌ | 22.1k/25.7k [08:19<01:24, 42.8doc/s]
  scidocs:  86%|████████▌ | 22.1k/25.7k [08:19<01:23, 43.0doc/s]
  scidocs:  86%|████████▌ | 22.1k/25.7k [08:19<01:22, 43.3doc/s]
  scidocs:  86%|████████▌ | 22.1k/25.7k [08:20<01:21, 43.9doc/s]
  scidocs:  86%|████████▌ | 22.1k/25.7k [08:20<01:20, 44.2doc/s]
  scidocs:  86%|████████▌ | 22.1k/25.7k [08:20<01:20, 44.4doc/s]
  scidocs:  86%|████████▌ | 22.1k/25.7k [08:20<01:19, 44.5doc/s]
  scidocs:  86%|████████▌ | 22.1k/25.7k [08:20<01:19, 44.3doc/s]
  scidocs:  86%|████████▌ | 22.1k/25.7k [08:21<01:21, 43.4doc/s]
  scidocs:  86%|████████▌ | 22.1k/25.7k [08:21<01:21, 43.0doc/s]
  scidocs:  86%|████████▋ | 22.1k/25.7k [08:21<01:21, 43.2doc/s]
  scidocs:  86%|████████▋ | 22.1k/25.7k [08:21<01:21, 43.4doc/s]
  scidocs:  86%|████████▋ | 22.2k/25.7k [08:21<01:19, 43.8doc/s]
  scidocs:  86%|████████▋ | 22.2k/25.7k [08:21<01:19, 44.1doc/s]
  scidocs:  86%|████████▋ | 22.2k/25.7k [08:22<01:18, 44.2doc/s]
  scidocs:  86%|████████▋ | 22.2k/25.7k [08:22<01:18, 44.2doc/s]
  scidocs:  86%|████████▋ | 22.2k/25.7k [08:22<01:19, 43.9doc/s]
  scidocs:  86%|████████▋ | 22.2k/25.7k [08:22<01:19, 43.7doc/s]
  scidocs:  87%|████████▋ | 22.2k/25.7k [08:22<01:19, 43.7doc/s]
  scidocs:  87%|████████▋ | 22.2k/25.7k [08:23<01:19, 43.6doc/s]
  scidocs:  87%|████████▋ | 22.2k/25.7k [08:23<01:18, 43.6doc/s]
  scidocs:  87%|████████▋ | 22.2k/25.7k [08:23<01:18, 43.7doc/s]
  scidocs:  87%|████████▋ | 22.2k/25.7k [08:23<01:17, 44.0doc/s]
  scidocs:  87%|████████▋ | 22.2k/25.7k [08:23<01:17, 44.0doc/s]
  scidocs:  87%|████████▋ | 22.2k/25.7k [08:23<01:17, 43.9doc/s]
  scidocs:  87%|████████▋ | 22.3k/25.7k [08:24<01:17, 43.9doc/s]
  scidocs:  87%|████████▋ | 22.3k/25.7k [08:24<01:16, 44.3doc/s]
  scidocs:  87%|████████▋ | 22.3k/25.7k [08:24<01:15, 44.6doc/s]
  scidocs:  87%|████████▋ | 22.3k/25.7k [08:24<01:15, 44.5doc/s]
  scidocs:  87%|████████▋ | 22.3k/25.7k [08:24<01:16, 44.1doc/s]
  scidocs:  87%|████████▋ | 22.3k/25.7k [08:25<01:16, 43.8doc/s]
  scidocs:  87%|████████▋ | 22.3k/25.7k [08:25<01:16, 43.9doc/s]
  scidocs:  87%|████████▋ | 22.3k/25.7k [08:25<01:15, 44.1doc/s]
  scidocs:  87%|████████▋ | 22.3k/25.7k [08:25<01:16, 43.9doc/s]
  scidocs:  87%|████████▋ | 22.3k/25.7k [08:25<01:15, 43.9doc/s]
  scidocs:  87%|████████▋ | 22.3k/25.7k [08:25<01:15, 44.0doc/s]
  scidocs:  87%|████████▋ | 22.3k/25.7k [08:26<01:15, 44.0doc/s]
  scidocs:  87%|████████▋ | 22.4k/25.7k [08:26<01:15, 44.0doc/s]
  scidocs:  87%|████████▋ | 22.4k/25.7k [08:26<01:14, 44.1doc/s]
  scidocs:  87%|████████▋ | 22.4k/25.7k [08:26<01:14, 44.1doc/s]
  scidocs:  87%|████████▋ | 22.4k/25.7k [08:26<01:14, 44.1doc/s]
  scidocs:  87%|████████▋ | 22.4k/25.7k [08:27<01:14, 44.0doc/s]
  scidocs:  87%|████████▋ | 22.4k/25.7k [08:27<01:14, 43.9doc/s]
  scidocs:  87%|████████▋ | 22.4k/25.7k [08:27<01:14, 43.8doc/s]
  scidocs:  87%|████████▋ | 22.4k/25.7k [08:27<01:13, 43.9doc/s]
  scidocs:  87%|████████▋ | 22.4k/25.7k [08:27<01:14, 43.3doc/s]
  scidocs:  87%|████████▋ | 22.4k/25.7k [08:27<01:15, 43.0doc/s]
  scidocs:  87%|████████▋ | 22.4k/25.7k [08:28<01:14, 43.1doc/s]
  scidocs:  87%|████████▋ | 22.4k/25.7k [08:28<01:14, 43.2doc/s]
  scidocs:  87%|████████▋ | 22.4k/25.7k [08:28<01:14, 43.3doc/s]
  scidocs:  88%|████████▊ | 22.5k/25.7k [08:28<01:13, 43.4doc/s]
  scidocs:  88%|████████▊ | 22.5k/25.7k [08:28<01:13, 43.4doc/s]
  scidocs:  88%|████████▊ | 22.5k/25.7k [08:29<01:13, 43.3doc/s]
  scidocs:  88%|████████▊ | 22.5k/25.7k [08:29<01:12, 43.6doc/s]
  scidocs:  88%|████████▊ | 22.5k/25.7k [08:29<01:11, 44.1doc/s]
  scidocs:  88%|████████▊ | 22.5k/25.7k [08:29<01:11, 44.4doc/s]
  scidocs:  88%|████████▊ | 22.5k/25.7k [08:29<01:11, 44.3doc/s]
  scidocs:  88%|████████▊ | 22.5k/25.7k [08:29<01:11, 43.8doc/s]
  scidocs:  88%|████████▊ | 22.5k/25.7k [08:30<01:11, 43.9doc/s]
  scidocs:  88%|████████▊ | 22.5k/25.7k [08:30<01:11, 43.9doc/s]
  scidocs:  88%|████████▊ | 22.5k/25.7k [08:30<01:11, 43.8doc/s]
  scidocs:  88%|████████▊ | 22.5k/25.7k [08:30<01:11, 43.8doc/s]
  scidocs:  88%|████████▊ | 22.6k/25.7k [08:30<01:10, 43.9doc/s]
  scidocs:  88%|████████▊ | 22.6k/25.7k [08:31<01:10, 43.9doc/s]
  scidocs:  88%|████████▊ | 22.6k/25.7k [08:31<01:10, 43.9doc/s]
  scidocs:  88%|████████▊ | 22.6k/25.7k [08:31<01:09, 44.1doc/s]
  scidocs:  88%|████████▊ | 22.6k/25.7k [08:31<01:09, 44.1doc/s]
  scidocs:  88%|████████▊ | 22.6k/25.7k [08:31<01:09, 44.0doc/s]
  scidocs:  88%|████████▊ | 22.6k/25.7k [08:31<01:09, 44.0doc/s]
  scidocs:  88%|████████▊ | 22.6k/25.7k [08:32<01:09, 44.0doc/s]
  scidocs:  88%|████████▊ | 22.6k/25.7k [08:32<01:09, 44.1doc/s]
  scidocs:  88%|████████▊ | 22.6k/25.7k [08:32<01:08, 44.0doc/s]
  scidocs:  88%|████████▊ | 22.6k/25.7k [08:32<01:09, 43.8doc/s]
  scidocs:  88%|████████▊ | 22.6k/25.7k [08:32<01:10, 43.0doc/s]
  scidocs:  88%|████████▊ | 22.6k/25.7k [08:33<01:10, 42.7doc/s]
  scidocs:  88%|████████▊ | 22.7k/25.7k [08:33<01:10, 42.9doc/s]
  scidocs:  88%|████████▊ | 22.7k/25.7k [08:33<01:09, 43.0doc/s]
  scidocs:  88%|████████▊ | 22.7k/25.7k [08:33<01:08, 43.3doc/s]
  scidocs:  88%|████████▊ | 22.7k/25.7k [08:33<01:08, 43.7doc/s]
  scidocs:  88%|████████▊ | 22.7k/25.7k [08:33<01:07, 44.2doc/s]
  scidocs:  88%|████████▊ | 22.7k/25.7k [08:34<01:06, 44.2doc/s]
  scidocs:  88%|████████▊ | 22.7k/25.7k [08:34<01:07, 43.8doc/s]
  scidocs:  89%|████████▊ | 22.7k/25.7k [08:34<01:08, 43.0doc/s]
  scidocs:  89%|████████▊ | 22.7k/25.7k [08:34<01:08, 42.7doc/s]
  scidocs:  89%|████████▊ | 22.7k/25.7k [08:34<01:08, 43.0doc/s]
  scidocs:  89%|████████▊ | 22.7k/25.7k [08:35<01:07, 43.1doc/s]
  scidocs:  89%|████████▊ | 22.7k/25.7k [08:35<01:07, 43.2doc/s]
  scidocs:  89%|████████▊ | 22.8k/25.7k [08:35<01:06, 43.4doc/s]
  scidocs:  89%|████████▊ | 22.8k/25.7k [08:35<01:06, 43.7doc/s]
  scidocs:  89%|████████▊ | 22.8k/25.7k [08:35<01:05, 43.9doc/s]
  scidocs:  89%|████████▉ | 22.8k/25.7k [08:36<01:05, 43.9doc/s]
  scidocs:  89%|████████▉ | 22.8k/25.7k [08:36<01:05, 43.7doc/s]
  scidocs:  89%|████████▉ | 22.8k/25.7k [08:36<01:05, 43.7doc/s]
  scidocs:  89%|████████▉ | 22.8k/25.7k [08:36<01:05, 43.9doc/s]
  scidocs:  89%|████████▉ | 22.8k/25.7k [08:36<01:04, 43.9doc/s]
  scidocs:  89%|████████▉ | 22.8k/25.7k [08:36<01:04, 43.7doc/s]
  scidocs:  89%|████████▉ | 22.8k/25.7k [08:37<01:04, 44.0doc/s]
  scidocs:  89%|████████▉ | 22.8k/25.7k [08:37<01:03, 44.2doc/s]
  scidocs:  89%|████████▉ | 22.8k/25.7k [08:37<01:03, 44.3doc/s]
  scidocs:  89%|████████▉ | 22.8k/25.7k [08:37<01:03, 44.1doc/s]
  scidocs:  89%|████████▉ | 22.9k/25.7k [08:37<01:03, 43.9doc/s]
  scidocs:  89%|████████▉ | 22.9k/25.7k [08:38<01:03, 43.8doc/s]
  scidocs:  89%|████████▉ | 22.9k/25.7k [08:38<01:03, 43.6doc/s]
  scidocs:  89%|████████▉ | 22.9k/25.7k [08:38<01:03, 43.5doc/s]
  scidocs:  89%|████████▉ | 22.9k/25.7k [08:38<01:03, 43.3doc/s]
  scidocs:  89%|████████▉ | 22.9k/25.7k [08:38<01:03, 43.6doc/s]
  scidocs:  89%|████████▉ | 22.9k/25.7k [08:38<01:02, 43.9doc/s]
  scidocs:  89%|████████▉ | 22.9k/25.7k [08:39<01:02, 44.2doc/s]
  scidocs:  89%|████████▉ | 22.9k/25.7k [08:39<01:01, 44.3doc/s]
  scidocs:  89%|████████▉ | 22.9k/25.7k [08:39<01:01, 44.4doc/s]
  scidocs:  89%|████████▉ | 22.9k/25.7k [08:39<01:01, 44.5doc/s]
  scidocs:  89%|████████▉ | 22.9k/25.7k [08:39<01:01, 44.3doc/s]
  scidocs:  89%|████████▉ | 23.0k/25.7k [08:40<01:01, 44.2doc/s]
  scidocs:  89%|████████▉ | 23.0k/25.7k [08:40<01:01, 43.8doc/s]
  scidocs:  90%|████████▉ | 23.0k/25.7k [08:40<01:01, 43.9doc/s]
  scidocs:  90%|████████▉ | 23.0k/25.7k [08:40<01:01, 43.8doc/s]
  scidocs:  90%|████████▉ | 23.0k/25.7k [08:40<01:01, 43.8doc/s]
  scidocs:  90%|████████▉ | 23.0k/25.7k [08:40<01:00, 43.8doc/s]
  scidocs:  90%|████████▉ | 23.0k/25.7k [08:41<01:00, 43.8doc/s]
  scidocs:  90%|████████▉ | 23.0k/25.7k [08:41<01:00, 43.9doc/s]
  scidocs:  90%|████████▉ | 23.0k/25.7k [08:41<01:00, 43.8doc/s]
  scidocs:  90%|████████▉ | 23.0k/25.7k [08:41<01:00, 43.7doc/s]
  scidocs:  90%|████████▉ | 23.0k/25.7k [08:41<01:00, 43.4doc/s]
  scidocs:  90%|████████▉ | 23.0k/25.7k [08:42<01:00, 43.6doc/s]
  scidocs:  90%|████████▉ | 23.0k/25.7k [08:42<00:59, 43.6doc/s]
  scidocs:  90%|████████▉ | 23.1k/25.7k [08:42<00:59, 43.4doc/s]
  scidocs:  90%|████████▉ | 23.1k/25.7k [08:42<01:00, 43.1doc/s]
  scidocs:  90%|████████▉ | 23.1k/25.7k [08:42<00:59, 43.2doc/s]
  scidocs:  90%|████████▉ | 23.1k/25.7k [08:42<00:59, 43.4doc/s]
  scidocs:  90%|████████▉ | 23.1k/25.7k [08:43<00:58, 43.6doc/s]
  scidocs:  90%|█████████ | 23.1k/25.7k [08:43<00:58, 43.8doc/s]
  scidocs:  90%|█████████ | 23.1k/25.7k [08:43<00:58, 43.8doc/s]
  scidocs:  90%|█████████ | 23.1k/25.7k [08:43<00:58, 43.6doc/s]
  scidocs:  90%|█████████ | 23.1k/25.7k [08:43<00:57, 43.9doc/s]
  scidocs:  90%|█████████ | 23.1k/25.7k [08:44<00:57, 44.2doc/s]
  scidocs:  90%|█████████ | 23.1k/25.7k [08:44<00:56, 44.3doc/s]
  scidocs:  90%|█████████ | 23.1k/25.7k [08:44<00:56, 44.3doc/s]
  scidocs:  90%|█████████ | 23.2k/25.7k [08:44<00:56, 44.0doc/s]
  scidocs:  90%|█████████ | 23.2k/25.7k [08:44<00:56, 43.9doc/s]
  scidocs:  90%|█████████ | 23.2k/25.7k [08:44<00:56, 43.9doc/s]
  scidocs:  90%|█████████ | 23.2k/25.7k [08:45<00:56, 43.7doc/s]
  scidocs:  90%|█████████ | 23.2k/25.7k [08:45<00:56, 43.7doc/s]
  scidocs:  90%|█████████ | 23.2k/25.7k [08:45<00:56, 43.7doc/s]
  scidocs:  90%|█████████ | 23.2k/25.7k [08:45<00:55, 43.9doc/s]
  scidocs:  90%|█████████ | 23.2k/25.7k [08:45<00:55, 44.3doc/s]
  scidocs:  90%|█████████ | 23.2k/25.7k [08:46<00:54, 44.4doc/s]
  scidocs:  91%|█████████ | 23.2k/25.7k [08:46<00:55, 44.2doc/s]
  scidocs:  91%|█████████ | 23.2k/25.7k [08:46<00:55, 44.0doc/s]
  scidocs:  91%|█████████ | 23.2k/25.7k [08:46<00:55, 43.7doc/s]
  scidocs:  91%|█████████ | 23.2k/25.7k [08:46<00:55, 43.7doc/s]
  scidocs:  91%|█████████ | 23.3k/25.7k [08:46<00:55, 43.4doc/s]
  scidocs:  91%|█████████ | 23.3k/25.7k [08:47<00:54, 43.6doc/s]
  scidocs:  91%|█████████ | 23.3k/25.7k [08:47<00:54, 43.7doc/s]
  scidocs:  91%|█████████ | 23.3k/25.7k [08:47<00:54, 43.8doc/s]
  scidocs:  91%|█████████ | 23.3k/25.7k [08:47<00:53, 44.1doc/s]
  scidocs:  91%|█████████ | 23.3k/25.7k [08:47<00:53, 44.4doc/s]
  scidocs:  91%|█████████ | 23.3k/25.7k [08:48<00:52, 44.5doc/s]
  scidocs:  91%|█████████ | 23.3k/25.7k [08:48<00:52, 44.4doc/s]
  scidocs:  91%|█████████ | 23.3k/25.7k [08:48<00:52, 44.4doc/s]
  scidocs:  91%|█████████ | 23.3k/25.7k [08:48<00:52, 44.2doc/s]
  scidocs:  91%|█████████ | 23.3k/25.7k [08:48<00:53, 43.4doc/s]
  scidocs:  91%|█████████ | 23.3k/25.7k [08:48<00:54, 42.8doc/s]
  scidocs:  91%|█████████ | 23.4k/25.7k [08:49<00:54, 42.5doc/s]
  scidocs:  91%|█████████ | 23.4k/25.7k [08:49<00:53, 42.7doc/s]
  scidocs:  91%|█████████ | 23.4k/25.7k [08:49<00:53, 43.2doc/s]
  scidocs:  91%|█████████ | 23.4k/25.7k [08:49<00:52, 43.5doc/s]
  scidocs:  91%|█████████ | 23.4k/25.7k [08:49<00:52, 43.7doc/s]
  scidocs:  91%|█████████ | 23.4k/25.7k [08:50<00:51, 43.9doc/s]
  scidocs:  91%|█████████ | 23.4k/25.7k [08:50<00:51, 43.9doc/s]
  scidocs:  91%|█████████ | 23.4k/25.7k [08:50<00:51, 43.9doc/s]
  scidocs:  91%|█████████▏| 23.4k/25.7k [08:50<00:50, 44.0doc/s]
  scidocs:  91%|█████████▏| 23.4k/25.7k [08:50<00:50, 43.8doc/s]
  scidocs:  91%|█████████▏| 23.4k/25.7k [08:51<00:50, 43.8doc/s]
  scidocs:  91%|█████████▏| 23.4k/25.7k [08:51<00:50, 43.7doc/s]
  scidocs:  91%|█████████▏| 23.4k/25.7k [08:51<00:50, 43.6doc/s]
  scidocs:  91%|█████████▏| 23.5k/25.7k [08:51<00:50, 43.6doc/s]
  scidocs:  91%|█████████▏| 23.5k/25.7k [08:51<00:50, 43.7doc/s]
  scidocs:  91%|█████████▏| 23.5k/25.7k [08:51<00:49, 43.7doc/s]
  scidocs:  92%|█████████▏| 23.5k/25.7k [08:52<00:50, 43.5doc/s]
  scidocs:  92%|█████████▏| 23.5k/25.7k [08:52<00:49, 43.9doc/s]
  scidocs:  92%|█████████▏| 23.5k/25.7k [08:52<00:48, 44.2doc/s]
  scidocs:  92%|█████████▏| 23.5k/25.7k [08:52<00:48, 44.1doc/s]
  scidocs:  92%|█████████▏| 23.5k/25.7k [08:52<00:48, 44.0doc/s]
  scidocs:  92%|█████████▏| 23.5k/25.7k [08:53<00:48, 44.1doc/s]
  scidocs:  92%|█████████▏| 23.5k/25.7k [08:53<00:48, 44.3doc/s]
  scidocs:  92%|█████████▏| 23.5k/25.7k [08:53<00:48, 43.8doc/s]
  scidocs:  92%|█████████▏| 23.5k/25.7k [08:53<00:48, 43.7doc/s]
  scidocs:  92%|█████████▏| 23.6k/25.7k [08:53<00:48, 43.6doc/s]
  scidocs:  92%|█████████▏| 23.6k/25.7k [08:53<00:47, 44.1doc/s]
  scidocs:  92%|█████████▏| 23.6k/25.7k [08:54<00:47, 44.4doc/s]
  scidocs:  92%|█████████▏| 23.6k/25.7k [08:54<00:46, 44.6doc/s]
  scidocs:  92%|█████████▏| 23.6k/25.7k [08:54<00:46, 44.5doc/s]
  scidocs:  92%|█████████▏| 23.6k/25.7k [08:54<00:46, 44.1doc/s]
  scidocs:  92%|█████████▏| 23.6k/25.7k [08:54<00:46, 43.8doc/s]
  scidocs:  92%|█████████▏| 23.6k/25.7k [08:55<00:47, 43.4doc/s]
  scidocs:  92%|█████████▏| 23.6k/25.7k [08:55<00:47, 43.3doc/s]
  scidocs:  92%|█████████▏| 23.6k/25.7k [08:55<00:47, 43.2doc/s]
  scidocs:  92%|█████████▏| 23.6k/25.7k [08:55<00:46, 43.5doc/s]
  scidocs:  92%|█████████▏| 23.6k/25.7k [08:55<00:46, 43.3doc/s]
  scidocs:  92%|█████████▏| 23.6k/25.7k [08:55<00:46, 42.9doc/s]
  scidocs:  92%|█████████▏| 23.7k/25.7k [08:56<00:46, 43.0doc/s]
  scidocs:  92%|█████████▏| 23.7k/25.7k [08:56<00:46, 43.1doc/s]
  scidocs:  92%|█████████▏| 23.7k/25.7k [08:56<00:45, 43.5doc/s]
  scidocs:  92%|█████████▏| 23.7k/25.7k [08:56<00:44, 44.0doc/s]
  scidocs:  92%|█████████▏| 23.7k/25.7k [08:56<00:44, 44.2doc/s]
  scidocs:  92%|█████████▏| 23.7k/25.7k [08:57<00:44, 44.3doc/s]
  scidocs:  92%|█████████▏| 23.7k/25.7k [08:57<00:44, 43.9doc/s]
  scidocs:  92%|█████████▏| 23.7k/25.7k [08:57<00:44, 43.8doc/s]
  scidocs:  92%|█████████▏| 23.7k/25.7k [08:57<00:44, 43.9doc/s]
  scidocs:  92%|█████████▏| 23.7k/25.7k [08:57<00:43, 44.0doc/s]
  scidocs:  93%|█████████▎| 23.7k/25.7k [08:57<00:43, 43.8doc/s]
  scidocs:  93%|█████████▎| 23.7k/25.7k [08:58<00:43, 43.7doc/s]
  scidocs:  93%|█████████▎| 23.8k/25.7k [08:58<00:43, 43.9doc/s]
  scidocs:  93%|█████████▎| 23.8k/25.7k [08:58<00:43, 43.8doc/s]
  scidocs:  93%|█████████▎| 23.8k/25.7k [08:58<00:43, 43.9doc/s]
  scidocs:  93%|█████████▎| 23.8k/25.7k [08:58<00:42, 43.9doc/s]
  scidocs:  93%|█████████▎| 23.8k/25.7k [08:59<00:42, 43.9doc/s]
  scidocs:  93%|█████████▎| 23.8k/25.7k [08:59<00:42, 43.8doc/s]
  scidocs:  93%|█████████▎| 23.8k/25.7k [08:59<00:42, 43.6doc/s]
  scidocs:  93%|█████████▎| 23.8k/25.7k [08:59<00:42, 43.5doc/s]
  scidocs:  93%|█████████▎| 23.8k/25.7k [08:59<00:42, 43.6doc/s]
  scidocs:  93%|█████████▎| 23.8k/25.7k [08:59<00:41, 43.9doc/s]
  scidocs:  93%|█████████▎| 23.8k/25.7k [09:00<00:41, 43.8doc/s]
  scidocs:  93%|█████████▎| 23.8k/25.7k [09:00<00:41, 43.6doc/s]
  scidocs:  93%|█████████▎| 23.8k/25.7k [09:00<00:41, 43.7doc/s]
  scidocs:  93%|█████████▎| 23.9k/25.7k [09:00<00:40, 44.1doc/s]
  scidocs:  93%|█████████▎| 23.9k/25.7k [09:00<00:40, 44.0doc/s]
  scidocs:  93%|█████████▎| 23.9k/25.7k [09:01<00:40, 43.8doc/s]
  scidocs:  93%|█████████▎| 23.9k/25.7k [09:01<00:40, 43.5doc/s]
  scidocs:  93%|█████████▎| 23.9k/25.7k [09:01<00:40, 43.2doc/s]
  scidocs:  93%|█████████▎| 23.9k/25.7k [09:01<00:40, 43.2doc/s]
  scidocs:  93%|█████████▎| 23.9k/25.7k [09:01<00:40, 43.4doc/s]
  scidocs:  93%|█████████▎| 23.9k/25.7k [09:01<00:40, 43.6doc/s]
  scidocs:  93%|█████████▎| 23.9k/25.7k [09:02<00:39, 43.6doc/s]
  scidocs:  93%|█████████▎| 23.9k/25.7k [09:02<00:39, 43.5doc/s]
  scidocs:  93%|█████████▎| 23.9k/25.7k [09:02<00:39, 43.8doc/s]
  scidocs:  93%|█████████▎| 23.9k/25.7k [09:02<00:39, 43.7doc/s]
  scidocs:  93%|█████████▎| 24.0k/25.7k [09:02<00:39, 43.6doc/s]
  scidocs:  93%|█████████▎| 24.0k/25.7k [09:03<00:38, 43.6doc/s]
  scidocs:  93%|█████████▎| 24.0k/25.7k [09:03<00:38, 43.8doc/s]
  scidocs:  93%|█████████▎| 24.0k/25.7k [09:03<00:38, 43.9doc/s]
  scidocs:  93%|█████████▎| 24.0k/25.7k [09:03<00:37, 44.3doc/s]
  scidocs:  94%|█████████▎| 24.0k/25.7k [09:03<00:37, 44.1doc/s]
  scidocs:  94%|█████████▎| 24.0k/25.7k [09:03<00:37, 44.1doc/s]
  scidocs:  94%|█████████▎| 24.0k/25.7k [09:04<00:37, 44.2doc/s]
  scidocs:  94%|█████████▎| 24.0k/25.7k [09:04<00:37, 44.2doc/s]
  scidocs:  94%|█████████▎| 24.0k/25.7k [09:04<00:36, 44.2doc/s]
  scidocs:  94%|█████████▎| 24.0k/25.7k [09:04<00:36, 44.2doc/s]
  scidocs:  94%|█████████▎| 24.0k/25.7k [09:04<00:36, 44.0doc/s]
  scidocs:  94%|█████████▎| 24.0k/25.7k [09:05<00:36, 43.8doc/s]
  scidocs:  94%|█████████▍| 24.1k/25.7k [09:05<00:36, 43.7doc/s]
  scidocs:  94%|█████████▍| 24.1k/25.7k [09:05<00:36, 43.7doc/s]
  scidocs:  94%|█████████▍| 24.1k/25.7k [09:05<00:36, 43.7doc/s]
  scidocs:  94%|█████████▍| 24.1k/25.7k [09:05<00:35, 44.0doc/s]
  scidocs:  94%|█████████▍| 24.1k/25.7k [09:05<00:35, 44.2doc/s]
  scidocs:  94%|█████████▍| 24.1k/25.7k [09:06<00:35, 44.3doc/s]
  scidocs:  94%|█████████▍| 24.1k/25.7k [09:06<00:35, 44.0doc/s]
  scidocs:  94%|█████████▍| 24.1k/25.7k [09:06<00:35, 43.8doc/s]
  scidocs:  94%|█████████▍| 24.1k/25.7k [09:06<00:35, 43.9doc/s]
  scidocs:  94%|█████████▍| 24.1k/25.7k [09:06<00:34, 43.7doc/s]
  scidocs:  94%|█████████▍| 24.1k/25.7k [09:07<00:34, 43.9doc/s]
  scidocs:  94%|█████████▍| 24.1k/25.7k [09:07<00:34, 43.6doc/s]
  scidocs:  94%|█████████▍| 24.2k/25.7k [09:07<00:34, 44.0doc/s]
  scidocs:  94%|█████████▍| 24.2k/25.7k [09:07<00:33, 44.4doc/s]
  scidocs:  94%|█████████▍| 24.2k/25.7k [09:07<00:33, 44.8doc/s]
  scidocs:  94%|█████████▍| 24.2k/25.7k [09:07<00:32, 44.9doc/s]
  scidocs:  94%|█████████▍| 24.2k/25.7k [09:08<00:32, 44.8doc/s]
  scidocs:  94%|█████████▍| 24.2k/25.7k [09:08<00:32, 44.4doc/s]
  scidocs:  94%|█████████▍| 24.2k/25.7k [09:08<00:33, 44.1doc/s]
  scidocs:  94%|█████████▍| 24.2k/25.7k [09:08<00:32, 43.9doc/s]
  scidocs:  94%|█████████▍| 24.2k/25.7k [09:08<00:32, 44.2doc/s]
  scidocs:  94%|█████████▍| 24.2k/25.7k [09:09<00:32, 44.2doc/s]
  scidocs:  94%|█████████▍| 24.2k/25.7k [09:09<00:32, 44.3doc/s]
  scidocs:  94%|█████████▍| 24.2k/25.7k [09:09<00:32, 44.0doc/s]
  scidocs:  95%|█████████▍| 24.2k/25.7k [09:09<00:31, 44.2doc/s]
  scidocs:  95%|█████████▍| 24.3k/25.7k [09:09<00:31, 44.5doc/s]
  scidocs:  95%|█████████▍| 24.3k/25.7k [09:09<00:31, 43.7doc/s]
  scidocs:  95%|█████████▍| 24.3k/25.7k [09:10<00:31, 43.4doc/s]
  scidocs:  95%|█████████▍| 24.3k/25.7k [09:10<00:31, 43.3doc/s]
  scidocs:  95%|█████████▍| 24.3k/25.7k [09:10<00:31, 43.5doc/s]
  scidocs:  95%|█████████▍| 24.3k/25.7k [09:10<00:31, 43.7doc/s]
  scidocs:  95%|█████████▍| 24.3k/25.7k [09:10<00:30, 43.8doc/s]
  scidocs:  95%|█████████▍| 24.3k/25.7k [09:11<00:30, 43.7doc/s]
  scidocs:  95%|█████████▍| 24.3k/25.7k [09:11<00:30, 43.7doc/s]
  scidocs:  95%|█████████▍| 24.3k/25.7k [09:11<00:30, 43.8doc/s]
  scidocs:  95%|█████████▍| 24.3k/25.7k [09:11<00:30, 43.8doc/s]
  scidocs:  95%|█████████▍| 24.3k/25.7k [09:11<00:30, 43.7doc/s]
  scidocs:  95%|█████████▍| 24.4k/25.7k [09:11<00:29, 43.7doc/s]
  scidocs:  95%|█████████▍| 24.4k/25.7k [09:12<00:29, 43.6doc/s]
  scidocs:  95%|█████████▍| 24.4k/25.7k [09:12<00:29, 43.8doc/s]
  scidocs:  95%|█████████▌| 24.4k/25.7k [09:12<00:29, 44.1doc/s]
  scidocs:  95%|█████████▌| 24.4k/25.7k [09:12<00:28, 44.3doc/s]
  scidocs:  95%|█████████▌| 24.4k/25.7k [09:12<00:28, 44.3doc/s]
  scidocs:  95%|█████████▌| 24.4k/25.7k [09:13<00:28, 43.9doc/s]
  scidocs:  95%|█████████▌| 24.4k/25.7k [09:13<00:28, 43.1doc/s]
  scidocs:  95%|█████████▌| 24.4k/25.7k [09:13<00:29, 42.4doc/s]
  scidocs:  95%|█████████▌| 24.4k/25.7k [09:13<00:29, 42.3doc/s]
  scidocs:  95%|█████████▌| 24.4k/25.7k [09:13<00:28, 42.8doc/s]
  scidocs:  95%|█████████▌| 24.4k/25.7k [09:14<00:28, 43.5doc/s]
  scidocs:  95%|█████████▌| 24.4k/25.7k [09:14<00:27, 43.9doc/s]
  scidocs:  95%|█████████▌| 24.5k/25.7k [09:14<00:27, 44.0doc/s]
  scidocs:  95%|█████████▌| 24.5k/25.7k [09:14<00:26, 44.3doc/s]
  scidocs:  95%|█████████▌| 24.5k/25.7k [09:14<00:26, 44.3doc/s]
  scidocs:  95%|█████████▌| 24.5k/25.7k [09:14<00:26, 44.3doc/s]
  scidocs:  95%|█████████▌| 24.5k/25.7k [09:15<00:26, 44.2doc/s]
  scidocs:  95%|█████████▌| 24.5k/25.7k [09:15<00:26, 43.9doc/s]
  scidocs:  96%|█████████▌| 24.5k/25.7k [09:15<00:26, 43.9doc/s]
  scidocs:  96%|█████████▌| 24.5k/25.7k [09:15<00:26, 43.8doc/s]
  scidocs:  96%|█████████▌| 24.5k/25.7k [09:15<00:26, 43.6doc/s]
  scidocs:  96%|█████████▌| 24.5k/25.7k [09:16<00:25, 43.7doc/s]
  scidocs:  96%|█████████▌| 24.5k/25.7k [09:16<00:25, 43.6doc/s]
  scidocs:  96%|█████████▌| 24.5k/25.7k [09:16<00:25, 43.6doc/s]
  scidocs:  96%|█████████▌| 24.6k/25.7k [09:16<00:25, 43.5doc/s]
  scidocs:  96%|█████████▌| 24.6k/25.7k [09:16<00:25, 43.3doc/s]
  scidocs:  96%|█████████▌| 24.6k/25.7k [09:16<00:25, 43.2doc/s]
  scidocs:  96%|█████████▌| 24.6k/25.7k [09:17<00:24, 43.3doc/s]
  scidocs:  96%|█████████▌| 24.6k/25.7k [09:17<00:24, 43.4doc/s]
  scidocs:  96%|█████████▌| 24.6k/25.7k [09:17<00:24, 43.8doc/s]
  scidocs:  96%|█████████▌| 24.6k/25.7k [09:17<00:23, 44.2doc/s]
  scidocs:  96%|█████████▌| 24.6k/25.7k [09:17<00:23, 44.4doc/s]
  scidocs:  96%|█████████▌| 24.6k/25.7k [09:18<00:23, 44.3doc/s]
  scidocs:  96%|█████████▌| 24.6k/25.7k [09:18<00:23, 44.3doc/s]
  scidocs:  96%|█████████▌| 24.6k/25.7k [09:18<00:23, 44.3doc/s]
  scidocs:  96%|█████████▌| 24.6k/25.7k [09:18<00:23, 44.2doc/s]
  scidocs:  96%|█████████▌| 24.6k/25.7k [09:18<00:22, 44.2doc/s]
  scidocs:  96%|█████████▌| 24.7k/25.7k [09:18<00:22, 43.9doc/s]
  scidocs:  96%|█████████▌| 24.7k/25.7k [09:19<00:22, 44.1doc/s]
  scidocs:  96%|█████████▌| 24.7k/25.7k [09:19<00:22, 43.9doc/s]
  scidocs:  96%|█████████▌| 24.7k/25.7k [09:19<00:22, 43.9doc/s]
  scidocs:  96%|█████████▌| 24.7k/25.7k [09:19<00:22, 43.8doc/s]
  scidocs:  96%|█████████▋| 24.7k/25.7k [09:19<00:21, 43.8doc/s]
  scidocs:  96%|█████████▋| 24.7k/25.7k [09:20<00:21, 43.8doc/s]
  scidocs:  96%|█████████▋| 24.7k/25.7k [09:20<00:21, 43.8doc/s]
  scidocs:  96%|█████████▋| 24.7k/25.7k [09:20<00:21, 43.8doc/s]
  scidocs:  96%|█████████▋| 24.7k/25.7k [09:20<00:21, 43.8doc/s]
  scidocs:  96%|█████████▋| 24.7k/25.7k [09:20<00:20, 44.1doc/s]
  scidocs:  96%|█████████▋| 24.7k/25.7k [09:20<00:20, 44.3doc/s]
  scidocs:  96%|█████████▋| 24.8k/25.7k [09:21<00:20, 44.4doc/s]
  scidocs:  97%|█████████▋| 24.8k/25.7k [09:21<00:20, 44.3doc/s]
  scidocs:  97%|█████████▋| 24.8k/25.7k [09:21<00:20, 43.7doc/s]
  scidocs:  97%|█████████▋| 24.8k/25.7k [09:21<00:20, 43.8doc/s]
  scidocs:  97%|█████████▋| 24.8k/25.7k [09:21<00:19, 43.9doc/s]
  scidocs:  97%|█████████▋| 24.8k/25.7k [09:22<00:19, 43.8doc/s]
  scidocs:  97%|█████████▋| 24.8k/25.7k [09:22<00:19, 43.8doc/s]
  scidocs:  97%|█████████▋| 24.8k/25.7k [09:22<00:19, 44.1doc/s]
  scidocs:  97%|█████████▋| 24.8k/25.7k [09:22<00:18, 44.3doc/s]
  scidocs:  97%|█████████▋| 24.8k/25.7k [09:22<00:18, 44.3doc/s]
  scidocs:  97%|█████████▋| 24.8k/25.7k [09:22<00:18, 43.9doc/s]
  scidocs:  97%|█████████▋| 24.8k/25.7k [09:23<00:18, 43.9doc/s]
  scidocs:  97%|█████████▋| 24.8k/25.7k [09:23<00:18, 43.7doc/s]
  scidocs:  97%|█████████▋| 24.9k/25.7k [09:23<00:18, 43.7doc/s]
  scidocs:  97%|█████████▋| 24.9k/25.7k [09:23<00:18, 43.8doc/s]
  scidocs:  97%|█████████▋| 24.9k/25.7k [09:23<00:17, 43.7doc/s]
  scidocs:  97%|█████████▋| 24.9k/25.7k [09:24<00:17, 44.0doc/s]
  scidocs:  97%|█████████▋| 24.9k/25.7k [09:24<00:17, 44.2doc/s]
  scidocs:  97%|█████████▋| 24.9k/25.7k [09:24<00:17, 44.4doc/s]
  scidocs:  97%|█████████▋| 24.9k/25.7k [09:24<00:17, 44.0doc/s]
  scidocs:  97%|█████████▋| 24.9k/25.7k [09:24<00:17, 43.7doc/s]
  scidocs:  97%|█████████▋| 24.9k/25.7k [09:24<00:17, 43.3doc/s]
  scidocs:  97%|█████████▋| 24.9k/25.7k [09:25<00:16, 43.3doc/s]
  scidocs:  97%|█████████▋| 24.9k/25.7k [09:25<00:16, 43.2doc/s]
  scidocs:  97%|█████████▋| 24.9k/25.7k [09:25<00:16, 43.0doc/s]
  scidocs:  97%|█████████▋| 25.0k/25.7k [09:25<00:16, 43.0doc/s]
  scidocs:  97%|█████████▋| 25.0k/25.7k [09:25<00:16, 43.3doc/s]
  scidocs:  97%|█████████▋| 25.0k/25.7k [09:26<00:15, 43.5doc/s]
  scidocs:  97%|█████████▋| 25.0k/25.7k [09:26<00:15, 43.5doc/s]
  scidocs:  97%|█████████▋| 25.0k/25.7k [09:26<00:15, 43.7doc/s]
  scidocs:  97%|█████████▋| 25.0k/25.7k [09:26<00:15, 43.9doc/s]
  scidocs:  97%|█████████▋| 25.0k/25.7k [09:26<00:14, 43.8doc/s]
  scidocs:  97%|█████████▋| 25.0k/25.7k [09:26<00:14, 43.7doc/s]
  scidocs:  98%|█████████▊| 25.0k/25.7k [09:27<00:14, 43.9doc/s]
  scidocs:  98%|█████████▊| 25.0k/25.7k [09:27<00:14, 43.9doc/s]
  scidocs:  98%|█████████▊| 25.0k/25.7k [09:27<00:14, 43.9doc/s]
  scidocs:  98%|█████████▊| 25.0k/25.7k [09:27<00:14, 43.8doc/s]
  scidocs:  98%|█████████▊| 25.0k/25.7k [09:27<00:13, 43.7doc/s]
  scidocs:  98%|█████████▊| 25.1k/25.7k [09:28<00:13, 43.6doc/s]
  scidocs:  98%|█████████▊| 25.1k/25.7k [09:28<00:13, 43.5doc/s]
  scidocs:  98%|█████████▊| 25.1k/25.7k [09:28<00:13, 43.4doc/s]
  scidocs:  98%|█████████▊| 25.1k/25.7k [09:28<00:13, 43.6doc/s]
  scidocs:  98%|█████████▊| 25.1k/25.7k [09:28<00:13, 43.5doc/s]
  scidocs:  98%|█████████▊| 25.1k/25.7k [09:28<00:12, 43.5doc/s]
  scidocs:  98%|█████████▊| 25.1k/25.7k [09:29<00:12, 43.4doc/s]
  scidocs:  98%|█████████▊| 25.1k/25.7k [09:29<00:12, 43.4doc/s]
  scidocs:  98%|█████████▊| 25.1k/25.7k [09:29<00:12, 43.4doc/s]
  scidocs:  98%|█████████▊| 25.1k/25.7k [09:29<00:12, 43.4doc/s]
  scidocs:  98%|█████████▊| 25.1k/25.7k [09:29<00:11, 43.4doc/s]
  scidocs:  98%|█████████▊| 25.1k/25.7k [09:30<00:11, 43.6doc/s]
  scidocs:  98%|█████████▊| 25.2k/25.7k [09:30<00:11, 43.8doc/s]
  scidocs:  98%|█████████▊| 25.2k/25.7k [09:30<00:11, 43.3doc/s]
  scidocs:  98%|█████████▊| 25.2k/25.7k [09:30<00:11, 43.0doc/s]
  scidocs:  98%|█████████▊| 25.2k/25.7k [09:30<00:11, 43.2doc/s]
  scidocs:  98%|█████████▊| 25.2k/25.7k [09:31<00:10, 43.5doc/s]
  scidocs:  98%|█████████▊| 25.2k/25.7k [09:31<00:10, 44.0doc/s]
  scidocs:  98%|█████████▊| 25.2k/25.7k [09:31<00:10, 44.5doc/s]
  scidocs:  98%|█████████▊| 25.2k/25.7k [09:31<00:10, 44.8doc/s]
  scidocs:  98%|█████████▊| 25.2k/25.7k [09:31<00:09, 44.6doc/s]
  scidocs:  98%|█████████▊| 25.2k/25.7k [09:31<00:09, 43.5doc/s]
  scidocs:  98%|█████████▊| 25.2k/25.7k [09:32<00:09, 43.1doc/s]
  scidocs:  98%|█████████▊| 25.2k/25.7k [09:32<00:09, 43.0doc/s]
  scidocs:  98%|█████████▊| 25.2k/25.7k [09:32<00:09, 43.0doc/s]
  scidocs:  98%|█████████▊| 25.3k/25.7k [09:32<00:09, 43.3doc/s]
  scidocs:  98%|█████████▊| 25.3k/25.7k [09:32<00:08, 43.8doc/s]
  scidocs:  98%|█████████▊| 25.3k/25.7k [09:33<00:08, 43.6doc/s]
  scidocs:  99%|█████████▊| 25.3k/25.7k [09:33<00:08, 43.4doc/s]
  scidocs:  99%|█████████▊| 25.3k/25.7k [09:33<00:08, 43.1doc/s]
  scidocs:  99%|█████████▊| 25.3k/25.7k [09:33<00:08, 43.5doc/s]
  scidocs:  99%|█████████▊| 25.3k/25.7k [09:33<00:08, 43.6doc/s]
  scidocs:  99%|█████████▊| 25.3k/25.7k [09:33<00:07, 43.6doc/s]
  scidocs:  99%|█████████▊| 25.3k/25.7k [09:34<00:07, 43.8doc/s]
  scidocs:  99%|█████████▊| 25.3k/25.7k [09:34<00:07, 43.7doc/s]
  scidocs:  99%|█████████▊| 25.3k/25.7k [09:34<00:07, 43.7doc/s]
  scidocs:  99%|█████████▉| 25.3k/25.7k [09:34<00:07, 43.7doc/s]
  scidocs:  99%|█████████▉| 25.4k/25.7k [09:34<00:06, 43.6doc/s]
  scidocs:  99%|█████████▉| 25.4k/25.7k [09:35<00:06, 43.5doc/s]
  scidocs:  99%|█████████▉| 25.4k/25.7k [09:35<00:06, 43.6doc/s]
  scidocs:  99%|█████████▉| 25.4k/25.7k [09:35<00:06, 43.7doc/s]
  scidocs:  99%|█████████▉| 25.4k/25.7k [09:35<00:06, 44.0doc/s]
  scidocs:  99%|█████████▉| 25.4k/25.7k [09:35<00:06, 43.5doc/s]
  scidocs:  99%|█████████▉| 25.4k/25.7k [09:35<00:05, 43.0doc/s]
  scidocs:  99%|█████████▉| 25.4k/25.7k [09:36<00:05, 43.3doc/s]
  scidocs:  99%|█████████▉| 25.4k/25.7k [09:36<00:05, 43.3doc/s]
  scidocs:  99%|█████████▉| 25.4k/25.7k [09:36<00:05, 43.6doc/s]
  scidocs:  99%|█████████▉| 25.4k/25.7k [09:36<00:05, 43.4doc/s]
  scidocs:  99%|█████████▉| 25.4k/25.7k [09:36<00:05, 42.8doc/s]
  scidocs:  99%|█████████▉| 25.4k/25.7k [09:37<00:04, 43.1doc/s]
  scidocs:  99%|█████████▉| 25.5k/25.7k [09:37<00:04, 43.5doc/s]
  scidocs:  99%|█████████▉| 25.5k/25.7k [09:37<00:04, 43.6doc/s]
  scidocs:  99%|█████████▉| 25.5k/25.7k [09:37<00:04, 42.7doc/s]
  scidocs:  99%|█████████▉| 25.5k/25.7k [09:37<00:04, 42.3doc/s]
  scidocs:  99%|█████████▉| 25.5k/25.7k [09:38<00:03, 42.6doc/s]
  scidocs:  99%|█████████▉| 25.5k/25.7k [09:38<00:03, 42.8doc/s]
  scidocs:  99%|█████████▉| 25.5k/25.7k [09:38<00:03, 43.0doc/s]
  scidocs:  99%|█████████▉| 25.5k/25.7k [09:38<00:03, 43.4doc/s]
  scidocs:  99%|█████████▉| 25.5k/25.7k [09:38<00:03, 43.6doc/s]
  scidocs:  99%|█████████▉| 25.5k/25.7k [09:38<00:02, 44.0doc/s]
  scidocs: 100%|█████████▉| 25.5k/25.7k [09:39<00:02, 44.0doc/s]
  scidocs: 100%|█████████▉| 25.5k/25.7k [09:39<00:02, 44.0doc/s]
  scidocs: 100%|█████████▉| 25.6k/25.7k [09:39<00:02, 43.9doc/s]
  scidocs: 100%|█████████▉| 25.6k/25.7k [09:39<00:02, 43.6doc/s]
  scidocs: 100%|█████████▉| 25.6k/25.7k [09:39<00:02, 43.2doc/s]
  scidocs: 100%|█████████▉| 25.6k/25.7k [09:40<00:01, 43.4doc/s]
  scidocs: 100%|█████████▉| 25.6k/25.7k [09:40<00:01, 43.5doc/s]
  scidocs: 100%|█████████▉| 25.6k/25.7k [09:40<00:01, 43.6doc/s]
  scidocs: 100%|█████████▉| 25.6k/25.7k [09:40<00:01, 43.7doc/s]
  scidocs: 100%|█████████▉| 25.6k/25.7k [09:40<00:01, 43.7doc/s]
  scidocs: 100%|█████████▉| 25.6k/25.7k [09:40<00:00, 43.9doc/s]
  scidocs: 100%|█████████▉| 25.6k/25.7k [09:41<00:00, 44.4doc/s]
  scidocs: 100%|█████████▉| 25.6k/25.7k [09:41<00:00, 44.7doc/s]
  scidocs: 100%|█████████▉| 25.6k/25.7k [09:41<00:00, 44.8doc/s]
  scidocs: 100%|█████████▉| 25.6k/25.7k [09:41<00:00, 44.7doc/s]
  scidocs: 100%|█████████▉| 25.7k/25.7k [09:41<00:00, 43.8doc/s]
  scidocs: 100%|██████████| 25.7k/25.7k [09:42<00:00, 44.1doc/s]
  Done. 25,657 docs indexed. Avg 1830.9 nonzero terms/doc. 9.7 min.

============================================================
[fiqa]
  Loading corpus from BeIR/fiqa ...
  57,638 documents

  fiqa:   0%|          | 0.00/57.6k [00:00<?, ?doc/s]
  fiqa:   0%|          | 8.00/57.6k [00:00<20:34, 46.7doc/s]
  fiqa:   0%|          | 16.0/57.6k [00:00<20:42, 46.4doc/s]
  fiqa:   0%|          | 24.0/57.6k [00:00<19:58, 48.1doc/s]
  fiqa:   0%|          | 32.0/57.6k [00:00<20:06, 47.8doc/s]
  fiqa:   0%|          | 40.0/57.6k [00:00<20:17, 47.3doc/s]
  fiqa:   0%|          | 48.0/57.6k [00:01<20:34, 46.6doc/s]
  fiqa:   0%|          | 56.0/57.6k [00:01<20:48, 46.1doc/s]
  fiqa:   0%|          | 64.0/57.6k [00:01<20:48, 46.1doc/s]
  fiqa:   0%|          | 72.0/57.6k [00:01<20:51, 46.0doc/s]
  fiqa:   0%|          | 80.0/57.6k [00:01<20:58, 45.7doc/s]
  fiqa:   0%|          | 88.0/57.6k [00:01<21:10, 45.3doc/s]
  fiqa:   0%|          | 96.0/57.6k [00:02<21:17, 45.1doc/s]
  fiqa:   0%|          | 104/57.6k [00:02<21:19, 45.0doc/s] 
  fiqa:   0%|          | 112/57.6k [00:02<21:22, 44.8doc/s]
  fiqa:   0%|          | 120/57.6k [00:02<21:24, 44.8doc/s]
  fiqa:   0%|          | 128/57.6k [00:02<21:49, 43.9doc/s]
  fiqa:   0%|          | 136/57.6k [00:02<21:55, 43.7doc/s]
  fiqa:   0%|          | 144/57.6k [00:03<21:50, 43.9doc/s]
  fiqa:   0%|          | 152/57.6k [00:03<21:29, 44.6doc/s]
  fiqa:   0%|          | 160/57.6k [00:03<21:23, 44.8doc/s]
  fiqa:   0%|          | 168/57.6k [00:03<21:15, 45.1doc/s]
  fiqa:   0%|          | 176/57.6k [00:03<21:07, 45.3doc/s]
  fiqa:   0%|          | 184/57.6k [00:04<21:12, 45.2doc/s]
  fiqa:   0%|          | 192/57.6k [00:04<21:26, 44.6doc/s]
  fiqa:   0%|          | 200/57.6k [00:04<21:32, 44.4doc/s]
  fiqa:   0%|          | 208/57.6k [00:04<21:25, 44.7doc/s]
  fiqa:   0%|          | 216/57.6k [00:04<21:16, 45.0doc/s]
  fiqa:   0%|          | 224/57.6k [00:04<21:08, 45.2doc/s]
  fiqa:   0%|          | 232/57.6k [00:05<20:54, 45.8doc/s]
  fiqa:   0%|          | 240/57.6k [00:05<21:03, 45.4doc/s]
  fiqa:   0%|          | 248/57.6k [00:05<21:39, 44.2doc/s]
  fiqa:   0%|          | 256/57.6k [00:05<21:45, 43.9doc/s]
  fiqa:   0%|          | 264/57.6k [00:05<21:41, 44.1doc/s]
  fiqa:   0%|          | 272/57.6k [00:06<21:30, 44.5doc/s]
  fiqa:   0%|          | 280/57.6k [00:06<21:23, 44.7doc/s]
  fiqa:   0%|          | 288/57.6k [00:06<21:12, 45.1doc/s]
  fiqa:   1%|          | 296/57.6k [00:06<21:02, 45.4doc/s]
  fiqa:   1%|          | 304/57.6k [00:06<20:32, 46.5doc/s]
  fiqa:   1%|          | 312/57.6k [00:06<20:47, 46.0doc/s]
  fiqa:   1%|          | 320/57.6k [00:07<20:50, 45.8doc/s]
  fiqa:   1%|          | 328/57.6k [00:07<20:58, 45.5doc/s]
  fiqa:   1%|          | 336/57.6k [00:07<21:03, 45.4doc/s]
  fiqa:   1%|          | 344/57.6k [00:07<21:08, 45.2doc/s]
  fiqa:   1%|          | 352/57.6k [00:07<21:13, 45.0doc/s]
  fiqa:   1%|          | 360/57.6k [00:07<21:08, 45.2doc/s]
  fiqa:   1%|          | 368/57.6k [00:08<21:14, 44.9doc/s]
  fiqa:   1%|          | 376/57.6k [00:08<21:16, 44.9doc/s]
  fiqa:   1%|          | 384/57.6k [00:08<21:21, 44.7doc/s]
  fiqa:   1%|          | 392/57.6k [00:08<21:20, 44.7doc/s]
  fiqa:   1%|          | 400/57.6k [00:08<21:15, 44.9doc/s]
  fiqa:   1%|          | 408/57.6k [00:09<21:13, 44.9doc/s]
  fiqa:   1%|          | 416/57.6k [00:09<21:15, 44.9doc/s]
  fiqa:   1%|          | 424/57.6k [00:09<21:18, 44.7doc/s]
  fiqa:   1%|          | 432/57.6k [00:09<21:19, 44.7doc/s]
  fiqa:   1%|          | 440/57.6k [00:09<21:19, 44.7doc/s]
  fiqa:   1%|          | 448/57.6k [00:09<21:24, 44.5doc/s]
  fiqa:   1%|          | 456/57.6k [00:10<21:17, 44.8doc/s]
  fiqa:   1%|          | 464/57.6k [00:10<21:39, 44.0doc/s]
  fiqa:   1%|          | 472/57.6k [00:10<21:54, 43.5doc/s]
  fiqa:   1%|          | 480/57.6k [00:10<21:52, 43.5doc/s]
  fiqa:   1%|          | 488/57.6k [00:10<21:45, 43.8doc/s]
  fiqa:   1%|          | 496/57.6k [00:11<21:41, 43.9doc/s]
  fiqa:   1%|          | 504/57.6k [00:11<21:29, 44.3doc/s]
  fiqa:   1%|          | 512/57.6k [00:11<21:22, 44.5doc/s]
  fiqa:   1%|          | 520/57.6k [00:11<21:32, 44.2doc/s]
  fiqa:   1%|          | 528/57.6k [00:11<21:32, 44.2doc/s]
  fiqa:   1%|          | 536/57.6k [00:11<21:32, 44.2doc/s]
  fiqa:   1%|          | 544/57.6k [00:12<21:32, 44.2doc/s]
  fiqa:   1%|          | 552/57.6k [00:12<21:29, 44.3doc/s]
  fiqa:   1%|          | 560/57.6k [00:12<21:22, 44.5doc/s]
  fiqa:   1%|          | 568/57.6k [00:12<21:09, 44.9doc/s]
  fiqa:   1%|          | 576/57.6k [00:12<21:09, 44.9doc/s]
  fiqa:   1%|          | 584/57.6k [00:13<21:14, 44.8doc/s]
  fiqa:   1%|          | 592/57.6k [00:13<21:08, 45.0doc/s]
  fiqa:   1%|          | 600/57.6k [00:13<21:03, 45.2doc/s]
  fiqa:   1%|          | 608/57.6k [00:13<20:59, 45.3doc/s]
  fiqa:   1%|          | 616/57.6k [00:13<20:57, 45.4doc/s]
  fiqa:   1%|          | 624/57.6k [00:13<21:00, 45.2doc/s]
  fiqa:   1%|          | 632/57.6k [00:14<21:10, 44.9doc/s]
  fiqa:   1%|          | 640/57.6k [00:14<21:11, 44.8doc/s]
  fiqa:   1%|          | 648/57.6k [00:14<21:16, 44.7doc/s]
  fiqa:   1%|          | 656/57.6k [00:14<21:17, 44.6doc/s]
  fiqa:   1%|          | 664/57.6k [00:14<21:26, 44.3doc/s]
  fiqa:   1%|          | 672/57.6k [00:14<21:30, 44.1doc/s]
  fiqa:   1%|          | 680/57.6k [00:15<21:33, 44.0doc/s]
  fiqa:   1%|          | 688/57.6k [00:15<21:32, 44.1doc/s]
  fiqa:   1%|          | 696/57.6k [00:15<21:36, 43.9doc/s]
  fiqa:   1%|          | 704/57.6k [00:15<21:35, 43.9doc/s]
  fiqa:   1%|          | 712/57.6k [00:15<21:36, 43.9doc/s]
  fiqa:   1%|          | 720/57.6k [00:16<21:29, 44.2doc/s]
  fiqa:   1%|▏         | 728/57.6k [00:16<21:29, 44.1doc/s]
  fiqa:   1%|▏         | 736/57.6k [00:16<21:37, 43.9doc/s]
  fiqa:   1%|▏         | 744/57.6k [00:16<21:48, 43.5doc/s]
  fiqa:   1%|▏         | 752/57.6k [00:16<21:43, 43.7doc/s]
  fiqa:   1%|▏         | 760/57.6k [00:16<21:34, 43.9doc/s]
  fiqa:   1%|▏         | 768/57.6k [00:17<21:26, 44.2doc/s]
  fiqa:   1%|▏         | 776/57.6k [00:17<21:47, 43.5doc/s]
  fiqa:   1%|▏         | 784/57.6k [00:17<21:46, 43.5doc/s]
  fiqa:   1%|▏         | 792/57.6k [00:17<20:56, 45.2doc/s]
  fiqa:   1%|▏         | 800/57.6k [00:17<21:08, 44.8doc/s]
  fiqa:   1%|▏         | 808/57.6k [00:18<21:16, 44.5doc/s]
  fiqa:   1%|▏         | 816/57.6k [00:18<21:24, 44.2doc/s]
  fiqa:   1%|▏         | 824/57.6k [00:18<21:26, 44.2doc/s]
  fiqa:   1%|▏         | 832/57.6k [00:18<21:18, 44.4doc/s]
  fiqa:   1%|▏         | 840/57.6k [00:18<21:15, 44.5doc/s]
  fiqa:   1%|▏         | 848/57.6k [00:18<21:15, 44.5doc/s]
  fiqa:   1%|▏         | 856/57.6k [00:19<21:19, 44.4doc/s]
  fiqa:   1%|▏         | 864/57.6k [00:19<21:25, 44.2doc/s]
  fiqa:   2%|▏         | 872/57.6k [00:19<21:22, 44.2doc/s]
  fiqa:   2%|▏         | 880/57.6k [00:19<21:20, 44.3doc/s]
  fiqa:   2%|▏         | 888/57.6k [00:19<21:24, 44.2doc/s]
  fiqa:   2%|▏         | 896/57.6k [00:20<21:28, 44.0doc/s]
  fiqa:   2%|▏         | 904/57.6k [00:20<21:28, 44.0doc/s]
  fiqa:   2%|▏         | 912/57.6k [00:20<21:24, 44.1doc/s]
  fiqa:   2%|▏         | 920/57.6k [00:20<21:27, 44.0doc/s]
  fiqa:   2%|▏         | 928/57.6k [00:20<21:30, 43.9doc/s]
  fiqa:   2%|▏         | 936/57.6k [00:20<21:23, 44.2doc/s]
  fiqa:   2%|▏         | 944/57.6k [00:21<21:18, 44.4doc/s]
  fiqa:   2%|▏         | 952/57.6k [00:21<20:43, 45.6doc/s]
  fiqa:   2%|▏         | 960/57.6k [00:21<20:58, 45.0doc/s]
  fiqa:   2%|▏         | 968/57.6k [00:21<21:08, 44.7doc/s]
  fiqa:   2%|▏         | 976/57.6k [00:21<21:09, 44.6doc/s]
  fiqa:   2%|▏         | 984/57.6k [00:22<21:12, 44.5doc/s]
  fiqa:   2%|▏         | 992/57.6k [00:22<21:15, 44.4doc/s]
  fiqa:   2%|▏         | 1.00k/57.6k [00:22<21:16, 44.4doc/s]
  fiqa:   2%|▏         | 1.01k/57.6k [00:22<21:15, 44.4doc/s]
  fiqa:   2%|▏         | 1.02k/57.6k [00:22<21:12, 44.5doc/s]
  fiqa:   2%|▏         | 1.02k/57.6k [00:22<21:10, 44.6doc/s]
  fiqa:   2%|▏         | 1.03k/57.6k [00:23<21:02, 44.8doc/s]
  fiqa:   2%|▏         | 1.04k/57.6k [00:23<20:52, 45.2doc/s]
  fiqa:   2%|▏         | 1.05k/57.6k [00:23<20:55, 45.1doc/s]
  fiqa:   2%|▏         | 1.06k/57.6k [00:23<21:00, 44.9doc/s]
  fiqa:   2%|▏         | 1.06k/57.6k [00:23<21:27, 43.9doc/s]
  fiqa:   2%|▏         | 1.07k/57.6k [00:24<21:52, 43.1doc/s]
  fiqa:   2%|▏         | 1.08k/57.6k [00:24<22:04, 42.7doc/s]
  fiqa:   2%|▏         | 1.09k/57.6k [00:24<21:58, 42.9doc/s]
  fiqa:   2%|▏         | 1.10k/57.6k [00:24<21:48, 43.2doc/s]
  fiqa:   2%|▏         | 1.10k/57.6k [00:24<21:36, 43.6doc/s]
  fiqa:   2%|▏         | 1.11k/57.6k [00:24<20:52, 45.1doc/s]
  fiqa:   2%|▏         | 1.12k/57.6k [00:25<20:54, 45.1doc/s]
  fiqa:   2%|▏         | 1.13k/57.6k [00:25<21:03, 44.7doc/s]
  fiqa:   2%|▏         | 1.14k/57.6k [00:25<21:11, 44.4doc/s]
  fiqa:   2%|▏         | 1.14k/57.6k [00:25<21:16, 44.3doc/s]
  fiqa:   2%|▏         | 1.15k/57.6k [00:25<21:20, 44.1doc/s]
  fiqa:   2%|▏         | 1.16k/57.6k [00:26<21:20, 44.1doc/s]
  fiqa:   2%|▏         | 1.17k/57.6k [00:26<21:18, 44.2doc/s]
  fiqa:   2%|▏         | 1.18k/57.6k [00:26<21:24, 43.9doc/s]
  fiqa:   2%|▏         | 1.18k/57.6k [00:26<21:26, 43.9doc/s]
  fiqa:   2%|▏         | 1.19k/57.6k [00:26<21:30, 43.8doc/s]
  fiqa:   2%|▏         | 1.20k/57.6k [00:26<21:25, 43.9doc/s]
  fiqa:   2%|▏         | 1.21k/57.6k [00:27<21:24, 43.9doc/s]
  fiqa:   2%|▏         | 1.22k/57.6k [00:27<21:23, 44.0doc/s]
  fiqa:   2%|▏         | 1.22k/57.6k [00:27<21:22, 44.0doc/s]
  fiqa:   2%|▏         | 1.23k/57.6k [00:27<21:25, 43.9doc/s]
  fiqa:   2%|▏         | 1.24k/57.6k [00:27<21:26, 43.8doc/s]
  fiqa:   2%|▏         | 1.25k/57.6k [00:28<21:18, 44.1doc/s]
  fiqa:   2%|▏         | 1.26k/57.6k [00:28<21:13, 44.3doc/s]
  fiqa:   2%|▏         | 1.26k/57.6k [00:28<21:12, 44.3doc/s]
  fiqa:   2%|▏         | 1.27k/57.6k [00:28<21:10, 44.4doc/s]
  fiqa:   2%|▏         | 1.28k/57.6k [00:28<21:15, 44.2doc/s]
  fiqa:   2%|▏         | 1.29k/57.6k [00:28<21:15, 44.2doc/s]
  fiqa:   2%|▏         | 1.30k/57.6k [00:29<21:17, 44.1doc/s]
  fiqa:   2%|▏         | 1.30k/57.6k [00:29<21:20, 44.0doc/s]
  fiqa:   2%|▏         | 1.31k/57.6k [00:29<21:16, 44.1doc/s]
  fiqa:   2%|▏         | 1.32k/57.6k [00:29<21:35, 43.5doc/s]
  fiqa:   2%|▏         | 1.33k/57.6k [00:29<21:45, 43.1doc/s]
  fiqa:   2%|▏         | 1.34k/57.6k [00:30<21:31, 43.6doc/s]
  fiqa:   2%|▏         | 1.34k/57.6k [00:30<21:29, 43.7doc/s]
  fiqa:   2%|▏         | 1.35k/57.6k [00:30<21:27, 43.7doc/s]
  fiqa:   2%|▏         | 1.36k/57.6k [00:30<21:25, 43.8doc/s]
  fiqa:   2%|▏         | 1.37k/57.6k [00:30<21:30, 43.6doc/s]
  fiqa:   2%|▏         | 1.38k/57.6k [00:30<21:26, 43.7doc/s]
  fiqa:   2%|▏         | 1.38k/57.6k [00:31<21:20, 43.9doc/s]
  fiqa:   2%|▏         | 1.39k/57.6k [00:31<21:19, 43.9doc/s]
  fiqa:   2%|▏         | 1.40k/57.6k [00:31<21:19, 44.0doc/s]
  fiqa:   2%|▏         | 1.41k/57.6k [00:31<21:21, 43.9doc/s]
  fiqa:   2%|▏         | 1.42k/57.6k [00:31<21:22, 43.8doc/s]
  fiqa:   2%|▏         | 1.42k/57.6k [00:32<21:19, 43.9doc/s]
  fiqa:   2%|▏         | 1.43k/57.6k [00:32<21:17, 44.0doc/s]
  fiqa:   2%|▏         | 1.44k/57.6k [00:32<21:22, 43.8doc/s]
  fiqa:   3%|▎         | 1.45k/57.6k [00:32<20:47, 45.1doc/s]
  fiqa:   3%|▎         | 1.46k/57.6k [00:32<20:58, 44.6doc/s]
  fiqa:   3%|▎         | 1.46k/57.6k [00:32<21:03, 44.5doc/s]
  fiqa:   3%|▎         | 1.47k/57.6k [00:33<21:07, 44.3doc/s]
  fiqa:   3%|▎         | 1.48k/57.6k [00:33<21:13, 44.1doc/s]
  fiqa:   3%|▎         | 1.49k/57.6k [00:33<21:10, 44.2doc/s]
  fiqa:   3%|▎         | 1.50k/57.6k [00:33<21:20, 43.8doc/s]
  fiqa:   3%|▎         | 1.50k/57.6k [00:33<21:00, 44.5doc/s]
  fiqa:   3%|▎         | 1.51k/57.6k [00:34<21:12, 44.1doc/s]
  fiqa:   3%|▎         | 1.52k/57.6k [00:34<21:15, 44.0doc/s]
  fiqa:   3%|▎         | 1.53k/57.6k [00:34<21:17, 43.9doc/s]
  fiqa:   3%|▎         | 1.54k/57.6k [00:34<21:27, 43.6doc/s]
  fiqa:   3%|▎         | 1.54k/57.6k [00:34<21:38, 43.2doc/s]
  fiqa:   3%|▎         | 1.55k/57.6k [00:34<21:35, 43.3doc/s]
  fiqa:   3%|▎         | 1.56k/57.6k [00:35<21:31, 43.4doc/s]
  fiqa:   3%|▎         | 1.57k/57.6k [00:35<21:17, 43.9doc/s]
  fiqa:   3%|▎         | 1.58k/57.6k [00:35<21:05, 44.3doc/s]
  fiqa:   3%|▎         | 1.58k/57.6k [00:35<20:17, 46.0doc/s]
  fiqa:   3%|▎         | 1.59k/57.6k [00:35<20:23, 45.8doc/s]
  fiqa:   3%|▎         | 1.60k/57.6k [00:35<20:31, 45.5doc/s]
  fiqa:   3%|▎         | 1.61k/57.6k [00:36<20:40, 45.2doc/s]
  fiqa:   3%|▎         | 1.62k/57.6k [00:36<20:45, 45.0doc/s]
  fiqa:   3%|▎         | 1.62k/57.6k [00:36<20:42, 45.1doc/s]
  fiqa:   3%|▎         | 1.63k/57.6k [00:36<20:46, 44.9doc/s]
  fiqa:   3%|▎         | 1.64k/57.6k [00:36<20:50, 44.8doc/s]
  fiqa:   3%|▎         | 1.65k/57.6k [00:37<20:58, 44.5doc/s]
  fiqa:   3%|▎         | 1.66k/57.6k [00:37<21:02, 44.3doc/s]
  fiqa:   3%|▎         | 1.66k/57.6k [00:37<20:53, 44.7doc/s]
  fiqa:   3%|▎         | 1.67k/57.6k [00:37<21:00, 44.4doc/s]
  fiqa:   3%|▎         | 1.68k/57.6k [00:37<20:29, 45.5doc/s]
  fiqa:   3%|▎         | 1.69k/57.6k [00:37<20:37, 45.2doc/s]
  fiqa:   3%|▎         | 1.70k/57.6k [00:38<20:51, 44.7doc/s]
  fiqa:   3%|▎         | 1.70k/57.6k [00:38<20:54, 44.6doc/s]
  fiqa:   3%|▎         | 1.71k/57.6k [00:38<21:02, 44.3doc/s]
  fiqa:   3%|▎         | 1.72k/57.6k [00:38<21:01, 44.3doc/s]
  fiqa:   3%|▎         | 1.73k/57.6k [00:38<21:27, 43.4doc/s]
  fiqa:   3%|▎         | 1.74k/57.6k [00:39<20:50, 44.7doc/s]
  fiqa:   3%|▎         | 1.74k/57.6k [00:39<20:56, 44.5doc/s]
  fiqa:   3%|▎         | 1.75k/57.6k [00:39<20:54, 44.5doc/s]
  fiqa:   3%|▎         | 1.76k/57.6k [00:39<20:52, 44.6doc/s]
  fiqa:   3%|▎         | 1.77k/57.6k [00:39<20:51, 44.7doc/s]
  fiqa:   3%|▎         | 1.78k/57.6k [00:39<20:51, 44.7doc/s]
  fiqa:   3%|▎         | 1.78k/57.6k [00:40<20:58, 44.4doc/s]
  fiqa:   3%|▎         | 1.79k/57.6k [00:40<21:02, 44.2doc/s]
  fiqa:   3%|▎         | 1.80k/57.6k [00:40<21:11, 43.9doc/s]
  fiqa:   3%|▎         | 1.81k/57.6k [00:40<20:38, 45.1doc/s]
  fiqa:   3%|▎         | 1.82k/57.6k [00:40<20:47, 44.7doc/s]
  fiqa:   3%|▎         | 1.82k/57.6k [00:41<20:48, 44.7doc/s]
  fiqa:   3%|▎         | 1.83k/57.6k [00:41<20:49, 44.7doc/s]
  fiqa:   3%|▎         | 1.84k/57.6k [00:41<20:53, 44.5doc/s]
  fiqa:   3%|▎         | 1.85k/57.6k [00:41<20:59, 44.3doc/s]
  fiqa:   3%|▎         | 1.86k/57.6k [00:41<21:01, 44.2doc/s]
  fiqa:   3%|▎         | 1.86k/57.6k [00:41<21:03, 44.1doc/s]
  fiqa:   3%|▎         | 1.87k/57.6k [00:42<21:07, 44.0doc/s]
  fiqa:   3%|▎         | 1.88k/57.6k [00:42<21:09, 43.9doc/s]
  fiqa:   3%|▎         | 1.89k/57.6k [00:42<21:08, 43.9doc/s]
  fiqa:   3%|▎         | 1.90k/57.6k [00:42<21:08, 43.9doc/s]
  fiqa:   3%|▎         | 1.90k/57.6k [00:42<20:34, 45.1doc/s]
  fiqa:   3%|▎         | 1.91k/57.6k [00:42<20:40, 44.9doc/s]
  fiqa:   3%|▎         | 1.92k/57.6k [00:43<20:40, 44.9doc/s]
  fiqa:   3%|▎         | 1.93k/57.6k [00:43<21:07, 43.9doc/s]
  fiqa:   3%|▎         | 1.94k/57.6k [00:43<21:14, 43.7doc/s]
  fiqa:   3%|▎         | 1.94k/57.6k [00:43<21:08, 43.9doc/s]
  fiqa:   3%|▎         | 1.95k/57.6k [00:43<21:07, 43.9doc/s]
  fiqa:   3%|▎         | 1.96k/57.6k [00:44<21:30, 43.2doc/s]
  fiqa:   3%|▎         | 1.97k/57.6k [00:44<21:55, 42.3doc/s]
  fiqa:   3%|▎         | 1.98k/57.6k [00:44<21:58, 42.2doc/s]
  fiqa:   3%|▎         | 1.98k/57.6k [00:44<21:49, 42.5doc/s]
  fiqa:   3%|▎         | 1.99k/57.6k [00:44<21:41, 42.8doc/s]
  fiqa:   3%|▎         | 2.00k/57.6k [00:45<21:29, 43.1doc/s]
  fiqa:   3%|▎         | 2.01k/57.6k [00:45<21:13, 43.7doc/s]
  fiqa:   3%|▎         | 2.02k/57.6k [00:45<20:59, 44.1doc/s]
  fiqa:   4%|▎         | 2.02k/57.6k [00:45<20:50, 44.5doc/s]
  fiqa:   4%|▎         | 2.03k/57.6k [00:45<21:00, 44.1doc/s]
  fiqa:   4%|▎         | 2.04k/57.6k [00:45<21:04, 44.0doc/s]
  fiqa:   4%|▎         | 2.05k/57.6k [00:46<21:03, 44.0doc/s]
  fiqa:   4%|▎         | 2.06k/57.6k [00:46<21:09, 43.8doc/s]
  fiqa:   4%|▎         | 2.06k/57.6k [00:46<21:03, 44.0doc/s]
  fiqa:   4%|▎         | 2.07k/57.6k [00:46<21:13, 43.6doc/s]
  fiqa:   4%|▎         | 2.08k/57.6k [00:46<21:07, 43.8doc/s]
  fiqa:   4%|▎         | 2.09k/57.6k [00:47<21:08, 43.8doc/s]
  fiqa:   4%|▎         | 2.10k/57.6k [00:47<21:06, 43.9doc/s]
  fiqa:   4%|▎         | 2.10k/57.6k [00:47<21:10, 43.7doc/s]
  fiqa:   4%|▎         | 2.11k/57.6k [00:47<20:26, 45.3doc/s]
  fiqa:   4%|▎         | 2.12k/57.6k [00:47<20:27, 45.2doc/s]
  fiqa:   4%|▎         | 2.13k/57.6k [00:47<20:38, 44.8doc/s]
  fiqa:   4%|▎         | 2.14k/57.6k [00:48<20:46, 44.5doc/s]
  fiqa:   4%|▎         | 2.14k/57.6k [00:48<20:46, 44.5doc/s]
  fiqa:   4%|▎         | 2.15k/57.6k [00:48<20:54, 44.2doc/s]
  fiqa:   4%|▎         | 2.16k/57.6k [00:48<20:53, 44.3doc/s]
  fiqa:   4%|▍         | 2.17k/57.6k [00:48<20:55, 44.2doc/s]
  fiqa:   4%|▍         | 2.18k/57.6k [00:49<20:54, 44.2doc/s]
  fiqa:   4%|▍         | 2.18k/57.6k [00:49<21:03, 43.9doc/s]
  fiqa:   4%|▍         | 2.19k/57.6k [00:49<21:21, 43.3doc/s]
  fiqa:   4%|▍         | 2.20k/57.6k [00:49<21:28, 43.0doc/s]
  fiqa:   4%|▍         | 2.21k/57.6k [00:49<21:27, 43.1doc/s]
  fiqa:   4%|▍         | 2.22k/57.6k [00:49<21:22, 43.2doc/s]
  fiqa:   4%|▍         | 2.22k/57.6k [00:50<21:08, 43.7doc/s]
  fiqa:   4%|▍         | 2.23k/57.6k [00:50<21:01, 43.9doc/s]
  fiqa:   4%|▍         | 2.24k/57.6k [00:50<21:02, 43.9doc/s]
  fiqa:   4%|▍         | 2.25k/57.6k [00:50<21:14, 43.5doc/s]
  fiqa:   4%|▍         | 2.26k/57.6k [00:50<21:09, 43.6doc/s]
  fiqa:   4%|▍         | 2.26k/57.6k [00:51<21:08, 43.7doc/s]
  fiqa:   4%|▍         | 2.27k/57.6k [00:51<21:08, 43.6doc/s]
  fiqa:   4%|▍         | 2.28k/57.6k [00:51<21:03, 43.8doc/s]
  fiqa:   4%|▍         | 2.29k/57.6k [00:51<21:04, 43.8doc/s]
  fiqa:   4%|▍         | 2.30k/57.6k [00:51<21:03, 43.8doc/s]
  fiqa:   4%|▍         | 2.30k/57.6k [00:51<21:01, 43.9doc/s]
  fiqa:   4%|▍         | 2.31k/57.6k [00:52<21:03, 43.8doc/s]
  fiqa:   4%|▍         | 2.32k/57.6k [00:52<21:04, 43.8doc/s]
  fiqa:   4%|▍         | 2.33k/57.6k [00:52<21:02, 43.8doc/s]
  fiqa:   4%|▍         | 2.34k/57.6k [00:52<21:05, 43.7doc/s]
  fiqa:   4%|▍         | 2.34k/57.6k [00:52<21:08, 43.6doc/s]
  fiqa:   4%|▍         | 2.35k/57.6k [00:53<21:05, 43.7doc/s]
  fiqa:   4%|▍         | 2.36k/57.6k [00:53<21:04, 43.7doc/s]
  fiqa:   4%|▍         | 2.37k/57.6k [00:53<21:05, 43.7doc/s]
  fiqa:   4%|▍         | 2.38k/57.6k [00:53<21:03, 43.7doc/s]
  fiqa:   4%|▍         | 2.38k/57.6k [00:53<20:23, 45.2doc/s]
  fiqa:   4%|▍         | 2.39k/57.6k [00:53<20:38, 44.6doc/s]
  fiqa:   4%|▍         | 2.40k/57.6k [00:54<20:51, 44.1doc/s]
  fiqa:   4%|▍         | 2.41k/57.6k [00:54<20:44, 44.4doc/s]
  fiqa:   4%|▍         | 2.42k/57.6k [00:54<20:42, 44.4doc/s]
  fiqa:   4%|▍         | 2.42k/57.6k [00:54<20:46, 44.3doc/s]
  fiqa:   4%|▍         | 2.43k/57.6k [00:54<20:50, 44.1doc/s]
  fiqa:   4%|▍         | 2.44k/57.6k [00:55<20:51, 44.1doc/s]
  fiqa:   4%|▍         | 2.45k/57.6k [00:55<20:55, 44.0doc/s]
  fiqa:   4%|▍         | 2.46k/57.6k [00:55<20:55, 44.0doc/s]
  fiqa:   4%|▍         | 2.46k/57.6k [00:55<20:57, 43.9doc/s]
  fiqa:   4%|▍         | 2.47k/57.6k [00:55<20:48, 44.2doc/s]
  fiqa:   4%|▍         | 2.48k/57.6k [00:55<20:09, 45.6doc/s]
  fiqa:   4%|▍         | 2.49k/57.6k [00:56<20:26, 45.0doc/s]
  fiqa:   4%|▍         | 2.50k/57.6k [00:56<20:41, 44.4doc/s]
  fiqa:   4%|▍         | 2.50k/57.6k [00:56<20:46, 44.2doc/s]
  fiqa:   4%|▍         | 2.51k/57.6k [00:56<20:50, 44.1doc/s]
  fiqa:   4%|▍         | 2.52k/57.6k [00:56<20:54, 43.9doc/s]
  fiqa:   4%|▍         | 2.53k/57.6k [00:57<20:50, 44.1doc/s]
  fiqa:   4%|▍         | 2.54k/57.6k [00:57<21:00, 43.7doc/s]
  fiqa:   4%|▍         | 2.54k/57.6k [00:57<21:08, 43.4doc/s]
  fiqa:   4%|▍         | 2.55k/57.6k [00:57<21:08, 43.4doc/s]
  fiqa:   4%|▍         | 2.56k/57.6k [00:57<21:09, 43.4doc/s]
  fiqa:   4%|▍         | 2.57k/57.6k [00:57<21:08, 43.4doc/s]
  fiqa:   4%|▍         | 2.58k/57.6k [00:58<20:32, 44.7doc/s]
  fiqa:   4%|▍         | 2.58k/57.6k [00:58<20:44, 44.2doc/s]
  fiqa:   4%|▍         | 2.59k/57.6k [00:58<20:51, 44.0doc/s]
  fiqa:   5%|▍         | 2.60k/57.6k [00:58<20:56, 43.8doc/s]
  fiqa:   5%|▍         | 2.61k/57.6k [00:58<20:57, 43.8doc/s]
  fiqa:   5%|▍         | 2.62k/57.6k [00:59<21:14, 43.2doc/s]
  fiqa:   5%|▍         | 2.62k/57.6k [00:59<21:26, 42.8doc/s]
  fiqa:   5%|▍         | 2.63k/57.6k [00:59<21:24, 42.8doc/s]
  fiqa:   5%|▍         | 2.64k/57.6k [00:59<21:17, 43.1doc/s]
  fiqa:   5%|▍         | 2.65k/57.6k [00:59<21:07, 43.4doc/s]
  fiqa:   5%|▍         | 2.66k/57.6k [00:59<21:01, 43.6doc/s]
  fiqa:   5%|▍         | 2.66k/57.6k [01:00<21:25, 42.8doc/s]
  fiqa:   5%|▍         | 2.67k/57.6k [01:00<21:22, 42.9doc/s]
  fiqa:   5%|▍         | 2.68k/57.6k [01:00<20:37, 44.4doc/s]
  fiqa:   5%|▍         | 2.69k/57.6k [01:00<20:39, 44.3doc/s]
  fiqa:   5%|▍         | 2.70k/57.6k [01:00<20:37, 44.4doc/s]
  fiqa:   5%|▍         | 2.70k/57.6k [01:01<20:35, 44.5doc/s]
  fiqa:   5%|▍         | 2.71k/57.6k [01:01<20:39, 44.3doc/s]
  fiqa:   5%|▍         | 2.72k/57.6k [01:01<20:47, 44.0doc/s]
  fiqa:   5%|▍         | 2.73k/57.6k [01:01<20:47, 44.0doc/s]
  fiqa:   5%|▍         | 2.74k/57.6k [01:01<20:46, 44.0doc/s]
  fiqa:   5%|▍         | 2.74k/57.6k [01:01<20:47, 44.0doc/s]
  fiqa:   5%|▍         | 2.75k/57.6k [01:02<20:51, 43.9doc/s]
  fiqa:   5%|▍         | 2.76k/57.6k [01:02<20:11, 45.3doc/s]
  fiqa:   5%|▍         | 2.77k/57.6k [01:02<20:13, 45.2doc/s]
  fiqa:   5%|▍         | 2.78k/57.6k [01:02<20:20, 45.0doc/s]
  fiqa:   5%|▍         | 2.78k/57.6k [01:02<20:24, 44.8doc/s]
  fiqa:   5%|▍         | 2.79k/57.6k [01:03<20:29, 44.6doc/s]
  fiqa:   5%|▍         | 2.80k/57.6k [01:03<20:34, 44.4doc/s]
  fiqa:   5%|▍         | 2.81k/57.6k [01:03<20:40, 44.2doc/s]
  fiqa:   5%|▍         | 2.82k/57.6k [01:03<20:49, 43.9doc/s]
  fiqa:   5%|▍         | 2.82k/57.6k [01:03<20:46, 44.0doc/s]
  fiqa:   5%|▍         | 2.83k/57.6k [01:03<20:47, 43.9doc/s]
  fiqa:   5%|▍         | 2.84k/57.6k [01:04<20:50, 43.8doc/s]
  fiqa:   5%|▍         | 2.85k/57.6k [01:04<20:12, 45.2doc/s]
  fiqa:   5%|▍         | 2.86k/57.6k [01:04<20:24, 44.7doc/s]
  fiqa:   5%|▍         | 2.86k/57.6k [01:04<20:32, 44.4doc/s]
  fiqa:   5%|▍         | 2.87k/57.6k [01:04<20:41, 44.1doc/s]
  fiqa:   5%|▍         | 2.88k/57.6k [01:05<20:42, 44.1doc/s]
  fiqa:   5%|▌         | 2.89k/57.6k [01:05<20:46, 43.9doc/s]
  fiqa:   5%|▌         | 2.90k/57.6k [01:05<20:11, 45.2doc/s]
  fiqa:   5%|▌         | 2.90k/57.6k [01:05<20:24, 44.7doc/s]
  fiqa:   5%|▌         | 2.91k/57.6k [01:05<20:37, 44.2doc/s]
  fiqa:   5%|▌         | 2.92k/57.6k [01:05<20:41, 44.1doc/s]
  fiqa:   5%|▌         | 2.93k/57.6k [01:06<20:32, 44.4doc/s]
  fiqa:   5%|▌         | 2.94k/57.6k [01:06<20:27, 44.6doc/s]
  fiqa:   5%|▌         | 2.94k/57.6k [01:06<20:32, 44.4doc/s]
  fiqa:   5%|▌         | 2.95k/57.6k [01:06<20:38, 44.1doc/s]
  fiqa:   5%|▌         | 2.96k/57.6k [01:06<20:42, 44.0doc/s]
  fiqa:   5%|▌         | 2.97k/57.6k [01:07<20:43, 44.0doc/s]
  fiqa:   5%|▌         | 2.98k/57.6k [01:07<20:46, 43.9doc/s]
  fiqa:   5%|▌         | 2.98k/57.6k [01:07<20:48, 43.8doc/s]
  fiqa:   5%|▌         | 2.99k/57.6k [01:07<20:51, 43.7doc/s]
  fiqa:   5%|▌         | 3.00k/57.6k [01:07<20:52, 43.6doc/s]
  fiqa:   5%|▌         | 3.01k/57.6k [01:07<20:55, 43.5doc/s]
  fiqa:   5%|▌         | 3.02k/57.6k [01:08<20:52, 43.6doc/s]
  fiqa:   5%|▌         | 3.02k/57.6k [01:08<20:40, 44.0doc/s]
  fiqa:   5%|▌         | 3.03k/57.6k [01:08<20:31, 44.3doc/s]
  fiqa:   5%|▌         | 3.04k/57.6k [01:08<20:38, 44.1doc/s]
  fiqa:   5%|▌         | 3.05k/57.6k [01:08<20:41, 44.0doc/s]
  fiqa:   5%|▌         | 3.06k/57.6k [01:09<20:44, 43.9doc/s]
  fiqa:   5%|▌         | 3.06k/57.6k [01:09<20:44, 43.8doc/s]
  fiqa:   5%|▌         | 3.07k/57.6k [01:09<20:34, 44.2doc/s]
  fiqa:   5%|▌         | 3.08k/57.6k [01:09<20:34, 44.2doc/s]
  fiqa:   5%|▌         | 3.09k/57.6k [01:09<20:38, 44.1doc/s]
  fiqa:   5%|▌         | 3.10k/57.6k [01:09<20:41, 43.9doc/s]
  fiqa:   5%|▌         | 3.10k/57.6k [01:10<20:33, 44.2doc/s]
  fiqa:   5%|▌         | 3.11k/57.6k [01:10<20:36, 44.1doc/s]
  fiqa:   5%|▌         | 3.12k/57.6k [01:10<20:40, 44.0doc/s]
  fiqa:   5%|▌         | 3.13k/57.6k [01:10<20:41, 43.9doc/s]
  fiqa:   5%|▌         | 3.14k/57.6k [01:10<20:42, 43.8doc/s]
  fiqa:   5%|▌         | 3.14k/57.6k [01:11<20:46, 43.7doc/s]
  fiqa:   5%|▌         | 3.15k/57.6k [01:11<20:43, 43.8doc/s]
  fiqa:   5%|▌         | 3.16k/57.6k [01:11<20:43, 43.8doc/s]
  fiqa:   5%|▌         | 3.17k/57.6k [01:11<20:05, 45.2doc/s]
  fiqa:   6%|▌         | 3.18k/57.6k [01:11<20:19, 44.7doc/s]
  fiqa:   6%|▌         | 3.18k/57.6k [01:11<20:28, 44.3doc/s]
  fiqa:   6%|▌         | 3.19k/57.6k [01:12<20:33, 44.1doc/s]
  fiqa:   6%|▌         | 3.20k/57.6k [01:12<20:34, 44.1doc/s]
  fiqa:   6%|▌         | 3.21k/57.6k [01:12<20:31, 44.2doc/s]
  fiqa:   6%|▌         | 3.22k/57.6k [01:12<20:33, 44.1doc/s]
  fiqa:   6%|▌         | 3.22k/57.6k [01:12<19:59, 45.4doc/s]
  fiqa:   6%|▌         | 3.23k/57.6k [01:12<20:09, 45.0doc/s]
  fiqa:   6%|▌         | 3.24k/57.6k [01:13<20:20, 44.6doc/s]
  fiqa:   6%|▌         | 3.25k/57.6k [01:13<20:27, 44.3doc/s]
  fiqa:   6%|▌         | 3.26k/57.6k [01:13<20:38, 43.9doc/s]
  fiqa:   6%|▌         | 3.26k/57.6k [01:13<19:58, 45.4doc/s]
  fiqa:   6%|▌         | 3.27k/57.6k [01:13<20:10, 44.9doc/s]
  fiqa:   6%|▌         | 3.28k/57.6k [01:14<20:09, 45.0doc/s]
  fiqa:   6%|▌         | 3.29k/57.6k [01:14<20:11, 44.9doc/s]
  fiqa:   6%|▌         | 3.30k/57.6k [01:14<20:30, 44.2doc/s]
  fiqa:   6%|▌         | 3.30k/57.6k [01:14<20:38, 43.9doc/s]
  fiqa:   6%|▌         | 3.31k/57.6k [01:14<20:44, 43.6doc/s]
  fiqa:   6%|▌         | 3.32k/57.6k [01:14<20:46, 43.6doc/s]
  fiqa:   6%|▌         | 3.33k/57.6k [01:15<20:53, 43.3doc/s]
  fiqa:   6%|▌         | 3.34k/57.6k [01:15<20:56, 43.2doc/s]
  fiqa:   6%|▌         | 3.34k/57.6k [01:15<20:47, 43.5doc/s]
  fiqa:   6%|▌         | 3.35k/57.6k [01:15<20:41, 43.7doc/s]
  fiqa:   6%|▌         | 3.36k/57.6k [01:15<20:41, 43.7doc/s]
  fiqa:   6%|▌         | 3.37k/57.6k [01:16<20:39, 43.8doc/s]
  fiqa:   6%|▌         | 3.38k/57.6k [01:16<20:35, 43.9doc/s]
  fiqa:   6%|▌         | 3.38k/57.6k [01:16<20:35, 43.9doc/s]
  fiqa:   6%|▌         | 3.39k/57.6k [01:16<20:37, 43.8doc/s]
  fiqa:   6%|▌         | 3.40k/57.6k [01:16<20:41, 43.7doc/s]
  fiqa:   6%|▌         | 3.41k/57.6k [01:17<20:46, 43.5doc/s]
  fiqa:   6%|▌         | 3.42k/57.6k [01:17<20:47, 43.5doc/s]
  fiqa:   6%|▌         | 3.42k/57.6k [01:17<20:40, 43.7doc/s]
  fiqa:   6%|▌         | 3.43k/57.6k [01:17<20:38, 43.8doc/s]
  fiqa:   6%|▌         | 3.44k/57.6k [01:17<20:41, 43.7doc/s]
  fiqa:   6%|▌         | 3.45k/57.6k [01:17<20:26, 44.2doc/s]
  fiqa:   6%|▌         | 3.46k/57.6k [01:18<20:25, 44.2doc/s]
  fiqa:   6%|▌         | 3.46k/57.6k [01:18<20:27, 44.1doc/s]
  fiqa:   6%|▌         | 3.47k/57.6k [01:18<20:32, 43.9doc/s]
  fiqa:   6%|▌         | 3.48k/57.6k [01:18<20:32, 43.9doc/s]
  fiqa:   6%|▌         | 3.49k/57.6k [01:18<20:27, 44.1doc/s]
  fiqa:   6%|▌         | 3.50k/57.6k [01:19<20:43, 43.5doc/s]
  fiqa:   6%|▌         | 3.50k/57.6k [01:19<20:43, 43.5doc/s]
  fiqa:   6%|▌         | 3.51k/57.6k [01:19<20:43, 43.5doc/s]
  fiqa:   6%|▌         | 3.52k/57.6k [01:19<19:58, 45.2doc/s]
  fiqa:   6%|▌         | 3.53k/57.6k [01:19<20:11, 44.7doc/s]
  fiqa:   6%|▌         | 3.54k/57.6k [01:19<20:25, 44.1doc/s]
  fiqa:   6%|▌         | 3.54k/57.6k [01:20<20:32, 43.9doc/s]
  fiqa:   6%|▌         | 3.55k/57.6k [01:20<20:37, 43.7doc/s]
  fiqa:   6%|▌         | 3.56k/57.6k [01:20<20:39, 43.6doc/s]
  fiqa:   6%|▌         | 3.57k/57.6k [01:20<20:23, 44.2doc/s]
  fiqa:   6%|▌         | 3.58k/57.6k [01:20<20:18, 44.4doc/s]
  fiqa:   6%|▌         | 3.58k/57.6k [01:20<20:17, 44.4doc/s]
  fiqa:   6%|▌         | 3.59k/57.6k [01:21<20:19, 44.3doc/s]
  fiqa:   6%|▌         | 3.60k/57.6k [01:21<20:24, 44.1doc/s]
  fiqa:   6%|▋         | 3.61k/57.6k [01:21<20:28, 44.0doc/s]
  fiqa:   6%|▋         | 3.62k/57.6k [01:21<20:32, 43.8doc/s]
  fiqa:   6%|▋         | 3.62k/57.6k [01:21<20:32, 43.8doc/s]
  fiqa:   6%|▋         | 3.63k/57.6k [01:22<20:27, 44.0doc/s]
  fiqa:   6%|▋         | 3.64k/57.6k [01:22<20:20, 44.3doc/s]
  fiqa:   6%|▋         | 3.65k/57.6k [01:22<20:20, 44.2doc/s]
  fiqa:   6%|▋         | 3.66k/57.6k [01:22<20:20, 44.2doc/s]
  fiqa:   6%|▋         | 3.66k/57.6k [01:22<20:11, 44.5doc/s]
  fiqa:   6%|▋         | 3.67k/57.6k [01:22<20:18, 44.3doc/s]
  fiqa:   6%|▋         | 3.68k/57.6k [01:23<20:35, 43.7doc/s]
  fiqa:   6%|▋         | 3.69k/57.6k [01:23<20:47, 43.2doc/s]
  fiqa:   6%|▋         | 3.70k/57.6k [01:23<20:59, 42.8doc/s]
  fiqa:   6%|▋         | 3.70k/57.6k [01:23<20:56, 42.9doc/s]
  fiqa:   6%|▋         | 3.71k/57.6k [01:23<20:43, 43.4doc/s]
  fiqa:   6%|▋         | 3.72k/57.6k [01:24<20:10, 44.5doc/s]
  fiqa:   6%|▋         | 3.73k/57.6k [01:24<20:19, 44.2doc/s]
  fiqa:   6%|▋         | 3.74k/57.6k [01:24<20:25, 44.0doc/s]
  fiqa:   6%|▋         | 3.74k/57.6k [01:24<20:30, 43.8doc/s]
  fiqa:   7%|▋         | 3.75k/57.6k [01:24<20:27, 43.9doc/s]
  fiqa:   7%|▋         | 3.76k/57.6k [01:25<20:26, 43.9doc/s]
  fiqa:   7%|▋         | 3.77k/57.6k [01:25<20:16, 44.3doc/s]
  fiqa:   7%|▋         | 3.78k/57.6k [01:25<20:18, 44.2doc/s]
  fiqa:   7%|▋         | 3.78k/57.6k [01:25<20:20, 44.1doc/s]
  fiqa:   7%|▋         | 3.79k/57.6k [01:25<20:27, 43.9doc/s]
  fiqa:   7%|▋         | 3.80k/57.6k [01:25<20:28, 43.8doc/s]
  fiqa:   7%|▋         | 3.81k/57.6k [01:26<20:33, 43.6doc/s]
  fiqa:   7%|▋         | 3.82k/57.6k [01:26<20:33, 43.6doc/s]
  fiqa:   7%|▋         | 3.82k/57.6k [01:26<20:29, 43.8doc/s]
  fiqa:   7%|▋         | 3.83k/57.6k [01:26<20:29, 43.8doc/s]
  fiqa:   7%|▋         | 3.84k/57.6k [01:26<20:32, 43.6doc/s]
  fiqa:   7%|▋         | 3.85k/57.6k [01:27<19:53, 45.1doc/s]
  fiqa:   7%|▋         | 3.86k/57.6k [01:27<20:05, 44.6doc/s]
  fiqa:   7%|▋         | 3.86k/57.6k [01:27<20:14, 44.3doc/s]
  fiqa:   7%|▋         | 3.87k/57.6k [01:27<20:12, 44.3doc/s]
  fiqa:   7%|▋         | 3.88k/57.6k [01:27<20:11, 44.4doc/s]
  fiqa:   7%|▋         | 3.89k/57.6k [01:27<20:32, 43.6doc/s]
  fiqa:   7%|▋         | 3.90k/57.6k [01:28<20:51, 43.0doc/s]
  fiqa:   7%|▋         | 3.90k/57.6k [01:28<20:54, 42.8doc/s]
  fiqa:   7%|▋         | 3.91k/57.6k [01:28<20:51, 42.9doc/s]
  fiqa:   7%|▋         | 3.92k/57.6k [01:28<20:55, 42.8doc/s]
  fiqa:   7%|▋         | 3.93k/57.6k [01:28<20:50, 43.0doc/s]
  fiqa:   7%|▋         | 3.94k/57.6k [01:29<20:48, 43.0doc/s]
  fiqa:   7%|▋         | 3.94k/57.6k [01:29<20:46, 43.1doc/s]
  fiqa:   7%|▋         | 3.95k/57.6k [01:29<20:49, 43.0doc/s]
  fiqa:   7%|▋         | 3.96k/57.6k [01:29<20:43, 43.2doc/s]
  fiqa:   7%|▋         | 3.97k/57.6k [01:29<20:34, 43.5doc/s]
  fiqa:   7%|▋         | 3.98k/57.6k [01:29<20:41, 43.2doc/s]
  fiqa:   7%|▋         | 3.98k/57.6k [01:30<20:55, 42.7doc/s]
  fiqa:   7%|▋         | 3.99k/57.6k [01:30<20:56, 42.7doc/s]
  fiqa:   7%|▋         | 4.00k/57.6k [01:30<20:50, 42.9doc/s]
  fiqa:   7%|▋         | 4.01k/57.6k [01:30<20:36, 43.4doc/s]
  fiqa:   7%|▋         | 4.02k/57.6k [01:30<20:33, 43.5doc/s]
  fiqa:   7%|▋         | 4.02k/57.6k [01:31<20:51, 42.8doc/s]
  fiqa:   7%|▋         | 4.03k/57.6k [01:31<20:53, 42.8doc/s]
  fiqa:   7%|▋         | 4.04k/57.6k [01:31<20:56, 42.7doc/s]
  fiqa:   7%|▋         | 4.05k/57.6k [01:31<20:52, 42.8doc/s]
  fiqa:   7%|▋         | 4.06k/57.6k [01:31<20:37, 43.3doc/s]
  fiqa:   7%|▋         | 4.06k/57.6k [01:32<20:30, 43.5doc/s]
  fiqa:   7%|▋         | 4.07k/57.6k [01:32<20:31, 43.5doc/s]
  fiqa:   7%|▋         | 4.08k/57.6k [01:32<20:26, 43.7doc/s]
  fiqa:   7%|▋         | 4.09k/57.6k [01:32<20:21, 43.9doc/s]
  fiqa:   7%|▋         | 4.10k/57.6k [01:32<20:23, 43.8doc/s]
  fiqa:   7%|▋         | 4.10k/57.6k [01:32<20:52, 42.7doc/s]
  fiqa:   7%|▋         | 4.11k/57.6k [01:33<21:01, 42.4doc/s]
  fiqa:   7%|▋         | 4.12k/57.6k [01:33<20:56, 42.6doc/s]
  fiqa:   7%|▋         | 4.13k/57.6k [01:33<20:50, 42.8doc/s]
  fiqa:   7%|▋         | 4.14k/57.6k [01:33<20:48, 42.8doc/s]
  fiqa:   7%|▋         | 4.14k/57.6k [01:33<20:37, 43.2doc/s]
  fiqa:   7%|▋         | 4.15k/57.6k [01:34<20:30, 43.5doc/s]
  fiqa:   7%|▋         | 4.16k/57.6k [01:34<20:23, 43.7doc/s]
  fiqa:   7%|▋         | 4.17k/57.6k [01:34<20:21, 43.8doc/s]
  fiqa:   7%|▋         | 4.18k/57.6k [01:34<20:18, 43.9doc/s]
  fiqa:   7%|▋         | 4.18k/57.6k [01:34<20:15, 44.0doc/s]
  fiqa:   7%|▋         | 4.19k/57.6k [01:34<20:19, 43.8doc/s]
  fiqa:   7%|▋         | 4.20k/57.6k [01:35<20:13, 44.0doc/s]
  fiqa:   7%|▋         | 4.21k/57.6k [01:35<20:19, 43.8doc/s]
  fiqa:   7%|▋         | 4.22k/57.6k [01:35<20:26, 43.6doc/s]
  fiqa:   7%|▋         | 4.22k/57.6k [01:35<20:27, 43.5doc/s]
  fiqa:   7%|▋         | 4.23k/57.6k [01:35<20:17, 43.9doc/s]
  fiqa:   7%|▋         | 4.24k/57.6k [01:36<20:20, 43.7doc/s]
  fiqa:   7%|▋         | 4.25k/57.6k [01:36<20:15, 43.9doc/s]
  fiqa:   7%|▋         | 4.26k/57.6k [01:36<20:07, 44.2doc/s]
  fiqa:   7%|▋         | 4.26k/57.6k [01:36<20:07, 44.2doc/s]
  fiqa:   7%|▋         | 4.27k/57.6k [01:36<20:06, 44.2doc/s]
  fiqa:   7%|▋         | 4.28k/57.6k [01:36<20:06, 44.2doc/s]
  fiqa:   7%|▋         | 4.29k/57.6k [01:37<20:14, 43.9doc/s]
  fiqa:   7%|▋         | 4.30k/57.6k [01:37<20:21, 43.7doc/s]
  fiqa:   7%|▋         | 4.30k/57.6k [01:37<20:28, 43.4doc/s]
  fiqa:   7%|▋         | 4.31k/57.6k [01:37<20:41, 42.9doc/s]
  fiqa:   7%|▋         | 4.32k/57.6k [01:37<20:48, 42.7doc/s]
  fiqa:   8%|▊         | 4.33k/57.6k [01:38<20:43, 42.9doc/s]
  fiqa:   8%|▊         | 4.34k/57.6k [01:38<20:31, 43.3doc/s]
  fiqa:   8%|▊         | 4.34k/57.6k [01:38<20:27, 43.4doc/s]
  fiqa:   8%|▊         | 4.35k/57.6k [01:38<20:17, 43.8doc/s]
  fiqa:   8%|▊         | 4.36k/57.6k [01:38<20:15, 43.8doc/s]
  fiqa:   8%|▊         | 4.37k/57.6k [01:38<20:10, 44.0doc/s]
  fiqa:   8%|▊         | 4.38k/57.6k [01:39<20:09, 44.0doc/s]
  fiqa:   8%|▊         | 4.38k/57.6k [01:39<20:09, 44.0doc/s]
  fiqa:   8%|▊         | 4.39k/57.6k [01:39<19:55, 44.5doc/s]
  fiqa:   8%|▊         | 4.40k/57.6k [01:39<20:11, 44.0doc/s]
  fiqa:   8%|▊         | 4.41k/57.6k [01:39<20:10, 44.0doc/s]
  fiqa:   8%|▊         | 4.42k/57.6k [01:40<20:05, 44.2doc/s]
  fiqa:   8%|▊         | 4.42k/57.6k [01:40<20:04, 44.2doc/s]
  fiqa:   8%|▊         | 4.43k/57.6k [01:40<20:17, 43.7doc/s]
  fiqa:   8%|▊         | 4.44k/57.6k [01:40<20:11, 43.9doc/s]
  fiqa:   8%|▊         | 4.45k/57.6k [01:40<20:12, 43.9doc/s]
  fiqa:   8%|▊         | 4.46k/57.6k [01:40<20:04, 44.2doc/s]
  fiqa:   8%|▊         | 4.46k/57.6k [01:41<20:01, 44.2doc/s]
  fiqa:   8%|▊         | 4.47k/57.6k [01:41<20:00, 44.3doc/s]
  fiqa:   8%|▊         | 4.48k/57.6k [01:41<20:01, 44.2doc/s]
  fiqa:   8%|▊         | 4.49k/57.6k [01:41<19:32, 45.3doc/s]
  fiqa:   8%|▊         | 4.50k/57.6k [01:41<19:54, 44.5doc/s]
  fiqa:   8%|▊         | 4.50k/57.6k [01:42<20:03, 44.2doc/s]
  fiqa:   8%|▊         | 4.51k/57.6k [01:42<20:06, 44.0doc/s]
  fiqa:   8%|▊         | 4.52k/57.6k [01:42<20:07, 44.0doc/s]
  fiqa:   8%|▊         | 4.53k/57.6k [01:42<20:09, 43.9doc/s]
  fiqa:   8%|▊         | 4.54k/57.6k [01:42<20:07, 44.0doc/s]
  fiqa:   8%|▊         | 4.54k/57.6k [01:42<20:08, 43.9doc/s]
  fiqa:   8%|▊         | 4.55k/57.6k [01:43<20:37, 42.9doc/s]
  fiqa:   8%|▊         | 4.56k/57.6k [01:43<20:47, 42.5doc/s]
  fiqa:   8%|▊         | 4.57k/57.6k [01:43<20:01, 44.2doc/s]
  fiqa:   8%|▊         | 4.58k/57.6k [01:43<20:10, 43.8doc/s]
  fiqa:   8%|▊         | 4.58k/57.6k [01:43<20:08, 43.9doc/s]
  fiqa:   8%|▊         | 4.59k/57.6k [01:44<20:21, 43.4doc/s]
  fiqa:   8%|▊         | 4.60k/57.6k [01:44<19:54, 44.4doc/s]
  fiqa:   8%|▊         | 4.61k/57.6k [01:44<20:06, 44.0doc/s]
  fiqa:   8%|▊         | 4.62k/57.6k [01:44<20:10, 43.8doc/s]
  fiqa:   8%|▊         | 4.62k/57.6k [01:44<20:13, 43.7doc/s]
  fiqa:   8%|▊         | 4.63k/57.6k [01:44<20:14, 43.7doc/s]
  fiqa:   8%|▊         | 4.64k/57.6k [01:45<20:06, 43.9doc/s]
  fiqa:   8%|▊         | 4.65k/57.6k [01:45<20:14, 43.6doc/s]
  fiqa:   8%|▊         | 4.66k/57.6k [01:45<20:10, 43.8doc/s]
  fiqa:   8%|▊         | 4.66k/57.6k [01:45<20:09, 43.8doc/s]
  fiqa:   8%|▊         | 4.67k/57.6k [01:45<20:09, 43.8doc/s]
  fiqa:   8%|▊         | 4.68k/57.6k [01:46<20:14, 43.6doc/s]
  fiqa:   8%|▊         | 4.69k/57.6k [01:46<20:12, 43.7doc/s]
  fiqa:   8%|▊         | 4.70k/57.6k [01:46<20:06, 43.9doc/s]
  fiqa:   8%|▊         | 4.70k/57.6k [01:46<19:54, 44.3doc/s]
  fiqa:   8%|▊         | 4.71k/57.6k [01:46<19:56, 44.2doc/s]
  fiqa:   8%|▊         | 4.72k/57.6k [01:46<19:33, 45.1doc/s]
  fiqa:   8%|▊         | 4.73k/57.6k [01:47<19:50, 44.4doc/s]
  fiqa:   8%|▊         | 4.74k/57.6k [01:47<20:04, 43.9doc/s]
  fiqa:   8%|▊         | 4.74k/57.6k [01:47<20:15, 43.5doc/s]
  fiqa:   8%|▊         | 4.75k/57.6k [01:47<20:18, 43.4doc/s]
  fiqa:   8%|▊         | 4.76k/57.6k [01:47<20:10, 43.7doc/s]
  fiqa:   8%|▊         | 4.77k/57.6k [01:48<19:26, 45.3doc/s]
  fiqa:   8%|▊         | 4.78k/57.6k [01:48<20:00, 44.0doc/s]
  fiqa:   8%|▊         | 4.78k/57.6k [01:48<19:55, 44.2doc/s]
  fiqa:   8%|▊         | 4.79k/57.6k [01:48<19:53, 44.3doc/s]
  fiqa:   8%|▊         | 4.80k/57.6k [01:48<19:50, 44.4doc/s]
  fiqa:   8%|▊         | 4.81k/57.6k [01:48<19:52, 44.3doc/s]
  fiqa:   8%|▊         | 4.82k/57.6k [01:49<19:49, 44.4doc/s]
  fiqa:   8%|▊         | 4.82k/57.6k [01:49<19:52, 44.3doc/s]
  fiqa:   8%|▊         | 4.83k/57.6k [01:49<20:00, 44.0doc/s]
  fiqa:   8%|▊         | 4.84k/57.6k [01:49<20:18, 43.3doc/s]
  fiqa:   8%|▊         | 4.85k/57.6k [01:49<20:32, 42.8doc/s]
  fiqa:   8%|▊         | 4.86k/57.6k [01:50<20:30, 42.9doc/s]
  fiqa:   8%|▊         | 4.86k/57.6k [01:50<20:13, 43.5doc/s]
  fiqa:   8%|▊         | 4.87k/57.6k [01:50<19:31, 45.0doc/s]
  fiqa:   8%|▊         | 4.88k/57.6k [01:50<19:36, 44.9doc/s]
  fiqa:   8%|▊         | 4.89k/57.6k [01:50<19:41, 44.7doc/s]
  fiqa:   8%|▊         | 4.90k/57.6k [01:50<19:53, 44.2doc/s]
  fiqa:   9%|▊         | 4.90k/57.6k [01:51<19:57, 44.0doc/s]
  fiqa:   9%|▊         | 4.91k/57.6k [01:51<20:23, 43.1doc/s]
  fiqa:   9%|▊         | 4.92k/57.6k [01:51<20:38, 42.6doc/s]
  fiqa:   9%|▊         | 4.93k/57.6k [01:51<20:36, 42.6doc/s]
  fiqa:   9%|▊         | 4.94k/57.6k [01:51<20:20, 43.2doc/s]
  fiqa:   9%|▊         | 4.94k/57.6k [01:52<20:05, 43.7doc/s]
  fiqa:   9%|▊         | 4.95k/57.6k [01:52<20:20, 43.2doc/s]
  fiqa:   9%|▊         | 4.96k/57.6k [01:52<20:39, 42.5doc/s]
  fiqa:   9%|▊         | 4.97k/57.6k [01:52<20:37, 42.6doc/s]
  fiqa:   9%|▊         | 4.98k/57.6k [01:52<20:30, 42.8doc/s]
  fiqa:   9%|▊         | 4.98k/57.6k [01:53<20:25, 43.0doc/s]
  fiqa:   9%|▊         | 4.99k/57.6k [01:53<19:16, 45.5doc/s]
  fiqa:   9%|▊         | 5.00k/57.6k [01:53<19:30, 45.0doc/s]
  fiqa:   9%|▊         | 5.01k/57.6k [01:53<19:42, 44.5doc/s]
  fiqa:   9%|▊         | 5.02k/57.6k [01:53<19:42, 44.5doc/s]
  fiqa:   9%|▊         | 5.02k/57.6k [01:53<20:05, 43.6doc/s]
  fiqa:   9%|▊         | 5.03k/57.6k [01:54<20:29, 42.8doc/s]
  fiqa:   9%|▊         | 5.04k/57.6k [01:54<20:43, 42.3doc/s]
  fiqa:   9%|▉         | 5.05k/57.6k [01:54<20:38, 42.5doc/s]
  fiqa:   9%|▉         | 5.06k/57.6k [01:54<20:26, 42.9doc/s]
  fiqa:   9%|▉         | 5.06k/57.6k [01:54<20:03, 43.7doc/s]
  fiqa:   9%|▉         | 5.07k/57.6k [01:55<19:55, 44.0doc/s]
  fiqa:   9%|▉         | 5.08k/57.6k [01:55<19:52, 44.1doc/s]
  fiqa:   9%|▉         | 5.09k/57.6k [01:55<19:53, 44.0doc/s]
  fiqa:   9%|▉         | 5.10k/57.6k [01:55<19:47, 44.2doc/s]
  fiqa:   9%|▉         | 5.10k/57.6k [01:55<19:46, 44.3doc/s]
  fiqa:   9%|▉         | 5.11k/57.6k [01:55<19:50, 44.1doc/s]
  fiqa:   9%|▉         | 5.12k/57.6k [01:56<19:54, 44.0doc/s]
  fiqa:   9%|▉         | 5.13k/57.6k [01:56<19:55, 43.9doc/s]
  fiqa:   9%|▉         | 5.14k/57.6k [01:56<19:53, 44.0doc/s]
  fiqa:   9%|▉         | 5.14k/57.6k [01:56<19:57, 43.8doc/s]
  fiqa:   9%|▉         | 5.15k/57.6k [01:56<19:58, 43.8doc/s]
  fiqa:   9%|▉         | 5.16k/57.6k [01:57<19:57, 43.8doc/s]
  fiqa:   9%|▉         | 5.17k/57.6k [01:57<19:56, 43.9doc/s]
  fiqa:   9%|▉         | 5.18k/57.6k [01:57<19:53, 43.9doc/s]
  fiqa:   9%|▉         | 5.18k/57.6k [01:57<19:57, 43.8doc/s]
  fiqa:   9%|▉         | 5.19k/57.6k [01:57<19:21, 45.1doc/s]
  fiqa:   9%|▉         | 5.20k/57.6k [01:57<19:25, 45.0doc/s]
  fiqa:   9%|▉         | 5.21k/57.6k [01:58<19:34, 44.6doc/s]
  fiqa:   9%|▉         | 5.22k/57.6k [01:58<19:36, 44.6doc/s]
  fiqa:   9%|▉         | 5.22k/57.6k [01:58<19:41, 44.4doc/s]
  fiqa:   9%|▉         | 5.23k/57.6k [01:58<19:14, 45.4doc/s]
  fiqa:   9%|▉         | 5.24k/57.6k [01:58<19:29, 44.8doc/s]
  fiqa:   9%|▉         | 5.25k/57.6k [01:59<19:34, 44.6doc/s]
  fiqa:   9%|▉         | 5.26k/57.6k [01:59<19:42, 44.3doc/s]
  fiqa:   9%|▉         | 5.26k/57.6k [01:59<19:38, 44.4doc/s]
  fiqa:   9%|▉         | 5.27k/57.6k [01:59<19:31, 44.7doc/s]
  fiqa:   9%|▉         | 5.28k/57.6k [01:59<19:43, 44.2doc/s]
  fiqa:   9%|▉         | 5.29k/57.6k [01:59<19:41, 44.3doc/s]
  fiqa:   9%|▉         | 5.30k/57.6k [02:00<19:43, 44.2doc/s]
  fiqa:   9%|▉         | 5.30k/57.6k [02:00<19:48, 44.0doc/s]
  fiqa:   9%|▉         | 5.31k/57.6k [02:00<19:50, 44.0doc/s]
  fiqa:   9%|▉         | 5.32k/57.6k [02:00<19:52, 43.9doc/s]
  fiqa:   9%|▉         | 5.33k/57.6k [02:00<19:51, 43.9doc/s]
  fiqa:   9%|▉         | 5.34k/57.6k [02:01<19:43, 44.2doc/s]
  fiqa:   9%|▉         | 5.34k/57.6k [02:01<19:46, 44.1doc/s]
  fiqa:   9%|▉         | 5.35k/57.6k [02:01<19:56, 43.7doc/s]
  fiqa:   9%|▉         | 5.36k/57.6k [02:01<20:01, 43.5doc/s]
  fiqa:   9%|▉         | 5.37k/57.6k [02:01<20:06, 43.3doc/s]
  fiqa:   9%|▉         | 5.38k/57.6k [02:01<19:58, 43.6doc/s]
  fiqa:   9%|▉         | 5.38k/57.6k [02:02<19:52, 43.8doc/s]
  fiqa:   9%|▉         | 5.39k/57.6k [02:02<19:13, 45.3doc/s]
  fiqa:   9%|▉         | 5.40k/57.6k [02:02<19:18, 45.1doc/s]
  fiqa:   9%|▉         | 5.41k/57.6k [02:02<19:12, 45.3doc/s]
  fiqa:   9%|▉         | 5.42k/57.6k [02:02<19:08, 45.5doc/s]
  fiqa:   9%|▉         | 5.42k/57.6k [02:02<19:09, 45.4doc/s]
  fiqa:   9%|▉         | 5.43k/57.6k [02:03<19:12, 45.3doc/s]
  fiqa:   9%|▉         | 5.44k/57.6k [02:03<19:45, 44.0doc/s]
  fiqa:   9%|▉         | 5.45k/57.6k [02:03<20:14, 43.0doc/s]
  fiqa:   9%|▉         | 5.46k/57.6k [02:03<20:16, 42.9doc/s]
  fiqa:   9%|▉         | 5.46k/57.6k [02:03<20:17, 42.9doc/s]
  fiqa:   9%|▉         | 5.47k/57.6k [02:04<20:09, 43.1doc/s]
  fiqa:  10%|▉         | 5.48k/57.6k [02:04<20:04, 43.3doc/s]
  fiqa:  10%|▉         | 5.49k/57.6k [02:04<19:59, 43.5doc/s]
  fiqa:  10%|▉         | 5.50k/57.6k [02:04<19:57, 43.5doc/s]
  fiqa:  10%|▉         | 5.50k/57.6k [02:04<19:54, 43.6doc/s]
  fiqa:  10%|▉         | 5.51k/57.6k [02:05<19:51, 43.7doc/s]
  fiqa:  10%|▉         | 5.52k/57.6k [02:05<19:40, 44.2doc/s]
  fiqa:  10%|▉         | 5.53k/57.6k [02:05<19:44, 44.0doc/s]
  fiqa:  10%|▉         | 5.54k/57.6k [02:05<19:48, 43.9doc/s]
  fiqa:  10%|▉         | 5.54k/57.6k [02:05<19:53, 43.6doc/s]
  fiqa:  10%|▉         | 5.55k/57.6k [02:05<19:55, 43.6doc/s]
  fiqa:  10%|▉         | 5.56k/57.6k [02:06<19:58, 43.5doc/s]
  fiqa:  10%|▉         | 5.57k/57.6k [02:06<20:01, 43.3doc/s]
  fiqa:  10%|▉         | 5.58k/57.6k [02:06<20:10, 43.0doc/s]
  fiqa:  10%|▉         | 5.58k/57.6k [02:06<20:07, 43.1doc/s]
  fiqa:  10%|▉         | 5.59k/57.6k [02:06<20:04, 43.2doc/s]
  fiqa:  10%|▉         | 5.60k/57.6k [02:07<19:22, 44.7doc/s]
  fiqa:  10%|▉         | 5.61k/57.6k [02:07<19:23, 44.7doc/s]
  fiqa:  10%|▉         | 5.62k/57.6k [02:07<19:31, 44.4doc/s]
  fiqa:  10%|▉         | 5.62k/57.6k [02:07<19:38, 44.1doc/s]
  fiqa:  10%|▉         | 5.63k/57.6k [02:07<19:32, 44.4doc/s]
  fiqa:  10%|▉         | 5.64k/57.6k [02:07<19:34, 44.3doc/s]
  fiqa:  10%|▉         | 5.65k/57.6k [02:08<19:39, 44.1doc/s]
  fiqa:  10%|▉         | 5.66k/57.6k [02:08<19:44, 43.9doc/s]
  fiqa:  10%|▉         | 5.66k/57.6k [02:08<19:48, 43.7doc/s]
  fiqa:  10%|▉         | 5.67k/57.6k [02:08<19:14, 45.0doc/s]
  fiqa:  10%|▉         | 5.68k/57.6k [02:08<19:28, 44.5doc/s]
  fiqa:  10%|▉         | 5.69k/57.6k [02:09<19:37, 44.1doc/s]
  fiqa:  10%|▉         | 5.70k/57.6k [02:09<19:33, 44.3doc/s]
  fiqa:  10%|▉         | 5.70k/57.6k [02:09<19:49, 43.7doc/s]
  fiqa:  10%|▉         | 5.71k/57.6k [02:09<19:56, 43.4doc/s]
  fiqa:  10%|▉         | 5.72k/57.6k [02:09<19:55, 43.4doc/s]
  fiqa:  10%|▉         | 5.73k/57.6k [02:09<19:59, 43.3doc/s]
  fiqa:  10%|▉         | 5.74k/57.6k [02:10<19:47, 43.7doc/s]
  fiqa:  10%|▉         | 5.74k/57.6k [02:10<19:41, 43.9doc/s]
  fiqa:  10%|▉         | 5.75k/57.6k [02:10<19:40, 44.0doc/s]
  fiqa:  10%|▉         | 5.76k/57.6k [02:10<19:40, 43.9doc/s]
  fiqa:  10%|█         | 5.77k/57.6k [02:10<19:38, 44.0doc/s]
  fiqa:  10%|█         | 5.78k/57.6k [02:11<19:35, 44.1doc/s]
  fiqa:  10%|█         | 5.78k/57.6k [02:11<19:22, 44.6doc/s]
  fiqa:  10%|█         | 5.79k/57.6k [02:11<19:23, 44.6doc/s]
  fiqa:  10%|█         | 5.80k/57.6k [02:11<19:37, 44.0doc/s]
  fiqa:  10%|█         | 5.81k/57.6k [02:11<19:40, 43.9doc/s]
  fiqa:  10%|█         | 5.82k/57.6k [02:11<19:43, 43.8doc/s]
  fiqa:  10%|█         | 5.82k/57.6k [02:12<19:44, 43.8doc/s]
  fiqa:  10%|█         | 5.83k/57.6k [02:12<19:48, 43.6doc/s]
  fiqa:  10%|█         | 5.84k/57.6k [02:12<19:49, 43.5doc/s]
  fiqa:  10%|█         | 5.85k/57.6k [02:12<19:42, 43.8doc/s]
  fiqa:  10%|█         | 5.86k/57.6k [02:12<19:39, 43.9doc/s]
  fiqa:  10%|█         | 5.86k/57.6k [02:13<19:38, 43.9doc/s]
  fiqa:  10%|█         | 5.87k/57.6k [02:13<19:42, 43.8doc/s]
  fiqa:  10%|█         | 5.88k/57.6k [02:13<19:37, 44.0doc/s]
  fiqa:  10%|█         | 5.89k/57.6k [02:13<19:29, 44.3doc/s]
  fiqa:  10%|█         | 5.90k/57.6k [02:13<19:25, 44.4doc/s]
  fiqa:  10%|█         | 5.90k/57.6k [02:13<19:22, 44.5doc/s]
  fiqa:  10%|█         | 5.91k/57.6k [02:14<19:33, 44.1doc/s]
  fiqa:  10%|█         | 5.92k/57.6k [02:14<19:40, 43.8doc/s]
  fiqa:  10%|█         | 5.93k/57.6k [02:14<19:43, 43.7doc/s]
  fiqa:  10%|█         | 5.94k/57.6k [02:14<19:47, 43.6doc/s]
  fiqa:  10%|█         | 5.94k/57.6k [02:14<19:47, 43.5doc/s]
  fiqa:  10%|█         | 5.95k/57.6k [02:15<19:40, 43.8doc/s]
  fiqa:  10%|█         | 5.96k/57.6k [02:15<19:33, 44.0doc/s]
  fiqa:  10%|█         | 5.97k/57.6k [02:15<19:32, 44.1doc/s]
  fiqa:  10%|█         | 5.98k/57.6k [02:15<19:33, 44.0doc/s]
  fiqa:  10%|█         | 5.98k/57.6k [02:15<19:31, 44.1doc/s]
  fiqa:  10%|█         | 5.99k/57.6k [02:15<19:34, 44.0doc/s]
  fiqa:  10%|█         | 6.00k/57.6k [02:16<19:35, 43.9doc/s]
  fiqa:  10%|█         | 6.01k/57.6k [02:16<19:39, 43.8doc/s]
  fiqa:  10%|█         | 6.02k/57.6k [02:16<19:42, 43.6doc/s]
  fiqa:  10%|█         | 6.02k/57.6k [02:16<19:38, 43.8doc/s]
  fiqa:  10%|█         | 6.03k/57.6k [02:16<19:27, 44.2doc/s]
  fiqa:  10%|█         | 6.04k/57.6k [02:17<19:26, 44.2doc/s]
  fiqa:  10%|█         | 6.05k/57.6k [02:17<19:22, 44.4doc/s]
  fiqa:  11%|█         | 6.06k/57.6k [02:17<19:35, 43.9doc/s]
  fiqa:  11%|█         | 6.06k/57.6k [02:17<19:42, 43.6doc/s]
  fiqa:  11%|█         | 6.07k/57.6k [02:17<19:52, 43.2doc/s]
  fiqa:  11%|█         | 6.08k/57.6k [02:17<19:57, 43.1doc/s]
  fiqa:  11%|█         | 6.09k/57.6k [02:18<19:57, 43.0doc/s]
  fiqa:  11%|█         | 6.10k/57.6k [02:18<20:04, 42.8doc/s]
  fiqa:  11%|█         | 6.10k/57.6k [02:18<19:53, 43.2doc/s]
  fiqa:  11%|█         | 6.11k/57.6k [02:18<19:47, 43.4doc/s]
  fiqa:  11%|█         | 6.12k/57.6k [02:18<19:45, 43.4doc/s]
  fiqa:  11%|█         | 6.13k/57.6k [02:19<19:40, 43.6doc/s]
  fiqa:  11%|█         | 6.14k/57.6k [02:19<19:32, 43.9doc/s]
  fiqa:  11%|█         | 6.14k/57.6k [02:19<19:23, 44.3doc/s]
  fiqa:  11%|█         | 6.15k/57.6k [02:19<19:28, 44.1doc/s]
  fiqa:  11%|█         | 6.16k/57.6k [02:19<19:27, 44.1doc/s]
  fiqa:  11%|█         | 6.17k/57.6k [02:19<19:36, 43.8doc/s]
  fiqa:  11%|█         | 6.18k/57.6k [02:20<19:34, 43.8doc/s]
  fiqa:  11%|█         | 6.18k/57.6k [02:20<19:34, 43.8doc/s]
  fiqa:  11%|█         | 6.19k/57.6k [02:20<19:40, 43.6doc/s]
  fiqa:  11%|█         | 6.20k/57.6k [02:20<19:45, 43.4doc/s]
  fiqa:  11%|█         | 6.21k/57.6k [02:20<19:47, 43.3doc/s]
  fiqa:  11%|█         | 6.22k/57.6k [02:21<19:47, 43.3doc/s]
  fiqa:  11%|█         | 6.22k/57.6k [02:21<19:44, 43.4doc/s]
  fiqa:  11%|█         | 6.23k/57.6k [02:21<19:46, 43.3doc/s]
  fiqa:  11%|█         | 6.24k/57.6k [02:21<19:10, 44.7doc/s]
  fiqa:  11%|█         | 6.25k/57.6k [02:21<18:31, 46.2doc/s]
  fiqa:  11%|█         | 6.26k/57.6k [02:21<18:45, 45.7doc/s]
  fiqa:  11%|█         | 6.26k/57.6k [02:22<18:50, 45.5doc/s]
  fiqa:  11%|█         | 6.27k/57.6k [02:22<19:00, 45.0doc/s]
  fiqa:  11%|█         | 6.28k/57.6k [02:22<19:14, 44.5doc/s]
  fiqa:  11%|█         | 6.29k/57.6k [02:22<19:44, 43.3doc/s]
  fiqa:  11%|█         | 6.30k/57.6k [02:22<19:53, 43.0doc/s]
  fiqa:  11%|█         | 6.30k/57.6k [02:23<19:49, 43.1doc/s]
  fiqa:  11%|█         | 6.31k/57.6k [02:23<19:35, 43.7doc/s]
  fiqa:  11%|█         | 6.32k/57.6k [02:23<19:31, 43.8doc/s]
  fiqa:  11%|█         | 6.33k/57.6k [02:23<19:27, 43.9doc/s]
  fiqa:  11%|█         | 6.34k/57.6k [02:23<19:24, 44.0doc/s]
  fiqa:  11%|█         | 6.34k/57.6k [02:23<19:29, 43.9doc/s]
  fiqa:  11%|█         | 6.35k/57.6k [02:24<19:37, 43.6doc/s]
  fiqa:  11%|█         | 6.36k/57.6k [02:24<19:37, 43.6doc/s]
  fiqa:  11%|█         | 6.37k/57.6k [02:24<19:34, 43.6doc/s]
  fiqa:  11%|█         | 6.38k/57.6k [02:24<19:32, 43.7doc/s]
  fiqa:  11%|█         | 6.38k/57.6k [02:24<19:22, 44.1doc/s]
  fiqa:  11%|█         | 6.39k/57.6k [02:25<19:22, 44.1doc/s]
  fiqa:  11%|█         | 6.40k/57.6k [02:25<18:51, 45.3doc/s]
  fiqa:  11%|█         | 6.41k/57.6k [02:25<19:07, 44.6doc/s]
  fiqa:  11%|█         | 6.42k/57.6k [02:25<19:15, 44.3doc/s]
  fiqa:  11%|█         | 6.42k/57.6k [02:25<19:22, 44.0doc/s]
  fiqa:  11%|█         | 6.43k/57.6k [02:25<19:49, 43.0doc/s]
  fiqa:  11%|█         | 6.44k/57.6k [02:26<20:02, 42.6doc/s]
  fiqa:  11%|█         | 6.45k/57.6k [02:26<19:55, 42.8doc/s]
  fiqa:  11%|█         | 6.46k/57.6k [02:26<19:52, 42.9doc/s]
  fiqa:  11%|█         | 6.46k/57.6k [02:26<19:52, 42.9doc/s]
  fiqa:  11%|█         | 6.47k/57.6k [02:26<19:43, 43.2doc/s]
  fiqa:  11%|█         | 6.48k/57.6k [02:27<19:34, 43.5doc/s]
  fiqa:  11%|█▏        | 6.49k/57.6k [02:27<19:28, 43.8doc/s]
  fiqa:  11%|█▏        | 6.50k/57.6k [02:27<19:29, 43.7doc/s]
  fiqa:  11%|█▏        | 6.50k/57.6k [02:27<19:33, 43.6doc/s]
  fiqa:  11%|█▏        | 6.51k/57.6k [02:27<19:26, 43.8doc/s]
  fiqa:  11%|█▏        | 6.52k/57.6k [02:28<19:29, 43.7doc/s]
  fiqa:  11%|█▏        | 6.53k/57.6k [02:28<19:32, 43.6doc/s]
  fiqa:  11%|█▏        | 6.54k/57.6k [02:28<19:34, 43.5doc/s]
  fiqa:  11%|█▏        | 6.54k/57.6k [02:28<19:23, 43.9doc/s]
  fiqa:  11%|█▏        | 6.55k/57.6k [02:28<19:14, 44.3doc/s]
  fiqa:  11%|█▏        | 6.56k/57.6k [02:28<19:06, 44.6doc/s]
  fiqa:  11%|█▏        | 6.57k/57.6k [02:29<19:13, 44.3doc/s]
  fiqa:  11%|█▏        | 6.58k/57.6k [02:29<19:23, 43.9doc/s]
  fiqa:  11%|█▏        | 6.58k/57.6k [02:29<19:25, 43.8doc/s]
  fiqa:  11%|█▏        | 6.59k/57.6k [02:29<19:30, 43.6doc/s]
  fiqa:  11%|█▏        | 6.60k/57.6k [02:29<19:26, 43.7doc/s]
  fiqa:  11%|█▏        | 6.61k/57.6k [02:30<19:20, 44.0doc/s]
  fiqa:  11%|█▏        | 6.62k/57.6k [02:30<19:19, 44.0doc/s]
  fiqa:  11%|█▏        | 6.62k/57.6k [02:30<19:07, 44.4doc/s]
  fiqa:  12%|█▏        | 6.63k/57.6k [02:30<19:09, 44.4doc/s]
  fiqa:  12%|█▏        | 6.64k/57.6k [02:30<19:18, 44.0doc/s]
  fiqa:  12%|█▏        | 6.65k/57.6k [02:30<19:24, 43.8doc/s]
  fiqa:  12%|█▏        | 6.66k/57.6k [02:31<19:24, 43.8doc/s]
  fiqa:  12%|█▏        | 6.66k/57.6k [02:31<19:24, 43.8doc/s]
  fiqa:  12%|█▏        | 6.67k/57.6k [02:31<19:26, 43.7doc/s]
  fiqa:  12%|█▏        | 6.68k/57.6k [02:31<19:36, 43.3doc/s]
  fiqa:  12%|█▏        | 6.69k/57.6k [02:31<19:35, 43.3doc/s]
  fiqa:  12%|█▏        | 6.70k/57.6k [02:32<19:36, 43.3doc/s]
  fiqa:  12%|█▏        | 6.70k/57.6k [02:32<19:37, 43.3doc/s]
  fiqa:  12%|█▏        | 6.71k/57.6k [02:32<19:41, 43.1doc/s]
  fiqa:  12%|█▏        | 6.72k/57.6k [02:32<19:40, 43.1doc/s]
  fiqa:  12%|█▏        | 6.73k/57.6k [02:32<19:37, 43.2doc/s]
  fiqa:  12%|█▏        | 6.74k/57.6k [02:32<19:20, 43.9doc/s]
  fiqa:  12%|█▏        | 6.74k/57.6k [02:33<19:11, 44.2doc/s]
  fiqa:  12%|█▏        | 6.75k/57.6k [02:33<19:10, 44.2doc/s]
  fiqa:  12%|█▏        | 6.76k/57.6k [02:33<19:19, 43.9doc/s]
  fiqa:  12%|█▏        | 6.77k/57.6k [02:33<19:28, 43.5doc/s]
  fiqa:  12%|█▏        | 6.78k/57.6k [02:33<19:33, 43.3doc/s]
  fiqa:  12%|█▏        | 6.78k/57.6k [02:34<19:40, 43.1doc/s]
  fiqa:  12%|█▏        | 6.79k/57.6k [02:34<19:42, 43.0doc/s]
  fiqa:  12%|█▏        | 6.80k/57.6k [02:34<19:39, 43.1doc/s]
  fiqa:  12%|█▏        | 6.81k/57.6k [02:34<19:37, 43.2doc/s]
  fiqa:  12%|█▏        | 6.82k/57.6k [02:34<19:27, 43.5doc/s]
  fiqa:  12%|█▏        | 6.82k/57.6k [02:34<19:15, 44.0doc/s]
  fiqa:  12%|█▏        | 6.83k/57.6k [02:35<19:17, 43.9doc/s]
  fiqa:  12%|█▏        | 6.84k/57.6k [02:35<19:22, 43.7doc/s]
  fiqa:  12%|█▏        | 6.85k/57.6k [02:35<19:23, 43.7doc/s]
  fiqa:  12%|█▏        | 6.86k/57.6k [02:35<19:16, 43.9doc/s]
  fiqa:  12%|█▏        | 6.86k/57.6k [02:35<19:24, 43.6doc/s]
  fiqa:  12%|█▏        | 6.87k/57.6k [02:36<19:26, 43.5doc/s]
  fiqa:  12%|█▏        | 6.88k/57.6k [02:36<19:20, 43.7doc/s]
  fiqa:  12%|█▏        | 6.89k/57.6k [02:36<19:13, 44.0doc/s]
  fiqa:  12%|█▏        | 6.90k/57.6k [02:36<19:06, 44.3doc/s]
  fiqa:  12%|█▏        | 6.90k/57.6k [02:36<19:14, 43.9doc/s]
  fiqa:  12%|█▏        | 6.91k/57.6k [02:36<19:15, 43.9doc/s]
  fiqa:  12%|█▏        | 6.92k/57.6k [02:37<19:16, 43.8doc/s]
  fiqa:  12%|█▏        | 6.93k/57.6k [02:37<19:18, 43.8doc/s]
  fiqa:  12%|█▏        | 6.94k/57.6k [02:37<19:27, 43.4doc/s]
  fiqa:  12%|█▏        | 6.94k/57.6k [02:37<19:26, 43.5doc/s]
  fiqa:  12%|█▏        | 6.95k/57.6k [02:37<19:23, 43.6doc/s]
  fiqa:  12%|█▏        | 6.96k/57.6k [02:38<19:22, 43.6doc/s]
  fiqa:  12%|█▏        | 6.97k/57.6k [02:38<19:36, 43.1doc/s]
  fiqa:  12%|█▏        | 6.98k/57.6k [02:38<19:50, 42.6doc/s]
  fiqa:  12%|█▏        | 6.98k/57.6k [02:38<19:53, 42.4doc/s]
  fiqa:  12%|█▏        | 6.99k/57.6k [02:38<19:52, 42.5doc/s]
  fiqa:  12%|█▏        | 7.00k/57.6k [02:39<19:45, 42.7doc/s]
  fiqa:  12%|█▏        | 7.01k/57.6k [02:39<19:36, 43.0doc/s]
  fiqa:  12%|█▏        | 7.02k/57.6k [02:39<19:26, 43.4doc/s]
  fiqa:  12%|█▏        | 7.02k/57.6k [02:39<19:18, 43.7doc/s]
  fiqa:  12%|█▏        | 7.03k/57.6k [02:39<19:12, 43.9doc/s]
  fiqa:  12%|█▏        | 7.04k/57.6k [02:39<19:10, 44.0doc/s]
  fiqa:  12%|█▏        | 7.05k/57.6k [02:40<19:17, 43.7doc/s]
  fiqa:  12%|█▏        | 7.06k/57.6k [02:40<19:36, 43.0doc/s]
  fiqa:  12%|█▏        | 7.06k/57.6k [02:40<19:36, 43.0doc/s]
  fiqa:  12%|█▏        | 7.07k/57.6k [02:40<19:39, 42.9doc/s]
  fiqa:  12%|█▏        | 7.08k/57.6k [02:40<19:39, 42.8doc/s]
  fiqa:  12%|█▏        | 7.09k/57.6k [02:41<19:28, 43.2doc/s]
  fiqa:  12%|█▏        | 7.10k/57.6k [02:41<19:20, 43.6doc/s]
  fiqa:  12%|█▏        | 7.10k/57.6k [02:41<18:42, 45.0doc/s]
  fiqa:  12%|█▏        | 7.11k/57.6k [02:41<18:32, 45.4doc/s]
  fiqa:  12%|█▏        | 7.12k/57.6k [02:41<18:34, 45.3doc/s]
  fiqa:  12%|█▏        | 7.13k/57.6k [02:41<18:38, 45.1doc/s]
  fiqa:  12%|█▏        | 7.14k/57.6k [02:42<18:53, 44.6doc/s]
  fiqa:  12%|█▏        | 7.14k/57.6k [02:42<19:03, 44.2doc/s]
  fiqa:  12%|█▏        | 7.15k/57.6k [02:42<18:31, 45.4doc/s]
  fiqa:  12%|█▏        | 7.16k/57.6k [02:42<18:48, 44.7doc/s]
  fiqa:  12%|█▏        | 7.17k/57.6k [02:42<18:59, 44.3doc/s]
  fiqa:  12%|█▏        | 7.18k/57.6k [02:42<18:35, 45.3doc/s]
  fiqa:  12%|█▏        | 7.18k/57.6k [02:43<18:52, 44.6doc/s]
  fiqa:  12%|█▏        | 7.19k/57.6k [02:43<19:00, 44.2doc/s]
  fiqa:  12%|█▏        | 7.20k/57.6k [02:43<19:09, 43.9doc/s]
  fiqa:  13%|█▎        | 7.21k/57.6k [02:43<19:15, 43.6doc/s]
  fiqa:  13%|█▎        | 7.22k/57.6k [02:43<19:10, 43.8doc/s]
  fiqa:  13%|█▎        | 7.22k/57.6k [02:44<18:32, 45.3doc/s]
  fiqa:  13%|█▎        | 7.23k/57.6k [02:44<18:42, 44.9doc/s]
  fiqa:  13%|█▎        | 7.24k/57.6k [02:44<18:45, 44.8doc/s]
  fiqa:  13%|█▎        | 7.25k/57.6k [02:44<18:37, 45.1doc/s]
  fiqa:  13%|█▎        | 7.26k/57.6k [02:44<18:33, 45.2doc/s]
  fiqa:  13%|█▎        | 7.26k/57.6k [02:44<18:39, 45.0doc/s]
  fiqa:  13%|█▎        | 7.27k/57.6k [02:45<18:43, 44.8doc/s]
  fiqa:  13%|█▎        | 7.28k/57.6k [02:45<19:10, 43.8doc/s]
  fiqa:  13%|█▎        | 7.29k/57.6k [02:45<19:35, 42.9doc/s]
  fiqa:  13%|█▎        | 7.30k/57.6k [02:45<19:38, 42.7doc/s]
  fiqa:  13%|█▎        | 7.30k/57.6k [02:45<19:38, 42.7doc/s]
  fiqa:  13%|█▎        | 7.31k/57.6k [02:46<19:34, 42.8doc/s]
  fiqa:  13%|█▎        | 7.32k/57.6k [02:46<19:22, 43.3doc/s]
  fiqa:  13%|█▎        | 7.33k/57.6k [02:46<19:14, 43.6doc/s]
  fiqa:  13%|█▎        | 7.34k/57.6k [02:46<19:11, 43.7doc/s]
  fiqa:  13%|█▎        | 7.34k/57.6k [02:46<19:13, 43.6doc/s]
  fiqa:  13%|█▎        | 7.35k/57.6k [02:47<19:14, 43.6doc/s]
  fiqa:  13%|█▎        | 7.36k/57.6k [02:47<19:18, 43.4doc/s]
  fiqa:  13%|█▎        | 7.37k/57.6k [02:47<19:12, 43.6doc/s]
  fiqa:  13%|█▎        | 7.38k/57.6k [02:47<19:14, 43.5doc/s]
  fiqa:  13%|█▎        | 7.38k/57.6k [02:47<18:41, 44.8doc/s]
  fiqa:  13%|█▎        | 7.39k/57.6k [02:47<18:55, 44.3doc/s]
  fiqa:  13%|█▎        | 7.40k/57.6k [02:48<19:02, 44.0doc/s]
  fiqa:  13%|█▎        | 7.41k/57.6k [02:48<19:06, 43.8doc/s]
  fiqa:  13%|█▎        | 7.42k/57.6k [02:48<19:08, 43.7doc/s]
  fiqa:  13%|█▎        | 7.42k/57.6k [02:48<19:10, 43.6doc/s]
  fiqa:  13%|█▎        | 7.43k/57.6k [02:48<19:05, 43.8doc/s]
  fiqa:  13%|█▎        | 7.44k/57.6k [02:49<19:00, 44.0doc/s]
  fiqa:  13%|█▎        | 7.45k/57.6k [02:49<19:03, 43.9doc/s]
  fiqa:  13%|█▎        | 7.46k/57.6k [02:49<19:00, 44.0doc/s]
  fiqa:  13%|█▎        | 7.46k/57.6k [02:49<19:01, 43.9doc/s]
  fiqa:  13%|█▎        | 7.47k/57.6k [02:49<18:55, 44.2doc/s]
  fiqa:  13%|█▎        | 7.48k/57.6k [02:49<18:55, 44.2doc/s]
  fiqa:  13%|█▎        | 7.49k/57.6k [02:50<18:55, 44.2doc/s]
  fiqa:  13%|█▎        | 7.50k/57.6k [02:50<19:04, 43.8doc/s]
  fiqa:  13%|█▎        | 7.50k/57.6k [02:50<18:51, 44.3doc/s]
  fiqa:  13%|█▎        | 7.51k/57.6k [02:50<18:51, 44.3doc/s]
  fiqa:  13%|█▎        | 7.52k/57.6k [02:50<18:54, 44.2doc/s]
  fiqa:  13%|█▎        | 7.53k/57.6k [02:51<19:02, 43.9doc/s]
  fiqa:  13%|█▎        | 7.54k/57.6k [02:51<19:09, 43.6doc/s]
  fiqa:  13%|█▎        | 7.54k/57.6k [02:51<18:56, 44.1doc/s]
  fiqa:  13%|█▎        | 7.55k/57.6k [02:51<18:56, 44.1doc/s]
  fiqa:  13%|█▎        | 7.56k/57.6k [02:51<19:01, 43.9doc/s]
  fiqa:  13%|█▎        | 7.57k/57.6k [02:51<19:12, 43.5doc/s]
  fiqa:  13%|█▎        | 7.58k/57.6k [02:52<19:10, 43.5doc/s]
  fiqa:  13%|█▎        | 7.58k/57.6k [02:52<19:06, 43.7doc/s]
  fiqa:  13%|█▎        | 7.59k/57.6k [02:52<19:07, 43.6doc/s]
  fiqa:  13%|█▎        | 7.60k/57.6k [02:52<19:01, 43.8doc/s]
  fiqa:  13%|█▎        | 7.61k/57.6k [02:52<19:00, 43.9doc/s]
  fiqa:  13%|█▎        | 7.62k/57.6k [02:53<18:52, 44.2doc/s]
  fiqa:  13%|█▎        | 7.62k/57.6k [02:53<18:46, 44.4doc/s]
  fiqa:  13%|█▎        | 7.63k/57.6k [02:53<18:47, 44.4doc/s]
  fiqa:  13%|█▎        | 7.64k/57.6k [02:53<18:48, 44.3doc/s]
  fiqa:  13%|█▎        | 7.65k/57.6k [02:53<18:53, 44.1doc/s]
  fiqa:  13%|█▎        | 7.66k/57.6k [02:53<18:54, 44.0doc/s]
  fiqa:  13%|█▎        | 7.66k/57.6k [02:54<18:54, 44.1doc/s]
  fiqa:  13%|█▎        | 7.67k/57.6k [02:54<19:01, 43.8doc/s]
  fiqa:  13%|█▎        | 7.68k/57.6k [02:54<19:01, 43.8doc/s]
  fiqa:  13%|█▎        | 7.69k/57.6k [02:54<18:50, 44.2doc/s]
  fiqa:  13%|█▎        | 7.70k/57.6k [02:54<18:44, 44.4doc/s]
  fiqa:  13%|█▎        | 7.70k/57.6k [02:55<18:51, 44.1doc/s]
  fiqa:  13%|█▎        | 7.71k/57.6k [02:55<19:01, 43.7doc/s]
  fiqa:  13%|█▎        | 7.72k/57.6k [02:55<19:02, 43.7doc/s]
  fiqa:  13%|█▎        | 7.73k/57.6k [02:55<19:02, 43.7doc/s]
  fiqa:  13%|█▎        | 7.74k/57.6k [02:55<19:04, 43.6doc/s]
  fiqa:  13%|█▎        | 7.74k/57.6k [02:55<18:54, 44.0doc/s]
  fiqa:  13%|█▎        | 7.75k/57.6k [02:56<18:53, 44.0doc/s]
  fiqa:  13%|█▎        | 7.76k/57.6k [02:56<19:00, 43.7doc/s]
  fiqa:  13%|█▎        | 7.77k/57.6k [02:56<19:27, 42.7doc/s]
  fiqa:  13%|█▎        | 7.78k/57.6k [02:56<19:35, 42.4doc/s]
  fiqa:  14%|█▎        | 7.78k/57.6k [02:56<19:32, 42.5doc/s]
  fiqa:  14%|█▎        | 7.79k/57.6k [02:57<19:16, 43.1doc/s]
  fiqa:  14%|█▎        | 7.80k/57.6k [02:57<18:58, 43.8doc/s]
  fiqa:  14%|█▎        | 7.81k/57.6k [02:57<18:50, 44.1doc/s]
  fiqa:  14%|█▎        | 7.82k/57.6k [02:57<18:44, 44.3doc/s]
  fiqa:  14%|█▎        | 7.82k/57.6k [02:57<18:40, 44.4doc/s]
  fiqa:  14%|█▎        | 7.83k/57.6k [02:57<18:51, 44.0doc/s]
  fiqa:  14%|█▎        | 7.84k/57.6k [02:58<18:53, 43.9doc/s]
  fiqa:  14%|█▎        | 7.85k/57.6k [02:58<18:51, 44.0doc/s]
  fiqa:  14%|█▎        | 7.86k/57.6k [02:58<18:57, 43.8doc/s]
  fiqa:  14%|█▎        | 7.86k/57.6k [02:58<18:59, 43.7doc/s]
  fiqa:  14%|█▎        | 7.87k/57.6k [02:58<18:51, 44.0doc/s]
  fiqa:  14%|█▎        | 7.88k/57.6k [02:59<18:47, 44.1doc/s]
  fiqa:  14%|█▎        | 7.89k/57.6k [02:59<18:45, 44.2doc/s]
  fiqa:  14%|█▎        | 7.90k/57.6k [02:59<18:47, 44.1doc/s]
  fiqa:  14%|█▎        | 7.90k/57.6k [02:59<18:58, 43.7doc/s]
  fiqa:  14%|█▎        | 7.91k/57.6k [02:59<18:54, 43.8doc/s]
  fiqa:  14%|█▎        | 7.92k/57.6k [02:59<18:53, 43.9doc/s]
  fiqa:  14%|█▍        | 7.93k/57.6k [03:00<18:55, 43.8doc/s]
  fiqa:  14%|█▍        | 7.94k/57.6k [03:00<18:54, 43.8doc/s]
  fiqa:  14%|█▍        | 7.94k/57.6k [03:00<18:48, 44.0doc/s]
  fiqa:  14%|█▍        | 7.95k/57.6k [03:00<18:39, 44.4doc/s]
  fiqa:  14%|█▍        | 7.96k/57.6k [03:00<18:41, 44.3doc/s]
  fiqa:  14%|█▍        | 7.97k/57.6k [03:01<18:53, 43.8doc/s]
  fiqa:  14%|█▍        | 7.98k/57.6k [03:01<19:00, 43.5doc/s]
  fiqa:  14%|█▍        | 7.98k/57.6k [03:01<19:06, 43.3doc/s]
  fiqa:  14%|█▍        | 7.99k/57.6k [03:01<19:05, 43.3doc/s]
  fiqa:  14%|█▍        | 8.00k/57.6k [03:01<19:03, 43.4doc/s]
  fiqa:  14%|█▍        | 8.01k/57.6k [03:01<19:05, 43.3doc/s]
  fiqa:  14%|█▍        | 8.02k/57.6k [03:02<19:07, 43.3doc/s]
  fiqa:  14%|█▍        | 8.02k/57.6k [03:02<19:09, 43.2doc/s]
  fiqa:  14%|█▍        | 8.03k/57.6k [03:02<19:09, 43.1doc/s]
  fiqa:  14%|█▍        | 8.04k/57.6k [03:02<18:36, 44.4doc/s]
  fiqa:  14%|█▍        | 8.05k/57.6k [03:02<18:42, 44.2doc/s]
  fiqa:  14%|█▍        | 8.06k/57.6k [03:03<18:38, 44.3doc/s]
  fiqa:  14%|█▍        | 8.06k/57.6k [03:03<18:29, 44.7doc/s]
  fiqa:  14%|█▍        | 8.07k/57.6k [03:03<18:31, 44.6doc/s]
  fiqa:  14%|█▍        | 8.08k/57.6k [03:03<18:43, 44.1doc/s]
  fiqa:  14%|█▍        | 8.09k/57.6k [03:03<18:49, 43.9doc/s]
  fiqa:  14%|█▍        | 8.10k/57.6k [03:03<18:47, 43.9doc/s]
  fiqa:  14%|█▍        | 8.10k/57.6k [03:04<18:46, 44.0doc/s]
  fiqa:  14%|█▍        | 8.11k/57.6k [03:04<18:46, 44.0doc/s]
  fiqa:  14%|█▍        | 8.12k/57.6k [03:04<18:40, 44.2doc/s]
  fiqa:  14%|█▍        | 8.13k/57.6k [03:04<18:43, 44.1doc/s]
  fiqa:  14%|█▍        | 8.14k/57.6k [03:04<19:03, 43.3doc/s]
  fiqa:  14%|█▍        | 8.14k/57.6k [03:05<18:35, 44.4doc/s]
  fiqa:  14%|█▍        | 8.15k/57.6k [03:05<18:47, 43.9doc/s]
  fiqa:  14%|█▍        | 8.16k/57.6k [03:05<18:40, 44.2doc/s]
  fiqa:  14%|█▍        | 8.17k/57.6k [03:05<18:21, 44.9doc/s]
  fiqa:  14%|█▍        | 8.18k/57.6k [03:05<18:50, 43.7doc/s]
  fiqa:  14%|█▍        | 8.18k/57.6k [03:05<19:07, 43.1doc/s]
  fiqa:  14%|█▍        | 8.19k/57.6k [03:06<19:07, 43.1doc/s]
  fiqa:  14%|█▍        | 8.20k/57.6k [03:06<19:07, 43.1doc/s]
  fiqa:  14%|█▍        | 8.21k/57.6k [03:06<18:58, 43.4doc/s]
  fiqa:  14%|█▍        | 8.22k/57.6k [03:06<18:52, 43.6doc/s]
  fiqa:  14%|█▍        | 8.22k/57.6k [03:06<18:52, 43.6doc/s]
  fiqa:  14%|█▍        | 8.23k/57.6k [03:07<18:50, 43.7doc/s]
  fiqa:  14%|█▍        | 8.24k/57.6k [03:07<18:44, 43.9doc/s]
  fiqa:  14%|█▍        | 8.25k/57.6k [03:07<18:40, 44.1doc/s]
  fiqa:  14%|█▍        | 8.26k/57.6k [03:07<18:43, 43.9doc/s]
  fiqa:  14%|█▍        | 8.26k/57.6k [03:07<18:49, 43.7doc/s]
  fiqa:  14%|█▍        | 8.27k/57.6k [03:07<18:54, 43.5doc/s]
  fiqa:  14%|█▍        | 8.28k/57.6k [03:08<18:55, 43.5doc/s]
  fiqa:  14%|█▍        | 8.29k/57.6k [03:08<18:58, 43.4doc/s]
  fiqa:  14%|█▍        | 8.30k/57.6k [03:08<18:57, 43.4doc/s]
  fiqa:  14%|█▍        | 8.30k/57.6k [03:08<18:52, 43.6doc/s]
  fiqa:  14%|█▍        | 8.31k/57.6k [03:08<18:52, 43.5doc/s]
  fiqa:  14%|█▍        | 8.32k/57.6k [03:09<18:53, 43.5doc/s]
  fiqa:  14%|█▍        | 8.33k/57.6k [03:09<18:52, 43.5doc/s]
  fiqa:  14%|█▍        | 8.34k/57.6k [03:09<18:55, 43.4doc/s]
  fiqa:  14%|█▍        | 8.34k/57.6k [03:09<18:55, 43.4doc/s]
  fiqa:  14%|█▍        | 8.35k/57.6k [03:09<18:20, 44.8doc/s]
  fiqa:  15%|█▍        | 8.36k/57.6k [03:09<18:27, 44.5doc/s]
  fiqa:  15%|█▍        | 8.37k/57.6k [03:10<18:38, 44.1doc/s]
  fiqa:  15%|█▍        | 8.38k/57.6k [03:10<18:45, 43.8doc/s]
  fiqa:  15%|█▍        | 8.38k/57.6k [03:10<18:43, 43.9doc/s]
  fiqa:  15%|█▍        | 8.39k/57.6k [03:10<18:07, 45.3doc/s]
  fiqa:  15%|█▍        | 8.40k/57.6k [03:10<18:18, 44.8doc/s]
  fiqa:  15%|█▍        | 8.41k/57.6k [03:11<18:29, 44.4doc/s]
  fiqa:  15%|█▍        | 8.42k/57.6k [03:11<18:36, 44.1doc/s]
  fiqa:  15%|█▍        | 8.42k/57.6k [03:11<18:38, 44.0doc/s]
  fiqa:  15%|█▍        | 8.43k/57.6k [03:11<18:39, 43.9doc/s]
  fiqa:  15%|█▍        | 8.44k/57.6k [03:11<18:40, 43.9doc/s]
  fiqa:  15%|█▍        | 8.45k/57.6k [03:11<18:40, 43.9doc/s]
  fiqa:  15%|█▍        | 8.46k/57.6k [03:12<18:45, 43.7doc/s]
  fiqa:  15%|█▍        | 8.46k/57.6k [03:12<18:46, 43.7doc/s]
  fiqa:  15%|█▍        | 8.47k/57.6k [03:12<18:44, 43.7doc/s]
  fiqa:  15%|█▍        | 8.48k/57.6k [03:12<18:43, 43.7doc/s]
  fiqa:  15%|█▍        | 8.49k/57.6k [03:12<18:40, 43.8doc/s]
  fiqa:  15%|█▍        | 8.50k/57.6k [03:13<18:41, 43.8doc/s]
  fiqa:  15%|█▍        | 8.50k/57.6k [03:13<19:07, 42.8doc/s]
  fiqa:  15%|█▍        | 8.51k/57.6k [03:13<19:16, 42.5doc/s]
  fiqa:  15%|█▍        | 8.52k/57.6k [03:13<19:14, 42.6doc/s]
  fiqa:  15%|█▍        | 8.53k/57.6k [03:13<19:10, 42.7doc/s]
  fiqa:  15%|█▍        | 8.54k/57.6k [03:14<19:06, 42.8doc/s]
  fiqa:  15%|█▍        | 8.54k/57.6k [03:14<18:24, 44.4doc/s]
  fiqa:  15%|█▍        | 8.55k/57.6k [03:14<18:28, 44.3doc/s]
  fiqa:  15%|█▍        | 8.56k/57.6k [03:14<18:28, 44.3doc/s]
  fiqa:  15%|█▍        | 8.57k/57.6k [03:14<18:23, 44.5doc/s]
  fiqa:  15%|█▍        | 8.58k/57.6k [03:14<18:26, 44.3doc/s]
  fiqa:  15%|█▍        | 8.58k/57.6k [03:15<18:33, 44.1doc/s]
  fiqa:  15%|█▍        | 8.59k/57.6k [03:15<18:36, 43.9doc/s]
  fiqa:  15%|█▍        | 8.60k/57.6k [03:15<18:34, 44.0doc/s]
  fiqa:  15%|█▍        | 8.61k/57.6k [03:15<18:37, 43.9doc/s]
  fiqa:  15%|█▍        | 8.62k/57.6k [03:15<18:37, 43.9doc/s]
  fiqa:  15%|█▍        | 8.62k/57.6k [03:16<18:41, 43.7doc/s]
  fiqa:  15%|█▍        | 8.63k/57.6k [03:16<18:46, 43.5doc/s]
  fiqa:  15%|█▍        | 8.64k/57.6k [03:16<18:46, 43.5doc/s]
  fiqa:  15%|█▌        | 8.65k/57.6k [03:16<18:43, 43.6doc/s]
  fiqa:  15%|█▌        | 8.66k/57.6k [03:16<18:51, 43.3doc/s]
  fiqa:  15%|█▌        | 8.66k/57.6k [03:16<18:55, 43.1doc/s]
  fiqa:  15%|█▌        | 8.67k/57.6k [03:17<18:55, 43.1doc/s]
  fiqa:  15%|█▌        | 8.68k/57.6k [03:17<18:57, 43.0doc/s]
  fiqa:  15%|█▌        | 8.69k/57.6k [03:17<18:47, 43.4doc/s]
  fiqa:  15%|█▌        | 8.70k/57.6k [03:17<18:41, 43.7doc/s]
  fiqa:  15%|█▌        | 8.70k/57.6k [03:17<18:39, 43.7doc/s]
  fiqa:  15%|█▌        | 8.71k/57.6k [03:18<18:34, 43.9doc/s]
  fiqa:  15%|█▌        | 8.72k/57.6k [03:18<18:33, 43.9doc/s]
  fiqa:  15%|█▌        | 8.73k/57.6k [03:18<18:26, 44.2doc/s]
  fiqa:  15%|█▌        | 8.74k/57.6k [03:18<18:29, 44.1doc/s]
  fiqa:  15%|█▌        | 8.74k/57.6k [03:18<18:33, 43.9doc/s]
  fiqa:  15%|█▌        | 8.75k/57.6k [03:18<18:37, 43.7doc/s]
  fiqa:  15%|█▌        | 8.76k/57.6k [03:19<18:30, 44.0doc/s]
  fiqa:  15%|█▌        | 8.77k/57.6k [03:19<18:27, 44.1doc/s]
  fiqa:  15%|█▌        | 8.78k/57.6k [03:19<18:22, 44.3doc/s]
  fiqa:  15%|█▌        | 8.78k/57.6k [03:19<18:27, 44.1doc/s]
  fiqa:  15%|█▌        | 8.79k/57.6k [03:19<18:34, 43.8doc/s]
  fiqa:  15%|█▌        | 8.80k/57.6k [03:20<18:27, 44.1doc/s]
  fiqa:  15%|█▌        | 8.81k/57.6k [03:20<18:27, 44.1doc/s]
  fiqa:  15%|█▌        | 8.82k/57.6k [03:20<18:33, 43.9doc/s]
  fiqa:  15%|█▌        | 8.82k/57.6k [03:20<18:37, 43.7doc/s]
  fiqa:  15%|█▌        | 8.83k/57.6k [03:20<18:33, 43.8doc/s]
  fiqa:  15%|█▌        | 8.84k/57.6k [03:20<18:27, 44.1doc/s]
  fiqa:  15%|█▌        | 8.85k/57.6k [03:21<18:24, 44.2doc/s]
  fiqa:  15%|█▌        | 8.86k/57.6k [03:21<18:30, 43.9doc/s]
  fiqa:  15%|█▌        | 8.86k/57.6k [03:21<18:36, 43.7doc/s]
  fiqa:  15%|█▌        | 8.87k/57.6k [03:21<18:34, 43.8doc/s]
  fiqa:  15%|█▌        | 8.88k/57.6k [03:21<17:38, 46.1doc/s]
  fiqa:  15%|█▌        | 8.89k/57.6k [03:22<18:00, 45.1doc/s]
  fiqa:  15%|█▌        | 8.90k/57.6k [03:22<18:09, 44.7doc/s]
  fiqa:  15%|█▌        | 8.90k/57.6k [03:22<18:34, 43.7doc/s]
  fiqa:  15%|█▌        | 8.91k/57.6k [03:22<18:54, 43.0doc/s]
  fiqa:  15%|█▌        | 8.92k/57.6k [03:22<18:59, 42.7doc/s]
  fiqa:  15%|█▌        | 8.93k/57.6k [03:22<18:58, 42.8doc/s]
  fiqa:  16%|█▌        | 8.94k/57.6k [03:23<18:53, 43.0doc/s]
  fiqa:  16%|█▌        | 8.94k/57.6k [03:23<18:53, 43.0doc/s]
  fiqa:  16%|█▌        | 8.95k/57.6k [03:23<18:45, 43.2doc/s]
  fiqa:  16%|█▌        | 8.96k/57.6k [03:23<18:39, 43.5doc/s]
  fiqa:  16%|█▌        | 8.97k/57.6k [03:23<18:35, 43.6doc/s]
  fiqa:  16%|█▌        | 8.98k/57.6k [03:24<18:46, 43.2doc/s]
  fiqa:  16%|█▌        | 8.98k/57.6k [03:24<18:44, 43.3doc/s]
  fiqa:  16%|█▌        | 8.99k/57.6k [03:24<18:39, 43.5doc/s]
  fiqa:  16%|█▌        | 9.00k/57.6k [03:24<18:36, 43.6doc/s]
  fiqa:  16%|█▌        | 9.01k/57.6k [03:24<18:36, 43.5doc/s]
  fiqa:  16%|█▌        | 9.02k/57.6k [03:24<18:34, 43.6doc/s]
  fiqa:  16%|█▌        | 9.02k/57.6k [03:25<18:28, 43.8doc/s]
  fiqa:  16%|█▌        | 9.03k/57.6k [03:25<18:36, 43.5doc/s]
  fiqa:  16%|█▌        | 9.04k/57.6k [03:25<18:38, 43.5doc/s]
  fiqa:  16%|█▌        | 9.05k/57.6k [03:25<18:37, 43.5doc/s]
  fiqa:  16%|█▌        | 9.06k/57.6k [03:25<18:30, 43.8doc/s]
  fiqa:  16%|█▌        | 9.06k/57.6k [03:26<18:28, 43.8doc/s]
  fiqa:  16%|█▌        | 9.07k/57.6k [03:26<18:27, 43.8doc/s]
  fiqa:  16%|█▌        | 9.08k/57.6k [03:26<18:23, 44.0doc/s]
  fiqa:  16%|█▌        | 9.09k/57.6k [03:26<18:23, 44.0doc/s]
  fiqa:  16%|█▌        | 9.10k/57.6k [03:26<18:21, 44.1doc/s]
  fiqa:  16%|█▌        | 9.10k/57.6k [03:26<18:30, 43.7doc/s]
  fiqa:  16%|█▌        | 9.11k/57.6k [03:27<18:28, 43.8doc/s]
  fiqa:  16%|█▌        | 9.12k/57.6k [03:27<18:30, 43.7doc/s]
  fiqa:  16%|█▌        | 9.13k/57.6k [03:27<18:20, 44.1doc/s]
  fiqa:  16%|█▌        | 9.14k/57.6k [03:27<18:21, 44.0doc/s]
  fiqa:  16%|█▌        | 9.14k/57.6k [03:27<18:22, 44.0doc/s]
  fiqa:  16%|█▌        | 9.15k/57.6k [03:28<18:25, 43.9doc/s]
  fiqa:  16%|█▌        | 9.16k/57.6k [03:28<18:29, 43.7doc/s]
  fiqa:  16%|█▌        | 9.17k/57.6k [03:28<18:31, 43.6doc/s]
  fiqa:  16%|█▌        | 9.18k/57.6k [03:28<18:00, 44.8doc/s]
  fiqa:  16%|█▌        | 9.18k/57.6k [03:28<18:11, 44.4doc/s]
  fiqa:  16%|█▌        | 9.19k/57.6k [03:28<18:20, 44.0doc/s]
  fiqa:  16%|█▌        | 9.20k/57.6k [03:29<18:16, 44.2doc/s]
  fiqa:  16%|█▌        | 9.21k/57.6k [03:29<18:17, 44.1doc/s]
  fiqa:  16%|█▌        | 9.22k/57.6k [03:29<17:46, 45.4doc/s]
  fiqa:  16%|█▌        | 9.22k/57.6k [03:29<18:01, 44.8doc/s]
  fiqa:  16%|█▌        | 9.23k/57.6k [03:29<18:03, 44.7doc/s]
  fiqa:  16%|█▌        | 9.24k/57.6k [03:30<18:10, 44.4doc/s]
  fiqa:  16%|█▌        | 9.25k/57.6k [03:30<18:12, 44.3doc/s]
  fiqa:  16%|█▌        | 9.26k/57.6k [03:30<18:12, 44.3doc/s]
  fiqa:  16%|█▌        | 9.26k/57.6k [03:30<18:15, 44.2doc/s]
  fiqa:  16%|█▌        | 9.27k/57.6k [03:30<18:20, 43.9doc/s]
  fiqa:  16%|█▌        | 9.28k/57.6k [03:30<18:19, 44.0doc/s]
  fiqa:  16%|█▌        | 9.29k/57.6k [03:31<18:22, 43.9doc/s]
  fiqa:  16%|█▌        | 9.30k/57.6k [03:31<18:15, 44.1doc/s]
  fiqa:  16%|█▌        | 9.30k/57.6k [03:31<17:49, 45.2doc/s]
  fiqa:  16%|█▌        | 9.31k/57.6k [03:31<18:04, 44.6doc/s]
  fiqa:  16%|█▌        | 9.32k/57.6k [03:31<18:14, 44.1doc/s]
  fiqa:  16%|█▌        | 9.33k/57.6k [03:32<18:13, 44.2doc/s]
  fiqa:  16%|█▌        | 9.34k/57.6k [03:32<18:11, 44.2doc/s]
  fiqa:  16%|█▌        | 9.34k/57.6k [03:32<18:29, 43.5doc/s]
  fiqa:  16%|█▌        | 9.35k/57.6k [03:32<18:43, 43.0doc/s]
  fiqa:  16%|█▌        | 9.36k/57.6k [03:32<18:47, 42.8doc/s]
  fiqa:  16%|█▋        | 9.37k/57.6k [03:32<18:38, 43.2doc/s]
  fiqa:  16%|█▋        | 9.38k/57.6k [03:33<18:34, 43.3doc/s]
  fiqa:  16%|█▋        | 9.38k/57.6k [03:33<18:31, 43.4doc/s]
  fiqa:  16%|█▋        | 9.39k/57.6k [03:33<18:27, 43.6doc/s]
  fiqa:  16%|█▋        | 9.40k/57.6k [03:33<18:27, 43.6doc/s]
  fiqa:  16%|█▋        | 9.41k/57.6k [03:33<18:22, 43.7doc/s]
  fiqa:  16%|█▋        | 9.42k/57.6k [03:34<18:11, 44.2doc/s]
  fiqa:  16%|█▋        | 9.42k/57.6k [03:34<18:04, 44.4doc/s]
  fiqa:  16%|█▋        | 9.43k/57.6k [03:34<18:01, 44.6doc/s]
  fiqa:  16%|█▋        | 9.44k/57.6k [03:34<18:04, 44.4doc/s]
  fiqa:  16%|█▋        | 9.45k/57.6k [03:34<18:15, 44.0doc/s]
  fiqa:  16%|█▋        | 9.46k/57.6k [03:34<18:25, 43.6doc/s]
  fiqa:  16%|█▋        | 9.46k/57.6k [03:35<18:33, 43.3doc/s]
  fiqa:  16%|█▋        | 9.47k/57.6k [03:35<18:37, 43.1doc/s]
  fiqa:  16%|█▋        | 9.48k/57.6k [03:35<18:38, 43.0doc/s]
  fiqa:  16%|█▋        | 9.49k/57.6k [03:35<18:38, 43.0doc/s]
  fiqa:  16%|█▋        | 9.50k/57.6k [03:35<18:31, 43.3doc/s]
  fiqa:  16%|█▋        | 9.50k/57.6k [03:36<18:25, 43.5doc/s]
  fiqa:  17%|█▋        | 9.51k/57.6k [03:36<18:24, 43.6doc/s]
  fiqa:  17%|█▋        | 9.52k/57.6k [03:36<18:21, 43.7doc/s]
  fiqa:  17%|█▋        | 9.53k/57.6k [03:36<18:21, 43.7doc/s]
  fiqa:  17%|█▋        | 9.54k/57.6k [03:36<18:16, 43.9doc/s]
  fiqa:  17%|█▋        | 9.54k/57.6k [03:37<18:19, 43.7doc/s]
  fiqa:  17%|█▋        | 9.55k/57.6k [03:37<18:17, 43.8doc/s]
  fiqa:  17%|█▋        | 9.56k/57.6k [03:37<18:10, 44.1doc/s]
  fiqa:  17%|█▋        | 9.57k/57.6k [03:37<18:16, 43.8doc/s]
  fiqa:  17%|█▋        | 9.58k/57.6k [03:37<18:24, 43.5doc/s]
  fiqa:  17%|█▋        | 9.58k/57.6k [03:37<18:27, 43.4doc/s]
  fiqa:  17%|█▋        | 9.59k/57.6k [03:38<18:29, 43.3doc/s]
  fiqa:  17%|█▋        | 9.60k/57.6k [03:38<18:25, 43.4doc/s]
  fiqa:  17%|█▋        | 9.61k/57.6k [03:38<18:22, 43.6doc/s]
  fiqa:  17%|█▋        | 9.62k/57.6k [03:38<18:18, 43.7doc/s]
  fiqa:  17%|█▋        | 9.62k/57.6k [03:38<18:06, 44.2doc/s]
  fiqa:  17%|█▋        | 9.63k/57.6k [03:39<18:04, 44.3doc/s]
  fiqa:  17%|█▋        | 9.64k/57.6k [03:39<17:57, 44.6doc/s]
  fiqa:  17%|█▋        | 9.65k/57.6k [03:39<17:54, 44.6doc/s]
  fiqa:  17%|█▋        | 9.66k/57.6k [03:39<17:54, 44.7doc/s]
  fiqa:  17%|█▋        | 9.66k/57.6k [03:39<18:02, 44.3doc/s]
  fiqa:  17%|█▋        | 9.67k/57.6k [03:39<18:11, 43.9doc/s]
  fiqa:  17%|█▋        | 9.68k/57.6k [03:40<18:08, 44.1doc/s]
  fiqa:  17%|█▋        | 9.69k/57.6k [03:40<18:08, 44.0doc/s]
  fiqa:  17%|█▋        | 9.70k/57.6k [03:40<18:12, 43.9doc/s]
  fiqa:  17%|█▋        | 9.70k/57.6k [03:40<18:14, 43.8doc/s]
  fiqa:  17%|█▋        | 9.71k/57.6k [03:40<18:15, 43.7doc/s]
  fiqa:  17%|█▋        | 9.72k/57.6k [03:41<18:17, 43.7doc/s]
  fiqa:  17%|█▋        | 9.73k/57.6k [03:41<18:18, 43.6doc/s]
  fiqa:  17%|█▋        | 9.74k/57.6k [03:41<18:22, 43.5doc/s]
  fiqa:  17%|█▋        | 9.74k/57.6k [03:41<18:19, 43.6doc/s]
  fiqa:  17%|█▋        | 9.75k/57.6k [03:41<18:16, 43.7doc/s]
  fiqa:  17%|█▋        | 9.76k/57.6k [03:41<18:37, 42.8doc/s]
  fiqa:  17%|█▋        | 9.77k/57.6k [03:42<18:46, 42.5doc/s]
  fiqa:  17%|█▋        | 9.78k/57.6k [03:42<18:40, 42.7doc/s]
  fiqa:  17%|█▋        | 9.78k/57.6k [03:42<18:32, 43.0doc/s]
  fiqa:  17%|█▋        | 9.79k/57.6k [03:42<18:28, 43.2doc/s]
  fiqa:  17%|█▋        | 9.80k/57.6k [03:42<18:27, 43.2doc/s]
  fiqa:  17%|█▋        | 9.81k/57.6k [03:43<18:26, 43.2doc/s]
  fiqa:  17%|█▋        | 9.82k/57.6k [03:43<18:23, 43.3doc/s]
  fiqa:  17%|█▋        | 9.82k/57.6k [03:43<18:23, 43.3doc/s]
  fiqa:  17%|█▋        | 9.83k/57.6k [03:43<18:17, 43.6doc/s]
  fiqa:  17%|█▋        | 9.84k/57.6k [03:43<18:12, 43.8doc/s]
  fiqa:  17%|█▋        | 9.85k/57.6k [03:43<17:56, 44.4doc/s]
  fiqa:  17%|█▋        | 9.86k/57.6k [03:44<17:55, 44.4doc/s]
  fiqa:  17%|█▋        | 9.86k/57.6k [03:44<17:56, 44.4doc/s]
  fiqa:  17%|█▋        | 9.87k/57.6k [03:44<18:10, 43.8doc/s]
  fiqa:  17%|█▋        | 9.88k/57.6k [03:44<18:24, 43.2doc/s]
  fiqa:  17%|█▋        | 9.89k/57.6k [03:44<18:27, 43.1doc/s]
  fiqa:  17%|█▋        | 9.90k/57.6k [03:45<18:26, 43.2doc/s]
  fiqa:  17%|█▋        | 9.90k/57.6k [03:45<18:24, 43.2doc/s]
  fiqa:  17%|█▋        | 9.91k/57.6k [03:45<17:34, 45.2doc/s]
  fiqa:  17%|█▋        | 9.92k/57.6k [03:45<17:36, 45.2doc/s]
  fiqa:  17%|█▋        | 9.93k/57.6k [03:45<17:13, 46.2doc/s]
  fiqa:  17%|█▋        | 9.94k/57.6k [03:45<17:45, 44.8doc/s]
  fiqa:  17%|█▋        | 9.94k/57.6k [03:46<18:16, 43.5doc/s]
  fiqa:  17%|█▋        | 9.95k/57.6k [03:46<18:25, 43.1doc/s]
  fiqa:  17%|█▋        | 9.96k/57.6k [03:46<18:28, 43.0doc/s]
  fiqa:  17%|█▋        | 9.97k/57.6k [03:46<18:26, 43.1doc/s]
  fiqa:  17%|█▋        | 9.98k/57.6k [03:46<18:16, 43.5doc/s]
  fiqa:  17%|█▋        | 9.98k/57.6k [03:47<18:05, 43.9doc/s]
  fiqa:  17%|█▋        | 9.99k/57.6k [03:47<17:55, 44.3doc/s]
  fiqa:  17%|█▋        | 10.0k/57.6k [03:47<17:53, 44.4doc/s]
  fiqa:  17%|█▋        | 10.0k/57.6k [03:47<17:57, 44.2doc/s]
  fiqa:  17%|█▋        | 10.0k/57.6k [03:47<18:06, 43.8doc/s]
  fiqa:  17%|█▋        | 10.0k/57.6k [03:47<18:08, 43.7doc/s]
  fiqa:  17%|█▋        | 10.0k/57.6k [03:48<18:16, 43.4doc/s]
  fiqa:  17%|█▋        | 10.0k/57.6k [03:48<18:19, 43.3doc/s]
  fiqa:  17%|█▋        | 10.0k/57.6k [03:48<18:17, 43.4doc/s]
  fiqa:  17%|█▋        | 10.1k/57.6k [03:48<18:08, 43.7doc/s]
  fiqa:  17%|█▋        | 10.1k/57.6k [03:48<18:09, 43.7doc/s]
  fiqa:  17%|█▋        | 10.1k/57.6k [03:49<17:59, 44.1doc/s]
  fiqa:  17%|█▋        | 10.1k/57.6k [03:49<18:03, 43.9doc/s]
  fiqa:  18%|█▊        | 10.1k/57.6k [03:49<17:59, 44.0doc/s]
  fiqa:  18%|█▊        | 10.1k/57.6k [03:49<17:46, 44.6doc/s]
  fiqa:  18%|█▊        | 10.1k/57.6k [03:49<17:50, 44.4doc/s]
  fiqa:  18%|█▊        | 10.1k/57.6k [03:49<17:53, 44.3doc/s]
  fiqa:  18%|█▊        | 10.1k/57.6k [03:50<17:52, 44.3doc/s]
  fiqa:  18%|█▊        | 10.1k/57.6k [03:50<18:12, 43.5doc/s]
  fiqa:  18%|█▊        | 10.1k/57.6k [03:50<18:26, 42.9doc/s]
  fiqa:  18%|█▊        | 10.1k/57.6k [03:50<18:23, 43.0doc/s]
  fiqa:  18%|█▊        | 10.2k/57.6k [03:50<18:20, 43.2doc/s]
  fiqa:  18%|█▊        | 10.2k/57.6k [03:51<18:14, 43.4doc/s]
  fiqa:  18%|█▊        | 10.2k/57.6k [03:51<18:13, 43.4doc/s]
  fiqa:  18%|█▊        | 10.2k/57.6k [03:51<18:14, 43.4doc/s]
  fiqa:  18%|█▊        | 10.2k/57.6k [03:51<18:11, 43.5doc/s]
  fiqa:  18%|█▊        | 10.2k/57.6k [03:51<18:04, 43.8doc/s]
  fiqa:  18%|█▊        | 10.2k/57.6k [03:51<17:26, 45.3doc/s]
  fiqa:  18%|█▊        | 10.2k/57.6k [03:52<17:36, 44.9doc/s]
  fiqa:  18%|█▊        | 10.2k/57.6k [03:52<17:47, 44.4doc/s]
  fiqa:  18%|█▊        | 10.2k/57.6k [03:52<17:43, 44.6doc/s]
  fiqa:  18%|█▊        | 10.2k/57.6k [03:52<17:45, 44.5doc/s]
  fiqa:  18%|█▊        | 10.2k/57.6k [03:52<17:51, 44.2doc/s]
  fiqa:  18%|█▊        | 10.2k/57.6k [03:53<17:53, 44.1doc/s]
  fiqa:  18%|█▊        | 10.3k/57.6k [03:53<17:53, 44.1doc/s]
  fiqa:  18%|█▊        | 10.3k/57.6k [03:53<17:57, 44.0doc/s]
  fiqa:  18%|█▊        | 10.3k/57.6k [03:53<17:45, 44.4doc/s]
  fiqa:  18%|█▊        | 10.3k/57.6k [03:53<17:39, 44.7doc/s]
  fiqa:  18%|█▊        | 10.3k/57.6k [03:53<17:03, 46.3doc/s]
  fiqa:  18%|█▊        | 10.3k/57.6k [03:54<17:15, 45.7doc/s]
  fiqa:  18%|█▊        | 10.3k/57.6k [03:54<17:30, 45.1doc/s]
  fiqa:  18%|█▊        | 10.3k/57.6k [03:54<17:38, 44.7doc/s]
  fiqa:  18%|█▊        | 10.3k/57.6k [03:54<17:44, 44.4doc/s]
  fiqa:  18%|█▊        | 10.3k/57.6k [03:54<17:49, 44.2doc/s]
  fiqa:  18%|█▊        | 10.3k/57.6k [03:55<17:48, 44.3doc/s]
  fiqa:  18%|█▊        | 10.3k/57.6k [03:55<17:58, 43.9doc/s]
  fiqa:  18%|█▊        | 10.4k/57.6k [03:55<18:01, 43.7doc/s]
  fiqa:  18%|█▊        | 10.4k/57.6k [03:55<18:06, 43.5doc/s]
  fiqa:  18%|█▊        | 10.4k/57.6k [03:55<17:59, 43.8doc/s]
  fiqa:  18%|█▊        | 10.4k/57.6k [03:55<17:49, 44.2doc/s]
  fiqa:  18%|█▊        | 10.4k/57.6k [03:56<17:50, 44.1doc/s]
  fiqa:  18%|█▊        | 10.4k/57.6k [03:56<18:04, 43.6doc/s]
  fiqa:  18%|█▊        | 10.4k/57.6k [03:56<18:07, 43.5doc/s]
  fiqa:  18%|█▊        | 10.4k/57.6k [03:56<18:07, 43.4doc/s]
  fiqa:  18%|█▊        | 10.4k/57.6k [03:56<18:27, 42.7doc/s]
  fiqa:  18%|█▊        | 10.4k/57.6k [03:57<18:33, 42.4doc/s]
  fiqa:  18%|█▊        | 10.4k/57.6k [03:57<18:26, 42.7doc/s]
  fiqa:  18%|█▊        | 10.4k/57.6k [03:57<18:19, 42.9doc/s]
  fiqa:  18%|█▊        | 10.4k/57.6k [03:57<18:09, 43.3doc/s]
  fiqa:  18%|█▊        | 10.5k/57.6k [03:57<18:20, 42.9doc/s]
  fiqa:  18%|█▊        | 10.5k/57.6k [03:58<18:32, 42.4doc/s]
  fiqa:  18%|█▊        | 10.5k/57.6k [03:58<18:32, 42.4doc/s]
  fiqa:  18%|█▊        | 10.5k/57.6k [03:58<18:20, 42.9doc/s]
  fiqa:  18%|█▊        | 10.5k/57.6k [03:58<18:08, 43.3doc/s]
  fiqa:  18%|█▊        | 10.5k/57.6k [03:58<17:54, 43.9doc/s]
  fiqa:  18%|█▊        | 10.5k/57.6k [03:58<17:48, 44.1doc/s]
  fiqa:  18%|█▊        | 10.5k/57.6k [03:59<17:45, 44.2doc/s]
  fiqa:  18%|█▊        | 10.5k/57.6k [03:59<17:46, 44.2doc/s]
  fiqa:  18%|█▊        | 10.5k/57.6k [03:59<17:47, 44.1doc/s]
  fiqa:  18%|█▊        | 10.5k/57.6k [03:59<17:50, 44.0doc/s]
  fiqa:  18%|█▊        | 10.5k/57.6k [03:59<17:48, 44.1doc/s]
  fiqa:  18%|█▊        | 10.6k/57.6k [04:00<17:54, 43.8doc/s]
  fiqa:  18%|█▊        | 10.6k/57.6k [04:00<17:59, 43.6doc/s]
  fiqa:  18%|█▊        | 10.6k/57.6k [04:00<17:57, 43.7doc/s]
  fiqa:  18%|█▊        | 10.6k/57.6k [04:00<17:58, 43.6doc/s]
  fiqa:  18%|█▊        | 10.6k/57.6k [04:00<17:55, 43.8doc/s]
  fiqa:  18%|█▊        | 10.6k/57.6k [04:00<17:52, 43.9doc/s]
  fiqa:  18%|█▊        | 10.6k/57.6k [04:01<17:41, 44.3doc/s]
  fiqa:  18%|█▊        | 10.6k/57.6k [04:01<17:39, 44.4doc/s]
  fiqa:  18%|█▊        | 10.6k/57.6k [04:01<17:44, 44.2doc/s]
  fiqa:  18%|█▊        | 10.6k/57.6k [04:01<17:45, 44.1doc/s]
  fiqa:  18%|█▊        | 10.6k/57.6k [04:01<17:42, 44.3doc/s]
  fiqa:  18%|█▊        | 10.6k/57.6k [04:02<17:49, 43.9doc/s]
  fiqa:  18%|█▊        | 10.6k/57.6k [04:02<17:51, 43.9doc/s]
  fiqa:  18%|█▊        | 10.7k/57.6k [04:02<17:50, 43.9doc/s]
  fiqa:  19%|█▊        | 10.7k/57.6k [04:02<17:46, 44.1doc/s]
  fiqa:  19%|█▊        | 10.7k/57.6k [04:02<17:47, 44.0doc/s]
  fiqa:  19%|█▊        | 10.7k/57.6k [04:02<17:45, 44.1doc/s]
  fiqa:  19%|█▊        | 10.7k/57.6k [04:03<17:46, 44.0doc/s]
  fiqa:  19%|█▊        | 10.7k/57.6k [04:03<17:53, 43.7doc/s]
  fiqa:  19%|█▊        | 10.7k/57.6k [04:03<18:01, 43.4doc/s]
  fiqa:  19%|█▊        | 10.7k/57.6k [04:03<17:53, 43.7doc/s]
  fiqa:  19%|█▊        | 10.7k/57.6k [04:03<17:51, 43.8doc/s]
  fiqa:  19%|█▊        | 10.7k/57.6k [04:04<17:55, 43.6doc/s]
  fiqa:  19%|█▊        | 10.7k/57.6k [04:04<17:52, 43.7doc/s]
  fiqa:  19%|█▊        | 10.7k/57.6k [04:04<17:44, 44.0doc/s]
  fiqa:  19%|█▊        | 10.8k/57.6k [04:04<17:41, 44.2doc/s]
  fiqa:  19%|█▊        | 10.8k/57.6k [04:04<17:32, 44.5doc/s]
  fiqa:  19%|█▊        | 10.8k/57.6k [04:04<17:38, 44.3doc/s]
  fiqa:  19%|█▊        | 10.8k/57.6k [04:05<17:49, 43.8doc/s]
  fiqa:  19%|█▊        | 10.8k/57.6k [04:05<17:55, 43.6doc/s]
  fiqa:  19%|█▊        | 10.8k/57.6k [04:05<18:19, 42.6doc/s]
  fiqa:  19%|█▊        | 10.8k/57.6k [04:05<18:32, 42.1doc/s]
  fiqa:  19%|█▉        | 10.8k/57.6k [04:05<18:30, 42.2doc/s]
  fiqa:  19%|█▉        | 10.8k/57.6k [04:06<18:23, 42.4doc/s]
  fiqa:  19%|█▉        | 10.8k/57.6k [04:06<18:19, 42.6doc/s]
  fiqa:  19%|█▉        | 10.8k/57.6k [04:06<18:09, 43.0doc/s]
  fiqa:  19%|█▉        | 10.8k/57.6k [04:06<18:05, 43.1doc/s]
  fiqa:  19%|█▉        | 10.8k/57.6k [04:06<18:01, 43.3doc/s]
  fiqa:  19%|█▉        | 10.9k/57.6k [04:06<17:56, 43.5doc/s]
  fiqa:  19%|█▉        | 10.9k/57.6k [04:07<17:55, 43.5doc/s]
  fiqa:  19%|█▉        | 10.9k/57.6k [04:07<17:42, 44.0doc/s]
  fiqa:  19%|█▉        | 10.9k/57.6k [04:07<17:45, 43.9doc/s]
  fiqa:  19%|█▉        | 10.9k/57.6k [04:07<17:48, 43.8doc/s]
  fiqa:  19%|█▉        | 10.9k/57.6k [04:07<17:13, 45.2doc/s]
  fiqa:  19%|█▉        | 10.9k/57.6k [04:08<17:24, 44.7doc/s]
  fiqa:  19%|█▉        | 10.9k/57.6k [04:08<17:29, 44.5doc/s]
  fiqa:  19%|█▉        | 10.9k/57.6k [04:08<17:37, 44.2doc/s]
  fiqa:  19%|█▉        | 10.9k/57.6k [04:08<17:44, 43.9doc/s]
  fiqa:  19%|█▉        | 10.9k/57.6k [04:08<17:40, 44.1doc/s]
  fiqa:  19%|█▉        | 10.9k/57.6k [04:08<17:42, 44.0doc/s]
  fiqa:  19%|█▉        | 11.0k/57.6k [04:09<17:47, 43.7doc/s]
  fiqa:  19%|█▉        | 11.0k/57.6k [04:09<17:14, 45.1doc/s]
  fiqa:  19%|█▉        | 11.0k/57.6k [04:09<17:26, 44.6doc/s]
  fiqa:  19%|█▉        | 11.0k/57.6k [04:09<17:35, 44.2doc/s]
  fiqa:  19%|█▉        | 11.0k/57.6k [04:09<17:37, 44.1doc/s]
  fiqa:  19%|█▉        | 11.0k/57.6k [04:10<17:46, 43.8doc/s]
  fiqa:  19%|█▉        | 11.0k/57.6k [04:10<17:42, 43.9doc/s]
  fiqa:  19%|█▉        | 11.0k/57.6k [04:10<17:07, 45.4doc/s]
  fiqa:  19%|█▉        | 11.0k/57.6k [04:10<17:15, 45.0doc/s]
  fiqa:  19%|█▉        | 11.0k/57.6k [04:10<17:31, 44.3doc/s]
  fiqa:  19%|█▉        | 11.0k/57.6k [04:10<17:43, 43.8doc/s]
  fiqa:  19%|█▉        | 11.0k/57.6k [04:11<17:04, 45.5doc/s]
  fiqa:  19%|█▉        | 11.0k/57.6k [04:11<17:15, 45.0doc/s]
  fiqa:  19%|█▉        | 11.1k/57.6k [04:11<17:21, 44.7doc/s]
  fiqa:  19%|█▉        | 11.1k/57.6k [04:11<17:25, 44.5doc/s]
  fiqa:  19%|█▉        | 11.1k/57.6k [04:11<17:26, 44.5doc/s]
  fiqa:  19%|█▉        | 11.1k/57.6k [04:12<17:28, 44.4doc/s]
  fiqa:  19%|█▉        | 11.1k/57.6k [04:12<17:33, 44.2doc/s]
  fiqa:  19%|█▉        | 11.1k/57.6k [04:12<17:37, 44.0doc/s]
  fiqa:  19%|█▉        | 11.1k/57.6k [04:12<17:32, 44.2doc/s]
  fiqa:  19%|█▉        | 11.1k/57.6k [04:12<17:31, 44.2doc/s]
  fiqa:  19%|█▉        | 11.1k/57.6k [04:12<17:33, 44.2doc/s]
  fiqa:  19%|█▉        | 11.1k/57.6k [04:13<17:40, 43.8doc/s]
  fiqa:  19%|█▉        | 11.1k/57.6k [04:13<17:54, 43.3doc/s]
  fiqa:  19%|█▉        | 11.1k/57.6k [04:13<17:56, 43.2doc/s]
  fiqa:  19%|█▉        | 11.2k/57.6k [04:13<17:52, 43.3doc/s]
  fiqa:  19%|█▉        | 11.2k/57.6k [04:13<17:49, 43.5doc/s]
  fiqa:  19%|█▉        | 11.2k/57.6k [04:14<17:51, 43.4doc/s]
  fiqa:  19%|█▉        | 11.2k/57.6k [04:14<17:52, 43.3doc/s]
  fiqa:  19%|█▉        | 11.2k/57.6k [04:14<17:54, 43.2doc/s]
  fiqa:  19%|█▉        | 11.2k/57.6k [04:14<17:55, 43.2doc/s]
  fiqa:  19%|█▉        | 11.2k/57.6k [04:14<17:57, 43.1doc/s]
  fiqa:  19%|█▉        | 11.2k/57.6k [04:14<17:54, 43.2doc/s]
  fiqa:  19%|█▉        | 11.2k/57.6k [04:15<17:51, 43.3doc/s]
  fiqa:  19%|█▉        | 11.2k/57.6k [04:15<17:48, 43.4doc/s]
  fiqa:  19%|█▉        | 11.2k/57.6k [04:15<17:41, 43.7doc/s]
  fiqa:  20%|█▉        | 11.2k/57.6k [04:15<17:31, 44.1doc/s]
  fiqa:  20%|█▉        | 11.2k/57.6k [04:15<17:34, 44.0doc/s]
  fiqa:  20%|█▉        | 11.3k/57.6k [04:16<17:30, 44.2doc/s]
  fiqa:  20%|█▉        | 11.3k/57.6k [04:16<17:43, 43.6doc/s]
  fiqa:  20%|█▉        | 11.3k/57.6k [04:16<18:02, 42.8doc/s]
  fiqa:  20%|█▉        | 11.3k/57.6k [04:16<18:04, 42.8doc/s]
  fiqa:  20%|█▉        | 11.3k/57.6k [04:16<18:08, 42.6doc/s]
  fiqa:  20%|█▉        | 11.3k/57.6k [04:17<18:09, 42.5doc/s]
  fiqa:  20%|█▉        | 11.3k/57.6k [04:17<18:05, 42.7doc/s]
  fiqa:  20%|█▉        | 11.3k/57.6k [04:17<17:52, 43.2doc/s]
  fiqa:  20%|█▉        | 11.3k/57.6k [04:17<17:47, 43.4doc/s]
  fiqa:  20%|█▉        | 11.3k/57.6k [04:17<17:39, 43.7doc/s]
  fiqa:  20%|█▉        | 11.3k/57.6k [04:17<17:06, 45.1doc/s]
  fiqa:  20%|█▉        | 11.3k/57.6k [04:18<17:13, 44.8doc/s]
  fiqa:  20%|█▉        | 11.4k/57.6k [04:18<17:21, 44.4doc/s]
  fiqa:  20%|█▉        | 11.4k/57.6k [04:18<17:25, 44.2doc/s]
  fiqa:  20%|█▉        | 11.4k/57.6k [04:18<17:27, 44.2doc/s]
  fiqa:  20%|█▉        | 11.4k/57.6k [04:18<17:32, 43.9doc/s]
  fiqa:  20%|█▉        | 11.4k/57.6k [04:19<17:34, 43.9doc/s]
  fiqa:  20%|█▉        | 11.4k/57.6k [04:19<17:41, 43.6doc/s]
  fiqa:  20%|█▉        | 11.4k/57.6k [04:19<16:47, 45.9doc/s]
  fiqa:  20%|█▉        | 11.4k/57.6k [04:19<17:02, 45.2doc/s]
  fiqa:  20%|█▉        | 11.4k/57.6k [04:19<17:12, 44.8doc/s]
  fiqa:  20%|█▉        | 11.4k/57.6k [04:19<17:23, 44.3doc/s]
  fiqa:  20%|█▉        | 11.4k/57.6k [04:20<17:27, 44.1doc/s]
  fiqa:  20%|█▉        | 11.4k/57.6k [04:20<17:33, 43.8doc/s]
  fiqa:  20%|█▉        | 11.4k/57.6k [04:20<17:57, 42.9doc/s]
  fiqa:  20%|█▉        | 11.5k/57.6k [04:20<17:35, 43.8doc/s]
  fiqa:  20%|█▉        | 11.5k/57.6k [04:20<17:39, 43.6doc/s]
  fiqa:  20%|█▉        | 11.5k/57.6k [04:21<17:35, 43.7doc/s]
  fiqa:  20%|█▉        | 11.5k/57.6k [04:21<17:26, 44.1doc/s]
  fiqa:  20%|█▉        | 11.5k/57.6k [04:21<17:23, 44.2doc/s]
  fiqa:  20%|█▉        | 11.5k/57.6k [04:21<17:29, 44.0doc/s]
  fiqa:  20%|█▉        | 11.5k/57.6k [04:21<17:31, 43.9doc/s]
  fiqa:  20%|█▉        | 11.5k/57.6k [04:21<17:32, 43.8doc/s]
  fiqa:  20%|█▉        | 11.5k/57.6k [04:22<17:25, 44.1doc/s]
  fiqa:  20%|██        | 11.5k/57.6k [04:22<17:29, 43.9doc/s]
  fiqa:  20%|██        | 11.5k/57.6k [04:22<17:36, 43.6doc/s]
  fiqa:  20%|██        | 11.5k/57.6k [04:22<17:37, 43.6doc/s]
  fiqa:  20%|██        | 11.6k/57.6k [04:22<17:33, 43.7doc/s]
  fiqa:  20%|██        | 11.6k/57.6k [04:23<17:46, 43.2doc/s]
  fiqa:  20%|██        | 11.6k/57.6k [04:23<18:03, 42.5doc/s]
  fiqa:  20%|██        | 11.6k/57.6k [04:23<18:03, 42.5doc/s]
  fiqa:  20%|██        | 11.6k/57.6k [04:23<18:00, 42.6doc/s]
  fiqa:  20%|██        | 11.6k/57.6k [04:23<17:52, 42.9doc/s]
  fiqa:  20%|██        | 11.6k/57.6k [04:23<17:40, 43.4doc/s]
  fiqa:  20%|██        | 11.6k/57.6k [04:24<17:31, 43.8doc/s]
  fiqa:  20%|██        | 11.6k/57.6k [04:24<17:28, 43.9doc/s]
  fiqa:  20%|██        | 11.6k/57.6k [04:24<17:24, 44.1doc/s]
  fiqa:  20%|██        | 11.6k/57.6k [04:24<17:20, 44.2doc/s]
  fiqa:  20%|██        | 11.6k/57.6k [04:24<17:13, 44.5doc/s]
  fiqa:  20%|██        | 11.6k/57.6k [04:25<17:04, 44.9doc/s]
  fiqa:  20%|██        | 11.7k/57.6k [04:25<17:17, 44.3doc/s]
  fiqa:  20%|██        | 11.7k/57.6k [04:25<17:25, 44.0doc/s]
  fiqa:  20%|██        | 11.7k/57.6k [04:25<17:32, 43.7doc/s]
  fiqa:  20%|██        | 11.7k/57.6k [04:25<17:37, 43.4doc/s]
  fiqa:  20%|██        | 11.7k/57.6k [04:25<17:45, 43.1doc/s]
  fiqa:  20%|██        | 11.7k/57.6k [04:26<17:48, 43.0doc/s]
  fiqa:  20%|██        | 11.7k/57.6k [04:26<17:44, 43.2doc/s]
  fiqa:  20%|██        | 11.7k/57.6k [04:26<17:39, 43.4doc/s]
  fiqa:  20%|██        | 11.7k/57.6k [04:26<17:32, 43.6doc/s]
  fiqa:  20%|██        | 11.7k/57.6k [04:26<17:32, 43.6doc/s]
  fiqa:  20%|██        | 11.7k/57.6k [04:27<17:32, 43.6doc/s]
  fiqa:  20%|██        | 11.7k/57.6k [04:27<17:35, 43.5doc/s]
  fiqa:  20%|██        | 11.8k/57.6k [04:27<17:28, 43.8doc/s]
  fiqa:  20%|██        | 11.8k/57.6k [04:27<17:22, 44.0doc/s]
  fiqa:  20%|██        | 11.8k/57.6k [04:27<16:51, 45.3doc/s]
  fiqa:  20%|██        | 11.8k/57.6k [04:27<16:59, 45.0doc/s]
  fiqa:  20%|██        | 11.8k/57.6k [04:28<17:23, 43.9doc/s]
  fiqa:  20%|██        | 11.8k/57.6k [04:28<17:45, 43.0doc/s]
  fiqa:  20%|██        | 11.8k/57.6k [04:28<17:57, 42.5doc/s]
  fiqa:  20%|██        | 11.8k/57.6k [04:28<17:55, 42.6doc/s]
  fiqa:  21%|██        | 11.8k/57.6k [04:28<17:06, 44.7doc/s]
  fiqa:  21%|██        | 11.8k/57.6k [04:29<17:13, 44.3doc/s]
  fiqa:  21%|██        | 11.8k/57.6k [04:29<17:14, 44.3doc/s]
  fiqa:  21%|██        | 11.8k/57.6k [04:29<17:21, 44.0doc/s]
  fiqa:  21%|██        | 11.8k/57.6k [04:29<17:28, 43.7doc/s]
  fiqa:  21%|██        | 11.9k/57.6k [04:29<17:25, 43.8doc/s]
  fiqa:  21%|██        | 11.9k/57.6k [04:29<17:29, 43.6doc/s]
  fiqa:  21%|██        | 11.9k/57.6k [04:30<17:32, 43.5doc/s]
  fiqa:  21%|██        | 11.9k/57.6k [04:30<17:30, 43.6doc/s]
  fiqa:  21%|██        | 11.9k/57.6k [04:30<17:27, 43.7doc/s]
  fiqa:  21%|██        | 11.9k/57.6k [04:30<17:20, 44.0doc/s]
  fiqa:  21%|██        | 11.9k/57.6k [04:30<17:04, 44.6doc/s]
  fiqa:  21%|██        | 11.9k/57.6k [04:31<17:02, 44.7doc/s]
  fiqa:  21%|██        | 11.9k/57.6k [04:31<17:10, 44.4doc/s]
  fiqa:  21%|██        | 11.9k/57.6k [04:31<17:18, 44.0doc/s]
  fiqa:  21%|██        | 11.9k/57.6k [04:31<17:24, 43.8doc/s]
  fiqa:  21%|██        | 11.9k/57.6k [04:31<17:23, 43.8doc/s]
  fiqa:  21%|██        | 12.0k/57.6k [04:31<17:23, 43.8doc/s]
  fiqa:  21%|██        | 12.0k/57.6k [04:32<17:23, 43.8doc/s]
  fiqa:  21%|██        | 12.0k/57.6k [04:32<17:27, 43.6doc/s]
  fiqa:  21%|██        | 12.0k/57.6k [04:32<17:28, 43.5doc/s]
  fiqa:  21%|██        | 12.0k/57.6k [04:32<17:28, 43.5doc/s]
  fiqa:  21%|██        | 12.0k/57.6k [04:32<17:29, 43.5doc/s]
  fiqa:  21%|██        | 12.0k/57.6k [04:33<16:52, 45.1doc/s]
  fiqa:  21%|██        | 12.0k/57.6k [04:33<16:57, 44.9doc/s]
  fiqa:  21%|██        | 12.0k/57.6k [04:33<17:05, 44.5doc/s]
  fiqa:  21%|██        | 12.0k/57.6k [04:33<17:12, 44.2doc/s]
  fiqa:  21%|██        | 12.0k/57.6k [04:33<17:18, 43.9doc/s]
  fiqa:  21%|██        | 12.0k/57.6k [04:33<17:23, 43.7doc/s]
  fiqa:  21%|██        | 12.0k/57.6k [04:34<17:24, 43.6doc/s]
  fiqa:  21%|██        | 12.1k/57.6k [04:34<17:21, 43.8doc/s]
  fiqa:  21%|██        | 12.1k/57.6k [04:34<17:19, 43.8doc/s]
  fiqa:  21%|██        | 12.1k/57.6k [04:34<17:20, 43.8doc/s]
  fiqa:  21%|██        | 12.1k/57.6k [04:34<17:20, 43.8doc/s]
  fiqa:  21%|██        | 12.1k/57.6k [04:35<17:25, 43.6doc/s]
  fiqa:  21%|██        | 12.1k/57.6k [04:35<17:29, 43.4doc/s]
  fiqa:  21%|██        | 12.1k/57.6k [04:35<17:25, 43.5doc/s]
  fiqa:  21%|██        | 12.1k/57.6k [04:35<17:23, 43.6doc/s]
  fiqa:  21%|██        | 12.1k/57.6k [04:35<17:42, 42.8doc/s]
  fiqa:  21%|██        | 12.1k/57.6k [04:36<17:48, 42.6doc/s]
  fiqa:  21%|██        | 12.1k/57.6k [04:36<17:44, 42.8doc/s]
  fiqa:  21%|██        | 12.1k/57.6k [04:36<17:08, 44.2doc/s]
  fiqa:  21%|██        | 12.2k/57.6k [04:36<17:07, 44.3doc/s]
  fiqa:  21%|██        | 12.2k/57.6k [04:36<16:59, 44.6doc/s]
  fiqa:  21%|██        | 12.2k/57.6k [04:36<17:00, 44.5doc/s]
  fiqa:  21%|██        | 12.2k/57.6k [04:37<17:04, 44.4doc/s]
  fiqa:  21%|██        | 12.2k/57.6k [04:37<17:01, 44.5doc/s]
  fiqa:  21%|██        | 12.2k/57.6k [04:37<17:27, 43.4doc/s]
  fiqa:  21%|██        | 12.2k/57.6k [04:37<17:33, 43.1doc/s]
  fiqa:  21%|██        | 12.2k/57.6k [04:37<17:35, 43.0doc/s]
  fiqa:  21%|██        | 12.2k/57.6k [04:38<17:26, 43.4doc/s]
  fiqa:  21%|██        | 12.2k/57.6k [04:38<17:11, 44.0doc/s]
  fiqa:  21%|██        | 12.2k/57.6k [04:38<17:03, 44.4doc/s]
  fiqa:  21%|██        | 12.2k/57.6k [04:38<17:07, 44.2doc/s]
  fiqa:  21%|██        | 12.2k/57.6k [04:38<17:07, 44.2doc/s]
  fiqa:  21%|██▏       | 12.3k/57.6k [04:38<16:47, 45.0doc/s]
  fiqa:  21%|██▏       | 12.3k/57.6k [04:39<17:02, 44.4doc/s]
  fiqa:  21%|██▏       | 12.3k/57.6k [04:39<17:15, 43.8doc/s]
  fiqa:  21%|██▏       | 12.3k/57.6k [04:39<16:54, 44.7doc/s]
  fiqa:  21%|██▏       | 12.3k/57.6k [04:39<17:01, 44.4doc/s]
  fiqa:  21%|██▏       | 12.3k/57.6k [04:39<17:03, 44.3doc/s]
  fiqa:  21%|██▏       | 12.3k/57.6k [04:39<17:04, 44.2doc/s]
  fiqa:  21%|██▏       | 12.3k/57.6k [04:40<17:06, 44.2doc/s]
  fiqa:  21%|██▏       | 12.3k/57.6k [04:40<17:04, 44.2doc/s]
  fiqa:  21%|██▏       | 12.3k/57.6k [04:40<17:00, 44.4doc/s]
  fiqa:  21%|██▏       | 12.3k/57.6k [04:40<17:09, 44.0doc/s]
  fiqa:  21%|██▏       | 12.3k/57.6k [04:40<17:17, 43.7doc/s]
  fiqa:  21%|██▏       | 12.4k/57.6k [04:41<17:22, 43.4doc/s]
  fiqa:  21%|██▏       | 12.4k/57.6k [04:41<17:18, 43.6doc/s]
  fiqa:  21%|██▏       | 12.4k/57.6k [04:41<17:13, 43.8doc/s]
  fiqa:  21%|██▏       | 12.4k/57.6k [04:41<17:11, 43.9doc/s]
  fiqa:  21%|██▏       | 12.4k/57.6k [04:41<17:13, 43.8doc/s]
  fiqa:  21%|██▏       | 12.4k/57.6k [04:41<17:12, 43.8doc/s]
  fiqa:  22%|██▏       | 12.4k/57.6k [04:42<17:09, 43.9doc/s]
  fiqa:  22%|██▏       | 12.4k/57.6k [04:42<17:06, 44.1doc/s]
  fiqa:  22%|██▏       | 12.4k/57.6k [04:42<17:11, 43.9doc/s]
  fiqa:  22%|██▏       | 12.4k/57.6k [04:42<16:39, 45.2doc/s]
  fiqa:  22%|██▏       | 12.4k/57.6k [04:42<16:50, 44.7doc/s]
  fiqa:  22%|██▏       | 12.4k/57.6k [04:43<16:55, 44.5doc/s]
  fiqa:  22%|██▏       | 12.4k/57.6k [04:43<17:01, 44.2doc/s]
  fiqa:  22%|██▏       | 12.5k/57.6k [04:43<17:04, 44.1doc/s]
  fiqa:  22%|██▏       | 12.5k/57.6k [04:43<17:05, 44.1doc/s]
  fiqa:  22%|██▏       | 12.5k/57.6k [04:43<17:13, 43.7doc/s]
  fiqa:  22%|██▏       | 12.5k/57.6k [04:43<17:13, 43.7doc/s]
  fiqa:  22%|██▏       | 12.5k/57.6k [04:44<17:10, 43.8doc/s]
  fiqa:  22%|██▏       | 12.5k/57.6k [04:44<17:15, 43.6doc/s]
  fiqa:  22%|██▏       | 12.5k/57.6k [04:44<17:07, 43.9doc/s]
  fiqa:  22%|██▏       | 12.5k/57.6k [04:44<17:20, 43.4doc/s]
  fiqa:  22%|██▏       | 12.5k/57.6k [04:44<17:32, 42.9doc/s]
  fiqa:  22%|██▏       | 12.5k/57.6k [04:45<17:33, 42.8doc/s]
  fiqa:  22%|██▏       | 12.5k/57.6k [04:45<17:26, 43.1doc/s]
  fiqa:  22%|██▏       | 12.5k/57.6k [04:45<17:21, 43.3doc/s]
  fiqa:  22%|██▏       | 12.6k/57.6k [04:45<17:19, 43.4doc/s]
  fiqa:  22%|██▏       | 12.6k/57.6k [04:45<17:36, 42.7doc/s]
  fiqa:  22%|██▏       | 12.6k/57.6k [04:46<17:45, 42.3doc/s]
  fiqa:  22%|██▏       | 12.6k/57.6k [04:46<17:34, 42.7doc/s]
  fiqa:  22%|██▏       | 12.6k/57.6k [04:46<17:32, 42.8doc/s]
  fiqa:  22%|██▏       | 12.6k/57.6k [04:46<17:15, 43.5doc/s]
  fiqa:  22%|██▏       | 12.6k/57.6k [04:46<17:05, 43.9doc/s]
  fiqa:  22%|██▏       | 12.6k/57.6k [04:46<16:58, 44.2doc/s]
  fiqa:  22%|██▏       | 12.6k/57.6k [04:47<16:58, 44.2doc/s]
  fiqa:  22%|██▏       | 12.6k/57.6k [04:47<17:07, 43.8doc/s]
  fiqa:  22%|██▏       | 12.6k/57.6k [04:47<17:08, 43.8doc/s]
  fiqa:  22%|██▏       | 12.6k/57.6k [04:47<17:14, 43.5doc/s]
  fiqa:  22%|██▏       | 12.6k/57.6k [04:47<17:17, 43.4doc/s]
  fiqa:  22%|██▏       | 12.7k/57.6k [04:48<17:21, 43.2doc/s]
  fiqa:  22%|██▏       | 12.7k/57.6k [04:48<17:14, 43.5doc/s]
  fiqa:  22%|██▏       | 12.7k/57.6k [04:48<17:07, 43.8doc/s]
  fiqa:  22%|██▏       | 12.7k/57.6k [04:48<17:02, 44.0doc/s]
  fiqa:  22%|██▏       | 12.7k/57.6k [04:48<16:59, 44.1doc/s]
  fiqa:  22%|██▏       | 12.7k/57.6k [04:48<16:22, 45.8doc/s]
  fiqa:  22%|██▏       | 12.7k/57.6k [04:49<16:31, 45.3doc/s]
  fiqa:  22%|██▏       | 12.7k/57.6k [04:49<16:42, 44.8doc/s]
  fiqa:  22%|██▏       | 12.7k/57.6k [04:49<16:49, 44.5doc/s]
  fiqa:  22%|██▏       | 12.7k/57.6k [04:49<16:43, 44.7doc/s]
  fiqa:  22%|██▏       | 12.7k/57.6k [04:49<16:51, 44.4doc/s]
  fiqa:  22%|██▏       | 12.7k/57.6k [04:50<17:02, 43.9doc/s]
  fiqa:  22%|██▏       | 12.8k/57.6k [04:50<17:09, 43.6doc/s]
  fiqa:  22%|██▏       | 12.8k/57.6k [04:50<17:09, 43.6doc/s]
  fiqa:  22%|██▏       | 12.8k/57.6k [04:50<17:07, 43.6doc/s]
  fiqa:  22%|██▏       | 12.8k/57.6k [04:50<17:07, 43.6doc/s]
  fiqa:  22%|██▏       | 12.8k/57.6k [04:50<17:04, 43.8doc/s]
  fiqa:  22%|██▏       | 12.8k/57.6k [04:51<17:04, 43.8doc/s]
  fiqa:  22%|██▏       | 12.8k/57.6k [04:51<17:15, 43.3doc/s]
  fiqa:  22%|██▏       | 12.8k/57.6k [04:51<17:16, 43.2doc/s]
  fiqa:  22%|██▏       | 12.8k/57.6k [04:51<17:15, 43.3doc/s]
  fiqa:  22%|██▏       | 12.8k/57.6k [04:51<17:10, 43.5doc/s]
  fiqa:  22%|██▏       | 12.8k/57.6k [04:52<17:10, 43.5doc/s]
  fiqa:  22%|██▏       | 12.8k/57.6k [04:52<17:08, 43.5doc/s]
  fiqa:  22%|██▏       | 12.8k/57.6k [04:52<17:09, 43.5doc/s]
  fiqa:  22%|██▏       | 12.9k/57.6k [04:52<17:28, 42.7doc/s]
  fiqa:  22%|██▏       | 12.9k/57.6k [04:52<17:03, 43.8doc/s]
  fiqa:  22%|██▏       | 12.9k/57.6k [04:52<17:12, 43.3doc/s]
  fiqa:  22%|██▏       | 12.9k/57.6k [04:53<17:16, 43.2doc/s]
  fiqa:  22%|██▏       | 12.9k/57.6k [04:53<17:02, 43.8doc/s]
  fiqa:  22%|██▏       | 12.9k/57.6k [04:53<17:00, 43.8doc/s]
  fiqa:  22%|██▏       | 12.9k/57.6k [04:53<17:03, 43.7doc/s]
  fiqa:  22%|██▏       | 12.9k/57.6k [04:53<17:01, 43.8doc/s]
  fiqa:  22%|██▏       | 12.9k/57.6k [04:54<17:00, 43.8doc/s]
  fiqa:  22%|██▏       | 12.9k/57.6k [04:54<16:48, 44.3doc/s]
  fiqa:  22%|██▏       | 12.9k/57.6k [04:54<16:46, 44.4doc/s]
  fiqa:  22%|██▏       | 12.9k/57.6k [04:54<16:47, 44.3doc/s]
  fiqa:  22%|██▏       | 13.0k/57.6k [04:54<16:58, 43.9doc/s]
  fiqa:  22%|██▏       | 13.0k/57.6k [04:54<17:05, 43.6doc/s]
  fiqa:  22%|██▏       | 13.0k/57.6k [04:55<17:10, 43.3doc/s]
  fiqa:  23%|██▎       | 13.0k/57.6k [04:55<17:18, 43.0doc/s]
  fiqa:  23%|██▎       | 13.0k/57.6k [04:55<17:21, 42.9doc/s]
  fiqa:  23%|██▎       | 13.0k/57.6k [04:55<17:23, 42.8doc/s]
  fiqa:  23%|██▎       | 13.0k/57.6k [04:55<16:52, 44.1doc/s]
  fiqa:  23%|██▎       | 13.0k/57.6k [04:56<17:01, 43.7doc/s]
  fiqa:  23%|██▎       | 13.0k/57.6k [04:56<17:00, 43.7doc/s]
  fiqa:  23%|██▎       | 13.0k/57.6k [04:56<16:59, 43.7doc/s]
  fiqa:  23%|██▎       | 13.0k/57.6k [04:56<16:58, 43.8doc/s]
  fiqa:  23%|██▎       | 13.0k/57.6k [04:56<16:55, 43.9doc/s]
  fiqa:  23%|██▎       | 13.0k/57.6k [04:56<16:52, 44.0doc/s]
  fiqa:  23%|██▎       | 13.1k/57.6k [04:57<16:53, 44.0doc/s]
  fiqa:  23%|██▎       | 13.1k/57.6k [04:57<16:54, 43.9doc/s]
  fiqa:  23%|██▎       | 13.1k/57.6k [04:57<16:57, 43.8doc/s]
  fiqa:  23%|██▎       | 13.1k/57.6k [04:57<17:17, 43.0doc/s]
  fiqa:  23%|██▎       | 13.1k/57.6k [04:57<17:21, 42.8doc/s]
  fiqa:  23%|██▎       | 13.1k/57.6k [04:58<17:22, 42.7doc/s]
  fiqa:  23%|██▎       | 13.1k/57.6k [04:58<17:21, 42.7doc/s]
  fiqa:  23%|██▎       | 13.1k/57.6k [04:58<17:21, 42.8doc/s]
  fiqa:  23%|██▎       | 13.1k/57.6k [04:58<17:14, 43.0doc/s]
  fiqa:  23%|██▎       | 13.1k/57.6k [04:58<17:04, 43.4doc/s]
  fiqa:  23%|██▎       | 13.1k/57.6k [04:59<17:01, 43.6doc/s]
  fiqa:  23%|██▎       | 13.1k/57.6k [04:59<16:59, 43.6doc/s]
  fiqa:  23%|██▎       | 13.2k/57.6k [04:59<16:58, 43.7doc/s]
  fiqa:  23%|██▎       | 13.2k/57.6k [04:59<16:59, 43.6doc/s]
  fiqa:  23%|██▎       | 13.2k/57.6k [04:59<17:18, 42.8doc/s]
  fiqa:  23%|██▎       | 13.2k/57.6k [04:59<16:50, 44.0doc/s]
  fiqa:  23%|██▎       | 13.2k/57.6k [05:00<16:54, 43.8doc/s]
  fiqa:  23%|██▎       | 13.2k/57.6k [05:00<16:50, 44.0doc/s]
  fiqa:  23%|██▎       | 13.2k/57.6k [05:00<16:46, 44.1doc/s]
  fiqa:  23%|██▎       | 13.2k/57.6k [05:00<16:44, 44.2doc/s]
  fiqa:  23%|██▎       | 13.2k/57.6k [05:00<16:40, 44.4doc/s]
  fiqa:  23%|██▎       | 13.2k/57.6k [05:01<16:40, 44.4doc/s]
  fiqa:  23%|██▎       | 13.2k/57.6k [05:01<16:16, 45.5doc/s]
  fiqa:  23%|██▎       | 13.2k/57.6k [05:01<16:22, 45.2doc/s]
  fiqa:  23%|██▎       | 13.2k/57.6k [05:01<16:21, 45.2doc/s]
  fiqa:  23%|██▎       | 13.3k/57.6k [05:01<16:28, 44.9doc/s]
  fiqa:  23%|██▎       | 13.3k/57.6k [05:01<16:33, 44.7doc/s]
  fiqa:  23%|██▎       | 13.3k/57.6k [05:02<16:38, 44.5doc/s]
  fiqa:  23%|██▎       | 13.3k/57.6k [05:02<16:39, 44.4doc/s]
  fiqa:  23%|██▎       | 13.3k/57.6k [05:02<16:45, 44.1doc/s]
  fiqa:  23%|██▎       | 13.3k/57.6k [05:02<16:47, 44.0doc/s]
  fiqa:  23%|██▎       | 13.3k/57.6k [05:02<16:47, 44.0doc/s]
  fiqa:  23%|██▎       | 13.3k/57.6k [05:03<16:50, 43.9doc/s]
  fiqa:  23%|██▎       | 13.3k/57.6k [05:03<16:46, 44.0doc/s]
  fiqa:  23%|██▎       | 13.3k/57.6k [05:03<16:48, 43.9doc/s]
  fiqa:  23%|██▎       | 13.3k/57.6k [05:03<16:51, 43.8doc/s]
  fiqa:  23%|██▎       | 13.3k/57.6k [05:03<16:55, 43.6doc/s]
  fiqa:  23%|██▎       | 13.4k/57.6k [05:03<16:59, 43.5doc/s]
  fiqa:  23%|██▎       | 13.4k/57.6k [05:04<16:58, 43.5doc/s]
  fiqa:  23%|██▎       | 13.4k/57.6k [05:04<16:50, 43.8doc/s]
  fiqa:  23%|██▎       | 13.4k/57.6k [05:04<16:49, 43.8doc/s]
  fiqa:  23%|██▎       | 13.4k/57.6k [05:04<16:45, 44.0doc/s]
  fiqa:  23%|██▎       | 13.4k/57.6k [05:04<16:49, 43.8doc/s]
  fiqa:  23%|██▎       | 13.4k/57.6k [05:05<16:48, 43.9doc/s]
  fiqa:  23%|██▎       | 13.4k/57.6k [05:05<16:43, 44.1doc/s]
  fiqa:  23%|██▎       | 13.4k/57.6k [05:05<16:42, 44.1doc/s]
  fiqa:  23%|██▎       | 13.4k/57.6k [05:05<16:46, 43.9doc/s]
  fiqa:  23%|██▎       | 13.4k/57.6k [05:05<16:47, 43.9doc/s]
  fiqa:  23%|██▎       | 13.4k/57.6k [05:05<16:51, 43.7doc/s]
  fiqa:  23%|██▎       | 13.4k/57.6k [05:06<16:53, 43.6doc/s]
  fiqa:  23%|██▎       | 13.5k/57.6k [05:06<16:46, 43.9doc/s]
  fiqa:  23%|██▎       | 13.5k/57.6k [05:06<16:52, 43.6doc/s]
  fiqa:  23%|██▎       | 13.5k/57.6k [05:06<16:55, 43.5doc/s]
  fiqa:  23%|██▎       | 13.5k/57.6k [05:06<16:56, 43.5doc/s]
  fiqa:  23%|██▎       | 13.5k/57.6k [05:07<16:55, 43.5doc/s]
  fiqa:  23%|██▎       | 13.5k/57.6k [05:07<16:44, 43.9doc/s]
  fiqa:  23%|██▎       | 13.5k/57.6k [05:07<16:48, 43.7doc/s]
  fiqa:  23%|██▎       | 13.5k/57.6k [05:07<16:48, 43.8doc/s]
  fiqa:  23%|██▎       | 13.5k/57.6k [05:07<16:50, 43.6doc/s]
  fiqa:  23%|██▎       | 13.5k/57.6k [05:07<16:42, 44.0doc/s]
  fiqa:  23%|██▎       | 13.5k/57.6k [05:08<16:48, 43.7doc/s]
  fiqa:  23%|██▎       | 13.5k/57.6k [05:08<16:48, 43.7doc/s]
  fiqa:  24%|██▎       | 13.6k/57.6k [05:08<16:48, 43.7doc/s]
  fiqa:  24%|██▎       | 13.6k/57.6k [05:08<16:42, 43.9doc/s]
  fiqa:  24%|██▎       | 13.6k/57.6k [05:08<16:43, 43.9doc/s]
  fiqa:  24%|██▎       | 13.6k/57.6k [05:09<16:43, 43.9doc/s]
  fiqa:  24%|██▎       | 13.6k/57.6k [05:09<16:43, 43.9doc/s]
  fiqa:  24%|██▎       | 13.6k/57.6k [05:09<16:45, 43.8doc/s]
  fiqa:  24%|██▎       | 13.6k/57.6k [05:09<16:45, 43.8doc/s]
  fiqa:  24%|██▎       | 13.6k/57.6k [05:09<16:48, 43.7doc/s]
  fiqa:  24%|██▎       | 13.6k/57.6k [05:09<16:51, 43.5doc/s]
  fiqa:  24%|██▎       | 13.6k/57.6k [05:10<16:45, 43.8doc/s]
  fiqa:  24%|██▎       | 13.6k/57.6k [05:10<16:41, 43.9doc/s]
  fiqa:  24%|██▎       | 13.6k/57.6k [05:10<16:36, 44.2doc/s]
  fiqa:  24%|██▎       | 13.6k/57.6k [05:10<16:37, 44.1doc/s]
  fiqa:  24%|██▎       | 13.7k/57.6k [05:10<16:37, 44.1doc/s]
  fiqa:  24%|██▎       | 13.7k/57.6k [05:11<16:36, 44.1doc/s]
  fiqa:  24%|██▎       | 13.7k/57.6k [05:11<16:39, 44.0doc/s]
  fiqa:  24%|██▎       | 13.7k/57.6k [05:11<16:43, 43.8doc/s]
  fiqa:  24%|██▎       | 13.7k/57.6k [05:11<16:47, 43.6doc/s]
  fiqa:  24%|██▍       | 13.7k/57.6k [05:11<16:47, 43.6doc/s]
  fiqa:  24%|██▍       | 13.7k/57.6k [05:11<16:11, 45.2doc/s]
  fiqa:  24%|██▍       | 13.7k/57.6k [05:12<16:19, 44.9doc/s]
  fiqa:  24%|██▍       | 13.7k/57.6k [05:12<16:22, 44.7doc/s]
  fiqa:  24%|██▍       | 13.7k/57.6k [05:12<16:30, 44.3doc/s]
  fiqa:  24%|██▍       | 13.7k/57.6k [05:12<16:55, 43.2doc/s]
  fiqa:  24%|██▍       | 13.7k/57.6k [05:12<17:07, 42.7doc/s]
  fiqa:  24%|██▍       | 13.8k/57.6k [05:13<17:07, 42.7doc/s]
  fiqa:  24%|██▍       | 13.8k/57.6k [05:13<17:04, 42.8doc/s]
  fiqa:  24%|██▍       | 13.8k/57.6k [05:13<17:02, 42.9doc/s]
  fiqa:  24%|██▍       | 13.8k/57.6k [05:13<16:56, 43.1doc/s]
  fiqa:  24%|██▍       | 13.8k/57.6k [05:13<16:50, 43.4doc/s]
  fiqa:  24%|██▍       | 13.8k/57.6k [05:13<16:47, 43.5doc/s]
  fiqa:  24%|██▍       | 13.8k/57.6k [05:14<16:45, 43.6doc/s]
  fiqa:  24%|██▍       | 13.8k/57.6k [05:14<16:14, 45.0doc/s]
  fiqa:  24%|██▍       | 13.8k/57.6k [05:14<16:17, 44.8doc/s]
  fiqa:  24%|██▍       | 13.8k/57.6k [05:14<16:25, 44.5doc/s]
  fiqa:  24%|██▍       | 13.8k/57.6k [05:14<16:26, 44.4doc/s]
  fiqa:  24%|██▍       | 13.8k/57.6k [05:15<16:23, 44.5doc/s]
  fiqa:  24%|██▍       | 13.8k/57.6k [05:15<16:43, 43.6doc/s]
  fiqa:  24%|██▍       | 13.9k/57.6k [05:15<16:57, 43.0doc/s]
  fiqa:  24%|██▍       | 13.9k/57.6k [05:15<16:59, 42.9doc/s]
  fiqa:  24%|██▍       | 13.9k/57.6k [05:15<16:52, 43.2doc/s]
  fiqa:  24%|██▍       | 13.9k/57.6k [05:15<16:42, 43.7doc/s]
  fiqa:  24%|██▍       | 13.9k/57.6k [05:16<16:38, 43.8doc/s]
  fiqa:  24%|██▍       | 13.9k/57.6k [05:16<16:32, 44.1doc/s]
  fiqa:  24%|██▍       | 13.9k/57.6k [05:16<16:30, 44.1doc/s]
  fiqa:  24%|██▍       | 13.9k/57.6k [05:16<16:01, 45.5doc/s]
  fiqa:  24%|██▍       | 13.9k/57.6k [05:16<15:51, 45.9doc/s]
  fiqa:  24%|██▍       | 13.9k/57.6k [05:17<16:11, 45.0doc/s]
  fiqa:  24%|██▍       | 13.9k/57.6k [05:17<16:26, 44.3doc/s]
  fiqa:  24%|██▍       | 13.9k/57.6k [05:17<16:28, 44.2doc/s]
  fiqa:  24%|██▍       | 14.0k/57.6k [05:17<16:27, 44.2doc/s]
  fiqa:  24%|██▍       | 14.0k/57.6k [05:17<16:27, 44.2doc/s]
  fiqa:  24%|██▍       | 14.0k/57.6k [05:17<16:33, 43.9doc/s]
  fiqa:  24%|██▍       | 14.0k/57.6k [05:18<16:28, 44.2doc/s]
  fiqa:  24%|██▍       | 14.0k/57.6k [05:18<16:27, 44.2doc/s]
  fiqa:  24%|██▍       | 14.0k/57.6k [05:18<16:34, 43.9doc/s]
  fiqa:  24%|██▍       | 14.0k/57.6k [05:18<16:37, 43.7doc/s]
  fiqa:  24%|██▍       | 14.0k/57.6k [05:18<16:37, 43.7doc/s]
  fiqa:  24%|██▍       | 14.0k/57.6k [05:19<16:44, 43.4doc/s]
  fiqa:  24%|██▍       | 14.0k/57.6k [05:19<16:39, 43.6doc/s]
  fiqa:  24%|██▍       | 14.0k/57.6k [05:19<16:01, 45.4doc/s]
  fiqa:  24%|██▍       | 14.0k/57.6k [05:19<16:07, 45.1doc/s]
  fiqa:  24%|██▍       | 14.0k/57.6k [05:19<15:40, 46.4doc/s]
  fiqa:  24%|██▍       | 14.1k/57.6k [05:19<15:53, 45.7doc/s]
  fiqa:  24%|██▍       | 14.1k/57.6k [05:20<16:07, 45.0doc/s]
  fiqa:  24%|██▍       | 14.1k/57.6k [05:20<16:17, 44.5doc/s]
  fiqa:  24%|██▍       | 14.1k/57.6k [05:20<16:23, 44.3doc/s]
  fiqa:  24%|██▍       | 14.1k/57.6k [05:20<16:26, 44.1doc/s]
  fiqa:  24%|██▍       | 14.1k/57.6k [05:20<16:00, 45.3doc/s]
  fiqa:  24%|██▍       | 14.1k/57.6k [05:21<16:09, 44.9doc/s]
  fiqa:  24%|██▍       | 14.1k/57.6k [05:21<16:21, 44.3doc/s]
  fiqa:  24%|██▍       | 14.1k/57.6k [05:21<16:27, 44.1doc/s]
  fiqa:  25%|██▍       | 14.1k/57.6k [05:21<16:29, 44.0doc/s]
  fiqa:  25%|██▍       | 14.1k/57.6k [05:21<16:36, 43.7doc/s]
  fiqa:  25%|██▍       | 14.1k/57.6k [05:21<16:34, 43.7doc/s]
  fiqa:  25%|██▍       | 14.2k/57.6k [05:22<16:28, 44.0doc/s]
  fiqa:  25%|██▍       | 14.2k/57.6k [05:22<16:21, 44.3doc/s]
  fiqa:  25%|██▍       | 14.2k/57.6k [05:22<16:16, 44.5doc/s]
  fiqa:  25%|██▍       | 14.2k/57.6k [05:22<16:17, 44.5doc/s]
  fiqa:  25%|██▍       | 14.2k/57.6k [05:22<16:38, 43.5doc/s]
  fiqa:  25%|██▍       | 14.2k/57.6k [05:23<16:55, 42.8doc/s]
  fiqa:  25%|██▍       | 14.2k/57.6k [05:23<16:59, 42.6doc/s]
  fiqa:  25%|██▍       | 14.2k/57.6k [05:23<16:56, 42.7doc/s]
  fiqa:  25%|██▍       | 14.2k/57.6k [05:23<16:55, 42.8doc/s]
  fiqa:  25%|██▍       | 14.2k/57.6k [05:23<16:49, 43.0doc/s]
  fiqa:  25%|██▍       | 14.2k/57.6k [05:23<16:40, 43.4doc/s]
  fiqa:  25%|██▍       | 14.2k/57.6k [05:24<16:30, 43.8doc/s]
  fiqa:  25%|██▍       | 14.2k/57.6k [05:24<16:31, 43.8doc/s]
  fiqa:  25%|██▍       | 14.3k/57.6k [05:24<16:00, 45.2doc/s]
  fiqa:  25%|██▍       | 14.3k/57.6k [05:24<16:16, 44.4doc/s]
  fiqa:  25%|██▍       | 14.3k/57.6k [05:24<16:21, 44.2doc/s]
  fiqa:  25%|██▍       | 14.3k/57.6k [05:25<16:25, 44.0doc/s]
  fiqa:  25%|██▍       | 14.3k/57.6k [05:25<16:26, 43.9doc/s]
  fiqa:  25%|██▍       | 14.3k/57.6k [05:25<16:28, 43.8doc/s]
  fiqa:  25%|██▍       | 14.3k/57.6k [05:25<16:29, 43.8doc/s]
  fiqa:  25%|██▍       | 14.3k/57.6k [05:25<16:34, 43.6doc/s]
  fiqa:  25%|██▍       | 14.3k/57.6k [05:25<16:28, 43.8doc/s]
  fiqa:  25%|██▍       | 14.3k/57.6k [05:26<16:35, 43.5doc/s]
  fiqa:  25%|██▍       | 14.3k/57.6k [05:26<16:29, 43.8doc/s]
  fiqa:  25%|██▍       | 14.3k/57.6k [05:26<16:23, 44.0doc/s]
  fiqa:  25%|██▍       | 14.4k/57.6k [05:26<16:20, 44.2doc/s]
  fiqa:  25%|██▍       | 14.4k/57.6k [05:26<16:25, 43.9doc/s]
  fiqa:  25%|██▍       | 14.4k/57.6k [05:27<16:25, 43.9doc/s]
  fiqa:  25%|██▍       | 14.4k/57.6k [05:27<16:26, 43.9doc/s]
  fiqa:  25%|██▍       | 14.4k/57.6k [05:27<16:24, 43.9doc/s]
  fiqa:  25%|██▍       | 14.4k/57.6k [05:27<16:27, 43.8doc/s]
  fiqa:  25%|██▍       | 14.4k/57.6k [05:27<16:18, 44.2doc/s]
  fiqa:  25%|██▍       | 14.4k/57.6k [05:27<16:24, 43.9doc/s]
  fiqa:  25%|██▌       | 14.4k/57.6k [05:28<16:27, 43.8doc/s]
  fiqa:  25%|██▌       | 14.4k/57.6k [05:28<16:27, 43.8doc/s]
  fiqa:  25%|██▌       | 14.4k/57.6k [05:28<16:29, 43.6doc/s]
  fiqa:  25%|██▌       | 14.4k/57.6k [05:28<16:24, 43.9doc/s]
  fiqa:  25%|██▌       | 14.4k/57.6k [05:28<16:17, 44.2doc/s]
  fiqa:  25%|██▌       | 14.5k/57.6k [05:29<16:15, 44.3doc/s]
  fiqa:  25%|██▌       | 14.5k/57.6k [05:29<16:12, 44.4doc/s]
  fiqa:  25%|██▌       | 14.5k/57.6k [05:29<16:24, 43.9doc/s]
  fiqa:  25%|██▌       | 14.5k/57.6k [05:29<16:18, 44.1doc/s]
  fiqa:  25%|██▌       | 14.5k/57.6k [05:29<16:09, 44.5doc/s]
  fiqa:  25%|██▌       | 14.5k/57.6k [05:29<16:13, 44.3doc/s]
  fiqa:  25%|██▌       | 14.5k/57.6k [05:30<16:22, 43.9doc/s]
  fiqa:  25%|██▌       | 14.5k/57.6k [05:30<16:27, 43.7doc/s]
  fiqa:  25%|██▌       | 14.5k/57.6k [05:30<16:29, 43.6doc/s]
  fiqa:  25%|██▌       | 14.5k/57.6k [05:30<16:32, 43.4doc/s]
  fiqa:  25%|██▌       | 14.5k/57.6k [05:30<16:34, 43.3doc/s]
  fiqa:  25%|██▌       | 14.5k/57.6k [05:31<16:34, 43.3doc/s]
  fiqa:  25%|██▌       | 14.6k/57.6k [05:31<15:59, 44.9doc/s]
  fiqa:  25%|██▌       | 14.6k/57.6k [05:31<16:19, 44.0doc/s]
  fiqa:  25%|██▌       | 14.6k/57.6k [05:31<16:06, 44.6doc/s]
  fiqa:  25%|██▌       | 14.6k/57.6k [05:31<16:20, 43.9doc/s]
  fiqa:  25%|██▌       | 14.6k/57.6k [05:31<16:28, 43.6doc/s]
  fiqa:  25%|██▌       | 14.6k/57.6k [05:32<16:24, 43.7doc/s]
  fiqa:  25%|██▌       | 14.6k/57.6k [05:32<16:21, 43.8doc/s]
  fiqa:  25%|██▌       | 14.6k/57.6k [05:32<16:20, 43.9doc/s]
  fiqa:  25%|██▌       | 14.6k/57.6k [05:32<16:17, 44.0doc/s]
  fiqa:  25%|██▌       | 14.6k/57.6k [05:32<16:16, 44.1doc/s]
  fiqa:  25%|██▌       | 14.6k/57.6k [05:33<16:10, 44.3doc/s]
  fiqa:  25%|██▌       | 14.6k/57.6k [05:33<16:06, 44.5doc/s]
  fiqa:  25%|██▌       | 14.6k/57.6k [05:33<16:08, 44.4doc/s]
  fiqa:  25%|██▌       | 14.7k/57.6k [05:33<16:16, 44.0doc/s]
  fiqa:  25%|██▌       | 14.7k/57.6k [05:33<16:20, 43.8doc/s]
  fiqa:  25%|██▌       | 14.7k/57.6k [05:33<16:25, 43.6doc/s]
  fiqa:  25%|██▌       | 14.7k/57.6k [05:34<16:28, 43.5doc/s]
  fiqa:  25%|██▌       | 14.7k/57.6k [05:34<16:27, 43.5doc/s]
  fiqa:  25%|██▌       | 14.7k/57.6k [05:34<16:17, 43.9doc/s]
  fiqa:  26%|██▌       | 14.7k/57.6k [05:34<16:06, 44.4doc/s]
  fiqa:  26%|██▌       | 14.7k/57.6k [05:34<16:08, 44.3doc/s]
  fiqa:  26%|██▌       | 14.7k/57.6k [05:35<16:15, 44.0doc/s]
  fiqa:  26%|██▌       | 14.7k/57.6k [05:35<16:19, 43.8doc/s]
  fiqa:  26%|██▌       | 14.7k/57.6k [05:35<16:19, 43.8doc/s]
  fiqa:  26%|██▌       | 14.7k/57.6k [05:35<16:17, 43.9doc/s]
  fiqa:  26%|██▌       | 14.8k/57.6k [05:35<16:17, 43.9doc/s]
  fiqa:  26%|██▌       | 14.8k/57.6k [05:35<16:17, 43.9doc/s]
  fiqa:  26%|██▌       | 14.8k/57.6k [05:36<16:18, 43.8doc/s]
  fiqa:  26%|██▌       | 14.8k/57.6k [05:36<16:35, 43.1doc/s]
  fiqa:  26%|██▌       | 14.8k/57.6k [05:36<16:51, 42.4doc/s]
  fiqa:  26%|██▌       | 14.8k/57.6k [05:36<16:57, 42.1doc/s]
  fiqa:  26%|██▌       | 14.8k/57.6k [05:36<16:27, 43.4doc/s]
  fiqa:  26%|██▌       | 14.8k/57.6k [05:37<16:26, 43.4doc/s]
  fiqa:  26%|██▌       | 14.8k/57.6k [05:37<16:16, 43.8doc/s]
  fiqa:  26%|██▌       | 14.8k/57.6k [05:37<16:16, 43.8doc/s]
  fiqa:  26%|██▌       | 14.8k/57.6k [05:37<16:13, 44.0doc/s]
  fiqa:  26%|██▌       | 14.8k/57.6k [05:37<16:11, 44.1doc/s]
  fiqa:  26%|██▌       | 14.8k/57.6k [05:37<16:06, 44.3doc/s]
  fiqa:  26%|██▌       | 14.9k/57.6k [05:38<16:12, 44.0doc/s]
  fiqa:  26%|██▌       | 14.9k/57.6k [05:38<16:22, 43.5doc/s]
  fiqa:  26%|██▌       | 14.9k/57.6k [05:38<16:28, 43.3doc/s]
  fiqa:  26%|██▌       | 14.9k/57.6k [05:38<16:32, 43.1doc/s]
  fiqa:  26%|██▌       | 14.9k/57.6k [05:38<16:33, 43.0doc/s]
  fiqa:  26%|██▌       | 14.9k/57.6k [05:39<16:25, 43.4doc/s]
  fiqa:  26%|██▌       | 14.9k/57.6k [05:39<16:19, 43.6doc/s]
  fiqa:  26%|██▌       | 14.9k/57.6k [05:39<16:16, 43.8doc/s]
  fiqa:  26%|██▌       | 14.9k/57.6k [05:39<16:12, 43.9doc/s]
  fiqa:  26%|██▌       | 14.9k/57.6k [05:39<16:03, 44.3doc/s]
  fiqa:  26%|██▌       | 14.9k/57.6k [05:40<16:07, 44.1doc/s]
  fiqa:  26%|██▌       | 14.9k/57.6k [05:40<16:10, 44.0doc/s]
  fiqa:  26%|██▌       | 15.0k/57.6k [05:40<16:12, 43.9doc/s]
  fiqa:  26%|██▌       | 15.0k/57.6k [05:40<16:12, 43.9doc/s]
  fiqa:  26%|██▌       | 15.0k/57.6k [05:40<16:14, 43.8doc/s]
  fiqa:  26%|██▌       | 15.0k/57.6k [05:40<16:10, 44.0doc/s]
  fiqa:  26%|██▌       | 15.0k/57.6k [05:41<16:09, 44.0doc/s]
  fiqa:  26%|██▌       | 15.0k/57.6k [05:41<16:12, 43.9doc/s]
  fiqa:  26%|██▌       | 15.0k/57.6k [05:41<16:11, 43.9doc/s]
  fiqa:  26%|██▌       | 15.0k/57.6k [05:41<16:16, 43.7doc/s]
  fiqa:  26%|██▌       | 15.0k/57.6k [05:41<16:13, 43.8doc/s]
  fiqa:  26%|██▌       | 15.0k/57.6k [05:42<16:15, 43.7doc/s]
  fiqa:  26%|██▌       | 15.0k/57.6k [05:42<16:18, 43.5doc/s]
  fiqa:  26%|██▌       | 15.0k/57.6k [05:42<15:45, 45.0doc/s]
  fiqa:  26%|██▌       | 15.0k/57.6k [05:42<15:53, 44.7doc/s]
  fiqa:  26%|██▌       | 15.1k/57.6k [05:42<16:03, 44.2doc/s]
  fiqa:  26%|██▌       | 15.1k/57.6k [05:42<16:10, 43.9doc/s]
  fiqa:  26%|██▌       | 15.1k/57.6k [05:43<16:10, 43.9doc/s]
  fiqa:  26%|██▌       | 15.1k/57.6k [05:43<16:15, 43.6doc/s]
  fiqa:  26%|██▌       | 15.1k/57.6k [05:43<16:17, 43.5doc/s]
  fiqa:  26%|██▌       | 15.1k/57.6k [05:43<16:19, 43.4doc/s]
  fiqa:  26%|██▌       | 15.1k/57.6k [05:43<16:15, 43.6doc/s]
  fiqa:  26%|██▌       | 15.1k/57.6k [05:44<16:10, 43.8doc/s]
  fiqa:  26%|██▌       | 15.1k/57.6k [05:44<16:08, 43.9doc/s]
  fiqa:  26%|██▌       | 15.1k/57.6k [05:44<16:07, 44.0doc/s]
  fiqa:  26%|██▋       | 15.1k/57.6k [05:44<16:13, 43.6doc/s]
  fiqa:  26%|██▋       | 15.1k/57.6k [05:44<16:08, 43.9doc/s]
  fiqa:  26%|██▋       | 15.2k/57.6k [05:44<16:09, 43.8doc/s]
  fiqa:  26%|██▋       | 15.2k/57.6k [05:45<16:11, 43.7doc/s]
  fiqa:  26%|██▋       | 15.2k/57.6k [05:45<16:09, 43.8doc/s]
  fiqa:  26%|██▋       | 15.2k/57.6k [05:45<16:05, 44.0doc/s]
  fiqa:  26%|██▋       | 15.2k/57.6k [05:45<16:05, 44.0doc/s]
  fiqa:  26%|██▋       | 15.2k/57.6k [05:45<16:12, 43.7doc/s]
  fiqa:  26%|██▋       | 15.2k/57.6k [05:46<16:12, 43.6doc/s]
  fiqa:  26%|██▋       | 15.2k/57.6k [05:46<16:15, 43.5doc/s]
  fiqa:  26%|██▋       | 15.2k/57.6k [05:46<16:08, 43.8doc/s]
  fiqa:  26%|██▋       | 15.2k/57.6k [05:46<16:05, 43.9doc/s]
  fiqa:  26%|██▋       | 15.2k/57.6k [05:46<15:59, 44.2doc/s]
  fiqa:  26%|██▋       | 15.2k/57.6k [05:46<16:03, 44.0doc/s]
  fiqa:  26%|██▋       | 15.2k/57.6k [05:47<16:11, 43.6doc/s]
  fiqa:  26%|██▋       | 15.3k/57.6k [05:47<15:17, 46.2doc/s]
  fiqa:  26%|██▋       | 15.3k/57.6k [05:47<15:20, 46.0doc/s]
  fiqa:  26%|██▋       | 15.3k/57.6k [05:47<15:48, 44.7doc/s]
  fiqa:  27%|██▋       | 15.3k/57.6k [05:47<15:59, 44.1doc/s]
  fiqa:  27%|██▋       | 15.3k/57.6k [05:48<16:03, 43.9doc/s]
  fiqa:  27%|██▋       | 15.3k/57.6k [05:48<16:08, 43.7doc/s]
  fiqa:  27%|██▋       | 15.3k/57.6k [05:48<16:13, 43.5doc/s]
  fiqa:  27%|██▋       | 15.3k/57.6k [05:48<16:10, 43.6doc/s]
  fiqa:  27%|██▋       | 15.3k/57.6k [05:48<16:12, 43.5doc/s]
  fiqa:  27%|██▋       | 15.3k/57.6k [05:48<16:17, 43.3doc/s]
  fiqa:  27%|██▋       | 15.3k/57.6k [05:49<16:18, 43.2doc/s]
  fiqa:  27%|██▋       | 15.3k/57.6k [05:49<16:16, 43.3doc/s]
  fiqa:  27%|██▋       | 15.4k/57.6k [05:49<16:10, 43.6doc/s]
  fiqa:  27%|██▋       | 15.4k/57.6k [05:49<16:03, 43.9doc/s]
  fiqa:  27%|██▋       | 15.4k/57.6k [05:49<15:58, 44.1doc/s]
  fiqa:  27%|██▋       | 15.4k/57.6k [05:50<15:54, 44.3doc/s]
  fiqa:  27%|██▋       | 15.4k/57.6k [05:50<16:03, 43.9doc/s]
  fiqa:  27%|██▋       | 15.4k/57.6k [05:50<16:10, 43.5doc/s]
  fiqa:  27%|██▋       | 15.4k/57.6k [05:50<16:07, 43.6doc/s]
  fiqa:  27%|██▋       | 15.4k/57.6k [05:50<16:03, 43.8doc/s]
  fiqa:  27%|██▋       | 15.4k/57.6k [05:50<16:01, 43.9doc/s]
  fiqa:  27%|██▋       | 15.4k/57.6k [05:51<16:02, 43.9doc/s]
  fiqa:  27%|██▋       | 15.4k/57.6k [05:51<15:55, 44.2doc/s]
  fiqa:  27%|██▋       | 15.4k/57.6k [05:51<16:08, 43.6doc/s]
  fiqa:  27%|██▋       | 15.4k/57.6k [05:51<16:20, 43.0doc/s]
  fiqa:  27%|██▋       | 15.5k/57.6k [05:51<15:58, 44.0doc/s]
  fiqa:  27%|██▋       | 15.5k/57.6k [05:52<16:06, 43.6doc/s]
  fiqa:  27%|██▋       | 15.5k/57.6k [05:52<16:04, 43.7doc/s]
  fiqa:  27%|██▋       | 15.5k/57.6k [05:52<16:02, 43.8doc/s]
  fiqa:  27%|██▋       | 15.5k/57.6k [05:52<15:57, 44.0doc/s]
  fiqa:  27%|██▋       | 15.5k/57.6k [05:52<15:59, 43.9doc/s]
  fiqa:  27%|██▋       | 15.5k/57.6k [05:52<16:00, 43.9doc/s]
  fiqa:  27%|██▋       | 15.5k/57.6k [05:53<16:00, 43.9doc/s]
  fiqa:  27%|██▋       | 15.5k/57.6k [05:53<15:57, 44.0doc/s]
  fiqa:  27%|██▋       | 15.5k/57.6k [05:53<15:59, 43.9doc/s]
  fiqa:  27%|██▋       | 15.5k/57.6k [05:53<16:01, 43.8doc/s]
  fiqa:  27%|██▋       | 15.5k/57.6k [05:53<16:00, 43.8doc/s]
  fiqa:  27%|██▋       | 15.6k/57.6k [05:54<16:00, 43.8doc/s]
  fiqa:  27%|██▋       | 15.6k/57.6k [05:54<16:02, 43.7doc/s]
  fiqa:  27%|██▋       | 15.6k/57.6k [05:54<16:02, 43.7doc/s]
  fiqa:  27%|██▋       | 15.6k/57.6k [05:54<15:59, 43.8doc/s]
  fiqa:  27%|██▋       | 15.6k/57.6k [05:54<16:00, 43.8doc/s]
  fiqa:  27%|██▋       | 15.6k/57.6k [05:54<15:58, 43.9doc/s]
  fiqa:  27%|██▋       | 15.6k/57.6k [05:55<15:33, 45.0doc/s]
  fiqa:  27%|██▋       | 15.6k/57.6k [05:55<15:42, 44.6doc/s]
  fiqa:  27%|██▋       | 15.6k/57.6k [05:55<15:45, 44.5doc/s]
  fiqa:  27%|██▋       | 15.6k/57.6k [05:55<15:50, 44.2doc/s]
  fiqa:  27%|██▋       | 15.6k/57.6k [05:55<15:53, 44.1doc/s]
  fiqa:  27%|██▋       | 15.6k/57.6k [05:56<15:56, 43.9doc/s]
  fiqa:  27%|██▋       | 15.6k/57.6k [05:56<15:58, 43.8doc/s]
  fiqa:  27%|██▋       | 15.7k/57.6k [05:56<15:58, 43.8doc/s]
  fiqa:  27%|██▋       | 15.7k/57.6k [05:56<15:59, 43.7doc/s]
  fiqa:  27%|██▋       | 15.7k/57.6k [05:56<16:00, 43.7doc/s]
  fiqa:  27%|██▋       | 15.7k/57.6k [05:56<16:00, 43.7doc/s]
  fiqa:  27%|██▋       | 15.7k/57.6k [05:57<16:01, 43.6doc/s]
  fiqa:  27%|██▋       | 15.7k/57.6k [05:57<15:55, 43.9doc/s]
  fiqa:  27%|██▋       | 15.7k/57.6k [05:57<15:15, 45.8doc/s]
  fiqa:  27%|██▋       | 15.7k/57.6k [05:57<15:27, 45.2doc/s]
  fiqa:  27%|██▋       | 15.7k/57.6k [05:57<15:08, 46.1doc/s]
  fiqa:  27%|██▋       | 15.7k/57.6k [05:57<15:17, 45.7doc/s]
  fiqa:  27%|██▋       | 15.7k/57.6k [05:58<15:30, 45.0doc/s]
  fiqa:  27%|██▋       | 15.7k/57.6k [05:58<15:36, 44.7doc/s]
  fiqa:  27%|██▋       | 15.8k/57.6k [05:58<16:02, 43.5doc/s]
  fiqa:  27%|██▋       | 15.8k/57.6k [05:58<16:09, 43.2doc/s]
  fiqa:  27%|██▋       | 15.8k/57.6k [05:58<16:15, 42.9doc/s]
  fiqa:  27%|██▋       | 15.8k/57.6k [05:59<16:19, 42.8doc/s]
  fiqa:  27%|██▋       | 15.8k/57.6k [05:59<16:14, 42.9doc/s]
  fiqa:  27%|██▋       | 15.8k/57.6k [05:59<16:03, 43.4doc/s]
  fiqa:  27%|██▋       | 15.8k/57.6k [05:59<16:09, 43.2doc/s]
  fiqa:  27%|██▋       | 15.8k/57.6k [05:59<16:12, 43.0doc/s]
  fiqa:  27%|██▋       | 15.8k/57.6k [06:00<16:11, 43.0doc/s]
  fiqa:  27%|██▋       | 15.8k/57.6k [06:00<16:08, 43.2doc/s]
  fiqa:  27%|██▋       | 15.8k/57.6k [06:00<16:06, 43.2doc/s]
  fiqa:  27%|██▋       | 15.8k/57.6k [06:00<16:00, 43.5doc/s]
  fiqa:  27%|██▋       | 15.8k/57.6k [06:00<16:09, 43.1doc/s]
  fiqa:  28%|██▊       | 15.9k/57.6k [06:00<16:05, 43.3doc/s]
  fiqa:  28%|██▊       | 15.9k/57.6k [06:01<16:06, 43.2doc/s]
  fiqa:  28%|██▊       | 15.9k/57.6k [06:01<15:50, 43.9doc/s]
  fiqa:  28%|██▊       | 15.9k/57.6k [06:01<16:08, 43.1doc/s]
  fiqa:  28%|██▊       | 15.9k/57.6k [06:01<16:25, 42.4doc/s]
  fiqa:  28%|██▊       | 15.9k/57.6k [06:01<16:23, 42.5doc/s]
  fiqa:  28%|██▊       | 15.9k/57.6k [06:02<16:17, 42.7doc/s]
  fiqa:  28%|██▊       | 15.9k/57.6k [06:02<16:06, 43.2doc/s]
  fiqa:  28%|██▊       | 15.9k/57.6k [06:02<15:55, 43.7doc/s]
  fiqa:  28%|██▊       | 15.9k/57.6k [06:02<15:51, 43.8doc/s]
  fiqa:  28%|██▊       | 15.9k/57.6k [06:02<15:46, 44.0doc/s]
  fiqa:  28%|██▊       | 15.9k/57.6k [06:02<15:45, 44.1doc/s]
  fiqa:  28%|██▊       | 16.0k/57.6k [06:03<15:39, 44.4doc/s]
  fiqa:  28%|██▊       | 16.0k/57.6k [06:03<15:36, 44.5doc/s]
  fiqa:  28%|██▊       | 16.0k/57.6k [06:03<15:35, 44.5doc/s]
  fiqa:  28%|██▊       | 16.0k/57.6k [06:03<15:40, 44.3doc/s]
  fiqa:  28%|██▊       | 16.0k/57.6k [06:03<15:50, 43.8doc/s]
  fiqa:  28%|██▊       | 16.0k/57.6k [06:04<15:57, 43.5doc/s]
  fiqa:  28%|██▊       | 16.0k/57.6k [06:04<16:00, 43.4doc/s]
  fiqa:  28%|██▊       | 16.0k/57.6k [06:04<15:32, 44.6doc/s]
  fiqa:  28%|██▊       | 16.0k/57.6k [06:04<15:39, 44.3doc/s]
  fiqa:  28%|██▊       | 16.0k/57.6k [06:04<15:36, 44.4doc/s]
  fiqa:  28%|██▊       | 16.0k/57.6k [06:04<15:34, 44.5doc/s]
  fiqa:  28%|██▊       | 16.0k/57.6k [06:05<15:36, 44.4doc/s]
  fiqa:  28%|██▊       | 16.0k/57.6k [06:05<15:29, 44.8doc/s]
  fiqa:  28%|██▊       | 16.1k/57.6k [06:05<15:26, 44.9doc/s]
  fiqa:  28%|██▊       | 16.1k/57.6k [06:05<15:37, 44.4doc/s]
  fiqa:  28%|██▊       | 16.1k/57.6k [06:05<15:45, 44.0doc/s]
  fiqa:  28%|██▊       | 16.1k/57.6k [06:06<15:54, 43.5doc/s]
  fiqa:  28%|██▊       | 16.1k/57.6k [06:06<15:53, 43.6doc/s]
  fiqa:  28%|██▊       | 16.1k/57.6k [06:06<15:49, 43.8doc/s]
  fiqa:  28%|██▊       | 16.1k/57.6k [06:06<15:47, 43.8doc/s]
  fiqa:  28%|██▊       | 16.1k/57.6k [06:06<15:44, 43.9doc/s]
  fiqa:  28%|██▊       | 16.1k/57.6k [06:06<15:47, 43.8doc/s]
  fiqa:  28%|██▊       | 16.1k/57.6k [06:07<15:43, 44.0doc/s]
  fiqa:  28%|██▊       | 16.1k/57.6k [06:07<15:45, 43.9doc/s]
  fiqa:  28%|██▊       | 16.1k/57.6k [06:07<15:48, 43.7doc/s]
  fiqa:  28%|██▊       | 16.2k/57.6k [06:07<15:50, 43.6doc/s]
  fiqa:  28%|██▊       | 16.2k/57.6k [06:07<15:47, 43.8doc/s]
  fiqa:  28%|██▊       | 16.2k/57.6k [06:08<15:50, 43.6doc/s]
  fiqa:  28%|██▊       | 16.2k/57.6k [06:08<15:52, 43.5doc/s]
  fiqa:  28%|██▊       | 16.2k/57.6k [06:08<15:49, 43.6doc/s]
  fiqa:  28%|██▊       | 16.2k/57.6k [06:08<15:18, 45.1doc/s]
  fiqa:  28%|██▊       | 16.2k/57.6k [06:08<15:24, 44.8doc/s]
  fiqa:  28%|██▊       | 16.2k/57.6k [06:08<15:39, 44.1doc/s]
  fiqa:  28%|██▊       | 16.2k/57.6k [06:09<15:50, 43.6doc/s]
  fiqa:  28%|██▊       | 16.2k/57.6k [06:09<15:56, 43.3doc/s]
  fiqa:  28%|██▊       | 16.2k/57.6k [06:09<16:01, 43.1doc/s]
  fiqa:  28%|██▊       | 16.2k/57.6k [06:09<15:58, 43.2doc/s]
  fiqa:  28%|██▊       | 16.2k/57.6k [06:09<15:56, 43.3doc/s]
  fiqa:  28%|██▊       | 16.3k/57.6k [06:10<15:53, 43.4doc/s]
  fiqa:  28%|██▊       | 16.3k/57.6k [06:10<15:51, 43.5doc/s]
  fiqa:  28%|██▊       | 16.3k/57.6k [06:10<15:41, 43.9doc/s]
  fiqa:  28%|██▊       | 16.3k/57.6k [06:10<15:41, 43.9doc/s]
  fiqa:  28%|██▊       | 16.3k/57.6k [06:10<16:05, 42.8doc/s]
  fiqa:  28%|██▊       | 16.3k/57.6k [06:11<16:10, 42.6doc/s]
  fiqa:  28%|██▊       | 16.3k/57.6k [06:11<16:05, 42.8doc/s]
  fiqa:  28%|██▊       | 16.3k/57.6k [06:11<16:02, 43.0doc/s]
  fiqa:  28%|██▊       | 16.3k/57.6k [06:11<15:58, 43.1doc/s]
  fiqa:  28%|██▊       | 16.3k/57.6k [06:11<15:48, 43.6doc/s]
  fiqa:  28%|██▊       | 16.3k/57.6k [06:11<15:46, 43.6doc/s]
  fiqa:  28%|██▊       | 16.3k/57.6k [06:12<15:46, 43.6doc/s]
  fiqa:  28%|██▊       | 16.4k/57.6k [06:12<15:47, 43.6doc/s]
  fiqa:  28%|██▊       | 16.4k/57.6k [06:12<15:38, 44.0doc/s]
  fiqa:  28%|██▊       | 16.4k/57.6k [06:12<15:37, 44.0doc/s]
  fiqa:  28%|██▊       | 16.4k/57.6k [06:12<15:41, 43.8doc/s]
  fiqa:  28%|██▊       | 16.4k/57.6k [06:13<15:42, 43.8doc/s]
  fiqa:  28%|██▊       | 16.4k/57.6k [06:13<15:38, 44.0doc/s]
  fiqa:  28%|██▊       | 16.4k/57.6k [06:13<15:53, 43.2doc/s]
  fiqa:  28%|██▊       | 16.4k/57.6k [06:13<16:04, 42.7doc/s]
  fiqa:  28%|██▊       | 16.4k/57.6k [06:13<15:36, 44.0doc/s]
  fiqa:  28%|██▊       | 16.4k/57.6k [06:13<15:38, 43.9doc/s]
  fiqa:  29%|██▊       | 16.4k/57.6k [06:14<15:42, 43.7doc/s]
  fiqa:  29%|██▊       | 16.4k/57.6k [06:14<15:37, 43.9doc/s]
  fiqa:  29%|██▊       | 16.4k/57.6k [06:14<15:05, 45.5doc/s]
  fiqa:  29%|██▊       | 16.5k/57.6k [06:14<15:14, 45.0doc/s]
  fiqa:  29%|██▊       | 16.5k/57.6k [06:14<15:18, 44.8doc/s]
  fiqa:  29%|██▊       | 16.5k/57.6k [06:15<15:37, 43.9doc/s]
  fiqa:  29%|██▊       | 16.5k/57.6k [06:15<15:25, 44.4doc/s]
  fiqa:  29%|██▊       | 16.5k/57.6k [06:15<15:44, 43.6doc/s]
  fiqa:  29%|██▊       | 16.5k/57.6k [06:15<15:45, 43.5doc/s]
  fiqa:  29%|██▊       | 16.5k/57.6k [06:15<15:37, 43.9doc/s]
  fiqa:  29%|██▊       | 16.5k/57.6k [06:15<15:27, 44.4doc/s]
  fiqa:  29%|██▊       | 16.5k/57.6k [06:16<15:31, 44.1doc/s]
  fiqa:  29%|██▊       | 16.5k/57.6k [06:16<15:30, 44.2doc/s]
  fiqa:  29%|██▊       | 16.5k/57.6k [06:16<14:59, 45.7doc/s]
  fiqa:  29%|██▊       | 16.5k/57.6k [06:16<15:12, 45.1doc/s]
  fiqa:  29%|██▊       | 16.6k/57.6k [06:16<15:21, 44.6doc/s]
  fiqa:  29%|██▊       | 16.6k/57.6k [06:17<15:23, 44.5doc/s]
  fiqa:  29%|██▊       | 16.6k/57.6k [06:17<15:28, 44.2doc/s]
  fiqa:  29%|██▉       | 16.6k/57.6k [06:17<15:49, 43.3doc/s]
  fiqa:  29%|██▉       | 16.6k/57.6k [06:17<15:53, 43.1doc/s]
  fiqa:  29%|██▉       | 16.6k/57.6k [06:17<15:56, 42.9doc/s]
  fiqa:  29%|██▉       | 16.6k/57.6k [06:17<15:42, 43.5doc/s]
  fiqa:  29%|██▉       | 16.6k/57.6k [06:18<15:25, 44.3doc/s]
  fiqa:  29%|██▉       | 16.6k/57.6k [06:18<15:02, 45.4doc/s]
  fiqa:  29%|██▉       | 16.6k/57.6k [06:18<15:14, 44.9doc/s]
  fiqa:  29%|██▉       | 16.6k/57.6k [06:18<15:18, 44.6doc/s]
  fiqa:  29%|██▉       | 16.6k/57.6k [06:18<15:18, 44.6doc/s]
  fiqa:  29%|██▉       | 16.6k/57.6k [06:18<14:55, 45.8doc/s]
  fiqa:  29%|██▉       | 16.7k/57.6k [06:19<15:04, 45.3doc/s]
  fiqa:  29%|██▉       | 16.7k/57.6k [06:19<15:01, 45.4doc/s]
  fiqa:  29%|██▉       | 16.7k/57.6k [06:19<15:05, 45.2doc/s]
  fiqa:  29%|██▉       | 16.7k/57.6k [06:19<14:39, 46.6doc/s]
  fiqa:  29%|██▉       | 16.7k/57.6k [06:19<14:58, 45.6doc/s]
  fiqa:  29%|██▉       | 16.7k/57.6k [06:20<15:22, 44.4doc/s]
  fiqa:  29%|██▉       | 16.7k/57.6k [06:20<15:33, 43.8doc/s]
  fiqa:  29%|██▉       | 16.7k/57.6k [06:20<15:37, 43.6doc/s]
  fiqa:  29%|██▉       | 16.7k/57.6k [06:20<15:41, 43.4doc/s]
  fiqa:  29%|██▉       | 16.7k/57.6k [06:20<15:44, 43.3doc/s]
  fiqa:  29%|██▉       | 16.7k/57.6k [06:20<15:40, 43.5doc/s]
  fiqa:  29%|██▉       | 16.7k/57.6k [06:21<15:36, 43.6doc/s]
  fiqa:  29%|██▉       | 16.8k/57.6k [06:21<15:35, 43.7doc/s]
  fiqa:  29%|██▉       | 16.8k/57.6k [06:21<15:33, 43.8doc/s]
  fiqa:  29%|██▉       | 16.8k/57.6k [06:21<15:32, 43.8doc/s]
  fiqa:  29%|██▉       | 16.8k/57.6k [06:21<15:30, 43.9doc/s]
  fiqa:  29%|██▉       | 16.8k/57.6k [06:22<15:33, 43.8doc/s]
  fiqa:  29%|██▉       | 16.8k/57.6k [06:22<15:33, 43.7doc/s]
  fiqa:  29%|██▉       | 16.8k/57.6k [06:22<15:30, 43.9doc/s]
  fiqa:  29%|██▉       | 16.8k/57.6k [06:22<15:27, 44.0doc/s]
  fiqa:  29%|██▉       | 16.8k/57.6k [06:22<15:23, 44.2doc/s]
  fiqa:  29%|██▉       | 16.8k/57.6k [06:22<15:22, 44.2doc/s]
  fiqa:  29%|██▉       | 16.8k/57.6k [06:23<15:26, 44.0doc/s]
  fiqa:  29%|██▉       | 16.8k/57.6k [06:23<15:36, 43.6doc/s]
  fiqa:  29%|██▉       | 16.8k/57.6k [06:23<15:34, 43.6doc/s]
  fiqa:  29%|██▉       | 16.9k/57.6k [06:23<15:33, 43.7doc/s]
  fiqa:  29%|██▉       | 16.9k/57.6k [06:23<15:32, 43.7doc/s]
  fiqa:  29%|██▉       | 16.9k/57.6k [06:24<15:29, 43.9doc/s]
  fiqa:  29%|██▉       | 16.9k/57.6k [06:24<15:22, 44.2doc/s]
  fiqa:  29%|██▉       | 16.9k/57.6k [06:24<15:18, 44.4doc/s]
  fiqa:  29%|██▉       | 16.9k/57.6k [06:24<15:18, 44.4doc/s]
  fiqa:  29%|██▉       | 16.9k/57.6k [06:24<15:17, 44.4doc/s]
  fiqa:  29%|██▉       | 16.9k/57.6k [06:24<15:26, 44.0doc/s]
  fiqa:  29%|██▉       | 16.9k/57.6k [06:25<15:32, 43.6doc/s]
  fiqa:  29%|██▉       | 16.9k/57.6k [06:25<15:36, 43.5doc/s]
  fiqa:  29%|██▉       | 16.9k/57.6k [06:25<15:33, 43.6doc/s]
  fiqa:  29%|██▉       | 16.9k/57.6k [06:25<15:35, 43.5doc/s]
  fiqa:  29%|██▉       | 17.0k/57.6k [06:25<15:30, 43.7doc/s]
  fiqa:  29%|██▉       | 17.0k/57.6k [06:26<15:26, 43.9doc/s]
  fiqa:  29%|██▉       | 17.0k/57.6k [06:26<15:23, 44.1doc/s]
  fiqa:  29%|██▉       | 17.0k/57.6k [06:26<15:23, 44.0doc/s]
  fiqa:  29%|██▉       | 17.0k/57.6k [06:26<15:22, 44.1doc/s]
  fiqa:  29%|██▉       | 17.0k/57.6k [06:26<15:24, 44.0doc/s]
  fiqa:  29%|██▉       | 17.0k/57.6k [06:27<15:23, 44.0doc/s]
  fiqa:  30%|██▉       | 17.0k/57.6k [06:27<15:17, 44.3doc/s]
  fiqa:  30%|██▉       | 17.0k/57.6k [06:27<14:49, 45.7doc/s]
  fiqa:  30%|██▉       | 17.0k/57.6k [06:27<15:01, 45.1doc/s]
  fiqa:  30%|██▉       | 17.0k/57.6k [06:27<15:07, 44.8doc/s]
  fiqa:  30%|██▉       | 17.0k/57.6k [06:27<15:14, 44.4doc/s]
  fiqa:  30%|██▉       | 17.0k/57.6k [06:28<15:16, 44.3doc/s]
  fiqa:  30%|██▉       | 17.1k/57.6k [06:28<15:19, 44.2doc/s]
  fiqa:  30%|██▉       | 17.1k/57.6k [06:28<15:05, 44.8doc/s]
  fiqa:  30%|██▉       | 17.1k/57.6k [06:28<15:20, 44.1doc/s]
  fiqa:  30%|██▉       | 17.1k/57.6k [06:28<15:29, 43.6doc/s]
  fiqa:  30%|██▉       | 17.1k/57.6k [06:28<15:30, 43.6doc/s]
  fiqa:  30%|██▉       | 17.1k/57.6k [06:29<15:29, 43.6doc/s]
  fiqa:  30%|██▉       | 17.1k/57.6k [06:29<15:30, 43.6doc/s]
  fiqa:  30%|██▉       | 17.1k/57.6k [06:29<15:28, 43.7doc/s]
  fiqa:  30%|██▉       | 17.1k/57.6k [06:29<15:25, 43.8doc/s]
  fiqa:  30%|██▉       | 17.1k/57.6k [06:29<15:18, 44.1doc/s]
  fiqa:  30%|██▉       | 17.1k/57.6k [06:30<15:14, 44.3doc/s]
  fiqa:  30%|██▉       | 17.1k/57.6k [06:30<15:08, 44.6doc/s]
  fiqa:  30%|██▉       | 17.2k/57.6k [06:30<15:16, 44.2doc/s]
  fiqa:  30%|██▉       | 17.2k/57.6k [06:30<15:14, 44.3doc/s]
  fiqa:  30%|██▉       | 17.2k/57.6k [06:30<15:20, 44.0doc/s]
  fiqa:  30%|██▉       | 17.2k/57.6k [06:30<15:18, 44.1doc/s]
  fiqa:  30%|██▉       | 17.2k/57.6k [06:31<15:24, 43.7doc/s]
  fiqa:  30%|██▉       | 17.2k/57.6k [06:31<15:00, 44.9doc/s]
  fiqa:  30%|██▉       | 17.2k/57.6k [06:31<15:04, 44.7doc/s]
  fiqa:  30%|██▉       | 17.2k/57.6k [06:31<15:10, 44.4doc/s]
  fiqa:  30%|██▉       | 17.2k/57.6k [06:31<15:10, 44.4doc/s]
  fiqa:  30%|██▉       | 17.2k/57.6k [06:32<15:13, 44.3doc/s]
  fiqa:  30%|██▉       | 17.2k/57.6k [06:32<15:16, 44.1doc/s]
  fiqa:  30%|██▉       | 17.2k/57.6k [06:32<15:19, 44.0doc/s]
  fiqa:  30%|██▉       | 17.2k/57.6k [06:32<15:23, 43.7doc/s]
  fiqa:  30%|██▉       | 17.3k/57.6k [06:32<15:27, 43.5doc/s]
  fiqa:  30%|██▉       | 17.3k/57.6k [06:32<15:26, 43.6doc/s]
  fiqa:  30%|██▉       | 17.3k/57.6k [06:33<15:17, 44.0doc/s]
  fiqa:  30%|██▉       | 17.3k/57.6k [06:33<15:13, 44.2doc/s]
  fiqa:  30%|██▉       | 17.3k/57.6k [06:33<15:11, 44.3doc/s]
  fiqa:  30%|███       | 17.3k/57.6k [06:33<15:10, 44.3doc/s]
  fiqa:  30%|███       | 17.3k/57.6k [06:33<15:24, 43.6doc/s]
  fiqa:  30%|███       | 17.3k/57.6k [06:34<15:39, 42.9doc/s]
  fiqa:  30%|███       | 17.3k/57.6k [06:34<15:15, 44.0doc/s]
  fiqa:  30%|███       | 17.3k/57.6k [06:34<15:24, 43.6doc/s]
  fiqa:  30%|███       | 17.3k/57.6k [06:34<15:21, 43.7doc/s]
  fiqa:  30%|███       | 17.3k/57.6k [06:34<15:16, 44.0doc/s]
  fiqa:  30%|███       | 17.4k/57.6k [06:34<14:43, 45.6doc/s]
  fiqa:  30%|███       | 17.4k/57.6k [06:35<14:58, 44.8doc/s]
  fiqa:  30%|███       | 17.4k/57.6k [06:35<15:03, 44.6doc/s]
  fiqa:  30%|███       | 17.4k/57.6k [06:35<15:05, 44.5doc/s]
  fiqa:  30%|███       | 17.4k/57.6k [06:35<14:42, 45.6doc/s]
  fiqa:  30%|███       | 17.4k/57.6k [06:35<14:51, 45.1doc/s]
  fiqa:  30%|███       | 17.4k/57.6k [06:36<14:51, 45.1doc/s]
  fiqa:  30%|███       | 17.4k/57.6k [06:36<14:54, 45.0doc/s]
  fiqa:  30%|███       | 17.4k/57.6k [06:36<14:56, 44.9doc/s]
  fiqa:  30%|███       | 17.4k/57.6k [06:36<15:06, 44.4doc/s]
  fiqa:  30%|███       | 17.4k/57.6k [06:36<15:15, 43.9doc/s]
  fiqa:  30%|███       | 17.4k/57.6k [06:36<15:19, 43.7doc/s]
  fiqa:  30%|███       | 17.4k/57.6k [06:37<15:22, 43.6doc/s]
  fiqa:  30%|███       | 17.5k/57.6k [06:37<15:24, 43.5doc/s]
  fiqa:  30%|███       | 17.5k/57.6k [06:37<15:22, 43.6doc/s]
  fiqa:  30%|███       | 17.5k/57.6k [06:37<15:20, 43.6doc/s]
  fiqa:  30%|███       | 17.5k/57.6k [06:37<15:38, 42.8doc/s]
  fiqa:  30%|███       | 17.5k/57.6k [06:38<15:50, 42.2doc/s]
  fiqa:  30%|███       | 17.5k/57.6k [06:38<15:49, 42.3doc/s]
  fiqa:  30%|███       | 17.5k/57.6k [06:38<15:40, 42.7doc/s]
  fiqa:  30%|███       | 17.5k/57.6k [06:38<15:34, 43.0doc/s]
  fiqa:  30%|███       | 17.5k/57.6k [06:38<15:28, 43.2doc/s]
  fiqa:  30%|███       | 17.5k/57.6k [06:38<15:26, 43.3doc/s]
  fiqa:  30%|███       | 17.5k/57.6k [06:39<15:23, 43.4doc/s]
  fiqa:  30%|███       | 17.5k/57.6k [06:39<15:22, 43.5doc/s]
  fiqa:  30%|███       | 17.6k/57.6k [06:39<15:14, 43.9doc/s]
  fiqa:  30%|███       | 17.6k/57.6k [06:39<15:08, 44.1doc/s]
  fiqa:  30%|███       | 17.6k/57.6k [06:39<15:06, 44.2doc/s]
  fiqa:  30%|███       | 17.6k/57.6k [06:40<15:07, 44.1doc/s]
  fiqa:  31%|███       | 17.6k/57.6k [06:40<15:13, 43.8doc/s]
  fiqa:  31%|███       | 17.6k/57.6k [06:40<15:15, 43.7doc/s]
  fiqa:  31%|███       | 17.6k/57.6k [06:40<15:16, 43.7doc/s]
  fiqa:  31%|███       | 17.6k/57.6k [06:40<14:52, 44.8doc/s]
  fiqa:  31%|███       | 17.6k/57.6k [06:40<15:03, 44.3doc/s]
  fiqa:  31%|███       | 17.6k/57.6k [06:41<15:05, 44.2doc/s]
  fiqa:  31%|███       | 17.6k/57.6k [06:41<15:11, 43.9doc/s]
  fiqa:  31%|███       | 17.6k/57.6k [06:41<15:12, 43.8doc/s]
  fiqa:  31%|███       | 17.6k/57.6k [06:41<15:17, 43.6doc/s]
  fiqa:  31%|███       | 17.7k/57.6k [06:41<15:20, 43.4doc/s]
  fiqa:  31%|███       | 17.7k/57.6k [06:42<15:14, 43.7doc/s]
  fiqa:  31%|███       | 17.7k/57.6k [06:42<15:11, 43.8doc/s]
  fiqa:  31%|███       | 17.7k/57.6k [06:42<15:12, 43.8doc/s]
  fiqa:  31%|███       | 17.7k/57.6k [06:42<15:02, 44.2doc/s]
  fiqa:  31%|███       | 17.7k/57.6k [06:42<15:04, 44.1doc/s]
  fiqa:  31%|███       | 17.7k/57.6k [06:42<15:05, 44.1doc/s]
  fiqa:  31%|███       | 17.7k/57.6k [06:43<15:08, 44.0doc/s]
  fiqa:  31%|███       | 17.7k/57.6k [06:43<15:14, 43.7doc/s]
  fiqa:  31%|███       | 17.7k/57.6k [06:43<15:14, 43.6doc/s]
  fiqa:  31%|███       | 17.7k/57.6k [06:43<15:05, 44.1doc/s]
  fiqa:  31%|███       | 17.7k/57.6k [06:43<15:07, 44.0doc/s]
  fiqa:  31%|███       | 17.8k/57.6k [06:44<15:07, 43.9doc/s]
  fiqa:  31%|███       | 17.8k/57.6k [06:44<15:06, 44.0doc/s]
  fiqa:  31%|███       | 17.8k/57.6k [06:44<15:09, 43.8doc/s]
  fiqa:  31%|███       | 17.8k/57.6k [06:44<15:06, 44.0doc/s]
  fiqa:  31%|███       | 17.8k/57.6k [06:44<15:06, 44.0doc/s]
  fiqa:  31%|███       | 17.8k/57.6k [06:45<15:09, 43.8doc/s]
  fiqa:  31%|███       | 17.8k/57.6k [06:45<15:11, 43.7doc/s]
  fiqa:  31%|███       | 17.8k/57.6k [06:45<14:36, 45.4doc/s]
  fiqa:  31%|███       | 17.8k/57.6k [06:45<14:38, 45.3doc/s]
  fiqa:  31%|███       | 17.8k/57.6k [06:45<14:44, 45.0doc/s]
  fiqa:  31%|███       | 17.8k/57.6k [06:45<14:48, 44.8doc/s]
  fiqa:  31%|███       | 17.8k/57.6k [06:46<14:44, 45.0doc/s]
  fiqa:  31%|███       | 17.8k/57.6k [06:46<15:08, 43.8doc/s]
  fiqa:  31%|███       | 17.9k/57.6k [06:46<15:26, 42.9doc/s]
  fiqa:  31%|███       | 17.9k/57.6k [06:46<15:34, 42.6doc/s]
  fiqa:  31%|███       | 17.9k/57.6k [06:46<15:30, 42.7doc/s]
  fiqa:  31%|███       | 17.9k/57.6k [06:47<15:16, 43.4doc/s]
  fiqa:  31%|███       | 17.9k/57.6k [06:47<15:10, 43.7doc/s]
  fiqa:  31%|███       | 17.9k/57.6k [06:47<15:09, 43.7doc/s]
  fiqa:  31%|███       | 17.9k/57.6k [06:47<15:06, 43.8doc/s]
  fiqa:  31%|███       | 17.9k/57.6k [06:47<15:02, 44.0doc/s]
  fiqa:  31%|███       | 17.9k/57.6k [06:47<15:02, 44.0doc/s]
  fiqa:  31%|███       | 17.9k/57.6k [06:48<15:05, 43.8doc/s]
  fiqa:  31%|███       | 17.9k/57.6k [06:48<15:05, 43.8doc/s]
  fiqa:  31%|███       | 17.9k/57.6k [06:48<15:08, 43.7doc/s]
  fiqa:  31%|███       | 18.0k/57.6k [06:48<15:04, 43.9doc/s]
  fiqa:  31%|███       | 18.0k/57.6k [06:48<15:00, 44.1doc/s]
  fiqa:  31%|███       | 18.0k/57.6k [06:49<14:56, 44.3doc/s]
  fiqa:  31%|███       | 18.0k/57.6k [06:49<15:00, 44.1doc/s]
  fiqa:  31%|███       | 18.0k/57.6k [06:49<15:05, 43.8doc/s]
  fiqa:  31%|███       | 18.0k/57.6k [06:49<15:06, 43.7doc/s]
  fiqa:  31%|███       | 18.0k/57.6k [06:49<15:03, 43.9doc/s]
  fiqa:  31%|███       | 18.0k/57.6k [06:49<15:06, 43.7doc/s]
  fiqa:  31%|███▏      | 18.0k/57.6k [06:50<15:09, 43.6doc/s]
  fiqa:  31%|███▏      | 18.0k/57.6k [06:50<15:09, 43.5doc/s]
  fiqa:  31%|███▏      | 18.0k/57.6k [06:50<15:09, 43.6doc/s]
  fiqa:  31%|███▏      | 18.0k/57.6k [06:50<15:11, 43.5doc/s]
  fiqa:  31%|███▏      | 18.0k/57.6k [06:50<15:09, 43.5doc/s]
  fiqa:  31%|███▏      | 18.1k/57.6k [06:51<15:06, 43.7doc/s]
  fiqa:  31%|███▏      | 18.1k/57.6k [06:51<15:10, 43.4doc/s]
  fiqa:  31%|███▏      | 18.1k/57.6k [06:51<15:10, 43.4doc/s]
  fiqa:  31%|███▏      | 18.1k/57.6k [06:51<15:12, 43.4doc/s]
  fiqa:  31%|███▏      | 18.1k/57.6k [06:51<15:06, 43.6doc/s]
  fiqa:  31%|███▏      | 18.1k/57.6k [06:51<15:02, 43.8doc/s]
  fiqa:  31%|███▏      | 18.1k/57.6k [06:52<15:03, 43.8doc/s]
  fiqa:  31%|███▏      | 18.1k/57.6k [06:52<15:06, 43.6doc/s]
  fiqa:  31%|███▏      | 18.1k/57.6k [06:52<14:56, 44.1doc/s]
  fiqa:  31%|███▏      | 18.1k/57.6k [06:52<14:53, 44.2doc/s]
  fiqa:  31%|███▏      | 18.1k/57.6k [06:52<14:52, 44.3doc/s]
  fiqa:  31%|███▏      | 18.1k/57.6k [06:53<14:59, 43.9doc/s]
  fiqa:  31%|███▏      | 18.2k/57.6k [06:53<15:03, 43.7doc/s]
  fiqa:  32%|███▏      | 18.2k/57.6k [06:53<15:00, 43.8doc/s]
  fiqa:  32%|███▏      | 18.2k/57.6k [06:53<15:00, 43.8doc/s]
  fiqa:  32%|███▏      | 18.2k/57.6k [06:53<14:59, 43.9doc/s]
  fiqa:  32%|███▏      | 18.2k/57.6k [06:53<14:56, 44.0doc/s]
  fiqa:  32%|███▏      | 18.2k/57.6k [06:54<14:57, 44.0doc/s]
  fiqa:  32%|███▏      | 18.2k/57.6k [06:54<14:56, 44.0doc/s]
  fiqa:  32%|███▏      | 18.2k/57.6k [06:54<14:54, 44.1doc/s]
  fiqa:  32%|███▏      | 18.2k/57.6k [06:54<14:54, 44.1doc/s]
  fiqa:  32%|███▏      | 18.2k/57.6k [06:54<14:53, 44.1doc/s]
  fiqa:  32%|███▏      | 18.2k/57.6k [06:55<14:55, 44.0doc/s]
  fiqa:  32%|███▏      | 18.2k/57.6k [06:55<14:57, 43.9doc/s]
  fiqa:  32%|███▏      | 18.2k/57.6k [06:55<15:00, 43.8doc/s]
  fiqa:  32%|███▏      | 18.3k/57.6k [06:55<15:12, 43.1doc/s]
  fiqa:  32%|███▏      | 18.3k/57.6k [06:55<14:57, 43.9doc/s]
  fiqa:  32%|███▏      | 18.3k/57.6k [06:55<15:09, 43.3doc/s]
  fiqa:  32%|███▏      | 18.3k/57.6k [06:56<15:11, 43.2doc/s]
  fiqa:  32%|███▏      | 18.3k/57.6k [06:56<15:06, 43.4doc/s]
  fiqa:  32%|███▏      | 18.3k/57.6k [06:56<14:57, 43.8doc/s]
  fiqa:  32%|███▏      | 18.3k/57.6k [06:56<14:53, 44.0doc/s]
  fiqa:  32%|███▏      | 18.3k/57.6k [06:56<14:56, 43.9doc/s]
  fiqa:  32%|███▏      | 18.3k/57.6k [06:57<14:50, 44.1doc/s]
  fiqa:  32%|███▏      | 18.3k/57.6k [06:57<14:53, 44.0doc/s]
  fiqa:  32%|███▏      | 18.3k/57.6k [06:57<14:59, 43.7doc/s]
  fiqa:  32%|███▏      | 18.3k/57.6k [06:57<15:02, 43.6doc/s]
  fiqa:  32%|███▏      | 18.4k/57.6k [06:57<15:05, 43.4doc/s]
  fiqa:  32%|███▏      | 18.4k/57.6k [06:57<15:02, 43.5doc/s]
  fiqa:  32%|███▏      | 18.4k/57.6k [06:58<14:55, 43.9doc/s]
  fiqa:  32%|███▏      | 18.4k/57.6k [06:58<14:52, 44.0doc/s]
  fiqa:  32%|███▏      | 18.4k/57.6k [06:58<14:55, 43.8doc/s]
  fiqa:  32%|███▏      | 18.4k/57.6k [06:58<15:01, 43.5doc/s]
  fiqa:  32%|███▏      | 18.4k/57.6k [06:58<15:01, 43.5doc/s]
  fiqa:  32%|███▏      | 18.4k/57.6k [06:59<14:55, 43.8doc/s]
  fiqa:  32%|███▏      | 18.4k/57.6k [06:59<14:56, 43.7doc/s]
  fiqa:  32%|███▏      | 18.4k/57.6k [06:59<14:56, 43.8doc/s]
  fiqa:  32%|███▏      | 18.4k/57.6k [06:59<14:55, 43.8doc/s]
  fiqa:  32%|███▏      | 18.4k/57.6k [06:59<14:49, 44.1doc/s]
  fiqa:  32%|███▏      | 18.4k/57.6k [06:59<14:47, 44.1doc/s]
  fiqa:  32%|███▏      | 18.5k/57.6k [07:00<14:46, 44.2doc/s]
  fiqa:  32%|███▏      | 18.5k/57.6k [07:00<14:52, 43.9doc/s]
  fiqa:  32%|███▏      | 18.5k/57.6k [07:00<14:50, 44.0doc/s]
  fiqa:  32%|███▏      | 18.5k/57.6k [07:00<14:15, 45.8doc/s]
  fiqa:  32%|███▏      | 18.5k/57.6k [07:00<14:00, 46.6doc/s]
  fiqa:  32%|███▏      | 18.5k/57.6k [07:01<14:23, 45.3doc/s]
  fiqa:  32%|███▏      | 18.5k/57.6k [07:01<14:38, 44.6doc/s]
  fiqa:  32%|███▏      | 18.5k/57.6k [07:01<14:52, 43.9doc/s]
  fiqa:  32%|███▏      | 18.5k/57.6k [07:01<14:28, 45.1doc/s]
  fiqa:  32%|███▏      | 18.5k/57.6k [07:01<14:31, 44.9doc/s]
  fiqa:  32%|███▏      | 18.5k/57.6k [07:01<14:35, 44.7doc/s]
  fiqa:  32%|███▏      | 18.5k/57.6k [07:02<14:39, 44.5doc/s]
  fiqa:  32%|███▏      | 18.6k/57.6k [07:02<14:44, 44.2doc/s]
  fiqa:  32%|███▏      | 18.6k/57.6k [07:02<14:44, 44.2doc/s]
  fiqa:  32%|███▏      | 18.6k/57.6k [07:02<14:41, 44.3doc/s]
  fiqa:  32%|███▏      | 18.6k/57.6k [07:02<14:50, 43.8doc/s]
  fiqa:  32%|███▏      | 18.6k/57.6k [07:03<14:54, 43.6doc/s]
  fiqa:  32%|███▏      | 18.6k/57.6k [07:03<14:54, 43.6doc/s]
  fiqa:  32%|███▏      | 18.6k/57.6k [07:03<14:57, 43.5doc/s]
  fiqa:  32%|███▏      | 18.6k/57.6k [07:03<14:49, 43.9doc/s]
  fiqa:  32%|███▏      | 18.6k/57.6k [07:03<14:47, 44.0doc/s]
  fiqa:  32%|███▏      | 18.6k/57.6k [07:03<14:47, 44.0doc/s]
  fiqa:  32%|███▏      | 18.6k/57.6k [07:04<14:54, 43.6doc/s]
  fiqa:  32%|███▏      | 18.6k/57.6k [07:04<14:49, 43.8doc/s]
  fiqa:  32%|███▏      | 18.6k/57.6k [07:04<14:49, 43.8doc/s]
  fiqa:  32%|███▏      | 18.7k/57.6k [07:04<14:50, 43.8doc/s]
  fiqa:  32%|███▏      | 18.7k/57.6k [07:04<14:24, 45.1doc/s]
  fiqa:  32%|███▏      | 18.7k/57.6k [07:05<14:34, 44.6doc/s]
  fiqa:  32%|███▏      | 18.7k/57.6k [07:05<14:43, 44.1doc/s]
  fiqa:  32%|███▏      | 18.7k/57.6k [07:05<14:47, 43.9doc/s]
  fiqa:  32%|███▏      | 18.7k/57.6k [07:05<14:50, 43.7doc/s]
  fiqa:  32%|███▏      | 18.7k/57.6k [07:05<14:51, 43.7doc/s]
  fiqa:  32%|███▏      | 18.7k/57.6k [07:05<14:50, 43.7doc/s]
  fiqa:  32%|███▏      | 18.7k/57.6k [07:06<15:10, 42.8doc/s]
  fiqa:  32%|███▏      | 18.7k/57.6k [07:06<15:15, 42.5doc/s]
  fiqa:  33%|███▎      | 18.7k/57.6k [07:06<15:13, 42.6doc/s]
  fiqa:  33%|███▎      | 18.7k/57.6k [07:06<15:08, 42.8doc/s]
  fiqa:  33%|███▎      | 18.8k/57.6k [07:06<15:04, 43.0doc/s]
  fiqa:  33%|███▎      | 18.8k/57.6k [07:07<15:02, 43.1doc/s]
  fiqa:  33%|███▎      | 18.8k/57.6k [07:07<14:58, 43.3doc/s]
  fiqa:  33%|███▎      | 18.8k/57.6k [07:07<14:54, 43.4doc/s]
  fiqa:  33%|███▎      | 18.8k/57.6k [07:07<14:56, 43.3doc/s]
  fiqa:  33%|███▎      | 18.8k/57.6k [07:07<14:54, 43.4doc/s]
  fiqa:  33%|███▎      | 18.8k/57.6k [07:07<14:54, 43.4doc/s]
  fiqa:  33%|███▎      | 18.8k/57.6k [07:08<15:07, 42.8doc/s]
  fiqa:  33%|███▎      | 18.8k/57.6k [07:08<15:13, 42.5doc/s]
  fiqa:  33%|███▎      | 18.8k/57.6k [07:08<15:11, 42.6doc/s]
  fiqa:  33%|███▎      | 18.8k/57.6k [07:08<15:07, 42.8doc/s]
  fiqa:  33%|███▎      | 18.8k/57.6k [07:08<15:03, 42.9doc/s]
  fiqa:  33%|███▎      | 18.8k/57.6k [07:09<15:03, 43.0doc/s]
  fiqa:  33%|███▎      | 18.9k/57.6k [07:09<14:53, 43.4doc/s]
  fiqa:  33%|███▎      | 18.9k/57.6k [07:09<14:51, 43.5doc/s]
  fiqa:  33%|███▎      | 18.9k/57.6k [07:09<14:23, 44.9doc/s]
  fiqa:  33%|███▎      | 18.9k/57.6k [07:09<14:26, 44.7doc/s]
  fiqa:  33%|███▎      | 18.9k/57.6k [07:10<14:27, 44.7doc/s]
  fiqa:  33%|███▎      | 18.9k/57.6k [07:10<14:29, 44.6doc/s]
  fiqa:  33%|███▎      | 18.9k/57.6k [07:10<14:09, 45.6doc/s]
  fiqa:  33%|███▎      | 18.9k/57.6k [07:10<14:25, 44.8doc/s]
  fiqa:  33%|███▎      | 18.9k/57.6k [07:10<14:35, 44.2doc/s]
  fiqa:  33%|███▎      | 18.9k/57.6k [07:10<14:41, 43.9doc/s]
  fiqa:  33%|███▎      | 18.9k/57.6k [07:11<14:45, 43.7doc/s]
  fiqa:  33%|███▎      | 18.9k/57.6k [07:11<14:48, 43.5doc/s]
  fiqa:  33%|███▎      | 19.0k/57.6k [07:11<14:45, 43.7doc/s]
  fiqa:  33%|███▎      | 19.0k/57.6k [07:11<14:38, 44.0doc/s]
  fiqa:  33%|███▎      | 19.0k/57.6k [07:11<14:36, 44.1doc/s]
  fiqa:  33%|███▎      | 19.0k/57.6k [07:11<14:31, 44.4doc/s]
  fiqa:  33%|███▎      | 19.0k/57.6k [07:12<14:52, 43.3doc/s]
  fiqa:  33%|███▎      | 19.0k/57.6k [07:12<14:33, 44.2doc/s]
  fiqa:  33%|███▎      | 19.0k/57.6k [07:12<14:48, 43.5doc/s]
  fiqa:  33%|███▎      | 19.0k/57.6k [07:12<14:49, 43.4doc/s]
  fiqa:  33%|███▎      | 19.0k/57.6k [07:12<14:42, 43.8doc/s]
  fiqa:  33%|███▎      | 19.0k/57.6k [07:13<14:37, 44.0doc/s]
  fiqa:  33%|███▎      | 19.0k/57.6k [07:13<14:33, 44.2doc/s]
  fiqa:  33%|███▎      | 19.0k/57.6k [07:13<14:34, 44.1doc/s]
  fiqa:  33%|███▎      | 19.0k/57.6k [07:13<14:38, 43.9doc/s]
  fiqa:  33%|███▎      | 19.1k/57.6k [07:13<14:33, 44.2doc/s]
  fiqa:  33%|███▎      | 19.1k/57.6k [07:14<14:25, 44.6doc/s]
  fiqa:  33%|███▎      | 19.1k/57.6k [07:14<14:26, 44.5doc/s]
  fiqa:  33%|███▎      | 19.1k/57.6k [07:14<14:27, 44.4doc/s]
  fiqa:  33%|███▎      | 19.1k/57.6k [07:14<14:33, 44.1doc/s]
  fiqa:  33%|███▎      | 19.1k/57.6k [07:14<14:37, 43.9doc/s]
  fiqa:  33%|███▎      | 19.1k/57.6k [07:14<14:39, 43.8doc/s]
  fiqa:  33%|███▎      | 19.1k/57.6k [07:15<14:43, 43.6doc/s]
  fiqa:  33%|███▎      | 19.1k/57.6k [07:15<14:44, 43.5doc/s]
  fiqa:  33%|███▎      | 19.1k/57.6k [07:15<14:44, 43.5doc/s]
  fiqa:  33%|███▎      | 19.1k/57.6k [07:15<14:44, 43.5doc/s]
  fiqa:  33%|███▎      | 19.1k/57.6k [07:15<14:16, 45.0doc/s]
  fiqa:  33%|███▎      | 19.2k/57.6k [07:15<14:23, 44.6doc/s]
  fiqa:  33%|███▎      | 19.2k/57.6k [07:16<14:29, 44.3doc/s]
  fiqa:  33%|███▎      | 19.2k/57.6k [07:16<14:53, 43.1doc/s]
  fiqa:  33%|███▎      | 19.2k/57.6k [07:16<14:59, 42.8doc/s]
  fiqa:  33%|███▎      | 19.2k/57.6k [07:16<14:55, 43.0doc/s]
  fiqa:  33%|███▎      | 19.2k/57.6k [07:16<14:54, 43.0doc/s]
  fiqa:  33%|███▎      | 19.2k/57.6k [07:17<14:46, 43.4doc/s]
  fiqa:  33%|███▎      | 19.2k/57.6k [07:17<14:38, 43.7doc/s]
  fiqa:  33%|███▎      | 19.2k/57.6k [07:17<14:31, 44.1doc/s]
  fiqa:  33%|███▎      | 19.2k/57.6k [07:17<14:32, 44.0doc/s]
  fiqa:  33%|███▎      | 19.2k/57.6k [07:17<14:28, 44.2doc/s]
  fiqa:  33%|███▎      | 19.2k/57.6k [07:18<14:24, 44.4doc/s]
  fiqa:  33%|███▎      | 19.2k/57.6k [07:18<14:41, 43.6doc/s]
  fiqa:  33%|███▎      | 19.3k/57.6k [07:18<14:47, 43.2doc/s]
  fiqa:  33%|███▎      | 19.3k/57.6k [07:18<14:51, 43.1doc/s]
  fiqa:  33%|███▎      | 19.3k/57.6k [07:18<14:51, 43.0doc/s]
  fiqa:  33%|███▎      | 19.3k/57.6k [07:18<14:47, 43.2doc/s]
  fiqa:  33%|███▎      | 19.3k/57.6k [07:19<14:40, 43.6doc/s]
  fiqa:  33%|███▎      | 19.3k/57.6k [07:19<14:38, 43.6doc/s]
  fiqa:  33%|███▎      | 19.3k/57.6k [07:19<14:37, 43.7doc/s]
  fiqa:  34%|███▎      | 19.3k/57.6k [07:19<14:31, 44.0doc/s]
  fiqa:  34%|███▎      | 19.3k/57.6k [07:19<14:21, 44.5doc/s]
  fiqa:  34%|███▎      | 19.3k/57.6k [07:20<14:18, 44.6doc/s]
  fiqa:  34%|███▎      | 19.3k/57.6k [07:20<14:15, 44.8doc/s]
  fiqa:  34%|███▎      | 19.3k/57.6k [07:20<14:13, 44.9doc/s]
  fiqa:  34%|███▎      | 19.4k/57.6k [07:20<14:03, 45.4doc/s]
  fiqa:  34%|███▎      | 19.4k/57.6k [07:20<14:24, 44.3doc/s]
  fiqa:  34%|███▎      | 19.4k/57.6k [07:20<14:46, 43.1doc/s]
  fiqa:  34%|███▎      | 19.4k/57.6k [07:21<14:54, 42.8doc/s]
  fiqa:  34%|███▎      | 19.4k/57.6k [07:21<14:54, 42.8doc/s]
  fiqa:  34%|███▎      | 19.4k/57.6k [07:21<14:47, 43.1doc/s]
  fiqa:  34%|███▎      | 19.4k/57.6k [07:21<14:40, 43.4doc/s]
  fiqa:  34%|███▎      | 19.4k/57.6k [07:21<14:13, 44.8doc/s]
  fiqa:  34%|███▎      | 19.4k/57.6k [07:22<14:17, 44.6doc/s]
  fiqa:  34%|███▎      | 19.4k/57.6k [07:22<13:56, 45.7doc/s]
  fiqa:  34%|███▎      | 19.4k/57.6k [07:22<14:04, 45.2doc/s]
  fiqa:  34%|███▎      | 19.4k/57.6k [07:22<14:04, 45.2doc/s]
  fiqa:  34%|███▎      | 19.4k/57.6k [07:22<14:10, 44.9doc/s]
  fiqa:  34%|███▍      | 19.5k/57.6k [07:22<14:10, 44.9doc/s]
  fiqa:  34%|███▍      | 19.5k/57.6k [07:23<14:15, 44.6doc/s]
  fiqa:  34%|███▍      | 19.5k/57.6k [07:23<14:22, 44.3doc/s]
  fiqa:  34%|███▍      | 19.5k/57.6k [07:23<14:21, 44.3doc/s]
  fiqa:  34%|███▍      | 19.5k/57.6k [07:23<14:31, 43.8doc/s]
  fiqa:  34%|███▍      | 19.5k/57.6k [07:23<14:45, 43.1doc/s]
  fiqa:  34%|███▍      | 19.5k/57.6k [07:24<14:52, 42.7doc/s]
  fiqa:  34%|███▍      | 19.5k/57.6k [07:24<14:51, 42.8doc/s]
  fiqa:  34%|███▍      | 19.5k/57.6k [07:24<14:50, 42.8doc/s]
  fiqa:  34%|███▍      | 19.5k/57.6k [07:24<14:48, 42.9doc/s]
  fiqa:  34%|███▍      | 19.5k/57.6k [07:24<14:36, 43.5doc/s]
  fiqa:  34%|███▍      | 19.5k/57.6k [07:24<14:33, 43.6doc/s]
  fiqa:  34%|███▍      | 19.6k/57.6k [07:25<14:32, 43.7doc/s]
  fiqa:  34%|███▍      | 19.6k/57.6k [07:25<14:38, 43.4doc/s]
  fiqa:  34%|███▍      | 19.6k/57.6k [07:25<14:36, 43.5doc/s]
  fiqa:  34%|███▍      | 19.6k/57.6k [07:25<14:32, 43.6doc/s]
  fiqa:  34%|███▍      | 19.6k/57.6k [07:25<14:29, 43.8doc/s]
  fiqa:  34%|███▍      | 19.6k/57.6k [07:26<14:30, 43.7doc/s]
  fiqa:  34%|███▍      | 19.6k/57.6k [07:26<14:27, 43.9doc/s]
  fiqa:  34%|███▍      | 19.6k/57.6k [07:26<14:24, 44.0doc/s]
  fiqa:  34%|███▍      | 19.6k/57.6k [07:26<14:42, 43.1doc/s]
  fiqa:  34%|███▍      | 19.6k/57.6k [07:26<14:44, 43.0doc/s]
  fiqa:  34%|███▍      | 19.6k/57.6k [07:26<14:42, 43.1doc/s]
  fiqa:  34%|███▍      | 19.6k/57.6k [07:27<14:44, 42.9doc/s]
  fiqa:  34%|███▍      | 19.6k/57.6k [07:27<14:42, 43.0doc/s]
  fiqa:  34%|███▍      | 19.7k/57.6k [07:27<14:34, 43.4doc/s]
  fiqa:  34%|███▍      | 19.7k/57.6k [07:27<14:31, 43.6doc/s]
  fiqa:  34%|███▍      | 19.7k/57.6k [07:27<14:31, 43.6doc/s]
  fiqa:  34%|███▍      | 19.7k/57.6k [07:28<14:28, 43.7doc/s]
  fiqa:  34%|███▍      | 19.7k/57.6k [07:28<14:20, 44.1doc/s]
  fiqa:  34%|███▍      | 19.7k/57.6k [07:28<14:08, 44.7doc/s]
  fiqa:  34%|███▍      | 19.7k/57.6k [07:28<14:07, 44.8doc/s]
  fiqa:  34%|███▍      | 19.7k/57.6k [07:28<14:06, 44.8doc/s]
  fiqa:  34%|███▍      | 19.7k/57.6k [07:28<14:26, 43.8doc/s]
  fiqa:  34%|███▍      | 19.7k/57.6k [07:29<14:41, 43.0doc/s]
  fiqa:  34%|███▍      | 19.7k/57.6k [07:29<14:47, 42.7doc/s]
  fiqa:  34%|███▍      | 19.7k/57.6k [07:29<14:19, 44.1doc/s]
  fiqa:  34%|███▍      | 19.8k/57.6k [07:29<14:24, 43.8doc/s]
  fiqa:  34%|███▍      | 19.8k/57.6k [07:29<14:19, 44.0doc/s]
  fiqa:  34%|███▍      | 19.8k/57.6k [07:30<14:25, 43.7doc/s]
  fiqa:  34%|███▍      | 19.8k/57.6k [07:30<14:23, 43.9doc/s]
  fiqa:  34%|███▍      | 19.8k/57.6k [07:30<14:20, 44.0doc/s]
  fiqa:  34%|███▍      | 19.8k/57.6k [07:30<14:15, 44.3doc/s]
  fiqa:  34%|███▍      | 19.8k/57.6k [07:30<14:27, 43.6doc/s]
  fiqa:  34%|███▍      | 19.8k/57.6k [07:31<14:35, 43.2doc/s]
  fiqa:  34%|███▍      | 19.8k/57.6k [07:31<14:38, 43.1doc/s]
  fiqa:  34%|███▍      | 19.8k/57.6k [07:31<14:41, 42.9doc/s]
  fiqa:  34%|███▍      | 19.8k/57.6k [07:31<14:41, 42.9doc/s]
  fiqa:  34%|███▍      | 19.8k/57.6k [07:31<14:37, 43.1doc/s]
  fiqa:  34%|███▍      | 19.8k/57.6k [07:31<14:30, 43.4doc/s]
  fiqa:  34%|███▍      | 19.9k/57.6k [07:32<14:29, 43.5doc/s]
  fiqa:  34%|███▍      | 19.9k/57.6k [07:32<14:30, 43.4doc/s]
  fiqa:  34%|███▍      | 19.9k/57.6k [07:32<14:23, 43.7doc/s]
  fiqa:  34%|███▍      | 19.9k/57.6k [07:32<14:22, 43.8doc/s]
  fiqa:  35%|███▍      | 19.9k/57.6k [07:32<14:22, 43.8doc/s]
  fiqa:  35%|███▍      | 19.9k/57.6k [07:33<14:24, 43.7doc/s]
  fiqa:  35%|███▍      | 19.9k/57.6k [07:33<14:23, 43.7doc/s]
  fiqa:  35%|███▍      | 19.9k/57.6k [07:33<14:22, 43.7doc/s]
  fiqa:  35%|███▍      | 19.9k/57.6k [07:33<14:23, 43.7doc/s]
  fiqa:  35%|███▍      | 19.9k/57.6k [07:33<14:20, 43.8doc/s]
  fiqa:  35%|███▍      | 19.9k/57.6k [07:33<14:21, 43.8doc/s]
  fiqa:  35%|███▍      | 19.9k/57.6k [07:34<14:21, 43.7doc/s]
  fiqa:  35%|███▍      | 20.0k/57.6k [07:34<14:23, 43.6doc/s]
  fiqa:  35%|███▍      | 20.0k/57.6k [07:34<14:24, 43.6doc/s]
  fiqa:  35%|███▍      | 20.0k/57.6k [07:34<14:14, 44.1doc/s]
  fiqa:  35%|███▍      | 20.0k/57.6k [07:34<14:17, 43.9doc/s]
  fiqa:  35%|███▍      | 20.0k/57.6k [07:35<14:21, 43.7doc/s]
  fiqa:  35%|███▍      | 20.0k/57.6k [07:35<14:20, 43.8doc/s]
  fiqa:  35%|███▍      | 20.0k/57.6k [07:35<14:22, 43.6doc/s]
  fiqa:  35%|███▍      | 20.0k/57.6k [07:35<14:25, 43.5doc/s]
  fiqa:  35%|███▍      | 20.0k/57.6k [07:35<14:25, 43.4doc/s]
  fiqa:  35%|███▍      | 20.0k/57.6k [07:35<13:51, 45.3doc/s]
  fiqa:  35%|███▍      | 20.0k/57.6k [07:36<13:56, 45.0doc/s]
  fiqa:  35%|███▍      | 20.0k/57.6k [07:36<14:03, 44.6doc/s]
  fiqa:  35%|███▍      | 20.0k/57.6k [07:36<13:37, 46.0doc/s]
  fiqa:  35%|███▍      | 20.1k/57.6k [07:36<13:41, 45.7doc/s]
  fiqa:  35%|███▍      | 20.1k/57.6k [07:36<13:47, 45.4doc/s]
  fiqa:  35%|███▍      | 20.1k/57.6k [07:36<13:52, 45.1doc/s]
  fiqa:  35%|███▍      | 20.1k/57.6k [07:37<14:02, 44.6doc/s]
  fiqa:  35%|███▍      | 20.1k/57.6k [07:37<14:08, 44.2doc/s]
  fiqa:  35%|███▍      | 20.1k/57.6k [07:37<14:14, 43.9doc/s]
  fiqa:  35%|███▍      | 20.1k/57.6k [07:37<14:17, 43.8doc/s]
  fiqa:  35%|███▍      | 20.1k/57.6k [07:37<14:07, 44.3doc/s]
  fiqa:  35%|███▍      | 20.1k/57.6k [07:38<14:06, 44.3doc/s]
  fiqa:  35%|███▍      | 20.1k/57.6k [07:38<14:22, 43.5doc/s]
  fiqa:  35%|███▍      | 20.1k/57.6k [07:38<14:29, 43.1doc/s]
  fiqa:  35%|███▍      | 20.1k/57.6k [07:38<14:32, 43.0doc/s]
  fiqa:  35%|███▍      | 20.2k/57.6k [07:38<14:29, 43.1doc/s]
  fiqa:  35%|███▍      | 20.2k/57.6k [07:39<14:16, 43.7doc/s]
  fiqa:  35%|███▍      | 20.2k/57.6k [07:39<14:23, 43.4doc/s]
  fiqa:  35%|███▌      | 20.2k/57.6k [07:39<14:28, 43.1doc/s]
  fiqa:  35%|███▌      | 20.2k/57.6k [07:39<14:31, 43.0doc/s]
  fiqa:  35%|███▌      | 20.2k/57.6k [07:39<14:36, 42.7doc/s]
  fiqa:  35%|███▌      | 20.2k/57.6k [07:39<14:34, 42.8doc/s]
  fiqa:  35%|███▌      | 20.2k/57.6k [07:40<14:27, 43.1doc/s]
  fiqa:  35%|███▌      | 20.2k/57.6k [07:40<14:21, 43.4doc/s]
  fiqa:  35%|███▌      | 20.2k/57.6k [07:40<14:19, 43.5doc/s]
  fiqa:  35%|███▌      | 20.2k/57.6k [07:40<14:17, 43.6doc/s]
  fiqa:  35%|███▌      | 20.2k/57.6k [07:40<14:07, 44.1doc/s]
  fiqa:  35%|███▌      | 20.2k/57.6k [07:41<14:03, 44.3doc/s]
  fiqa:  35%|███▌      | 20.3k/57.6k [07:41<13:55, 44.7doc/s]
  fiqa:  35%|███▌      | 20.3k/57.6k [07:41<13:53, 44.8doc/s]
  fiqa:  35%|███▌      | 20.3k/57.6k [07:41<13:54, 44.8doc/s]
  fiqa:  35%|███▌      | 20.3k/57.6k [07:41<14:22, 43.3doc/s]
  fiqa:  35%|███▌      | 20.3k/57.6k [07:41<14:37, 42.5doc/s]
  fiqa:  35%|███▌      | 20.3k/57.6k [07:42<14:43, 42.3doc/s]
  fiqa:  35%|███▌      | 20.3k/57.6k [07:42<14:36, 42.6doc/s]
  fiqa:  35%|███▌      | 20.3k/57.6k [07:42<14:20, 43.4doc/s]
  fiqa:  35%|███▌      | 20.3k/57.6k [07:42<14:10, 43.9doc/s]
  fiqa:  35%|███▌      | 20.3k/57.6k [07:42<14:07, 44.0doc/s]
  fiqa:  35%|███▌      | 20.3k/57.6k [07:43<14:06, 44.1doc/s]
  fiqa:  35%|███▌      | 20.3k/57.6k [07:43<14:07, 44.0doc/s]
  fiqa:  35%|███▌      | 20.4k/57.6k [07:43<14:03, 44.2doc/s]
  fiqa:  35%|███▌      | 20.4k/57.6k [07:43<14:03, 44.2doc/s]
  fiqa:  35%|███▌      | 20.4k/57.6k [07:43<14:04, 44.1doc/s]
  fiqa:  35%|███▌      | 20.4k/57.6k [07:43<14:03, 44.2doc/s]
  fiqa:  35%|███▌      | 20.4k/57.6k [07:44<13:32, 45.9doc/s]
  fiqa:  35%|███▌      | 20.4k/57.6k [07:44<13:36, 45.6doc/s]
  fiqa:  35%|███▌      | 20.4k/57.6k [07:44<13:44, 45.1doc/s]
  fiqa:  35%|███▌      | 20.4k/57.6k [07:44<13:56, 44.5doc/s]
  fiqa:  35%|███▌      | 20.4k/57.6k [07:44<14:01, 44.2doc/s]
  fiqa:  35%|███▌      | 20.4k/57.6k [07:45<13:54, 44.6doc/s]
  fiqa:  35%|███▌      | 20.4k/57.6k [07:45<14:12, 43.6doc/s]
  fiqa:  35%|███▌      | 20.4k/57.6k [07:45<14:16, 43.4doc/s]
  fiqa:  35%|███▌      | 20.4k/57.6k [07:45<14:09, 43.8doc/s]
  fiqa:  35%|███▌      | 20.5k/57.6k [07:45<14:22, 43.1doc/s]
  fiqa:  36%|███▌      | 20.5k/57.6k [07:45<14:03, 44.1doc/s]
  fiqa:  36%|███▌      | 20.5k/57.6k [07:46<14:18, 43.3doc/s]
  fiqa:  36%|███▌      | 20.5k/57.6k [07:46<14:17, 43.3doc/s]
  fiqa:  36%|███▌      | 20.5k/57.6k [07:46<14:09, 43.7doc/s]
  fiqa:  36%|███▌      | 20.5k/57.6k [07:46<14:01, 44.2doc/s]
  fiqa:  36%|███▌      | 20.5k/57.6k [07:46<14:03, 44.0doc/s]
  fiqa:  36%|███▌      | 20.5k/57.6k [07:47<14:09, 43.7doc/s]
  fiqa:  36%|███▌      | 20.5k/57.6k [07:47<14:10, 43.6doc/s]
  fiqa:  36%|███▌      | 20.5k/57.6k [07:47<14:05, 43.9doc/s]
  fiqa:  36%|███▌      | 20.5k/57.6k [07:47<14:19, 43.1doc/s]
  fiqa:  36%|███▌      | 20.5k/57.6k [07:47<14:31, 42.6doc/s]
  fiqa:  36%|███▌      | 20.6k/57.6k [07:47<14:32, 42.5doc/s]
  fiqa:  36%|███▌      | 20.6k/57.6k [07:48<14:25, 42.8doc/s]
  fiqa:  36%|███▌      | 20.6k/57.6k [07:48<14:14, 43.4doc/s]
  fiqa:  36%|███▌      | 20.6k/57.6k [07:48<13:59, 44.1doc/s]
  fiqa:  36%|███▌      | 20.6k/57.6k [07:48<13:49, 44.7doc/s]
  fiqa:  36%|███▌      | 20.6k/57.6k [07:48<13:50, 44.6doc/s]
  fiqa:  36%|███▌      | 20.6k/57.6k [07:49<13:46, 44.8doc/s]
  fiqa:  36%|███▌      | 20.6k/57.6k [07:49<14:04, 43.9doc/s]
  fiqa:  36%|███▌      | 20.6k/57.6k [07:49<14:22, 42.9doc/s]
  fiqa:  36%|███▌      | 20.6k/57.6k [07:49<14:24, 42.8doc/s]
  fiqa:  36%|███▌      | 20.6k/57.6k [07:49<14:22, 42.9doc/s]
  fiqa:  36%|███▌      | 20.6k/57.6k [07:50<14:21, 43.0doc/s]
  fiqa:  36%|███▌      | 20.6k/57.6k [07:50<14:12, 43.4doc/s]
  fiqa:  36%|███▌      | 20.7k/57.6k [07:50<14:06, 43.7doc/s]
  fiqa:  36%|███▌      | 20.7k/57.6k [07:50<14:02, 43.9doc/s]
  fiqa:  36%|███▌      | 20.7k/57.6k [07:50<14:01, 43.9doc/s]
  fiqa:  36%|███▌      | 20.7k/57.6k [07:50<13:55, 44.2doc/s]
  fiqa:  36%|███▌      | 20.7k/57.6k [07:51<13:49, 44.5doc/s]
  fiqa:  36%|███▌      | 20.7k/57.6k [07:51<13:49, 44.5doc/s]
  fiqa:  36%|███▌      | 20.7k/57.6k [07:51<13:55, 44.2doc/s]
  fiqa:  36%|███▌      | 20.7k/57.6k [07:51<13:59, 44.0doc/s]
  fiqa:  36%|███▌      | 20.7k/57.6k [07:51<13:55, 44.2doc/s]
  fiqa:  36%|███▌      | 20.7k/57.6k [07:51<13:58, 44.0doc/s]
  fiqa:  36%|███▌      | 20.7k/57.6k [07:52<14:00, 43.9doc/s]
  fiqa:  36%|███▌      | 20.7k/57.6k [07:52<14:01, 43.8doc/s]
  fiqa:  36%|███▌      | 20.8k/57.6k [07:52<13:52, 44.3doc/s]
  fiqa:  36%|███▌      | 20.8k/57.6k [07:52<13:51, 44.3doc/s]
  fiqa:  36%|███▌      | 20.8k/57.6k [07:52<13:45, 44.7doc/s]
  fiqa:  36%|███▌      | 20.8k/57.6k [07:53<13:48, 44.5doc/s]
  fiqa:  36%|███▌      | 20.8k/57.6k [07:53<13:52, 44.3doc/s]
  fiqa:  36%|███▌      | 20.8k/57.6k [07:53<14:09, 43.4doc/s]
  fiqa:  36%|███▌      | 20.8k/57.6k [07:53<14:21, 42.8doc/s]
  fiqa:  36%|███▌      | 20.8k/57.6k [07:53<14:16, 43.0doc/s]
  fiqa:  36%|███▌      | 20.8k/57.6k [07:54<14:14, 43.1doc/s]
  fiqa:  36%|███▌      | 20.8k/57.6k [07:54<14:14, 43.1doc/s]
  fiqa:  36%|███▌      | 20.8k/57.6k [07:54<14:12, 43.2doc/s]
  fiqa:  36%|███▌      | 20.8k/57.6k [07:54<14:13, 43.1doc/s]
  fiqa:  36%|███▌      | 20.8k/57.6k [07:54<14:16, 43.0doc/s]
  fiqa:  36%|███▌      | 20.9k/57.6k [07:54<14:14, 43.1doc/s]
  fiqa:  36%|███▌      | 20.9k/57.6k [07:55<14:11, 43.2doc/s]
  fiqa:  36%|███▌      | 20.9k/57.6k [07:55<14:03, 43.6doc/s]
  fiqa:  36%|███▌      | 20.9k/57.6k [07:55<13:55, 44.0doc/s]
  fiqa:  36%|███▌      | 20.9k/57.6k [07:55<13:24, 45.7doc/s]
  fiqa:  36%|███▋      | 20.9k/57.6k [07:55<13:31, 45.3doc/s]
  fiqa:  36%|███▋      | 20.9k/57.6k [07:55<13:37, 44.9doc/s]
  fiqa:  36%|███▋      | 20.9k/57.6k [07:56<13:42, 44.7doc/s]
  fiqa:  36%|███▋      | 20.9k/57.6k [07:56<13:46, 44.4doc/s]
  fiqa:  36%|███▋      | 20.9k/57.6k [07:56<13:49, 44.3doc/s]
  fiqa:  36%|███▋      | 20.9k/57.6k [07:56<13:46, 44.4doc/s]
  fiqa:  36%|███▋      | 20.9k/57.6k [07:56<14:05, 43.4doc/s]
  fiqa:  36%|███▋      | 21.0k/57.6k [07:57<14:11, 43.1doc/s]
  fiqa:  36%|███▋      | 21.0k/57.6k [07:57<14:16, 42.8doc/s]
  fiqa:  36%|███▋      | 21.0k/57.6k [07:57<14:09, 43.2doc/s]
  fiqa:  36%|███▋      | 21.0k/57.6k [07:57<14:00, 43.6doc/s]
  fiqa:  36%|███▋      | 21.0k/57.6k [07:57<13:50, 44.2doc/s]
  fiqa:  36%|███▋      | 21.0k/57.6k [07:58<13:48, 44.2doc/s]
  fiqa:  36%|███▋      | 21.0k/57.6k [07:58<13:46, 44.3doc/s]
  fiqa:  36%|███▋      | 21.0k/57.6k [07:58<13:47, 44.2doc/s]
  fiqa:  36%|███▋      | 21.0k/57.6k [07:58<13:46, 44.3doc/s]
  fiqa:  36%|███▋      | 21.0k/57.6k [07:58<13:24, 45.5doc/s]
  fiqa:  36%|███▋      | 21.0k/57.6k [07:58<13:42, 44.5doc/s]
  fiqa:  37%|███▋      | 21.0k/57.6k [07:59<13:47, 44.2doc/s]
  fiqa:  37%|███▋      | 21.0k/57.6k [07:59<13:51, 44.0doc/s]
  fiqa:  37%|███▋      | 21.1k/57.6k [07:59<13:51, 44.0doc/s]
  fiqa:  37%|███▋      | 21.1k/57.6k [07:59<13:53, 43.9doc/s]
  fiqa:  37%|███▋      | 21.1k/57.6k [07:59<13:52, 43.9doc/s]
  fiqa:  37%|███▋      | 21.1k/57.6k [08:00<13:53, 43.8doc/s]
  fiqa:  37%|███▋      | 21.1k/57.6k [08:00<14:10, 43.0doc/s]
  fiqa:  37%|███▋      | 21.1k/57.6k [08:00<14:16, 42.7doc/s]
  fiqa:  37%|███▋      | 21.1k/57.6k [08:00<13:43, 44.4doc/s]
  fiqa:  37%|███▋      | 21.1k/57.6k [08:00<13:41, 44.4doc/s]
  fiqa:  37%|███▋      | 21.1k/57.6k [08:00<13:55, 43.7doc/s]
  fiqa:  37%|███▋      | 21.1k/57.6k [08:01<14:09, 43.0doc/s]
  fiqa:  37%|███▋      | 21.1k/57.6k [08:01<14:10, 42.9doc/s]
  fiqa:  37%|███▋      | 21.1k/57.6k [08:01<14:06, 43.1doc/s]
  fiqa:  37%|███▋      | 21.2k/57.6k [08:01<13:55, 43.6doc/s]
  fiqa:  37%|███▋      | 21.2k/57.6k [08:01<13:51, 43.8doc/s]
  fiqa:  37%|███▋      | 21.2k/57.6k [08:02<14:10, 42.9doc/s]
  fiqa:  37%|███▋      | 21.2k/57.6k [08:02<14:22, 42.3doc/s]
  fiqa:  37%|███▋      | 21.2k/57.6k [08:02<14:28, 42.0doc/s]
  fiqa:  37%|███▋      | 21.2k/57.6k [08:02<14:19, 42.4doc/s]
  fiqa:  37%|███▋      | 21.2k/57.6k [08:02<14:07, 43.0doc/s]
  fiqa:  37%|███▋      | 21.2k/57.6k [08:02<13:53, 43.7doc/s]
  fiqa:  37%|███▋      | 21.2k/57.6k [08:03<13:42, 44.3doc/s]
  fiqa:  37%|███▋      | 21.2k/57.6k [08:03<13:38, 44.5doc/s]
  fiqa:  37%|███▋      | 21.2k/57.6k [08:03<13:36, 44.6doc/s]
  fiqa:  37%|███▋      | 21.2k/57.6k [08:03<13:34, 44.7doc/s]
  fiqa:  37%|███▋      | 21.2k/57.6k [08:03<13:36, 44.5doc/s]
  fiqa:  37%|███▋      | 21.3k/57.6k [08:04<13:33, 44.7doc/s]
  fiqa:  37%|███▋      | 21.3k/57.6k [08:04<13:38, 44.4doc/s]
  fiqa:  37%|███▋      | 21.3k/57.6k [08:04<13:41, 44.3doc/s]
  fiqa:  37%|███▋      | 21.3k/57.6k [08:04<13:46, 44.0doc/s]
  fiqa:  37%|███▋      | 21.3k/57.6k [08:04<13:45, 44.0doc/s]
  fiqa:  37%|███▋      | 21.3k/57.6k [08:04<13:46, 44.0doc/s]
  fiqa:  37%|███▋      | 21.3k/57.6k [08:05<13:47, 43.9doc/s]
  fiqa:  37%|███▋      | 21.3k/57.6k [08:05<13:45, 44.0doc/s]
  fiqa:  37%|███▋      | 21.3k/57.6k [08:05<13:47, 43.9doc/s]
  fiqa:  37%|███▋      | 21.3k/57.6k [08:05<13:48, 43.8doc/s]
  fiqa:  37%|███▋      | 21.3k/57.6k [08:05<13:50, 43.7doc/s]
  fiqa:  37%|███▋      | 21.3k/57.6k [08:06<13:49, 43.7doc/s]
  fiqa:  37%|███▋      | 21.4k/57.6k [08:06<13:48, 43.8doc/s]
  fiqa:  37%|███▋      | 21.4k/57.6k [08:06<13:41, 44.2doc/s]
  fiqa:  37%|███▋      | 21.4k/57.6k [08:06<13:42, 44.1doc/s]
  fiqa:  37%|███▋      | 21.4k/57.6k [08:06<13:43, 44.0doc/s]
  fiqa:  37%|███▋      | 21.4k/57.6k [08:06<13:46, 43.9doc/s]
  fiqa:  37%|███▋      | 21.4k/57.6k [08:07<13:38, 44.3doc/s]
  fiqa:  37%|███▋      | 21.4k/57.6k [08:07<13:41, 44.1doc/s]
  fiqa:  37%|███▋      | 21.4k/57.6k [08:07<13:39, 44.2doc/s]
  fiqa:  37%|███▋      | 21.4k/57.6k [08:07<13:42, 44.0doc/s]
  fiqa:  37%|███▋      | 21.4k/57.6k [08:07<13:17, 45.4doc/s]
  fiqa:  37%|███▋      | 21.4k/57.6k [08:08<13:26, 44.9doc/s]
  fiqa:  37%|███▋      | 21.4k/57.6k [08:08<13:34, 44.5doc/s]
  fiqa:  37%|███▋      | 21.4k/57.6k [08:08<13:37, 44.3doc/s]
  fiqa:  37%|███▋      | 21.5k/57.6k [08:08<13:40, 44.1doc/s]
  fiqa:  37%|███▋      | 21.5k/57.6k [08:08<13:42, 44.0doc/s]
  fiqa:  37%|███▋      | 21.5k/57.6k [08:08<13:42, 44.0doc/s]
  fiqa:  37%|███▋      | 21.5k/57.6k [08:09<13:43, 43.9doc/s]
  fiqa:  37%|███▋      | 21.5k/57.6k [08:09<13:45, 43.8doc/s]
  fiqa:  37%|███▋      | 21.5k/57.6k [08:09<13:43, 43.9doc/s]
  fiqa:  37%|███▋      | 21.5k/57.6k [08:09<13:43, 43.9doc/s]
  fiqa:  37%|███▋      | 21.5k/57.6k [08:09<13:42, 43.9doc/s]
  fiqa:  37%|███▋      | 21.5k/57.6k [08:10<13:42, 43.9doc/s]
  fiqa:  37%|███▋      | 21.5k/57.6k [08:10<13:39, 44.0doc/s]
  fiqa:  37%|███▋      | 21.5k/57.6k [08:10<13:41, 43.9doc/s]
  fiqa:  37%|███▋      | 21.5k/57.6k [08:10<13:43, 43.8doc/s]
  fiqa:  37%|███▋      | 21.6k/57.6k [08:10<13:41, 43.9doc/s]
  fiqa:  37%|███▋      | 21.6k/57.6k [08:10<13:42, 43.8doc/s]
  fiqa:  37%|███▋      | 21.6k/57.6k [08:11<13:42, 43.8doc/s]
  fiqa:  37%|███▋      | 21.6k/57.6k [08:11<13:42, 43.8doc/s]
  fiqa:  37%|███▋      | 21.6k/57.6k [08:11<13:40, 43.9doc/s]
  fiqa:  37%|███▋      | 21.6k/57.6k [08:11<13:38, 44.1doc/s]
  fiqa:  37%|███▋      | 21.6k/57.6k [08:11<13:42, 43.8doc/s]
  fiqa:  37%|███▋      | 21.6k/57.6k [08:12<13:47, 43.5doc/s]
  fiqa:  38%|███▊      | 21.6k/57.6k [08:12<13:48, 43.5doc/s]
  fiqa:  38%|███▊      | 21.6k/57.6k [08:12<13:44, 43.7doc/s]
  fiqa:  38%|███▊      | 21.6k/57.6k [08:12<13:43, 43.7doc/s]
  fiqa:  38%|███▊      | 21.6k/57.6k [08:12<13:40, 43.9doc/s]
  fiqa:  38%|███▊      | 21.6k/57.6k [08:12<13:42, 43.8doc/s]
  fiqa:  38%|███▊      | 21.7k/57.6k [08:13<13:42, 43.7doc/s]
  fiqa:  38%|███▊      | 21.7k/57.6k [08:13<13:18, 45.1doc/s]
  fiqa:  38%|███▊      | 21.7k/57.6k [08:13<13:26, 44.6doc/s]
  fiqa:  38%|███▊      | 21.7k/57.6k [08:13<13:34, 44.1doc/s]
  fiqa:  38%|███▊      | 21.7k/57.6k [08:13<13:37, 44.0doc/s]
  fiqa:  38%|███▊      | 21.7k/57.6k [08:14<13:31, 44.3doc/s]
  fiqa:  38%|███▊      | 21.7k/57.6k [08:14<13:31, 44.3doc/s]
  fiqa:  38%|███▊      | 21.7k/57.6k [08:14<13:29, 44.4doc/s]
  fiqa:  38%|███▊      | 21.7k/57.6k [08:14<13:29, 44.4doc/s]
  fiqa:  38%|███▊      | 21.7k/57.6k [08:14<13:32, 44.2doc/s]
  fiqa:  38%|███▊      | 21.7k/57.6k [08:14<13:52, 43.1doc/s]
  fiqa:  38%|███▊      | 21.7k/57.6k [08:15<13:58, 42.8doc/s]
  fiqa:  38%|███▊      | 21.8k/57.6k [08:15<13:57, 42.9doc/s]
  fiqa:  38%|███▊      | 21.8k/57.6k [08:15<13:53, 43.1doc/s]
  fiqa:  38%|███▊      | 21.8k/57.6k [08:15<13:54, 43.0doc/s]
  fiqa:  38%|███▊      | 21.8k/57.6k [08:15<13:49, 43.3doc/s]
  fiqa:  38%|███▊      | 21.8k/57.6k [08:16<13:42, 43.6doc/s]
  fiqa:  38%|███▊      | 21.8k/57.6k [08:16<13:40, 43.7doc/s]
  fiqa:  38%|███▊      | 21.8k/57.6k [08:16<13:39, 43.7doc/s]
  fiqa:  38%|███▊      | 21.8k/57.6k [08:16<13:00, 45.9doc/s]
  fiqa:  38%|███▊      | 21.8k/57.6k [08:16<13:02, 45.8doc/s]
  fiqa:  38%|███▊      | 21.8k/57.6k [08:16<13:10, 45.3doc/s]
  fiqa:  38%|███▊      | 21.8k/57.6k [08:17<13:13, 45.1doc/s]
  fiqa:  38%|███▊      | 21.8k/57.6k [08:17<13:15, 45.0doc/s]
  fiqa:  38%|███▊      | 21.8k/57.6k [08:17<13:21, 44.6doc/s]
  fiqa:  38%|███▊      | 21.9k/57.6k [08:17<13:25, 44.4doc/s]
  fiqa:  38%|███▊      | 21.9k/57.6k [08:17<13:28, 44.3doc/s]
  fiqa:  38%|███▊      | 21.9k/57.6k [08:18<13:27, 44.3doc/s]
  fiqa:  38%|███▊      | 21.9k/57.6k [08:18<13:25, 44.4doc/s]
  fiqa:  38%|███▊      | 21.9k/57.6k [08:18<13:29, 44.2doc/s]
  fiqa:  38%|███▊      | 21.9k/57.6k [08:18<13:30, 44.1doc/s]
  fiqa:  38%|███▊      | 21.9k/57.6k [08:18<13:26, 44.3doc/s]
  fiqa:  38%|███▊      | 21.9k/57.6k [08:18<13:15, 44.9doc/s]
  fiqa:  38%|███▊      | 21.9k/57.6k [08:19<13:17, 44.8doc/s]
  fiqa:  38%|███▊      | 21.9k/57.6k [08:19<13:19, 44.6doc/s]
  fiqa:  38%|███▊      | 21.9k/57.6k [08:19<13:24, 44.4doc/s]
  fiqa:  38%|███▊      | 21.9k/57.6k [08:19<13:19, 44.6doc/s]
  fiqa:  38%|███▊      | 22.0k/57.6k [08:19<13:37, 43.6doc/s]
  fiqa:  38%|███▊      | 22.0k/57.6k [08:20<13:41, 43.4doc/s]
  fiqa:  38%|███▊      | 22.0k/57.6k [08:20<13:43, 43.3doc/s]
  fiqa:  38%|███▊      | 22.0k/57.6k [08:20<13:39, 43.5doc/s]
  fiqa:  38%|███▊      | 22.0k/57.6k [08:20<13:37, 43.6doc/s]
  fiqa:  38%|███▊      | 22.0k/57.6k [08:20<13:37, 43.6doc/s]
  fiqa:  38%|███▊      | 22.0k/57.6k [08:20<13:36, 43.6doc/s]
  fiqa:  38%|███▊      | 22.0k/57.6k [08:21<13:34, 43.8doc/s]
  fiqa:  38%|███▊      | 22.0k/57.6k [08:21<13:08, 45.2doc/s]
  fiqa:  38%|███▊      | 22.0k/57.6k [08:21<13:09, 45.1doc/s]
  fiqa:  38%|███▊      | 22.0k/57.6k [08:21<13:17, 44.6doc/s]
  fiqa:  38%|███▊      | 22.0k/57.6k [08:21<13:15, 44.8doc/s]
  fiqa:  38%|███▊      | 22.0k/57.6k [08:22<13:28, 44.0doc/s]
  fiqa:  38%|███▊      | 22.1k/57.6k [08:22<13:41, 43.3doc/s]
  fiqa:  38%|███▊      | 22.1k/57.6k [08:22<13:46, 43.0doc/s]
  fiqa:  38%|███▊      | 22.1k/57.6k [08:22<13:45, 43.1doc/s]
  fiqa:  38%|███▊      | 22.1k/57.6k [08:22<13:34, 43.6doc/s]
  fiqa:  38%|███▊      | 22.1k/57.6k [08:22<13:23, 44.2doc/s]
  fiqa:  38%|███▊      | 22.1k/57.6k [08:23<12:58, 45.7doc/s]
  fiqa:  38%|███▊      | 22.1k/57.6k [08:23<13:03, 45.3doc/s]
  fiqa:  38%|███▊      | 22.1k/57.6k [08:23<13:13, 44.8doc/s]
  fiqa:  38%|███▊      | 22.1k/57.6k [08:23<13:22, 44.2doc/s]
  fiqa:  38%|███▊      | 22.1k/57.6k [08:23<13:29, 43.8doc/s]
  fiqa:  38%|███▊      | 22.1k/57.6k [08:24<13:30, 43.8doc/s]
  fiqa:  38%|███▊      | 22.1k/57.6k [08:24<13:29, 43.8doc/s]
  fiqa:  38%|███▊      | 22.2k/57.6k [08:24<13:28, 43.9doc/s]
  fiqa:  38%|███▊      | 22.2k/57.6k [08:24<13:46, 42.9doc/s]
  fiqa:  38%|███▊      | 22.2k/57.6k [08:24<13:49, 42.8doc/s]
  fiqa:  38%|███▊      | 22.2k/57.6k [08:24<13:43, 43.1doc/s]
  fiqa:  38%|███▊      | 22.2k/57.6k [08:25<13:39, 43.2doc/s]
  fiqa:  39%|███▊      | 22.2k/57.6k [08:25<13:29, 43.8doc/s]
  fiqa:  39%|███▊      | 22.2k/57.6k [08:25<13:39, 43.2doc/s]
  fiqa:  39%|███▊      | 22.2k/57.6k [08:25<13:49, 42.7doc/s]
  fiqa:  39%|███▊      | 22.2k/57.6k [08:25<13:46, 42.8doc/s]
  fiqa:  39%|███▊      | 22.2k/57.6k [08:26<13:35, 43.4doc/s]
  fiqa:  39%|███▊      | 22.2k/57.6k [08:26<13:32, 43.6doc/s]
  fiqa:  39%|███▊      | 22.2k/57.6k [08:26<13:07, 44.9doc/s]
  fiqa:  39%|███▊      | 22.2k/57.6k [08:26<13:06, 45.0doc/s]
  fiqa:  39%|███▊      | 22.3k/57.6k [08:26<13:14, 44.5doc/s]
  fiqa:  39%|███▊      | 22.3k/57.6k [08:26<13:20, 44.2doc/s]
  fiqa:  39%|███▊      | 22.3k/57.6k [08:27<13:24, 44.0doc/s]
  fiqa:  39%|███▊      | 22.3k/57.6k [08:27<13:23, 44.0doc/s]
  fiqa:  39%|███▊      | 22.3k/57.6k [08:27<13:27, 43.8doc/s]
  fiqa:  39%|███▊      | 22.3k/57.6k [08:27<13:29, 43.6doc/s]
  fiqa:  39%|███▊      | 22.3k/57.6k [08:27<13:06, 44.9doc/s]
  fiqa:  39%|███▊      | 22.3k/57.6k [08:28<13:11, 44.6doc/s]
  fiqa:  39%|███▊      | 22.3k/57.6k [08:28<13:15, 44.4doc/s]
  fiqa:  39%|███▊      | 22.3k/57.6k [08:28<13:18, 44.2doc/s]
  fiqa:  39%|███▉      | 22.3k/57.6k [08:28<13:24, 43.9doc/s]
  fiqa:  39%|███▉      | 22.3k/57.6k [08:28<13:26, 43.7doc/s]
  fiqa:  39%|███▉      | 22.4k/57.6k [08:28<13:23, 43.9doc/s]
  fiqa:  39%|███▉      | 22.4k/57.6k [08:29<13:22, 43.9doc/s]
  fiqa:  39%|███▉      | 22.4k/57.6k [08:29<13:23, 43.9doc/s]
  fiqa:  39%|███▉      | 22.4k/57.6k [08:29<13:15, 44.3doc/s]
  fiqa:  39%|███▉      | 22.4k/57.6k [08:29<13:15, 44.3doc/s]
  fiqa:  39%|███▉      | 22.4k/57.6k [08:29<13:17, 44.2doc/s]
  fiqa:  39%|███▉      | 22.4k/57.6k [08:30<13:12, 44.5doc/s]
  fiqa:  39%|███▉      | 22.4k/57.6k [08:30<13:26, 43.7doc/s]
  fiqa:  39%|███▉      | 22.4k/57.6k [08:30<13:38, 43.0doc/s]
  fiqa:  39%|███▉      | 22.4k/57.6k [08:30<13:43, 42.8doc/s]
  fiqa:  39%|███▉      | 22.4k/57.6k [08:30<13:43, 42.8doc/s]
  fiqa:  39%|███▉      | 22.4k/57.6k [08:30<13:39, 42.9doc/s]
  fiqa:  39%|███▉      | 22.4k/57.6k [08:31<13:32, 43.3doc/s]
  fiqa:  39%|███▉      | 22.5k/57.6k [08:31<13:29, 43.5doc/s]
  fiqa:  39%|███▉      | 22.5k/57.6k [08:31<13:27, 43.5doc/s]
  fiqa:  39%|███▉      | 22.5k/57.6k [08:31<13:29, 43.4doc/s]
  fiqa:  39%|███▉      | 22.5k/57.6k [08:31<13:28, 43.5doc/s]
  fiqa:  39%|███▉      | 22.5k/57.6k [08:32<13:21, 43.9doc/s]
  fiqa:  39%|███▉      | 22.5k/57.6k [08:32<13:30, 43.3doc/s]
  fiqa:  39%|███▉      | 22.5k/57.6k [08:32<13:37, 43.0doc/s]
  fiqa:  39%|███▉      | 22.5k/57.6k [08:32<13:35, 43.1doc/s]
  fiqa:  39%|███▉      | 22.5k/57.6k [08:32<13:37, 43.0doc/s]
  fiqa:  39%|███▉      | 22.5k/57.6k [08:32<13:38, 42.9doc/s]
  fiqa:  39%|███▉      | 22.5k/57.6k [08:33<13:33, 43.2doc/s]
  fiqa:  39%|███▉      | 22.5k/57.6k [08:33<13:27, 43.5doc/s]
  fiqa:  39%|███▉      | 22.6k/57.6k [08:33<13:22, 43.7doc/s]
  fiqa:  39%|███▉      | 22.6k/57.6k [08:33<13:21, 43.8doc/s]
  fiqa:  39%|███▉      | 22.6k/57.6k [08:33<13:16, 44.0doc/s]
  fiqa:  39%|███▉      | 22.6k/57.6k [08:34<13:18, 43.9doc/s]
  fiqa:  39%|███▉      | 22.6k/57.6k [08:34<13:16, 44.0doc/s]
  fiqa:  39%|███▉      | 22.6k/57.6k [08:34<13:14, 44.1doc/s]
  fiqa:  39%|███▉      | 22.6k/57.6k [08:34<13:17, 43.9doc/s]
  fiqa:  39%|███▉      | 22.6k/57.6k [08:34<13:14, 44.1doc/s]
  fiqa:  39%|███▉      | 22.6k/57.6k [08:34<13:14, 44.1doc/s]
  fiqa:  39%|███▉      | 22.6k/57.6k [08:35<13:13, 44.1doc/s]
  fiqa:  39%|███▉      | 22.6k/57.6k [08:35<13:20, 43.7doc/s]
  fiqa:  39%|███▉      | 22.6k/57.6k [08:35<13:19, 43.8doc/s]
  fiqa:  39%|███▉      | 22.6k/57.6k [08:35<13:18, 43.8doc/s]
  fiqa:  39%|███▉      | 22.7k/57.6k [08:35<13:21, 43.6doc/s]
  fiqa:  39%|███▉      | 22.7k/57.6k [08:36<13:21, 43.6doc/s]
  fiqa:  39%|███▉      | 22.7k/57.6k [08:36<13:21, 43.6doc/s]
  fiqa:  39%|███▉      | 22.7k/57.6k [08:36<13:20, 43.7doc/s]
  fiqa:  39%|███▉      | 22.7k/57.6k [08:36<13:17, 43.8doc/s]
  fiqa:  39%|███▉      | 22.7k/57.6k [08:36<13:10, 44.2doc/s]
  fiqa:  39%|███▉      | 22.7k/57.6k [08:37<13:16, 43.9doc/s]
  fiqa:  39%|███▉      | 22.7k/57.6k [08:37<13:12, 44.1doc/s]
  fiqa:  39%|███▉      | 22.7k/57.6k [08:37<13:13, 44.0doc/s]
  fiqa:  39%|███▉      | 22.7k/57.6k [08:37<13:11, 44.1doc/s]
  fiqa:  39%|███▉      | 22.7k/57.6k [08:37<13:13, 44.0doc/s]
  fiqa:  39%|███▉      | 22.7k/57.6k [08:37<13:15, 43.9doc/s]
  fiqa:  39%|███▉      | 22.8k/57.6k [08:38<13:11, 44.1doc/s]
  fiqa:  39%|███▉      | 22.8k/57.6k [08:38<13:11, 44.0doc/s]
  fiqa:  40%|███▉      | 22.8k/57.6k [08:38<13:12, 44.0doc/s]
  fiqa:  40%|███▉      | 22.8k/57.6k [08:38<13:14, 43.9doc/s]
  fiqa:  40%|███▉      | 22.8k/57.6k [08:38<13:08, 44.2doc/s]
  fiqa:  40%|███▉      | 22.8k/57.6k [08:39<13:19, 43.6doc/s]
  fiqa:  40%|███▉      | 22.8k/57.6k [08:39<13:30, 43.0doc/s]
  fiqa:  40%|███▉      | 22.8k/57.6k [08:39<13:30, 43.0doc/s]
  fiqa:  40%|███▉      | 22.8k/57.6k [08:39<13:30, 43.0doc/s]
  fiqa:  40%|███▉      | 22.8k/57.6k [08:39<13:27, 43.1doc/s]
  fiqa:  40%|███▉      | 22.8k/57.6k [08:39<13:23, 43.3doc/s]
  fiqa:  40%|███▉      | 22.8k/57.6k [08:40<12:49, 45.2doc/s]
  fiqa:  40%|███▉      | 22.8k/57.6k [08:40<12:55, 44.8doc/s]
  fiqa:  40%|███▉      | 22.9k/57.6k [08:40<12:53, 45.0doc/s]
  fiqa:  40%|███▉      | 22.9k/57.6k [08:40<12:57, 44.7doc/s]
  fiqa:  40%|███▉      | 22.9k/57.6k [08:40<13:10, 44.0doc/s]
  fiqa:  40%|███▉      | 22.9k/57.6k [08:41<13:20, 43.4doc/s]
  fiqa:  40%|███▉      | 22.9k/57.6k [08:41<13:21, 43.4doc/s]
  fiqa:  40%|███▉      | 22.9k/57.6k [08:41<13:18, 43.5doc/s]
  fiqa:  40%|███▉      | 22.9k/57.6k [08:41<13:17, 43.6doc/s]
  fiqa:  40%|███▉      | 22.9k/57.6k [08:41<13:14, 43.7doc/s]
  fiqa:  40%|███▉      | 22.9k/57.6k [08:41<13:13, 43.8doc/s]
  fiqa:  40%|███▉      | 22.9k/57.6k [08:42<13:20, 43.4doc/s]
  fiqa:  40%|███▉      | 22.9k/57.6k [08:42<13:19, 43.4doc/s]
  fiqa:  40%|███▉      | 22.9k/57.6k [08:42<13:17, 43.5doc/s]
  fiqa:  40%|███▉      | 23.0k/57.6k [08:42<13:15, 43.6doc/s]
  fiqa:  40%|███▉      | 23.0k/57.6k [08:42<12:51, 45.0doc/s]
  fiqa:  40%|███▉      | 23.0k/57.6k [08:43<12:49, 45.1doc/s]
  fiqa:  40%|███▉      | 23.0k/57.6k [08:43<13:13, 43.7doc/s]
  fiqa:  40%|███▉      | 23.0k/57.6k [08:43<13:26, 43.0doc/s]
  fiqa:  40%|███▉      | 23.0k/57.6k [08:43<13:19, 43.3doc/s]
  fiqa:  40%|███▉      | 23.0k/57.6k [08:43<13:10, 43.8doc/s]
  fiqa:  40%|███▉      | 23.0k/57.6k [08:43<13:03, 44.2doc/s]
  fiqa:  40%|███▉      | 23.0k/57.6k [08:44<12:58, 44.5doc/s]
  fiqa:  40%|███▉      | 23.0k/57.6k [08:44<13:00, 44.4doc/s]
  fiqa:  40%|███▉      | 23.0k/57.6k [08:44<13:05, 44.1doc/s]
  fiqa:  40%|███▉      | 23.0k/57.6k [08:44<13:12, 43.7doc/s]
  fiqa:  40%|███▉      | 23.0k/57.6k [08:44<13:11, 43.7doc/s]
  fiqa:  40%|████      | 23.1k/57.6k [08:45<13:16, 43.4doc/s]
  fiqa:  40%|████      | 23.1k/57.6k [08:45<13:16, 43.4doc/s]
  fiqa:  40%|████      | 23.1k/57.6k [08:45<12:44, 45.2doc/s]
  fiqa:  40%|████      | 23.1k/57.6k [08:45<12:45, 45.1doc/s]
  fiqa:  40%|████      | 23.1k/57.6k [08:45<12:46, 45.1doc/s]
  fiqa:  40%|████      | 23.1k/57.6k [08:45<12:25, 46.3doc/s]
  fiqa:  40%|████      | 23.1k/57.6k [08:46<12:45, 45.1doc/s]
  fiqa:  40%|████      | 23.1k/57.6k [08:46<13:00, 44.2doc/s]
  fiqa:  40%|████      | 23.1k/57.6k [08:46<13:10, 43.7doc/s]
  fiqa:  40%|████      | 23.1k/57.6k [08:46<13:12, 43.6doc/s]
  fiqa:  40%|████      | 23.1k/57.6k [08:46<13:12, 43.6doc/s]
  fiqa:  40%|████      | 23.1k/57.6k [08:47<13:06, 43.9doc/s]
  fiqa:  40%|████      | 23.2k/57.6k [08:47<13:06, 43.9doc/s]
  fiqa:  40%|████      | 23.2k/57.6k [08:47<13:12, 43.5doc/s]
  fiqa:  40%|████      | 23.2k/57.6k [08:47<13:12, 43.5doc/s]
  fiqa:  40%|████      | 23.2k/57.6k [08:47<13:10, 43.6doc/s]
  fiqa:  40%|████      | 23.2k/57.6k [08:47<13:11, 43.6doc/s]
  fiqa:  40%|████      | 23.2k/57.6k [08:48<13:28, 42.6doc/s]
  fiqa:  40%|████      | 23.2k/57.6k [08:48<13:37, 42.1doc/s]
  fiqa:  40%|████      | 23.2k/57.6k [08:48<13:34, 42.3doc/s]
  fiqa:  40%|████      | 23.2k/57.6k [08:48<13:23, 42.8doc/s]
  fiqa:  40%|████      | 23.2k/57.6k [08:48<13:15, 43.2doc/s]
  fiqa:  40%|████      | 23.2k/57.6k [08:49<13:12, 43.4doc/s]
  fiqa:  40%|████      | 23.2k/57.6k [08:49<13:08, 43.6doc/s]
  fiqa:  40%|████      | 23.2k/57.6k [08:49<13:03, 43.9doc/s]
  fiqa:  40%|████      | 23.3k/57.6k [08:49<13:00, 44.0doc/s]
  fiqa:  40%|████      | 23.3k/57.6k [08:49<13:01, 44.0doc/s]
  fiqa:  40%|████      | 23.3k/57.6k [08:49<12:53, 44.4doc/s]
  fiqa:  40%|████      | 23.3k/57.6k [08:50<12:56, 44.3doc/s]
  fiqa:  40%|████      | 23.3k/57.6k [08:50<12:57, 44.2doc/s]
  fiqa:  40%|████      | 23.3k/57.6k [08:50<12:54, 44.3doc/s]
  fiqa:  40%|████      | 23.3k/57.6k [08:50<13:08, 43.5doc/s]
  fiqa:  40%|████      | 23.3k/57.6k [08:50<13:22, 42.8doc/s]
  fiqa:  40%|████      | 23.3k/57.6k [08:51<13:27, 42.5doc/s]
  fiqa:  40%|████      | 23.3k/57.6k [08:51<13:23, 42.7doc/s]
  fiqa:  40%|████      | 23.3k/57.6k [08:51<13:20, 42.8doc/s]
  fiqa:  41%|████      | 23.3k/57.6k [08:51<13:16, 43.1doc/s]
  fiqa:  41%|████      | 23.4k/57.6k [08:51<13:06, 43.6doc/s]
  fiqa:  41%|████      | 23.4k/57.6k [08:51<12:41, 45.0doc/s]
  fiqa:  41%|████      | 23.4k/57.6k [08:52<12:45, 44.8doc/s]
  fiqa:  41%|████      | 23.4k/57.6k [08:52<12:44, 44.8doc/s]
  fiqa:  41%|████      | 23.4k/57.6k [08:52<12:43, 44.9doc/s]
  fiqa:  41%|████      | 23.4k/57.6k [08:52<12:50, 44.5doc/s]
  fiqa:  41%|████      | 23.4k/57.6k [08:52<12:56, 44.1doc/s]
  fiqa:  41%|████      | 23.4k/57.6k [08:53<12:58, 44.0doc/s]
  fiqa:  41%|████      | 23.4k/57.6k [08:53<13:00, 43.8doc/s]
  fiqa:  41%|████      | 23.4k/57.6k [08:53<13:01, 43.8doc/s]
  fiqa:  41%|████      | 23.4k/57.6k [08:53<13:04, 43.6doc/s]
  fiqa:  41%|████      | 23.4k/57.6k [08:53<12:39, 45.0doc/s]
  fiqa:  41%|████      | 23.4k/57.6k [08:53<12:49, 44.4doc/s]
  fiqa:  41%|████      | 23.5k/57.6k [08:54<12:56, 44.0doc/s]
  fiqa:  41%|████      | 23.5k/57.6k [08:54<12:57, 43.9doc/s]
  fiqa:  41%|████      | 23.5k/57.6k [08:54<13:00, 43.7doc/s]
  fiqa:  41%|████      | 23.5k/57.6k [08:54<13:01, 43.7doc/s]
  fiqa:  41%|████      | 23.5k/57.6k [08:54<12:55, 44.0doc/s]
  fiqa:  41%|████      | 23.5k/57.6k [08:55<12:57, 43.9doc/s]
  fiqa:  41%|████      | 23.5k/57.6k [08:55<12:58, 43.8doc/s]
  fiqa:  41%|████      | 23.5k/57.6k [08:55<12:57, 43.9doc/s]
  fiqa:  41%|████      | 23.5k/57.6k [08:55<12:54, 44.1doc/s]
  fiqa:  41%|████      | 23.5k/57.6k [08:55<12:47, 44.4doc/s]
  fiqa:  41%|████      | 23.5k/57.6k [08:55<12:46, 44.5doc/s]
  fiqa:  41%|████      | 23.5k/57.6k [08:56<12:48, 44.4doc/s]
  fiqa:  41%|████      | 23.6k/57.6k [08:56<12:50, 44.2doc/s]
  fiqa:  41%|████      | 23.6k/57.6k [08:56<13:07, 43.3doc/s]
  fiqa:  41%|████      | 23.6k/57.6k [08:56<13:16, 42.8doc/s]
  fiqa:  41%|████      | 23.6k/57.6k [08:56<13:06, 43.3doc/s]
  fiqa:  41%|████      | 23.6k/57.6k [08:57<13:05, 43.3doc/s]
  fiqa:  41%|████      | 23.6k/57.6k [08:57<12:58, 43.7doc/s]
  fiqa:  41%|████      | 23.6k/57.6k [08:57<13:08, 43.2doc/s]
  fiqa:  41%|████      | 23.6k/57.6k [08:57<13:19, 42.5doc/s]
  fiqa:  41%|████      | 23.6k/57.6k [08:57<13:20, 42.5doc/s]
  fiqa:  41%|████      | 23.6k/57.6k [08:57<12:55, 43.8doc/s]
  fiqa:  41%|████      | 23.6k/57.6k [08:58<12:58, 43.7doc/s]
  fiqa:  41%|████      | 23.6k/57.6k [08:58<12:51, 44.1doc/s]
  fiqa:  41%|████      | 23.6k/57.6k [08:58<12:46, 44.3doc/s]
  fiqa:  41%|████      | 23.7k/57.6k [08:58<12:49, 44.1doc/s]
  fiqa:  41%|████      | 23.7k/57.6k [08:58<12:57, 43.7doc/s]
  fiqa:  41%|████      | 23.7k/57.6k [08:59<12:55, 43.8doc/s]
  fiqa:  41%|████      | 23.7k/57.6k [08:59<12:33, 45.1doc/s]
  fiqa:  41%|████      | 23.7k/57.6k [08:59<12:40, 44.6doc/s]
  fiqa:  41%|████      | 23.7k/57.6k [08:59<12:43, 44.4doc/s]
  fiqa:  41%|████      | 23.7k/57.6k [08:59<12:45, 44.3doc/s]
  fiqa:  41%|████      | 23.7k/57.6k [08:59<12:55, 43.8doc/s]
  fiqa:  41%|████      | 23.7k/57.6k [09:00<13:04, 43.3doc/s]
  fiqa:  41%|████      | 23.7k/57.6k [09:00<12:59, 43.5doc/s]
  fiqa:  41%|████      | 23.7k/57.6k [09:00<12:53, 43.8doc/s]
  fiqa:  41%|████      | 23.7k/57.6k [09:00<12:52, 43.9doc/s]
  fiqa:  41%|████      | 23.8k/57.6k [09:00<12:31, 45.1doc/s]
  fiqa:  41%|████      | 23.8k/57.6k [09:01<12:38, 44.7doc/s]
  fiqa:  41%|████      | 23.8k/57.6k [09:01<12:42, 44.4doc/s]
  fiqa:  41%|████▏     | 23.8k/57.6k [09:01<12:41, 44.5doc/s]
  fiqa:  41%|████▏     | 23.8k/57.6k [09:01<12:44, 44.3doc/s]
  fiqa:  41%|████▏     | 23.8k/57.6k [09:01<12:46, 44.2doc/s]
  fiqa:  41%|████▏     | 23.8k/57.6k [09:01<12:54, 43.7doc/s]
  fiqa:  41%|████▏     | 23.8k/57.6k [09:02<12:53, 43.7doc/s]
  fiqa:  41%|████▏     | 23.8k/57.6k [09:02<12:51, 43.8doc/s]
  fiqa:  41%|████▏     | 23.8k/57.6k [09:02<12:52, 43.8doc/s]
  fiqa:  41%|████▏     | 23.8k/57.6k [09:02<12:49, 43.9doc/s]
  fiqa:  41%|████▏     | 23.8k/57.6k [09:02<12:47, 44.0doc/s]
  fiqa:  41%|████▏     | 23.8k/57.6k [09:03<12:47, 44.0doc/s]
  fiqa:  41%|████▏     | 23.9k/57.6k [09:03<12:47, 44.0doc/s]
  fiqa:  41%|████▏     | 23.9k/57.6k [09:03<12:50, 43.8doc/s]
  fiqa:  41%|████▏     | 23.9k/57.6k [09:03<12:51, 43.8doc/s]
  fiqa:  41%|████▏     | 23.9k/57.6k [09:03<12:27, 45.1doc/s]
  fiqa:  41%|████▏     | 23.9k/57.6k [09:03<12:29, 45.1doc/s]
  fiqa:  41%|████▏     | 23.9k/57.6k [09:04<12:31, 44.9doc/s]
  fiqa:  41%|████▏     | 23.9k/57.6k [09:04<12:37, 44.5doc/s]
  fiqa:  41%|████▏     | 23.9k/57.6k [09:04<12:35, 44.6doc/s]
  fiqa:  42%|████▏     | 23.9k/57.6k [09:04<12:47, 43.9doc/s]
  fiqa:  42%|████▏     | 23.9k/57.6k [09:04<12:54, 43.5doc/s]
  fiqa:  42%|████▏     | 23.9k/57.6k [09:05<12:58, 43.3doc/s]
  fiqa:  42%|████▏     | 23.9k/57.6k [09:05<12:56, 43.4doc/s]
  fiqa:  42%|████▏     | 24.0k/57.6k [09:05<12:23, 45.3doc/s]
  fiqa:  42%|████▏     | 24.0k/57.6k [09:05<12:29, 44.9doc/s]
  fiqa:  42%|████▏     | 24.0k/57.6k [09:05<12:29, 44.9doc/s]
  fiqa:  42%|████▏     | 24.0k/57.6k [09:05<12:33, 44.7doc/s]
  fiqa:  42%|████▏     | 24.0k/57.6k [09:06<12:38, 44.4doc/s]
  fiqa:  42%|████▏     | 24.0k/57.6k [09:06<12:44, 44.0doc/s]
  fiqa:  42%|████▏     | 24.0k/57.6k [09:06<12:49, 43.7doc/s]
  fiqa:  42%|████▏     | 24.0k/57.6k [09:06<12:53, 43.5doc/s]
  fiqa:  42%|████▏     | 24.0k/57.6k [09:06<12:51, 43.6doc/s]
  fiqa:  42%|████▏     | 24.0k/57.6k [09:07<12:47, 43.8doc/s]
  fiqa:  42%|████▏     | 24.0k/57.6k [09:07<12:47, 43.8doc/s]
  fiqa:  42%|████▏     | 24.0k/57.6k [09:07<12:47, 43.8doc/s]
  fiqa:  42%|████▏     | 24.0k/57.6k [09:07<12:45, 43.9doc/s]
  fiqa:  42%|████▏     | 24.1k/57.6k [09:07<12:45, 43.9doc/s]
  fiqa:  42%|████▏     | 24.1k/57.6k [09:07<12:42, 44.0doc/s]
  fiqa:  42%|████▏     | 24.1k/57.6k [09:08<12:42, 44.0doc/s]
  fiqa:  42%|████▏     | 24.1k/57.6k [09:08<12:41, 44.1doc/s]
  fiqa:  42%|████▏     | 24.1k/57.6k [09:08<12:40, 44.1doc/s]
  fiqa:  42%|████▏     | 24.1k/57.6k [09:08<12:20, 45.3doc/s]
  fiqa:  42%|████▏     | 24.1k/57.6k [09:08<12:28, 44.8doc/s]
  fiqa:  42%|████▏     | 24.1k/57.6k [09:09<12:32, 44.6doc/s]
  fiqa:  42%|████▏     | 24.1k/57.6k [09:09<12:29, 44.7doc/s]
  fiqa:  42%|████▏     | 24.1k/57.6k [09:09<12:02, 46.4doc/s]
  fiqa:  42%|████▏     | 24.1k/57.6k [09:09<12:14, 45.6doc/s]
  fiqa:  42%|████▏     | 24.1k/57.6k [09:09<12:23, 45.0doc/s]
  fiqa:  42%|████▏     | 24.2k/57.6k [09:09<12:31, 44.5doc/s]
  fiqa:  42%|████▏     | 24.2k/57.6k [09:10<12:35, 44.3doc/s]
  fiqa:  42%|████▏     | 24.2k/57.6k [09:10<12:40, 44.0doc/s]
  fiqa:  42%|████▏     | 24.2k/57.6k [09:10<12:39, 44.1doc/s]
  fiqa:  42%|████▏     | 24.2k/57.6k [09:10<12:35, 44.3doc/s]
  fiqa:  42%|████▏     | 24.2k/57.6k [09:10<12:45, 43.7doc/s]
  fiqa:  42%|████▏     | 24.2k/57.6k [09:11<12:48, 43.5doc/s]
  fiqa:  42%|████▏     | 24.2k/57.6k [09:11<12:51, 43.4doc/s]
  fiqa:  42%|████▏     | 24.2k/57.6k [09:11<12:47, 43.6doc/s]
  fiqa:  42%|████▏     | 24.2k/57.6k [09:11<12:44, 43.7doc/s]
  fiqa:  42%|████▏     | 24.2k/57.6k [09:11<12:48, 43.5doc/s]
  fiqa:  42%|████▏     | 24.2k/57.6k [09:11<12:50, 43.3doc/s]
  fiqa:  42%|████▏     | 24.2k/57.6k [09:12<12:51, 43.3doc/s]
  fiqa:  42%|████▏     | 24.3k/57.6k [09:12<12:49, 43.4doc/s]
  fiqa:  42%|████▏     | 24.3k/57.6k [09:12<12:46, 43.5doc/s]
  fiqa:  42%|████▏     | 24.3k/57.6k [09:12<13:01, 42.7doc/s]
  fiqa:  42%|████▏     | 24.3k/57.6k [09:12<13:08, 42.3doc/s]
  fiqa:  42%|████▏     | 24.3k/57.6k [09:13<13:05, 42.5doc/s]
  fiqa:  42%|████▏     | 24.3k/57.6k [09:13<12:55, 43.0doc/s]
  fiqa:  42%|████▏     | 24.3k/57.6k [09:13<12:46, 43.5doc/s]
  fiqa:  42%|████▏     | 24.3k/57.6k [09:13<12:13, 45.5doc/s]
  fiqa:  42%|████▏     | 24.3k/57.6k [09:13<12:16, 45.2doc/s]
  fiqa:  42%|████▏     | 24.3k/57.6k [09:13<12:20, 45.0doc/s]
  fiqa:  42%|████▏     | 24.3k/57.6k [09:14<12:21, 44.9doc/s]
  fiqa:  42%|████▏     | 24.3k/57.6k [09:14<11:49, 46.9doc/s]
  fiqa:  42%|████▏     | 24.4k/57.6k [09:14<11:40, 47.5doc/s]
  fiqa:  42%|████▏     | 24.4k/57.6k [09:14<11:56, 46.5doc/s]
  fiqa:  42%|████▏     | 24.4k/57.6k [09:14<12:11, 45.5doc/s]
  fiqa:  42%|████▏     | 24.4k/57.6k [09:14<12:20, 44.9doc/s]
  fiqa:  42%|████▏     | 24.4k/57.6k [09:15<12:27, 44.5doc/s]
  fiqa:  42%|████▏     | 24.4k/57.6k [09:15<12:26, 44.5doc/s]
  fiqa:  42%|████▏     | 24.4k/57.6k [09:15<12:08, 45.6doc/s]
  fiqa:  42%|████▏     | 24.4k/57.6k [09:15<12:19, 44.9doc/s]
  fiqa:  42%|████▏     | 24.4k/57.6k [09:15<12:20, 44.9doc/s]
  fiqa:  42%|████▏     | 24.4k/57.6k [09:16<12:20, 44.8doc/s]
  fiqa:  42%|████▏     | 24.4k/57.6k [09:16<12:21, 44.8doc/s]
  fiqa:  42%|████▏     | 24.4k/57.6k [09:16<12:26, 44.4doc/s]
  fiqa:  42%|████▏     | 24.4k/57.6k [09:16<12:33, 44.1doc/s]
  fiqa:  42%|████▏     | 24.5k/57.6k [09:16<12:33, 44.1doc/s]
  fiqa:  42%|████▏     | 24.5k/57.6k [09:16<12:35, 43.9doc/s]
  fiqa:  42%|████▏     | 24.5k/57.6k [09:17<12:39, 43.7doc/s]
  fiqa:  42%|████▏     | 24.5k/57.6k [09:17<12:42, 43.5doc/s]
  fiqa:  42%|████▏     | 24.5k/57.6k [09:17<12:37, 43.8doc/s]
  fiqa:  42%|████▏     | 24.5k/57.6k [09:17<12:51, 42.9doc/s]
  fiqa:  43%|████▎     | 24.5k/57.6k [09:17<13:02, 42.3doc/s]
  fiqa:  43%|████▎     | 24.5k/57.6k [09:18<13:11, 41.9doc/s]
  fiqa:  43%|████▎     | 24.5k/57.6k [09:18<12:42, 43.4doc/s]
  fiqa:  43%|████▎     | 24.5k/57.6k [09:18<12:42, 43.4doc/s]
  fiqa:  43%|████▎     | 24.5k/57.6k [09:18<12:39, 43.6doc/s]
  fiqa:  43%|████▎     | 24.5k/57.6k [09:18<12:14, 45.1doc/s]
  fiqa:  43%|████▎     | 24.6k/57.6k [09:19<12:22, 44.6doc/s]
  fiqa:  43%|████▎     | 24.6k/57.6k [09:19<12:23, 44.5doc/s]
  fiqa:  43%|████▎     | 24.6k/57.6k [09:19<12:23, 44.5doc/s]
  fiqa:  43%|████▎     | 24.6k/57.6k [09:19<12:23, 44.5doc/s]
  fiqa:  43%|████▎     | 24.6k/57.6k [09:19<12:26, 44.3doc/s]
  fiqa:  43%|████▎     | 24.6k/57.6k [09:19<12:30, 44.0doc/s]
  fiqa:  43%|████▎     | 24.6k/57.6k [09:20<12:31, 43.9doc/s]
  fiqa:  43%|████▎     | 24.6k/57.6k [09:20<12:31, 43.9doc/s]
  fiqa:  43%|████▎     | 24.6k/57.6k [09:20<12:34, 43.8doc/s]
  fiqa:  43%|████▎     | 24.6k/57.6k [09:20<12:35, 43.7doc/s]
  fiqa:  43%|████▎     | 24.6k/57.6k [09:20<12:34, 43.8doc/s]
  fiqa:  43%|████▎     | 24.6k/57.6k [09:21<12:34, 43.7doc/s]
  fiqa:  43%|████▎     | 24.6k/57.6k [09:21<12:32, 43.8doc/s]
  fiqa:  43%|████▎     | 24.7k/57.6k [09:21<12:30, 43.9doc/s]
  fiqa:  43%|████▎     | 24.7k/57.6k [09:21<12:28, 44.1doc/s]
  fiqa:  43%|████▎     | 24.7k/57.6k [09:21<12:27, 44.1doc/s]
  fiqa:  43%|████▎     | 24.7k/57.6k [09:21<12:29, 44.0doc/s]
  fiqa:  43%|████▎     | 24.7k/57.6k [09:22<12:30, 43.9doc/s]
  fiqa:  43%|████▎     | 24.7k/57.6k [09:22<12:28, 44.0doc/s]
  fiqa:  43%|████▎     | 24.7k/57.6k [09:22<12:30, 43.9doc/s]
  fiqa:  43%|████▎     | 24.7k/57.6k [09:22<12:28, 44.0doc/s]
  fiqa:  43%|████▎     | 24.7k/57.6k [09:22<12:30, 43.9doc/s]
  fiqa:  43%|████▎     | 24.7k/57.6k [09:23<12:30, 43.8doc/s]
  fiqa:  43%|████▎     | 24.7k/57.6k [09:23<12:30, 43.8doc/s]
  fiqa:  43%|████▎     | 24.7k/57.6k [09:23<12:31, 43.8doc/s]
  fiqa:  43%|████▎     | 24.8k/57.6k [09:23<12:29, 43.9doc/s]
  fiqa:  43%|████▎     | 24.8k/57.6k [09:23<12:30, 43.8doc/s]
  fiqa:  43%|████▎     | 24.8k/57.6k [09:23<12:28, 43.9doc/s]
  fiqa:  43%|████▎     | 24.8k/57.6k [09:24<12:29, 43.8doc/s]
  fiqa:  43%|████▎     | 24.8k/57.6k [09:24<12:25, 44.0doc/s]
  fiqa:  43%|████▎     | 24.8k/57.6k [09:24<12:00, 45.6doc/s]
  fiqa:  43%|████▎     | 24.8k/57.6k [09:24<11:40, 46.9doc/s]
  fiqa:  43%|████▎     | 24.8k/57.6k [09:24<11:51, 46.2doc/s]
  fiqa:  43%|████▎     | 24.8k/57.6k [09:24<11:56, 45.8doc/s]
  fiqa:  43%|████▎     | 24.8k/57.6k [09:25<12:04, 45.3doc/s]
  fiqa:  43%|████▎     | 24.8k/57.6k [09:25<11:48, 46.3doc/s]
  fiqa:  43%|████▎     | 24.8k/57.6k [09:25<12:02, 45.4doc/s]
  fiqa:  43%|████▎     | 24.8k/57.6k [09:25<12:13, 44.7doc/s]
  fiqa:  43%|████▎     | 24.9k/57.6k [09:25<12:21, 44.2doc/s]
  fiqa:  43%|████▎     | 24.9k/57.6k [09:26<12:27, 43.9doc/s]
  fiqa:  43%|████▎     | 24.9k/57.6k [09:26<12:25, 44.0doc/s]
  fiqa:  43%|████▎     | 24.9k/57.6k [09:26<12:25, 44.0doc/s]
  fiqa:  43%|████▎     | 24.9k/57.6k [09:26<12:28, 43.7doc/s]
  fiqa:  43%|████▎     | 24.9k/57.6k [09:26<12:32, 43.5doc/s]
  fiqa:  43%|████▎     | 24.9k/57.6k [09:26<12:28, 43.7doc/s]
  fiqa:  43%|████▎     | 24.9k/57.6k [09:27<12:35, 43.3doc/s]
  fiqa:  43%|████▎     | 24.9k/57.6k [09:27<12:37, 43.2doc/s]
  fiqa:  43%|████▎     | 24.9k/57.6k [09:27<12:37, 43.2doc/s]
  fiqa:  43%|████▎     | 24.9k/57.6k [09:27<12:15, 44.5doc/s]
  fiqa:  43%|████▎     | 24.9k/57.6k [09:27<12:19, 44.2doc/s]
  fiqa:  43%|████▎     | 25.0k/57.6k [09:28<12:24, 43.9doc/s]
  fiqa:  43%|████▎     | 25.0k/57.6k [09:28<12:06, 45.0doc/s]
  fiqa:  43%|████▎     | 25.0k/57.6k [09:28<12:11, 44.7doc/s]
  fiqa:  43%|████▎     | 25.0k/57.6k [09:28<12:09, 44.7doc/s]
  fiqa:  43%|████▎     | 25.0k/57.6k [09:28<12:11, 44.6doc/s]
  fiqa:  43%|████▎     | 25.0k/57.6k [09:28<12:09, 44.7doc/s]
  fiqa:  43%|████▎     | 25.0k/57.6k [09:29<12:12, 44.5doc/s]
  fiqa:  43%|████▎     | 25.0k/57.6k [09:29<12:20, 44.1doc/s]
  fiqa:  43%|████▎     | 25.0k/57.6k [09:29<12:28, 43.6doc/s]
  fiqa:  43%|████▎     | 25.0k/57.6k [09:29<11:50, 45.9doc/s]
  fiqa:  43%|████▎     | 25.0k/57.6k [09:29<12:00, 45.3doc/s]
  fiqa:  43%|████▎     | 25.0k/57.6k [09:30<12:05, 45.0doc/s]
  fiqa:  43%|████▎     | 25.0k/57.6k [09:30<12:10, 44.6doc/s]
  fiqa:  43%|████▎     | 25.1k/57.6k [09:30<12:13, 44.4doc/s]
  fiqa:  43%|████▎     | 25.1k/57.6k [09:30<12:14, 44.4doc/s]
  fiqa:  43%|████▎     | 25.1k/57.6k [09:30<12:18, 44.1doc/s]
  fiqa:  44%|████▎     | 25.1k/57.6k [09:30<12:19, 44.0doc/s]
  fiqa:  44%|████▎     | 25.1k/57.6k [09:31<12:22, 43.8doc/s]
  fiqa:  44%|████▎     | 25.1k/57.6k [09:31<12:26, 43.6doc/s]
  fiqa:  44%|████▎     | 25.1k/57.6k [09:31<12:07, 44.7doc/s]
  fiqa:  44%|████▎     | 25.1k/57.6k [09:31<12:15, 44.2doc/s]
  fiqa:  44%|████▎     | 25.1k/57.6k [09:31<12:19, 44.0doc/s]
  fiqa:  44%|████▎     | 25.1k/57.6k [09:32<12:23, 43.7doc/s]
  fiqa:  44%|████▎     | 25.1k/57.6k [09:32<12:25, 43.6doc/s]
  fiqa:  44%|████▎     | 25.1k/57.6k [09:32<12:25, 43.6doc/s]
  fiqa:  44%|████▎     | 25.2k/57.6k [09:32<12:19, 43.9doc/s]
  fiqa:  44%|████▎     | 25.2k/57.6k [09:32<12:08, 44.6doc/s]
  fiqa:  44%|████▎     | 25.2k/57.6k [09:32<12:10, 44.4doc/s]
  fiqa:  44%|████▎     | 25.2k/57.6k [09:33<12:12, 44.3doc/s]
  fiqa:  44%|████▎     | 25.2k/57.6k [09:33<12:15, 44.1doc/s]
  fiqa:  44%|████▎     | 25.2k/57.6k [09:33<12:16, 44.1doc/s]
  fiqa:  44%|████▎     | 25.2k/57.6k [09:33<12:17, 44.0doc/s]
  fiqa:  44%|████▎     | 25.2k/57.6k [09:33<12:19, 43.8doc/s]
  fiqa:  44%|████▎     | 25.2k/57.6k [09:34<12:21, 43.7doc/s]
  fiqa:  44%|████▍     | 25.2k/57.6k [09:34<12:23, 43.6doc/s]
  fiqa:  44%|████▍     | 25.2k/57.6k [09:34<12:26, 43.4doc/s]
  fiqa:  44%|████▍     | 25.2k/57.6k [09:34<12:28, 43.3doc/s]
  fiqa:  44%|████▍     | 25.2k/57.6k [09:34<12:29, 43.2doc/s]
  fiqa:  44%|████▍     | 25.3k/57.6k [09:34<12:23, 43.5doc/s]
  fiqa:  44%|████▍     | 25.3k/57.6k [09:35<12:28, 43.2doc/s]
  fiqa:  44%|████▍     | 25.3k/57.6k [09:35<12:35, 42.8doc/s]
  fiqa:  44%|████▍     | 25.3k/57.6k [09:35<12:34, 42.9doc/s]
  fiqa:  44%|████▍     | 25.3k/57.6k [09:35<12:28, 43.2doc/s]
  fiqa:  44%|████▍     | 25.3k/57.6k [09:35<12:22, 43.5doc/s]
  fiqa:  44%|████▍     | 25.3k/57.6k [09:36<12:20, 43.7doc/s]
  fiqa:  44%|████▍     | 25.3k/57.6k [09:36<12:09, 44.3doc/s]
  fiqa:  44%|████▍     | 25.3k/57.6k [09:36<12:16, 43.9doc/s]
  fiqa:  44%|████▍     | 25.3k/57.6k [09:36<12:21, 43.6doc/s]
  fiqa:  44%|████▍     | 25.3k/57.6k [09:36<12:19, 43.7doc/s]
  fiqa:  44%|████▍     | 25.3k/57.6k [09:36<12:14, 44.0doc/s]
  fiqa:  44%|████▍     | 25.4k/57.6k [09:37<12:13, 44.0doc/s]
  fiqa:  44%|████▍     | 25.4k/57.6k [09:37<12:14, 43.9doc/s]
  fiqa:  44%|████▍     | 25.4k/57.6k [09:37<12:17, 43.8doc/s]
  fiqa:  44%|████▍     | 25.4k/57.6k [09:37<11:50, 45.4doc/s]
  fiqa:  44%|████▍     | 25.4k/57.6k [09:37<12:13, 44.0doc/s]
  fiqa:  44%|████▍     | 25.4k/57.6k [09:38<12:25, 43.3doc/s]
  fiqa:  44%|████▍     | 25.4k/57.6k [09:38<12:24, 43.3doc/s]
  fiqa:  44%|████▍     | 25.4k/57.6k [09:38<12:15, 43.8doc/s]
  fiqa:  44%|████▍     | 25.4k/57.6k [09:38<12:24, 43.3doc/s]
  fiqa:  44%|████▍     | 25.4k/57.6k [09:38<12:32, 42.8doc/s]
  fiqa:  44%|████▍     | 25.4k/57.6k [09:38<12:30, 42.9doc/s]
  fiqa:  44%|████▍     | 25.4k/57.6k [09:39<12:25, 43.2doc/s]
  fiqa:  44%|████▍     | 25.4k/57.6k [09:39<12:21, 43.4doc/s]
  fiqa:  44%|████▍     | 25.5k/57.6k [09:39<12:16, 43.7doc/s]
  fiqa:  44%|████▍     | 25.5k/57.6k [09:39<12:08, 44.2doc/s]
  fiqa:  44%|████▍     | 25.5k/57.6k [09:39<12:06, 44.3doc/s]
  fiqa:  44%|████▍     | 25.5k/57.6k [09:40<12:02, 44.5doc/s]
  fiqa:  44%|████▍     | 25.5k/57.6k [09:40<12:15, 43.7doc/s]
  fiqa:  44%|████▍     | 25.5k/57.6k [09:40<12:29, 42.9doc/s]
  fiqa:  44%|████▍     | 25.5k/57.6k [09:40<12:25, 43.1doc/s]
  fiqa:  44%|████▍     | 25.5k/57.6k [09:40<12:22, 43.3doc/s]
  fiqa:  44%|████▍     | 25.5k/57.6k [09:40<12:19, 43.4doc/s]
  fiqa:  44%|████▍     | 25.5k/57.6k [09:41<12:19, 43.4doc/s]
  fiqa:  44%|████▍     | 25.5k/57.6k [09:41<12:31, 42.7doc/s]
  fiqa:  44%|████▍     | 25.5k/57.6k [09:41<12:37, 42.4doc/s]
  fiqa:  44%|████▍     | 25.6k/57.6k [09:41<12:30, 42.7doc/s]
  fiqa:  44%|████▍     | 25.6k/57.6k [09:41<12:22, 43.2doc/s]
  fiqa:  44%|████▍     | 25.6k/57.6k [09:42<12:16, 43.5doc/s]
  fiqa:  44%|████▍     | 25.6k/57.6k [09:42<12:09, 43.9doc/s]
  fiqa:  44%|████▍     | 25.6k/57.6k [09:42<12:10, 43.9doc/s]
  fiqa:  44%|████▍     | 25.6k/57.6k [09:42<12:13, 43.7doc/s]
  fiqa:  44%|████▍     | 25.6k/57.6k [09:42<12:11, 43.8doc/s]
  fiqa:  44%|████▍     | 25.6k/57.6k [09:43<12:13, 43.6doc/s]
  fiqa:  44%|████▍     | 25.6k/57.6k [09:43<12:13, 43.7doc/s]
  fiqa:  44%|████▍     | 25.6k/57.6k [09:43<12:13, 43.6doc/s]
  fiqa:  44%|████▍     | 25.6k/57.6k [09:43<12:15, 43.5doc/s]
  fiqa:  44%|████▍     | 25.6k/57.6k [09:43<12:14, 43.5doc/s]
  fiqa:  44%|████▍     | 25.6k/57.6k [09:43<12:14, 43.6doc/s]
  fiqa:  45%|████▍     | 25.7k/57.6k [09:44<12:11, 43.7doc/s]
  fiqa:  45%|████▍     | 25.7k/57.6k [09:44<12:12, 43.6doc/s]
  fiqa:  45%|████▍     | 25.7k/57.6k [09:44<12:11, 43.7doc/s]
  fiqa:  45%|████▍     | 25.7k/57.6k [09:44<12:11, 43.7doc/s]
  fiqa:  45%|████▍     | 25.7k/57.6k [09:44<12:11, 43.7doc/s]
  fiqa:  45%|████▍     | 25.7k/57.6k [09:45<12:12, 43.6doc/s]
  fiqa:  45%|████▍     | 25.7k/57.6k [09:45<12:09, 43.8doc/s]
  fiqa:  45%|████▍     | 25.7k/57.6k [09:45<12:10, 43.7doc/s]
  fiqa:  45%|████▍     | 25.7k/57.6k [09:45<12:05, 44.0doc/s]
  fiqa:  45%|████▍     | 25.7k/57.6k [09:45<11:58, 44.4doc/s]
  fiqa:  45%|████▍     | 25.7k/57.6k [09:45<11:55, 44.6doc/s]
  fiqa:  45%|████▍     | 25.7k/57.6k [09:46<11:33, 46.0doc/s]
  fiqa:  45%|████▍     | 25.8k/57.6k [09:46<11:41, 45.5doc/s]
  fiqa:  45%|████▍     | 25.8k/57.6k [09:46<11:49, 44.9doc/s]
  fiqa:  45%|████▍     | 25.8k/57.6k [09:46<11:55, 44.5doc/s]
  fiqa:  45%|████▍     | 25.8k/57.6k [09:46<11:57, 44.4doc/s]
  fiqa:  45%|████▍     | 25.8k/57.6k [09:47<12:00, 44.2doc/s]
  fiqa:  45%|████▍     | 25.8k/57.6k [09:47<12:02, 44.1doc/s]
  fiqa:  45%|████▍     | 25.8k/57.6k [09:47<12:05, 43.9doc/s]
  fiqa:  45%|████▍     | 25.8k/57.6k [09:47<12:06, 43.8doc/s]
  fiqa:  45%|████▍     | 25.8k/57.6k [09:47<12:04, 43.9doc/s]
  fiqa:  45%|████▍     | 25.8k/57.6k [09:47<12:03, 44.0doc/s]
  fiqa:  45%|████▍     | 25.8k/57.6k [09:48<12:17, 43.1doc/s]
  fiqa:  45%|████▍     | 25.8k/57.6k [09:48<12:21, 42.9doc/s]
  fiqa:  45%|████▍     | 25.8k/57.6k [09:48<11:55, 44.4doc/s]
  fiqa:  45%|████▍     | 25.9k/57.6k [09:48<11:58, 44.2doc/s]
  fiqa:  45%|████▍     | 25.9k/57.6k [09:48<12:11, 43.5doc/s]
  fiqa:  45%|████▍     | 25.9k/57.6k [09:49<12:23, 42.7doc/s]
  fiqa:  45%|████▍     | 25.9k/57.6k [09:49<12:28, 42.5doc/s]
  fiqa:  45%|████▍     | 25.9k/57.6k [09:49<12:21, 42.8doc/s]
  fiqa:  45%|████▍     | 25.9k/57.6k [09:49<12:13, 43.3doc/s]
  fiqa:  45%|████▍     | 25.9k/57.6k [09:49<11:59, 44.1doc/s]
  fiqa:  45%|████▍     | 25.9k/57.6k [09:49<11:55, 44.3doc/s]
  fiqa:  45%|████▍     | 25.9k/57.6k [09:50<11:48, 44.8doc/s]
  fiqa:  45%|████▍     | 25.9k/57.6k [09:50<11:45, 44.9doc/s]
  fiqa:  45%|████▍     | 25.9k/57.6k [09:50<11:58, 44.1doc/s]
  fiqa:  45%|████▌     | 25.9k/57.6k [09:50<12:10, 43.4doc/s]
  fiqa:  45%|████▌     | 26.0k/57.6k [09:50<12:11, 43.3doc/s]
  fiqa:  45%|████▌     | 26.0k/57.6k [09:51<12:05, 43.7doc/s]
  fiqa:  45%|████▌     | 26.0k/57.6k [09:51<12:02, 43.8doc/s]
  fiqa:  45%|████▌     | 26.0k/57.6k [09:51<11:57, 44.2doc/s]
  fiqa:  45%|████▌     | 26.0k/57.6k [09:51<11:55, 44.2doc/s]
  fiqa:  45%|████▌     | 26.0k/57.6k [09:51<11:53, 44.3doc/s]
  fiqa:  45%|████▌     | 26.0k/57.6k [09:51<11:51, 44.5doc/s]
  fiqa:  45%|████▌     | 26.0k/57.6k [09:52<12:05, 43.6doc/s]
  fiqa:  45%|████▌     | 26.0k/57.6k [09:52<12:20, 42.7doc/s]
  fiqa:  45%|████▌     | 26.0k/57.6k [09:52<12:24, 42.5doc/s]
  fiqa:  45%|████▌     | 26.0k/57.6k [09:52<11:59, 43.9doc/s]
  fiqa:  45%|████▌     | 26.0k/57.6k [09:52<12:05, 43.6doc/s]
  fiqa:  45%|████▌     | 26.0k/57.6k [09:53<12:03, 43.7doc/s]
  fiqa:  45%|████▌     | 26.1k/57.6k [09:53<12:01, 43.8doc/s]
  fiqa:  45%|████▌     | 26.1k/57.6k [09:53<11:35, 45.4doc/s]
  fiqa:  45%|████▌     | 26.1k/57.6k [09:53<11:45, 44.8doc/s]
  fiqa:  45%|████▌     | 26.1k/57.6k [09:53<11:51, 44.4doc/s]
  fiqa:  45%|████▌     | 26.1k/57.6k [09:53<11:55, 44.1doc/s]
  fiqa:  45%|████▌     | 26.1k/57.6k [09:54<11:55, 44.1doc/s]
  fiqa:  45%|████▌     | 26.1k/57.6k [09:54<11:56, 44.0doc/s]
  fiqa:  45%|████▌     | 26.1k/57.6k [09:54<11:59, 43.8doc/s]
  fiqa:  45%|████▌     | 26.1k/57.6k [09:54<11:58, 43.9doc/s]
  fiqa:  45%|████▌     | 26.1k/57.6k [09:54<11:52, 44.3doc/s]
  fiqa:  45%|████▌     | 26.1k/57.6k [09:55<11:29, 45.7doc/s]
  fiqa:  45%|████▌     | 26.1k/57.6k [09:55<11:38, 45.1doc/s]
  fiqa:  45%|████▌     | 26.2k/57.6k [09:55<11:23, 46.0doc/s]
  fiqa:  45%|████▌     | 26.2k/57.6k [09:55<11:34, 45.3doc/s]
  fiqa:  45%|████▌     | 26.2k/57.6k [09:55<11:39, 45.0doc/s]
  fiqa:  45%|████▌     | 26.2k/57.6k [09:55<11:41, 44.8doc/s]
  fiqa:  45%|████▌     | 26.2k/57.6k [09:56<11:41, 44.8doc/s]
  fiqa:  45%|████▌     | 26.2k/57.6k [09:56<11:44, 44.6doc/s]
  fiqa:  45%|████▌     | 26.2k/57.6k [09:56<11:03, 47.4doc/s]
  fiqa:  45%|████▌     | 26.2k/57.6k [09:56<11:19, 46.3doc/s]
  fiqa:  45%|████▌     | 26.2k/57.6k [09:56<11:27, 45.7doc/s]
  fiqa:  45%|████▌     | 26.2k/57.6k [09:56<11:34, 45.3doc/s]
  fiqa:  46%|████▌     | 26.2k/57.6k [09:57<11:37, 45.0doc/s]
  fiqa:  46%|████▌     | 26.2k/57.6k [09:57<11:47, 44.4doc/s]
  fiqa:  46%|████▌     | 26.2k/57.6k [09:57<11:51, 44.1doc/s]
  fiqa:  46%|████▌     | 26.3k/57.6k [09:57<11:52, 44.0doc/s]
  fiqa:  46%|████▌     | 26.3k/57.6k [09:57<11:45, 44.5doc/s]
  fiqa:  46%|████▌     | 26.3k/57.6k [09:58<11:54, 43.9doc/s]
  fiqa:  46%|████▌     | 26.3k/57.6k [09:58<12:03, 43.3doc/s]
  fiqa:  46%|████▌     | 26.3k/57.6k [09:58<12:02, 43.4doc/s]
  fiqa:  46%|████▌     | 26.3k/57.6k [09:58<11:57, 43.7doc/s]
  fiqa:  46%|████▌     | 26.3k/57.6k [09:58<11:55, 43.8doc/s]
  fiqa:  46%|████▌     | 26.3k/57.6k [09:58<11:55, 43.8doc/s]
  fiqa:  46%|████▌     | 26.3k/57.6k [09:59<11:54, 43.8doc/s]
  fiqa:  46%|████▌     | 26.3k/57.6k [09:59<11:50, 44.0doc/s]
  fiqa:  46%|████▌     | 26.3k/57.6k [09:59<11:45, 44.4doc/s]
  fiqa:  46%|████▌     | 26.3k/57.6k [09:59<11:54, 43.8doc/s]
  fiqa:  46%|████▌     | 26.4k/57.6k [09:59<12:06, 43.1doc/s]
  fiqa:  46%|████▌     | 26.4k/57.6k [10:00<12:07, 43.0doc/s]
  fiqa:  46%|████▌     | 26.4k/57.6k [10:00<12:02, 43.3doc/s]
  fiqa:  46%|████▌     | 26.4k/57.6k [10:00<11:53, 43.8doc/s]
  fiqa:  46%|████▌     | 26.4k/57.6k [10:00<11:51, 43.9doc/s]
  fiqa:  46%|████▌     | 26.4k/57.6k [10:00<12:04, 43.1doc/s]
  fiqa:  46%|████▌     | 26.4k/57.6k [10:01<12:06, 43.0doc/s]
  fiqa:  46%|████▌     | 26.4k/57.6k [10:01<12:05, 43.1doc/s]
  fiqa:  46%|████▌     | 26.4k/57.6k [10:01<12:07, 42.9doc/s]
  fiqa:  46%|████▌     | 26.4k/57.6k [10:01<12:01, 43.3doc/s]
  fiqa:  46%|████▌     | 26.4k/57.6k [10:01<11:55, 43.6doc/s]
  fiqa:  46%|████▌     | 26.4k/57.6k [10:01<11:52, 43.8doc/s]
  fiqa:  46%|████▌     | 26.4k/57.6k [10:02<11:52, 43.8doc/s]
  fiqa:  46%|████▌     | 26.5k/57.6k [10:02<11:48, 44.0doc/s]
  fiqa:  46%|████▌     | 26.5k/57.6k [10:02<11:47, 44.1doc/s]
  fiqa:  46%|████▌     | 26.5k/57.6k [10:02<11:47, 44.1doc/s]
  fiqa:  46%|████▌     | 26.5k/57.6k [10:02<11:50, 43.8doc/s]
  fiqa:  46%|████▌     | 26.5k/57.6k [10:03<11:46, 44.1doc/s]
  fiqa:  46%|████▌     | 26.5k/57.6k [10:03<11:44, 44.2doc/s]
  fiqa:  46%|████▌     | 26.5k/57.6k [10:03<11:46, 44.1doc/s]
  fiqa:  46%|████▌     | 26.5k/57.6k [10:03<11:50, 43.8doc/s]
  fiqa:  46%|████▌     | 26.5k/57.6k [10:03<11:52, 43.7doc/s]
  fiqa:  46%|████▌     | 26.5k/57.6k [10:03<11:52, 43.7doc/s]
  fiqa:  46%|████▌     | 26.5k/57.6k [10:04<11:48, 43.9doc/s]
  fiqa:  46%|████▌     | 26.5k/57.6k [10:04<11:45, 44.1doc/s]
  fiqa:  46%|████▌     | 26.6k/57.6k [10:04<11:43, 44.2doc/s]
  fiqa:  46%|████▌     | 26.6k/57.6k [10:04<11:44, 44.1doc/s]
  fiqa:  46%|████▌     | 26.6k/57.6k [10:04<11:44, 44.1doc/s]
  fiqa:  46%|████▌     | 26.6k/57.6k [10:05<11:44, 44.1doc/s]
  fiqa:  46%|████▌     | 26.6k/57.6k [10:05<11:46, 44.0doc/s]
  fiqa:  46%|████▌     | 26.6k/57.6k [10:05<11:49, 43.8doc/s]
  fiqa:  46%|████▌     | 26.6k/57.6k [10:05<11:51, 43.6doc/s]
  fiqa:  46%|████▌     | 26.6k/57.6k [10:05<11:51, 43.6doc/s]
  fiqa:  46%|████▌     | 26.6k/57.6k [10:05<11:47, 43.9doc/s]
  fiqa:  46%|████▌     | 26.6k/57.6k [10:06<11:44, 44.0doc/s]
  fiqa:  46%|████▌     | 26.6k/57.6k [10:06<11:45, 44.0doc/s]
  fiqa:  46%|████▌     | 26.6k/57.6k [10:06<11:44, 44.0doc/s]
  fiqa:  46%|████▌     | 26.6k/57.6k [10:06<11:46, 43.9doc/s]
  fiqa:  46%|████▌     | 26.7k/57.6k [10:06<11:49, 43.7doc/s]
  fiqa:  46%|████▋     | 26.7k/57.6k [10:07<11:48, 43.7doc/s]
  fiqa:  46%|████▋     | 26.7k/57.6k [10:07<11:45, 43.9doc/s]
  fiqa:  46%|████▋     | 26.7k/57.6k [10:07<11:38, 44.4doc/s]
  fiqa:  46%|████▋     | 26.7k/57.6k [10:07<11:39, 44.3doc/s]
  fiqa:  46%|████▋     | 26.7k/57.6k [10:07<11:41, 44.1doc/s]
  fiqa:  46%|████▋     | 26.7k/57.6k [10:07<11:35, 44.5doc/s]
  fiqa:  46%|████▋     | 26.7k/57.6k [10:08<11:35, 44.4doc/s]
  fiqa:  46%|████▋     | 26.7k/57.6k [10:08<11:37, 44.3doc/s]
  fiqa:  46%|████▋     | 26.7k/57.6k [10:08<11:40, 44.1doc/s]
  fiqa:  46%|████▋     | 26.7k/57.6k [10:08<11:38, 44.3doc/s]
  fiqa:  46%|████▋     | 26.7k/57.6k [10:08<11:39, 44.2doc/s]
  fiqa:  46%|████▋     | 26.8k/57.6k [10:09<11:55, 43.2doc/s]
  fiqa:  46%|████▋     | 26.8k/57.6k [10:09<11:59, 42.9doc/s]
  fiqa:  46%|████▋     | 26.8k/57.6k [10:09<11:55, 43.1doc/s]
  fiqa:  46%|████▋     | 26.8k/57.6k [10:09<11:46, 43.7doc/s]
  fiqa:  46%|████▋     | 26.8k/57.6k [10:09<11:37, 44.2doc/s]
  fiqa:  46%|████▋     | 26.8k/57.6k [10:09<11:29, 44.7doc/s]
  fiqa:  46%|████▋     | 26.8k/57.6k [10:10<11:33, 44.5doc/s]
  fiqa:  47%|████▋     | 26.8k/57.6k [10:10<11:33, 44.4doc/s]
  fiqa:  47%|████▋     | 26.8k/57.6k [10:10<11:36, 44.2doc/s]
  fiqa:  47%|████▋     | 26.8k/57.6k [10:10<11:50, 43.4doc/s]
  fiqa:  47%|████▋     | 26.8k/57.6k [10:10<11:56, 43.0doc/s]
  fiqa:  47%|████▋     | 26.8k/57.6k [10:11<11:56, 43.0doc/s]
  fiqa:  47%|████▋     | 26.8k/57.6k [10:11<11:48, 43.4doc/s]
  fiqa:  47%|████▋     | 26.9k/57.6k [10:11<11:40, 43.9doc/s]
  fiqa:  47%|████▋     | 26.9k/57.6k [10:11<11:52, 43.2doc/s]
  fiqa:  47%|████▋     | 26.9k/57.6k [10:11<11:59, 42.7doc/s]
  fiqa:  47%|████▋     | 26.9k/57.6k [10:11<11:56, 42.9doc/s]
  fiqa:  47%|████▋     | 26.9k/57.6k [10:12<11:50, 43.3doc/s]
  fiqa:  47%|████▋     | 26.9k/57.6k [10:12<11:43, 43.7doc/s]
  fiqa:  47%|████▋     | 26.9k/57.6k [10:12<11:37, 44.0doc/s]
  fiqa:  47%|████▋     | 26.9k/57.6k [10:12<11:10, 45.8doc/s]
  fiqa:  47%|████▋     | 26.9k/57.6k [10:12<11:19, 45.2doc/s]
  fiqa:  47%|████▋     | 26.9k/57.6k [10:13<11:24, 44.8doc/s]
  fiqa:  47%|████▋     | 26.9k/57.6k [10:13<11:31, 44.4doc/s]
  fiqa:  47%|████▋     | 26.9k/57.6k [10:13<11:37, 44.0doc/s]
  fiqa:  47%|████▋     | 27.0k/57.6k [10:13<11:41, 43.8doc/s]
  fiqa:  47%|████▋     | 27.0k/57.6k [10:13<11:42, 43.7doc/s]
  fiqa:  47%|████▋     | 27.0k/57.6k [10:13<11:43, 43.6doc/s]
  fiqa:  47%|████▋     | 27.0k/57.6k [10:14<11:56, 42.8doc/s]
  fiqa:  47%|████▋     | 27.0k/57.6k [10:14<12:07, 42.1doc/s]
  fiqa:  47%|████▋     | 27.0k/57.6k [10:14<11:45, 43.5doc/s]
  fiqa:  47%|████▋     | 27.0k/57.6k [10:14<11:41, 43.7doc/s]
  fiqa:  47%|████▋     | 27.0k/57.6k [10:14<11:36, 44.0doc/s]
  fiqa:  47%|████▋     | 27.0k/57.6k [10:15<11:26, 44.6doc/s]
  fiqa:  47%|████▋     | 27.0k/57.6k [10:15<11:27, 44.6doc/s]
  fiqa:  47%|████▋     | 27.0k/57.6k [10:15<11:28, 44.4doc/s]
  fiqa:  47%|████▋     | 27.0k/57.6k [10:15<11:28, 44.4doc/s]
  fiqa:  47%|████▋     | 27.0k/57.6k [10:15<11:44, 43.4doc/s]
  fiqa:  47%|████▋     | 27.1k/57.6k [10:15<11:49, 43.1doc/s]
  fiqa:  47%|████▋     | 27.1k/57.6k [10:16<11:45, 43.3doc/s]
  fiqa:  47%|████▋     | 27.1k/57.6k [10:16<11:44, 43.4doc/s]
  fiqa:  47%|████▋     | 27.1k/57.6k [10:16<11:35, 43.9doc/s]
  fiqa:  47%|████▋     | 27.1k/57.6k [10:16<11:30, 44.2doc/s]
  fiqa:  47%|████▋     | 27.1k/57.6k [10:16<11:29, 44.3doc/s]
  fiqa:  47%|████▋     | 27.1k/57.6k [10:17<11:34, 44.0doc/s]
  fiqa:  47%|████▋     | 27.1k/57.6k [10:17<11:44, 43.4doc/s]
  fiqa:  47%|████▋     | 27.1k/57.6k [10:17<11:42, 43.4doc/s]
  fiqa:  47%|████▋     | 27.1k/57.6k [10:17<11:40, 43.5doc/s]
  fiqa:  47%|████▋     | 27.1k/57.6k [10:17<11:41, 43.5doc/s]
  fiqa:  47%|████▋     | 27.1k/57.6k [10:17<11:39, 43.6doc/s]
  fiqa:  47%|████▋     | 27.2k/57.6k [10:18<11:34, 43.9doc/s]
  fiqa:  47%|████▋     | 27.2k/57.6k [10:18<11:44, 43.3doc/s]
  fiqa:  47%|████▋     | 27.2k/57.6k [10:18<11:54, 42.6doc/s]
  fiqa:  47%|████▋     | 27.2k/57.6k [10:18<11:52, 42.8doc/s]
  fiqa:  47%|████▋     | 27.2k/57.6k [10:18<11:45, 43.2doc/s]
  fiqa:  47%|████▋     | 27.2k/57.6k [10:19<11:36, 43.7doc/s]
  fiqa:  47%|████▋     | 27.2k/57.6k [10:19<11:30, 44.1doc/s]
  fiqa:  47%|████▋     | 27.2k/57.6k [10:19<11:23, 44.5doc/s]
  fiqa:  47%|████▋     | 27.2k/57.6k [10:19<11:30, 44.1doc/s]
  fiqa:  47%|████▋     | 27.2k/57.6k [10:19<11:30, 44.1doc/s]
  fiqa:  47%|████▋     | 27.2k/57.6k [10:19<11:33, 43.9doc/s]
  fiqa:  47%|████▋     | 27.2k/57.6k [10:20<11:34, 43.8doc/s]
  fiqa:  47%|████▋     | 27.2k/57.6k [10:20<11:33, 43.9doc/s]
  fiqa:  47%|████▋     | 27.3k/57.6k [10:20<11:34, 43.8doc/s]
  fiqa:  47%|████▋     | 27.3k/57.6k [10:20<11:33, 43.8doc/s]
  fiqa:  47%|████▋     | 27.3k/57.6k [10:20<11:27, 44.2doc/s]
  fiqa:  47%|████▋     | 27.3k/57.6k [10:21<11:29, 44.0doc/s]
  fiqa:  47%|████▋     | 27.3k/57.6k [10:21<11:28, 44.1doc/s]
  fiqa:  47%|████▋     | 27.3k/57.6k [10:21<11:35, 43.7doc/s]
  fiqa:  47%|████▋     | 27.3k/57.6k [10:21<11:34, 43.7doc/s]
  fiqa:  47%|████▋     | 27.3k/57.6k [10:21<11:29, 44.0doc/s]
  fiqa:  47%|████▋     | 27.3k/57.6k [10:21<11:26, 44.2doc/s]
  fiqa:  47%|████▋     | 27.3k/57.6k [10:22<11:25, 44.2doc/s]
  fiqa:  47%|████▋     | 27.3k/57.6k [10:22<11:22, 44.4doc/s]
  fiqa:  47%|████▋     | 27.3k/57.6k [10:22<11:00, 45.9doc/s]
  fiqa:  47%|████▋     | 27.4k/57.6k [10:22<11:07, 45.4doc/s]
  fiqa:  47%|████▋     | 27.4k/57.6k [10:22<11:11, 45.1doc/s]
  fiqa:  47%|████▋     | 27.4k/57.6k [10:23<11:14, 44.9doc/s]
  fiqa:  47%|████▋     | 27.4k/57.6k [10:23<11:19, 44.6doc/s]
  fiqa:  48%|████▊     | 27.4k/57.6k [10:23<11:20, 44.5doc/s]
  fiqa:  48%|████▊     | 27.4k/57.6k [10:23<11:21, 44.4doc/s]
  fiqa:  48%|████▊     | 27.4k/57.6k [10:23<11:17, 44.6doc/s]
  fiqa:  48%|████▊     | 27.4k/57.6k [10:23<11:24, 44.2doc/s]
  fiqa:  48%|████▊     | 27.4k/57.6k [10:24<11:33, 43.6doc/s]
  fiqa:  48%|████▊     | 27.4k/57.6k [10:24<11:38, 43.2doc/s]
  fiqa:  48%|████▊     | 27.4k/57.6k [10:24<11:41, 43.1doc/s]
  fiqa:  48%|████▊     | 27.4k/57.6k [10:24<11:38, 43.2doc/s]
  fiqa:  48%|████▊     | 27.4k/57.6k [10:24<11:34, 43.5doc/s]
  fiqa:  48%|████▊     | 27.5k/57.6k [10:25<11:31, 43.7doc/s]
  fiqa:  48%|████▊     | 27.5k/57.6k [10:25<11:30, 43.7doc/s]
  fiqa:  48%|████▊     | 27.5k/57.6k [10:25<11:29, 43.7doc/s]
  fiqa:  48%|████▊     | 27.5k/57.6k [10:25<11:25, 44.0doc/s]
  fiqa:  48%|████▊     | 27.5k/57.6k [10:25<11:34, 43.4doc/s]
  fiqa:  48%|████▊     | 27.5k/57.6k [10:25<11:34, 43.4doc/s]
  fiqa:  48%|████▊     | 27.5k/57.6k [10:26<11:32, 43.5doc/s]
  fiqa:  48%|████▊     | 27.5k/57.6k [10:26<11:28, 43.7doc/s]
  fiqa:  48%|████▊     | 27.5k/57.6k [10:26<11:21, 44.2doc/s]
  fiqa:  48%|████▊     | 27.5k/57.6k [10:26<11:19, 44.3doc/s]
  fiqa:  48%|████▊     | 27.5k/57.6k [10:26<11:15, 44.6doc/s]
  fiqa:  48%|████▊     | 27.5k/57.6k [10:27<11:17, 44.4doc/s]
  fiqa:  48%|████▊     | 27.6k/57.6k [10:27<11:20, 44.2doc/s]
  fiqa:  48%|████▊     | 27.6k/57.6k [10:27<11:24, 43.9doc/s]
  fiqa:  48%|████▊     | 27.6k/57.6k [10:27<11:28, 43.7doc/s]
  fiqa:  48%|████▊     | 27.6k/57.6k [10:27<11:25, 43.9doc/s]
  fiqa:  48%|████▊     | 27.6k/57.6k [10:27<11:18, 44.3doc/s]
  fiqa:  48%|████▊     | 27.6k/57.6k [10:28<11:21, 44.1doc/s]
  fiqa:  48%|████▊     | 27.6k/57.6k [10:28<11:28, 43.6doc/s]
  fiqa:  48%|████▊     | 27.6k/57.6k [10:28<11:32, 43.3doc/s]
  fiqa:  48%|████▊     | 27.6k/57.6k [10:28<11:28, 43.6doc/s]
  fiqa:  48%|████▊     | 27.6k/57.6k [10:28<11:27, 43.7doc/s]
  fiqa:  48%|████▊     | 27.6k/57.6k [10:29<11:40, 42.8doc/s]
  fiqa:  48%|████▊     | 27.6k/57.6k [10:29<11:46, 42.4doc/s]
  fiqa:  48%|████▊     | 27.6k/57.6k [10:29<11:39, 42.9doc/s]
  fiqa:  48%|████▊     | 27.7k/57.6k [10:29<11:40, 42.8doc/s]
  fiqa:  48%|████▊     | 27.7k/57.6k [10:29<11:33, 43.2doc/s]
  fiqa:  48%|████▊     | 27.7k/57.6k [10:30<11:27, 43.6doc/s]
  fiqa:  48%|████▊     | 27.7k/57.6k [10:30<11:22, 43.9doc/s]
  fiqa:  48%|████▊     | 27.7k/57.6k [10:30<10:59, 45.4doc/s]
  fiqa:  48%|████▊     | 27.7k/57.6k [10:30<11:03, 45.1doc/s]
  fiqa:  48%|████▊     | 27.7k/57.6k [10:30<11:05, 45.0doc/s]
  fiqa:  48%|████▊     | 27.7k/57.6k [10:30<11:14, 44.4doc/s]
  fiqa:  48%|████▊     | 27.7k/57.6k [10:31<11:18, 44.1doc/s]
  fiqa:  48%|████▊     | 27.7k/57.6k [10:31<11:20, 44.0doc/s]
  fiqa:  48%|████▊     | 27.7k/57.6k [10:31<11:20, 43.9doc/s]
  fiqa:  48%|████▊     | 27.7k/57.6k [10:31<11:22, 43.8doc/s]
  fiqa:  48%|████▊     | 27.8k/57.6k [10:31<11:19, 44.0doc/s]
  fiqa:  48%|████▊     | 27.8k/57.6k [10:31<11:17, 44.1doc/s]
  fiqa:  48%|████▊     | 27.8k/57.6k [10:32<11:18, 44.0doc/s]
  fiqa:  48%|████▊     | 27.8k/57.6k [10:32<11:19, 43.9doc/s]
  fiqa:  48%|████▊     | 27.8k/57.6k [10:32<11:20, 43.8doc/s]
  fiqa:  48%|████▊     | 27.8k/57.6k [10:32<11:23, 43.7doc/s]
  fiqa:  48%|████▊     | 27.8k/57.6k [10:32<11:24, 43.6doc/s]
  fiqa:  48%|████▊     | 27.8k/57.6k [10:33<11:20, 43.8doc/s]
  fiqa:  48%|████▊     | 27.8k/57.6k [10:33<11:19, 43.9doc/s]
  fiqa:  48%|████▊     | 27.8k/57.6k [10:33<11:20, 43.8doc/s]
  fiqa:  48%|████▊     | 27.8k/57.6k [10:33<11:21, 43.7doc/s]
  fiqa:  48%|████▊     | 27.8k/57.6k [10:33<11:19, 43.9doc/s]
  fiqa:  48%|████▊     | 27.8k/57.6k [10:34<11:17, 44.0doc/s]
  fiqa:  48%|████▊     | 27.9k/57.6k [10:34<11:17, 44.0doc/s]
  fiqa:  48%|████▊     | 27.9k/57.6k [10:34<11:17, 43.9doc/s]
  fiqa:  48%|████▊     | 27.9k/57.6k [10:34<11:17, 43.9doc/s]
  fiqa:  48%|████▊     | 27.9k/57.6k [10:34<11:14, 44.1doc/s]
  fiqa:  48%|████▊     | 27.9k/57.6k [10:34<11:09, 44.4doc/s]
  fiqa:  48%|████▊     | 27.9k/57.6k [10:35<11:08, 44.5doc/s]
  fiqa:  48%|████▊     | 27.9k/57.6k [10:35<11:05, 44.7doc/s]
  fiqa:  48%|████▊     | 27.9k/57.6k [10:35<11:07, 44.5doc/s]
  fiqa:  48%|████▊     | 27.9k/57.6k [10:35<11:08, 44.5doc/s]
  fiqa:  48%|████▊     | 27.9k/57.6k [10:35<11:09, 44.4doc/s]
  fiqa:  48%|████▊     | 27.9k/57.6k [10:35<11:07, 44.5doc/s]
  fiqa:  48%|████▊     | 27.9k/57.6k [10:36<10:43, 46.1doc/s]
  fiqa:  48%|████▊     | 28.0k/57.6k [10:36<10:54, 45.4doc/s]
  fiqa:  49%|████▊     | 28.0k/57.6k [10:36<10:57, 45.1doc/s]
  fiqa:  49%|████▊     | 28.0k/57.6k [10:36<10:58, 45.0doc/s]
  fiqa:  49%|████▊     | 28.0k/57.6k [10:36<11:02, 44.7doc/s]
  fiqa:  49%|████▊     | 28.0k/57.6k [10:37<11:12, 44.1doc/s]
  fiqa:  49%|████▊     | 28.0k/57.6k [10:37<11:12, 44.1doc/s]
  fiqa:  49%|████▊     | 28.0k/57.6k [10:37<11:09, 44.3doc/s]
  fiqa:  49%|████▊     | 28.0k/57.6k [10:37<11:15, 43.9doc/s]
  fiqa:  49%|████▊     | 28.0k/57.6k [10:37<11:17, 43.7doc/s]
  fiqa:  49%|████▊     | 28.0k/57.6k [10:37<11:19, 43.6doc/s]
  fiqa:  49%|████▊     | 28.0k/57.6k [10:38<11:14, 43.9doc/s]
  fiqa:  49%|████▊     | 28.0k/57.6k [10:38<10:57, 45.0doc/s]
  fiqa:  49%|████▊     | 28.0k/57.6k [10:38<11:06, 44.4doc/s]
  fiqa:  49%|████▊     | 28.1k/57.6k [10:38<11:11, 44.1doc/s]
  fiqa:  49%|████▊     | 28.1k/57.6k [10:38<11:13, 43.9doc/s]
  fiqa:  49%|████▊     | 28.1k/57.6k [10:39<11:16, 43.7doc/s]
  fiqa:  49%|████▊     | 28.1k/57.6k [10:39<11:14, 43.8doc/s]
  fiqa:  49%|████▊     | 28.1k/57.6k [10:39<11:08, 44.2doc/s]
  fiqa:  49%|████▊     | 28.1k/57.6k [10:39<11:08, 44.2doc/s]
  fiqa:  49%|████▉     | 28.1k/57.6k [10:39<11:10, 44.0doc/s]
  fiqa:  49%|████▉     | 28.1k/57.6k [10:39<11:13, 43.8doc/s]
  fiqa:  49%|████▉     | 28.1k/57.6k [10:40<11:11, 44.0doc/s]
  fiqa:  49%|████▉     | 28.1k/57.6k [10:40<10:50, 45.3doc/s]
  fiqa:  49%|████▉     | 28.1k/57.6k [10:40<10:58, 44.8doc/s]
  fiqa:  49%|████▉     | 28.1k/57.6k [10:40<11:00, 44.6doc/s]
  fiqa:  49%|████▉     | 28.2k/57.6k [10:40<11:04, 44.4doc/s]
  fiqa:  49%|████▉     | 28.2k/57.6k [10:41<11:05, 44.3doc/s]
  fiqa:  49%|████▉     | 28.2k/57.6k [10:41<11:07, 44.1doc/s]
  fiqa:  49%|████▉     | 28.2k/57.6k [10:41<11:09, 44.0doc/s]
  fiqa:  49%|████▉     | 28.2k/57.6k [10:41<11:07, 44.2doc/s]
  fiqa:  49%|████▉     | 28.2k/57.6k [10:41<11:07, 44.1doc/s]
  fiqa:  49%|████▉     | 28.2k/57.6k [10:41<11:07, 44.1doc/s]
  fiqa:  49%|████▉     | 28.2k/57.6k [10:42<11:14, 43.6doc/s]
  fiqa:  49%|████▉     | 28.2k/57.6k [10:42<11:16, 43.5doc/s]
  fiqa:  49%|████▉     | 28.2k/57.6k [10:42<11:10, 43.9doc/s]
  fiqa:  49%|████▉     | 28.2k/57.6k [10:42<11:10, 43.9doc/s]
  fiqa:  49%|████▉     | 28.2k/57.6k [10:42<11:09, 43.9doc/s]
  fiqa:  49%|████▉     | 28.2k/57.6k [10:43<11:05, 44.2doc/s]
  fiqa:  49%|████▉     | 28.3k/57.6k [10:43<11:00, 44.5doc/s]
  fiqa:  49%|████▉     | 28.3k/57.6k [10:43<11:02, 44.3doc/s]
  fiqa:  49%|████▉     | 28.3k/57.6k [10:43<11:03, 44.3doc/s]
  fiqa:  49%|████▉     | 28.3k/57.6k [10:43<11:02, 44.3doc/s]
  fiqa:  49%|████▉     | 28.3k/57.6k [10:43<11:14, 43.5doc/s]
  fiqa:  49%|████▉     | 28.3k/57.6k [10:44<11:25, 42.8doc/s]
  fiqa:  49%|████▉     | 28.3k/57.6k [10:44<11:25, 42.8doc/s]
  fiqa:  49%|████▉     | 28.3k/57.6k [10:44<11:24, 42.8doc/s]
  fiqa:  49%|████▉     | 28.3k/57.6k [10:44<11:20, 43.1doc/s]
  fiqa:  49%|████▉     | 28.3k/57.6k [10:44<11:12, 43.6doc/s]
  fiqa:  49%|████▉     | 28.3k/57.6k [10:45<11:03, 44.1doc/s]
  fiqa:  49%|████▉     | 28.3k/57.6k [10:45<10:57, 44.6doc/s]
  fiqa:  49%|████▉     | 28.4k/57.6k [10:45<11:02, 44.2doc/s]
  fiqa:  49%|████▉     | 28.4k/57.6k [10:45<10:58, 44.5doc/s]
  fiqa:  49%|████▉     | 28.4k/57.6k [10:45<11:07, 43.8doc/s]
  fiqa:  49%|████▉     | 28.4k/57.6k [10:45<11:19, 43.1doc/s]
  fiqa:  49%|████▉     | 28.4k/57.6k [10:46<11:21, 42.9doc/s]
  fiqa:  49%|████▉     | 28.4k/57.6k [10:46<11:17, 43.2doc/s]
  fiqa:  49%|████▉     | 28.4k/57.6k [10:46<11:11, 43.5doc/s]
  fiqa:  49%|████▉     | 28.4k/57.6k [10:46<11:04, 44.0doc/s]
  fiqa:  49%|████▉     | 28.4k/57.6k [10:46<11:10, 43.6doc/s]
  fiqa:  49%|████▉     | 28.4k/57.6k [10:47<11:09, 43.6doc/s]
  fiqa:  49%|████▉     | 28.4k/57.6k [10:47<11:07, 43.8doc/s]
  fiqa:  49%|████▉     | 28.4k/57.6k [10:47<11:00, 44.2doc/s]
  fiqa:  49%|████▉     | 28.4k/57.6k [10:47<11:07, 43.7doc/s]
  fiqa:  49%|████▉     | 28.5k/57.6k [10:47<11:10, 43.5doc/s]
  fiqa:  49%|████▉     | 28.5k/57.6k [10:47<11:10, 43.5doc/s]
  fiqa:  49%|████▉     | 28.5k/57.6k [10:48<11:08, 43.6doc/s]
  fiqa:  49%|████▉     | 28.5k/57.6k [10:48<11:02, 44.0doc/s]
  fiqa:  49%|████▉     | 28.5k/57.6k [10:48<10:58, 44.3doc/s]
  fiqa:  49%|████▉     | 28.5k/57.6k [10:48<10:57, 44.3doc/s]
  fiqa:  49%|████▉     | 28.5k/57.6k [10:48<10:54, 44.5doc/s]
  fiqa:  49%|████▉     | 28.5k/57.6k [10:49<10:55, 44.5doc/s]
  fiqa:  49%|████▉     | 28.5k/57.6k [10:49<10:54, 44.5doc/s]
  fiqa:  49%|████▉     | 28.5k/57.6k [10:49<10:59, 44.1doc/s]
  fiqa:  50%|████▉     | 28.5k/57.6k [10:49<11:00, 44.1doc/s]
  fiqa:  50%|████▉     | 28.5k/57.6k [10:49<11:03, 43.9doc/s]
  fiqa:  50%|████▉     | 28.6k/57.6k [10:49<11:01, 44.0doc/s]
  fiqa:  50%|████▉     | 28.6k/57.6k [10:50<10:56, 44.3doc/s]
  fiqa:  50%|████▉     | 28.6k/57.6k [10:50<10:59, 44.1doc/s]
  fiqa:  50%|████▉     | 28.6k/57.6k [10:50<11:03, 43.8doc/s]
  fiqa:  50%|████▉     | 28.6k/57.6k [10:50<11:03, 43.8doc/s]
  fiqa:  50%|████▉     | 28.6k/57.6k [10:50<11:03, 43.8doc/s]
  fiqa:  50%|████▉     | 28.6k/57.6k [10:51<11:03, 43.8doc/s]
  fiqa:  50%|████▉     | 28.6k/57.6k [10:51<10:40, 45.3doc/s]
  fiqa:  50%|████▉     | 28.6k/57.6k [10:51<10:47, 44.8doc/s]
  fiqa:  50%|████▉     | 28.6k/57.6k [10:51<10:50, 44.6doc/s]
  fiqa:  50%|████▉     | 28.6k/57.6k [10:51<10:33, 45.8doc/s]
  fiqa:  50%|████▉     | 28.6k/57.6k [10:51<10:39, 45.4doc/s]
  fiqa:  50%|████▉     | 28.6k/57.6k [10:52<10:39, 45.3doc/s]
  fiqa:  50%|████▉     | 28.7k/57.6k [10:52<10:37, 45.5doc/s]
  fiqa:  50%|████▉     | 28.7k/57.6k [10:52<10:42, 45.1doc/s]
  fiqa:  50%|████▉     | 28.7k/57.6k [10:52<10:45, 44.9doc/s]
  fiqa:  50%|████▉     | 28.7k/57.6k [10:52<10:47, 44.7doc/s]
  fiqa:  50%|████▉     | 28.7k/57.6k [10:53<10:50, 44.5doc/s]
  fiqa:  50%|████▉     | 28.7k/57.6k [10:53<10:31, 45.8doc/s]
  fiqa:  50%|████▉     | 28.7k/57.6k [10:53<10:38, 45.3doc/s]
  fiqa:  50%|████▉     | 28.7k/57.6k [10:53<10:45, 44.8doc/s]
  fiqa:  50%|████▉     | 28.7k/57.6k [10:53<10:29, 46.0doc/s]
  fiqa:  50%|████▉     | 28.7k/57.6k [10:53<10:39, 45.2doc/s]
  fiqa:  50%|████▉     | 28.7k/57.6k [10:54<10:44, 44.8doc/s]
  fiqa:  50%|████▉     | 28.7k/57.6k [10:54<10:49, 44.5doc/s]
  fiqa:  50%|████▉     | 28.8k/57.6k [10:54<10:55, 44.1doc/s]
  fiqa:  50%|████▉     | 28.8k/57.6k [10:54<10:57, 43.9doc/s]
  fiqa:  50%|████▉     | 28.8k/57.6k [10:54<10:52, 44.3doc/s]
  fiqa:  50%|████▉     | 28.8k/57.6k [10:54<10:47, 44.6doc/s]
  fiqa:  50%|████▉     | 28.8k/57.6k [10:55<10:29, 45.8doc/s]
  fiqa:  50%|████▉     | 28.8k/57.6k [10:55<10:35, 45.4doc/s]
  fiqa:  50%|████▉     | 28.8k/57.6k [10:55<10:37, 45.2doc/s]
  fiqa:  50%|████▉     | 28.8k/57.6k [10:55<10:42, 44.9doc/s]
  fiqa:  50%|████▉     | 28.8k/57.6k [10:55<10:45, 44.6doc/s]
  fiqa:  50%|█████     | 28.8k/57.6k [10:56<10:48, 44.5doc/s]
  fiqa:  50%|█████     | 28.8k/57.6k [10:56<10:28, 45.8doc/s]
  fiqa:  50%|█████     | 28.8k/57.6k [10:56<10:40, 44.9doc/s]
  fiqa:  50%|█████     | 28.8k/57.6k [10:56<10:47, 44.5doc/s]
  fiqa:  50%|█████     | 28.9k/57.6k [10:56<10:50, 44.2doc/s]
  fiqa:  50%|█████     | 28.9k/57.6k [10:56<10:51, 44.1doc/s]
  fiqa:  50%|█████     | 28.9k/57.6k [10:57<10:53, 44.0doc/s]
  fiqa:  50%|█████     | 28.9k/57.6k [10:57<10:55, 43.9doc/s]
  fiqa:  50%|█████     | 28.9k/57.6k [10:57<10:54, 43.9doc/s]
  fiqa:  50%|█████     | 28.9k/57.6k [10:57<10:53, 44.0doc/s]
  fiqa:  50%|█████     | 28.9k/57.6k [10:57<10:59, 43.6doc/s]
  fiqa:  50%|█████     | 28.9k/57.6k [10:58<11:06, 43.1doc/s]
  fiqa:  50%|█████     | 28.9k/57.6k [10:58<11:06, 43.1doc/s]
  fiqa:  50%|█████     | 28.9k/57.6k [10:58<11:01, 43.4doc/s]
  fiqa:  50%|█████     | 28.9k/57.6k [10:58<10:58, 43.6doc/s]
  fiqa:  50%|█████     | 28.9k/57.6k [10:58<10:55, 43.8doc/s]
  fiqa:  50%|█████     | 29.0k/57.6k [10:58<10:54, 43.8doc/s]
  fiqa:  50%|█████     | 29.0k/57.6k [10:59<10:52, 43.9doc/s]
  fiqa:  50%|█████     | 29.0k/57.6k [10:59<10:52, 44.0doc/s]
  fiqa:  50%|█████     | 29.0k/57.6k [10:59<10:50, 44.0doc/s]
  fiqa:  50%|█████     | 29.0k/57.6k [10:59<10:48, 44.2doc/s]
  fiqa:  50%|█████     | 29.0k/57.6k [10:59<10:44, 44.4doc/s]
  fiqa:  50%|█████     | 29.0k/57.6k [11:00<10:45, 44.4doc/s]
  fiqa:  50%|█████     | 29.0k/57.6k [11:00<10:45, 44.4doc/s]
  fiqa:  50%|█████     | 29.0k/57.6k [11:00<10:57, 43.5doc/s]
  fiqa:  50%|█████     | 29.0k/57.6k [11:00<10:59, 43.4doc/s]
  fiqa:  50%|█████     | 29.0k/57.6k [11:00<10:43, 44.5doc/s]
  fiqa:  50%|█████     | 29.0k/57.6k [11:00<10:40, 44.7doc/s]
  fiqa:  50%|█████     | 29.0k/57.6k [11:01<10:40, 44.6doc/s]
  fiqa:  50%|█████     | 29.1k/57.6k [11:01<10:42, 44.5doc/s]
  fiqa:  50%|█████     | 29.1k/57.6k [11:01<10:44, 44.3doc/s]
  fiqa:  50%|█████     | 29.1k/57.6k [11:01<10:49, 44.0doc/s]
  fiqa:  50%|█████     | 29.1k/57.6k [11:01<10:49, 44.0doc/s]
  fiqa:  50%|█████     | 29.1k/57.6k [11:02<10:50, 43.9doc/s]
  fiqa:  50%|█████     | 29.1k/57.6k [11:02<10:51, 43.8doc/s]
  fiqa:  50%|█████     | 29.1k/57.6k [11:02<10:51, 43.8doc/s]
  fiqa:  51%|█████     | 29.1k/57.6k [11:02<10:40, 44.5doc/s]
  fiqa:  51%|█████     | 29.1k/57.6k [11:02<10:40, 44.5doc/s]
  fiqa:  51%|█████     | 29.1k/57.6k [11:02<10:41, 44.4doc/s]
  fiqa:  51%|█████     | 29.1k/57.6k [11:03<10:44, 44.2doc/s]
  fiqa:  51%|█████     | 29.1k/57.6k [11:03<10:47, 44.0doc/s]
  fiqa:  51%|█████     | 29.2k/57.6k [11:03<10:47, 44.0doc/s]
  fiqa:  51%|█████     | 29.2k/57.6k [11:03<10:30, 45.2doc/s]
  fiqa:  51%|█████     | 29.2k/57.6k [11:03<10:36, 44.7doc/s]
  fiqa:  51%|█████     | 29.2k/57.6k [11:04<10:37, 44.6doc/s]
  fiqa:  51%|█████     | 29.2k/57.6k [11:04<10:37, 44.6doc/s]
  fiqa:  51%|█████     | 29.2k/57.6k [11:04<10:37, 44.6doc/s]
  fiqa:  51%|█████     | 29.2k/57.6k [11:04<10:40, 44.4doc/s]
  fiqa:  51%|█████     | 29.2k/57.6k [11:04<10:45, 44.0doc/s]
  fiqa:  51%|█████     | 29.2k/57.6k [11:04<10:49, 43.7doc/s]
  fiqa:  51%|█████     | 29.2k/57.6k [11:05<10:50, 43.6doc/s]
  fiqa:  51%|█████     | 29.2k/57.6k [11:05<10:49, 43.7doc/s]
  fiqa:  51%|█████     | 29.2k/57.6k [11:05<10:43, 44.1doc/s]
  fiqa:  51%|█████     | 29.2k/57.6k [11:05<10:39, 44.4doc/s]
  fiqa:  51%|█████     | 29.3k/57.6k [11:05<10:39, 44.4doc/s]
  fiqa:  51%|█████     | 29.3k/57.6k [11:06<10:39, 44.3doc/s]
  fiqa:  51%|█████     | 29.3k/57.6k [11:06<10:21, 45.7doc/s]
  fiqa:  51%|█████     | 29.3k/57.6k [11:06<10:31, 44.9doc/s]
  fiqa:  51%|█████     | 29.3k/57.6k [11:06<10:35, 44.6doc/s]
  fiqa:  51%|█████     | 29.3k/57.6k [11:06<10:39, 44.3doc/s]
  fiqa:  51%|█████     | 29.3k/57.6k [11:06<10:41, 44.2doc/s]
  fiqa:  51%|█████     | 29.3k/57.6k [11:07<10:42, 44.1doc/s]
  fiqa:  51%|█████     | 29.3k/57.6k [11:07<10:43, 44.0doc/s]
  fiqa:  51%|█████     | 29.3k/57.6k [11:07<10:41, 44.1doc/s]
  fiqa:  51%|█████     | 29.3k/57.6k [11:07<10:43, 44.0doc/s]
  fiqa:  51%|█████     | 29.3k/57.6k [11:07<10:44, 43.9doc/s]
  fiqa:  51%|█████     | 29.4k/57.6k [11:08<10:46, 43.7doc/s]
  fiqa:  51%|█████     | 29.4k/57.6k [11:08<10:46, 43.7doc/s]
  fiqa:  51%|█████     | 29.4k/57.6k [11:08<10:45, 43.8doc/s]
  fiqa:  51%|█████     | 29.4k/57.6k [11:08<10:46, 43.7doc/s]
  fiqa:  51%|█████     | 29.4k/57.6k [11:08<10:40, 44.1doc/s]
  fiqa:  51%|█████     | 29.4k/57.6k [11:08<10:35, 44.4doc/s]
  fiqa:  51%|█████     | 29.4k/57.6k [11:09<10:35, 44.4doc/s]
  fiqa:  51%|█████     | 29.4k/57.6k [11:09<10:38, 44.2doc/s]
  fiqa:  51%|█████     | 29.4k/57.6k [11:09<10:45, 43.7doc/s]
  fiqa:  51%|█████     | 29.4k/57.6k [11:09<10:27, 45.0doc/s]
  fiqa:  51%|█████     | 29.4k/57.6k [11:09<10:33, 44.5doc/s]
  fiqa:  51%|█████     | 29.4k/57.6k [11:09<10:37, 44.3doc/s]
  fiqa:  51%|█████     | 29.4k/57.6k [11:10<10:39, 44.1doc/s]
  fiqa:  51%|█████     | 29.5k/57.6k [11:10<10:40, 44.0doc/s]
  fiqa:  51%|█████     | 29.5k/57.6k [11:10<10:40, 44.0doc/s]
  fiqa:  51%|█████     | 29.5k/57.6k [11:10<10:40, 44.0doc/s]
  fiqa:  51%|█████     | 29.5k/57.6k [11:10<10:41, 43.9doc/s]
  fiqa:  51%|█████     | 29.5k/57.6k [11:11<10:34, 44.4doc/s]
  fiqa:  51%|█████     | 29.5k/57.6k [11:11<10:35, 44.3doc/s]
  fiqa:  51%|█████     | 29.5k/57.6k [11:11<10:17, 45.5doc/s]
  fiqa:  51%|█████     | 29.5k/57.6k [11:11<10:04, 46.5doc/s]
  fiqa:  51%|█████     | 29.5k/57.6k [11:11<10:13, 45.8doc/s]
  fiqa:  51%|█████     | 29.5k/57.6k [11:11<10:18, 45.4doc/s]
  fiqa:  51%|█████     | 29.5k/57.6k [11:12<10:22, 45.1doc/s]
  fiqa:  51%|█████▏    | 29.5k/57.6k [11:12<10:24, 45.0doc/s]
  fiqa:  51%|█████▏    | 29.6k/57.6k [11:12<10:30, 44.6doc/s]
  fiqa:  51%|█████▏    | 29.6k/57.6k [11:12<10:32, 44.4doc/s]
  fiqa:  51%|█████▏    | 29.6k/57.6k [11:12<10:36, 44.1doc/s]
  fiqa:  51%|█████▏    | 29.6k/57.6k [11:13<10:32, 44.4doc/s]
  fiqa:  51%|█████▏    | 29.6k/57.6k [11:13<10:31, 44.4doc/s]
  fiqa:  51%|█████▏    | 29.6k/57.6k [11:13<10:29, 44.5doc/s]
  fiqa:  51%|█████▏    | 29.6k/57.6k [11:13<10:32, 44.4doc/s]
  fiqa:  51%|█████▏    | 29.6k/57.6k [11:13<10:30, 44.4doc/s]
  fiqa:  51%|█████▏    | 29.6k/57.6k [11:13<10:29, 44.5doc/s]
  fiqa:  51%|█████▏    | 29.6k/57.6k [11:14<10:31, 44.4doc/s]
  fiqa:  51%|█████▏    | 29.6k/57.6k [11:14<10:33, 44.2doc/s]
  fiqa:  51%|█████▏    | 29.6k/57.6k [11:14<10:34, 44.1doc/s]
  fiqa:  51%|█████▏    | 29.6k/57.6k [11:14<10:34, 44.1doc/s]
  fiqa:  51%|█████▏    | 29.7k/57.6k [11:14<10:33, 44.2doc/s]
  fiqa:  51%|█████▏    | 29.7k/57.6k [11:15<10:37, 43.9doc/s]
  fiqa:  51%|█████▏    | 29.7k/57.6k [11:15<10:42, 43.5doc/s]
  fiqa:  51%|█████▏    | 29.7k/57.6k [11:15<10:41, 43.6doc/s]
  fiqa:  52%|█████▏    | 29.7k/57.6k [11:15<10:37, 43.8doc/s]
  fiqa:  52%|█████▏    | 29.7k/57.6k [11:15<10:12, 45.6doc/s]
  fiqa:  52%|█████▏    | 29.7k/57.6k [11:15<10:10, 45.7doc/s]
  fiqa:  52%|█████▏    | 29.7k/57.6k [11:16<10:25, 44.7doc/s]
  fiqa:  52%|█████▏    | 29.7k/57.6k [11:16<10:41, 43.5doc/s]
  fiqa:  52%|█████▏    | 29.7k/57.6k [11:16<10:48, 43.0doc/s]
  fiqa:  52%|█████▏    | 29.7k/57.6k [11:16<10:50, 42.9doc/s]
  fiqa:  52%|█████▏    | 29.7k/57.6k [11:16<10:48, 43.0doc/s]
  fiqa:  52%|█████▏    | 29.8k/57.6k [11:17<10:42, 43.4doc/s]
  fiqa:  52%|█████▏    | 29.8k/57.6k [11:17<10:35, 43.9doc/s]
  fiqa:  52%|█████▏    | 29.8k/57.6k [11:17<10:31, 44.1doc/s]
  fiqa:  52%|█████▏    | 29.8k/57.6k [11:17<10:25, 44.5doc/s]
  fiqa:  52%|█████▏    | 29.8k/57.6k [11:17<10:27, 44.4doc/s]
  fiqa:  52%|█████▏    | 29.8k/57.6k [11:17<10:39, 43.6doc/s]
  fiqa:  52%|█████▏    | 29.8k/57.6k [11:18<10:49, 42.8doc/s]
  fiqa:  52%|█████▏    | 29.8k/57.6k [11:18<10:51, 42.7doc/s]
  fiqa:  52%|█████▏    | 29.8k/57.6k [11:18<10:49, 42.8doc/s]
  fiqa:  52%|█████▏    | 29.8k/57.6k [11:18<10:46, 43.0doc/s]
  fiqa:  52%|█████▏    | 29.8k/57.6k [11:18<10:42, 43.3doc/s]
  fiqa:  52%|█████▏    | 29.8k/57.6k [11:19<10:35, 43.7doc/s]
  fiqa:  52%|█████▏    | 29.8k/57.6k [11:19<10:31, 44.0doc/s]
  fiqa:  52%|█████▏    | 29.9k/57.6k [11:19<10:30, 44.1doc/s]
  fiqa:  52%|█████▏    | 29.9k/57.6k [11:19<10:32, 43.9doc/s]
  fiqa:  52%|█████▏    | 29.9k/57.6k [11:19<10:37, 43.6doc/s]
  fiqa:  52%|█████▏    | 29.9k/57.6k [11:19<10:40, 43.3doc/s]
  fiqa:  52%|█████▏    | 29.9k/57.6k [11:20<10:40, 43.3doc/s]
  fiqa:  52%|█████▏    | 29.9k/57.6k [11:20<10:38, 43.5doc/s]
  fiqa:  52%|█████▏    | 29.9k/57.6k [11:20<10:30, 44.0doc/s]
  fiqa:  52%|█████▏    | 29.9k/57.6k [11:20<10:27, 44.2doc/s]
  fiqa:  52%|█████▏    | 29.9k/57.6k [11:20<10:24, 44.4doc/s]
  fiqa:  52%|█████▏    | 29.9k/57.6k [11:21<10:26, 44.2doc/s]
  fiqa:  52%|█████▏    | 29.9k/57.6k [11:21<10:28, 44.1doc/s]
  fiqa:  52%|█████▏    | 29.9k/57.6k [11:21<10:28, 44.0doc/s]
  fiqa:  52%|█████▏    | 30.0k/57.6k [11:21<10:28, 44.0doc/s]
  fiqa:  52%|█████▏    | 30.0k/57.6k [11:21<10:30, 43.9doc/s]
  fiqa:  52%|█████▏    | 30.0k/57.6k [11:21<10:12, 45.2doc/s]
  fiqa:  52%|█████▏    | 30.0k/57.6k [11:22<10:19, 44.6doc/s]
  fiqa:  52%|█████▏    | 30.0k/57.6k [11:22<10:23, 44.4doc/s]
  fiqa:  52%|█████▏    | 30.0k/57.6k [11:22<10:23, 44.3doc/s]
  fiqa:  52%|█████▏    | 30.0k/57.6k [11:22<10:26, 44.1doc/s]
  fiqa:  52%|█████▏    | 30.0k/57.6k [11:22<10:23, 44.3doc/s]
  fiqa:  52%|█████▏    | 30.0k/57.6k [11:23<10:35, 43.5doc/s]
  fiqa:  52%|█████▏    | 30.0k/57.6k [11:23<10:45, 42.8doc/s]
  fiqa:  52%|█████▏    | 30.0k/57.6k [11:23<10:45, 42.8doc/s]
  fiqa:  52%|█████▏    | 30.0k/57.6k [11:23<10:40, 43.1doc/s]
  fiqa:  52%|█████▏    | 30.0k/57.6k [11:23<10:32, 43.6doc/s]
  fiqa:  52%|█████▏    | 30.1k/57.6k [11:23<10:22, 44.3doc/s]
  fiqa:  52%|█████▏    | 30.1k/57.6k [11:24<10:17, 44.7doc/s]
  fiqa:  52%|█████▏    | 30.1k/57.6k [11:24<10:16, 44.7doc/s]
  fiqa:  52%|█████▏    | 30.1k/57.6k [11:24<10:17, 44.6doc/s]
  fiqa:  52%|█████▏    | 30.1k/57.6k [11:24<10:29, 43.7doc/s]
  fiqa:  52%|█████▏    | 30.1k/57.6k [11:24<10:40, 43.0doc/s]
  fiqa:  52%|█████▏    | 30.1k/57.6k [11:25<10:41, 42.9doc/s]
  fiqa:  52%|█████▏    | 30.1k/57.6k [11:25<10:41, 42.9doc/s]
  fiqa:  52%|█████▏    | 30.1k/57.6k [11:25<10:40, 42.9doc/s]
  fiqa:  52%|█████▏    | 30.1k/57.6k [11:25<10:38, 43.1doc/s]
  fiqa:  52%|█████▏    | 30.1k/57.6k [11:25<10:10, 45.1doc/s]
  fiqa:  52%|█████▏    | 30.1k/57.6k [11:25<10:11, 44.9doc/s]
  fiqa:  52%|█████▏    | 30.2k/57.6k [11:26<10:01, 45.7doc/s]
  fiqa:  52%|█████▏    | 30.2k/57.6k [11:26<10:15, 44.7doc/s]
  fiqa:  52%|█████▏    | 30.2k/57.6k [11:26<10:20, 44.2doc/s]
  fiqa:  52%|█████▏    | 30.2k/57.6k [11:26<10:21, 44.2doc/s]
  fiqa:  52%|█████▏    | 30.2k/57.6k [11:26<10:18, 44.4doc/s]
  fiqa:  52%|█████▏    | 30.2k/57.6k [11:27<10:20, 44.2doc/s]
  fiqa:  52%|█████▏    | 30.2k/57.6k [11:27<10:33, 43.3doc/s]
  fiqa:  52%|█████▏    | 30.2k/57.6k [11:27<10:40, 42.8doc/s]
  fiqa:  52%|█████▏    | 30.2k/57.6k [11:27<10:37, 43.0doc/s]
  fiqa:  52%|█████▏    | 30.2k/57.6k [11:27<10:36, 43.1doc/s]
  fiqa:  52%|█████▏    | 30.2k/57.6k [11:27<10:30, 43.5doc/s]
  fiqa:  52%|█████▏    | 30.2k/57.6k [11:28<10:24, 43.9doc/s]
  fiqa:  52%|█████▏    | 30.2k/57.6k [11:28<10:19, 44.2doc/s]
  fiqa:  52%|█████▏    | 30.3k/57.6k [11:28<10:17, 44.3doc/s]
  fiqa:  53%|█████▎    | 30.3k/57.6k [11:28<10:17, 44.4doc/s]
  fiqa:  53%|█████▎    | 30.3k/57.6k [11:28<10:18, 44.3doc/s]
  fiqa:  53%|█████▎    | 30.3k/57.6k [11:29<10:18, 44.2doc/s]
  fiqa:  53%|█████▎    | 30.3k/57.6k [11:29<10:18, 44.2doc/s]
  fiqa:  53%|█████▎    | 30.3k/57.6k [11:29<10:26, 43.7doc/s]
  fiqa:  53%|█████▎    | 30.3k/57.6k [11:29<10:23, 43.9doc/s]
  fiqa:  53%|█████▎    | 30.3k/57.6k [11:29<10:20, 44.1doc/s]
  fiqa:  53%|█████▎    | 30.3k/57.6k [11:29<10:19, 44.1doc/s]
  fiqa:  53%|█████▎    | 30.3k/57.6k [11:30<10:21, 43.9doc/s]
  fiqa:  53%|█████▎    | 30.3k/57.6k [11:30<10:22, 43.8doc/s]
  fiqa:  53%|█████▎    | 30.3k/57.6k [11:30<10:22, 43.8doc/s]
  fiqa:  53%|█████▎    | 30.4k/57.6k [11:30<10:22, 43.8doc/s]
  fiqa:  53%|█████▎    | 30.4k/57.6k [11:30<10:22, 43.8doc/s]
  fiqa:  53%|█████▎    | 30.4k/57.6k [11:31<10:21, 43.9doc/s]
  fiqa:  53%|█████▎    | 30.4k/57.6k [11:31<10:18, 44.1doc/s]
  fiqa:  53%|█████▎    | 30.4k/57.6k [11:31<10:19, 44.0doc/s]
  fiqa:  53%|█████▎    | 30.4k/57.6k [11:31<10:27, 43.4doc/s]
  fiqa:  53%|█████▎    | 30.4k/57.6k [11:31<10:27, 43.4doc/s]
  fiqa:  53%|█████▎    | 30.4k/57.6k [11:31<10:26, 43.5doc/s]
  fiqa:  53%|█████▎    | 30.4k/57.6k [11:32<10:27, 43.4doc/s]
  fiqa:  53%|█████▎    | 30.4k/57.6k [11:32<10:35, 42.8doc/s]
  fiqa:  53%|█████▎    | 30.4k/57.6k [11:32<10:45, 42.1doc/s]
  fiqa:  53%|█████▎    | 30.4k/57.6k [11:32<10:45, 42.1doc/s]
  fiqa:  53%|█████▎    | 30.4k/57.6k [11:32<10:34, 42.9doc/s]
  fiqa:  53%|█████▎    | 30.5k/57.6k [11:33<10:29, 43.2doc/s]
  fiqa:  53%|█████▎    | 30.5k/57.6k [11:33<10:23, 43.6doc/s]
  fiqa:  53%|█████▎    | 30.5k/57.6k [11:33<10:24, 43.5doc/s]
  fiqa:  53%|█████▎    | 30.5k/57.6k [11:33<10:20, 43.8doc/s]
  fiqa:  53%|█████▎    | 30.5k/57.6k [11:33<10:18, 43.9doc/s]
  fiqa:  53%|█████▎    | 30.5k/57.6k [11:34<10:19, 43.8doc/s]
  fiqa:  53%|█████▎    | 30.5k/57.6k [11:34<10:20, 43.7doc/s]
  fiqa:  53%|█████▎    | 30.5k/57.6k [11:34<10:21, 43.7doc/s]
  fiqa:  53%|█████▎    | 30.5k/57.6k [11:34<10:21, 43.6doc/s]
  fiqa:  53%|█████▎    | 30.5k/57.6k [11:34<10:19, 43.8doc/s]
  fiqa:  53%|█████▎    | 30.5k/57.6k [11:34<10:15, 44.0doc/s]
  fiqa:  53%|█████▎    | 30.5k/57.6k [11:35<10:12, 44.3doc/s]
  fiqa:  53%|█████▎    | 30.6k/57.6k [11:35<10:10, 44.3doc/s]
  fiqa:  53%|█████▎    | 30.6k/57.6k [11:35<10:11, 44.3doc/s]
  fiqa:  53%|█████▎    | 30.6k/57.6k [11:35<10:14, 44.1doc/s]
  fiqa:  53%|█████▎    | 30.6k/57.6k [11:35<10:17, 43.8doc/s]
  fiqa:  53%|█████▎    | 30.6k/57.6k [11:36<10:20, 43.6doc/s]
  fiqa:  53%|█████▎    | 30.6k/57.6k [11:36<10:05, 44.7doc/s]
  fiqa:  53%|█████▎    | 30.6k/57.6k [11:36<10:07, 44.5doc/s]
  fiqa:  53%|█████▎    | 30.6k/57.6k [11:36<10:19, 43.6doc/s]
  fiqa:  53%|█████▎    | 30.6k/57.6k [11:36<10:29, 43.0doc/s]
  fiqa:  53%|█████▎    | 30.6k/57.6k [11:36<10:34, 42.6doc/s]
  fiqa:  53%|█████▎    | 30.6k/57.6k [11:37<10:30, 42.8doc/s]
  fiqa:  53%|█████▎    | 30.6k/57.6k [11:37<10:26, 43.1doc/s]
  fiqa:  53%|█████▎    | 30.6k/57.6k [11:37<10:23, 43.3doc/s]
  fiqa:  53%|█████▎    | 30.7k/57.6k [11:37<10:21, 43.4doc/s]
  fiqa:  53%|█████▎    | 30.7k/57.6k [11:37<10:18, 43.6doc/s]
  fiqa:  53%|█████▎    | 30.7k/57.6k [11:38<10:17, 43.7doc/s]
  fiqa:  53%|█████▎    | 30.7k/57.6k [11:38<10:15, 43.8doc/s]
  fiqa:  53%|█████▎    | 30.7k/57.6k [11:38<09:54, 45.4doc/s]
  fiqa:  53%|█████▎    | 30.7k/57.6k [11:38<09:59, 44.9doc/s]
  fiqa:  53%|█████▎    | 30.7k/57.6k [11:38<10:03, 44.6doc/s]
  fiqa:  53%|█████▎    | 30.7k/57.6k [11:38<10:06, 44.4doc/s]
  fiqa:  53%|█████▎    | 30.7k/57.6k [11:39<10:04, 44.5doc/s]
  fiqa:  53%|█████▎    | 30.7k/57.6k [11:39<10:02, 44.7doc/s]
  fiqa:  53%|█████▎    | 30.7k/57.6k [11:39<10:01, 44.7doc/s]
  fiqa:  53%|█████▎    | 30.7k/57.6k [11:39<10:01, 44.7doc/s]
  fiqa:  53%|█████▎    | 30.8k/57.6k [11:39<10:15, 43.7doc/s]
  fiqa:  53%|█████▎    | 30.8k/57.6k [11:40<10:28, 42.8doc/s]
  fiqa:  53%|█████▎    | 30.8k/57.6k [11:40<10:31, 42.6doc/s]
  fiqa:  53%|█████▎    | 30.8k/57.6k [11:40<10:25, 42.9doc/s]
  fiqa:  53%|█████▎    | 30.8k/57.6k [11:40<10:17, 43.5doc/s]
  fiqa:  53%|█████▎    | 30.8k/57.6k [11:40<10:11, 43.9doc/s]
  fiqa:  53%|█████▎    | 30.8k/57.6k [11:40<10:07, 44.2doc/s]
  fiqa:  53%|█████▎    | 30.8k/57.6k [11:41<10:06, 44.2doc/s]
  fiqa:  53%|█████▎    | 30.8k/57.6k [11:41<10:08, 44.1doc/s]
  fiqa:  53%|█████▎    | 30.8k/57.6k [11:41<10:06, 44.2doc/s]
  fiqa:  53%|█████▎    | 30.8k/57.6k [11:41<10:14, 43.6doc/s]
  fiqa:  54%|█████▎    | 30.8k/57.6k [11:41<10:23, 42.9doc/s]
  fiqa:  54%|█████▎    | 30.8k/57.6k [11:42<10:24, 42.9doc/s]
  fiqa:  54%|█████▎    | 30.9k/57.6k [11:42<10:21, 43.1doc/s]
  fiqa:  54%|█████▎    | 30.9k/57.6k [11:42<10:19, 43.2doc/s]
  fiqa:  54%|█████▎    | 30.9k/57.6k [11:42<10:13, 43.6doc/s]
  fiqa:  54%|█████▎    | 30.9k/57.6k [11:42<10:09, 43.9doc/s]
  fiqa:  54%|█████▎    | 30.9k/57.6k [11:42<10:08, 44.0doc/s]
  fiqa:  54%|█████▎    | 30.9k/57.6k [11:43<10:07, 44.0doc/s]
  fiqa:  54%|█████▎    | 30.9k/57.6k [11:43<10:01, 44.4doc/s]
  fiqa:  54%|█████▎    | 30.9k/57.6k [11:43<09:59, 44.6doc/s]
  fiqa:  54%|█████▎    | 30.9k/57.6k [11:43<09:56, 44.8doc/s]
  fiqa:  54%|█████▎    | 30.9k/57.6k [11:43<09:55, 44.8doc/s]
  fiqa:  54%|█████▎    | 30.9k/57.6k [11:44<09:54, 44.9doc/s]
  fiqa:  54%|█████▎    | 30.9k/57.6k [11:44<09:48, 45.3doc/s]
  fiqa:  54%|█████▎    | 31.0k/57.6k [11:44<09:55, 44.8doc/s]
  fiqa:  54%|█████▎    | 31.0k/57.6k [11:44<10:02, 44.3doc/s]
  fiqa:  54%|█████▎    | 31.0k/57.6k [11:44<10:00, 44.4doc/s]
  fiqa:  54%|█████▎    | 31.0k/57.6k [11:44<10:01, 44.4doc/s]
  fiqa:  54%|█████▍    | 31.0k/57.6k [11:45<10:00, 44.4doc/s]
  fiqa:  54%|█████▍    | 31.0k/57.6k [11:45<10:03, 44.2doc/s]
  fiqa:  54%|█████▍    | 31.0k/57.6k [11:45<10:02, 44.2doc/s]
  fiqa:  54%|█████▍    | 31.0k/57.6k [11:45<10:00, 44.4doc/s]
  fiqa:  54%|█████▍    | 31.0k/57.6k [11:45<10:00, 44.3doc/s]
  fiqa:  54%|█████▍    | 31.0k/57.6k [11:46<10:02, 44.1doc/s]
  fiqa:  54%|█████▍    | 31.0k/57.6k [11:46<10:01, 44.3doc/s]
  fiqa:  54%|█████▍    | 31.0k/57.6k [11:46<10:10, 43.6doc/s]
  fiqa:  54%|█████▍    | 31.0k/57.6k [11:46<10:18, 43.0doc/s]
  fiqa:  54%|█████▍    | 31.1k/57.6k [11:46<10:18, 43.0doc/s]
  fiqa:  54%|█████▍    | 31.1k/57.6k [11:46<10:15, 43.2doc/s]
  fiqa:  54%|█████▍    | 31.1k/57.6k [11:47<10:09, 43.6doc/s]
  fiqa:  54%|█████▍    | 31.1k/57.6k [11:47<10:07, 43.7doc/s]
  fiqa:  54%|█████▍    | 31.1k/57.6k [11:47<10:20, 42.8doc/s]
  fiqa:  54%|█████▍    | 31.1k/57.6k [11:47<10:24, 42.5doc/s]
  fiqa:  54%|█████▍    | 31.1k/57.6k [11:47<10:18, 42.9doc/s]
  fiqa:  54%|█████▍    | 31.1k/57.6k [11:48<10:12, 43.3doc/s]
  fiqa:  54%|█████▍    | 31.1k/57.6k [11:48<10:06, 43.7doc/s]
  fiqa:  54%|█████▍    | 31.1k/57.6k [11:48<10:02, 44.0doc/s]
  fiqa:  54%|█████▍    | 31.1k/57.6k [11:48<09:59, 44.2doc/s]
  fiqa:  54%|█████▍    | 31.1k/57.6k [11:48<10:02, 43.9doc/s]
  fiqa:  54%|█████▍    | 31.2k/57.6k [11:48<10:07, 43.6doc/s]
  fiqa:  54%|█████▍    | 31.2k/57.6k [11:49<10:04, 43.8doc/s]
  fiqa:  54%|█████▍    | 31.2k/57.6k [11:49<10:02, 43.9doc/s]
  fiqa:  54%|█████▍    | 31.2k/57.6k [11:49<10:01, 44.0doc/s]
  fiqa:  54%|█████▍    | 31.2k/57.6k [11:49<10:03, 43.8doc/s]
  fiqa:  54%|█████▍    | 31.2k/57.6k [11:49<10:01, 44.0doc/s]
  fiqa:  54%|█████▍    | 31.2k/57.6k [11:50<10:12, 43.2doc/s]
  fiqa:  54%|█████▍    | 31.2k/57.6k [11:50<10:20, 42.6doc/s]
  fiqa:  54%|█████▍    | 31.2k/57.6k [11:50<10:24, 42.3doc/s]
  fiqa:  54%|█████▍    | 31.2k/57.6k [11:50<10:22, 42.4doc/s]
  fiqa:  54%|█████▍    | 31.2k/57.6k [11:50<10:15, 42.9doc/s]
  fiqa:  54%|█████▍    | 31.2k/57.6k [11:51<10:07, 43.4doc/s]
  fiqa:  54%|█████▍    | 31.2k/57.6k [11:51<10:01, 43.9doc/s]
  fiqa:  54%|█████▍    | 31.3k/57.6k [11:51<09:59, 44.0doc/s]
  fiqa:  54%|█████▍    | 31.3k/57.6k [11:51<09:55, 44.3doc/s]
  fiqa:  54%|█████▍    | 31.3k/57.6k [11:51<09:52, 44.5doc/s]
  fiqa:  54%|█████▍    | 31.3k/57.6k [11:51<09:32, 46.0doc/s]
  fiqa:  54%|█████▍    | 31.3k/57.6k [11:52<09:38, 45.6doc/s]
  fiqa:  54%|█████▍    | 31.3k/57.6k [11:52<09:47, 44.9doc/s]
  fiqa:  54%|█████▍    | 31.3k/57.6k [11:52<09:51, 44.5doc/s]
  fiqa:  54%|█████▍    | 31.3k/57.6k [11:52<09:57, 44.0doc/s]
  fiqa:  54%|█████▍    | 31.3k/57.6k [11:52<09:59, 43.9doc/s]
  fiqa:  54%|█████▍    | 31.3k/57.6k [11:53<10:05, 43.5doc/s]
  fiqa:  54%|█████▍    | 31.3k/57.6k [11:53<10:02, 43.7doc/s]
  fiqa:  54%|█████▍    | 31.3k/57.6k [11:53<10:12, 42.9doc/s]
  fiqa:  54%|█████▍    | 31.4k/57.6k [11:53<10:21, 42.3doc/s]
  fiqa:  54%|█████▍    | 31.4k/57.6k [11:53<10:20, 42.4doc/s]
  fiqa:  54%|█████▍    | 31.4k/57.6k [11:53<10:14, 42.7doc/s]
  fiqa:  54%|█████▍    | 31.4k/57.6k [11:54<10:10, 43.0doc/s]
  fiqa:  54%|█████▍    | 31.4k/57.6k [11:54<10:04, 43.4doc/s]
  fiqa:  54%|█████▍    | 31.4k/57.6k [11:54<10:01, 43.6doc/s]
  fiqa:  54%|█████▍    | 31.4k/57.6k [11:54<10:02, 43.5doc/s]
  fiqa:  54%|█████▍    | 31.4k/57.6k [11:54<10:00, 43.7doc/s]
  fiqa:  55%|█████▍    | 31.4k/57.6k [11:55<09:39, 45.2doc/s]
  fiqa:  55%|█████▍    | 31.4k/57.6k [11:55<09:44, 44.8doc/s]
  fiqa:  55%|█████▍    | 31.4k/57.6k [11:55<09:47, 44.6doc/s]
  fiqa:  55%|█████▍    | 31.4k/57.6k [11:55<09:49, 44.5doc/s]
  fiqa:  55%|█████▍    | 31.4k/57.6k [11:55<09:51, 44.3doc/s]
  fiqa:  55%|█████▍    | 31.5k/57.6k [11:55<09:51, 44.3doc/s]
  fiqa:  55%|█████▍    | 31.5k/57.6k [11:56<09:54, 44.1doc/s]
  fiqa:  55%|█████▍    | 31.5k/57.6k [11:56<09:54, 44.0doc/s]
  fiqa:  55%|█████▍    | 31.5k/57.6k [11:56<09:53, 44.1doc/s]
  fiqa:  55%|█████▍    | 31.5k/57.6k [11:56<09:51, 44.2doc/s]
  fiqa:  55%|█████▍    | 31.5k/57.6k [11:56<09:46, 44.5doc/s]
  fiqa:  55%|█████▍    | 31.5k/57.6k [11:57<09:44, 44.7doc/s]
  fiqa:  55%|█████▍    | 31.5k/57.6k [11:57<09:46, 44.6doc/s]
  fiqa:  55%|█████▍    | 31.5k/57.6k [11:57<09:46, 44.5doc/s]
  fiqa:  55%|█████▍    | 31.5k/57.6k [11:57<09:46, 44.5doc/s]
  fiqa:  55%|█████▍    | 31.5k/57.6k [11:57<09:41, 44.9doc/s]
  fiqa:  55%|█████▍    | 31.5k/57.6k [11:57<09:47, 44.4doc/s]
  fiqa:  55%|█████▍    | 31.6k/57.6k [11:58<09:50, 44.1doc/s]
  fiqa:  55%|█████▍    | 31.6k/57.6k [11:58<09:52, 44.0doc/s]
  fiqa:  55%|█████▍    | 31.6k/57.6k [11:58<09:53, 43.9doc/s]
  fiqa:  55%|█████▍    | 31.6k/57.6k [11:58<09:51, 44.1doc/s]
  fiqa:  55%|█████▍    | 31.6k/57.6k [11:58<09:30, 45.7doc/s]
  fiqa:  55%|█████▍    | 31.6k/57.6k [11:58<09:32, 45.5doc/s]
  fiqa:  55%|█████▍    | 31.6k/57.6k [11:59<09:35, 45.3doc/s]
  fiqa:  55%|█████▍    | 31.6k/57.6k [11:59<09:38, 45.0doc/s]
  fiqa:  55%|█████▍    | 31.6k/57.6k [11:59<09:44, 44.5doc/s]
  fiqa:  55%|█████▍    | 31.6k/57.6k [11:59<09:43, 44.6doc/s]
  fiqa:  55%|█████▍    | 31.6k/57.6k [11:59<09:44, 44.5doc/s]
  fiqa:  55%|█████▍    | 31.6k/57.6k [12:00<09:47, 44.3doc/s]
  fiqa:  55%|█████▍    | 31.6k/57.6k [12:00<09:48, 44.2doc/s]
  fiqa:  55%|█████▍    | 31.7k/57.6k [12:00<09:51, 44.0doc/s]
  fiqa:  55%|█████▍    | 31.7k/57.6k [12:00<09:50, 44.0doc/s]
  fiqa:  55%|█████▍    | 31.7k/57.6k [12:00<09:50, 44.0doc/s]
  fiqa:  55%|█████▍    | 31.7k/57.6k [12:00<09:50, 43.9doc/s]
  fiqa:  55%|█████▍    | 31.7k/57.6k [12:01<09:51, 43.9doc/s]
  fiqa:  55%|█████▍    | 31.7k/57.6k [12:01<09:52, 43.8doc/s]
  fiqa:  55%|█████▌    | 31.7k/57.6k [12:01<09:52, 43.7doc/s]
  fiqa:  55%|█████▌    | 31.7k/57.6k [12:01<09:53, 43.7doc/s]
  fiqa:  55%|█████▌    | 31.7k/57.6k [12:01<09:53, 43.7doc/s]
  fiqa:  55%|█████▌    | 31.7k/57.6k [12:02<09:51, 43.8doc/s]
  fiqa:  55%|█████▌    | 31.7k/57.6k [12:02<09:49, 44.0doc/s]
  fiqa:  55%|█████▌    | 31.7k/57.6k [12:02<09:47, 44.1doc/s]
  fiqa:  55%|█████▌    | 31.8k/57.6k [12:02<09:48, 44.0doc/s]
  fiqa:  55%|█████▌    | 31.8k/57.6k [12:02<09:49, 43.9doc/s]
  fiqa:  55%|█████▌    | 31.8k/57.6k [12:02<09:50, 43.8doc/s]
  fiqa:  55%|█████▌    | 31.8k/57.6k [12:03<09:44, 44.2doc/s]
  fiqa:  55%|█████▌    | 31.8k/57.6k [12:03<09:46, 44.1doc/s]
  fiqa:  55%|█████▌    | 31.8k/57.6k [12:03<09:47, 44.0doc/s]
  fiqa:  55%|█████▌    | 31.8k/57.6k [12:03<09:47, 44.0doc/s]
  fiqa:  55%|█████▌    | 31.8k/57.6k [12:03<09:48, 43.9doc/s]
  fiqa:  55%|█████▌    | 31.8k/57.6k [12:04<09:49, 43.8doc/s]
  fiqa:  55%|█████▌    | 31.8k/57.6k [12:04<09:48, 43.8doc/s]
  fiqa:  55%|█████▌    | 31.8k/57.6k [12:04<09:49, 43.8doc/s]
  fiqa:  55%|█████▌    | 31.8k/57.6k [12:04<09:50, 43.7doc/s]
  fiqa:  55%|█████▌    | 31.8k/57.6k [12:04<09:28, 45.3doc/s]
  fiqa:  55%|█████▌    | 31.9k/57.6k [12:04<09:32, 45.0doc/s]
  fiqa:  55%|█████▌    | 31.9k/57.6k [12:05<09:36, 44.7doc/s]
  fiqa:  55%|█████▌    | 31.9k/57.6k [12:05<09:36, 44.7doc/s]
  fiqa:  55%|█████▌    | 31.9k/57.6k [12:05<09:39, 44.4doc/s]
  fiqa:  55%|█████▌    | 31.9k/57.6k [12:05<09:39, 44.4doc/s]
  fiqa:  55%|█████▌    | 31.9k/57.6k [12:05<09:36, 44.6doc/s]
  fiqa:  55%|█████▌    | 31.9k/57.6k [12:06<09:38, 44.5doc/s]
  fiqa:  55%|█████▌    | 31.9k/57.6k [12:06<09:40, 44.3doc/s]
  fiqa:  55%|█████▌    | 31.9k/57.6k [12:06<09:43, 44.1doc/s]
  fiqa:  55%|█████▌    | 31.9k/57.6k [12:06<09:43, 44.1doc/s]
  fiqa:  55%|█████▌    | 31.9k/57.6k [12:06<09:43, 44.1doc/s]
  fiqa:  55%|█████▌    | 31.9k/57.6k [12:06<09:41, 44.2doc/s]
  fiqa:  55%|█████▌    | 32.0k/57.6k [12:07<09:43, 44.0doc/s]
  fiqa:  55%|█████▌    | 32.0k/57.6k [12:07<09:43, 44.0doc/s]
  fiqa:  55%|█████▌    | 32.0k/57.6k [12:07<09:43, 44.0doc/s]
  fiqa:  55%|█████▌    | 32.0k/57.6k [12:07<09:44, 43.9doc/s]
  fiqa:  55%|█████▌    | 32.0k/57.6k [12:07<09:40, 44.2doc/s]
  fiqa:  56%|█████▌    | 32.0k/57.6k [12:08<09:26, 45.3doc/s]
  fiqa:  56%|█████▌    | 32.0k/57.6k [12:08<09:33, 44.7doc/s]
  fiqa:  56%|█████▌    | 32.0k/57.6k [12:08<09:37, 44.4doc/s]
  fiqa:  56%|█████▌    | 32.0k/57.6k [12:08<09:41, 44.1doc/s]
  fiqa:  56%|█████▌    | 32.0k/57.6k [12:08<09:41, 44.0doc/s]
  fiqa:  56%|█████▌    | 32.0k/57.6k [12:08<09:39, 44.2doc/s]
  fiqa:  56%|█████▌    | 32.0k/57.6k [12:09<09:41, 44.0doc/s]
  fiqa:  56%|█████▌    | 32.0k/57.6k [12:09<09:43, 43.8doc/s]
  fiqa:  56%|█████▌    | 32.1k/57.6k [12:09<09:45, 43.7doc/s]
  fiqa:  56%|█████▌    | 32.1k/57.6k [12:09<09:44, 43.7doc/s]
  fiqa:  56%|█████▌    | 32.1k/57.6k [12:09<09:42, 43.9doc/s]
  fiqa:  56%|█████▌    | 32.1k/57.6k [12:10<09:51, 43.2doc/s]
  fiqa:  56%|█████▌    | 32.1k/57.6k [12:10<09:51, 43.2doc/s]
  fiqa:  56%|█████▌    | 32.1k/57.6k [12:10<09:48, 43.4doc/s]
  fiqa:  56%|█████▌    | 32.1k/57.6k [12:10<09:46, 43.6doc/s]
  fiqa:  56%|█████▌    | 32.1k/57.6k [12:10<09:43, 43.7doc/s]
  fiqa:  56%|█████▌    | 32.1k/57.6k [12:10<09:42, 43.8doc/s]
  fiqa:  56%|█████▌    | 32.1k/57.6k [12:11<09:24, 45.2doc/s]
  fiqa:  56%|█████▌    | 32.1k/57.6k [12:11<09:29, 44.8doc/s]
  fiqa:  56%|█████▌    | 32.1k/57.6k [12:11<09:32, 44.5doc/s]
  fiqa:  56%|█████▌    | 32.2k/57.6k [12:11<09:34, 44.4doc/s]
  fiqa:  56%|█████▌    | 32.2k/57.6k [12:11<09:35, 44.3doc/s]
  fiqa:  56%|█████▌    | 32.2k/57.6k [12:12<09:35, 44.2doc/s]
  fiqa:  56%|█████▌    | 32.2k/57.6k [12:12<09:33, 44.4doc/s]
  fiqa:  56%|█████▌    | 32.2k/57.6k [12:12<09:33, 44.4doc/s]
  fiqa:  56%|█████▌    | 32.2k/57.6k [12:12<09:33, 44.3doc/s]
  fiqa:  56%|█████▌    | 32.2k/57.6k [12:12<09:36, 44.1doc/s]
  fiqa:  56%|█████▌    | 32.2k/57.6k [12:12<09:40, 43.8doc/s]
  fiqa:  56%|█████▌    | 32.2k/57.6k [12:13<09:44, 43.5doc/s]
  fiqa:  56%|█████▌    | 32.2k/57.6k [12:13<09:46, 43.3doc/s]
  fiqa:  56%|█████▌    | 32.2k/57.6k [12:13<09:46, 43.3doc/s]
  fiqa:  56%|█████▌    | 32.2k/57.6k [12:13<09:47, 43.2doc/s]
  fiqa:  56%|█████▌    | 32.2k/57.6k [12:13<09:44, 43.4doc/s]
  fiqa:  56%|█████▌    | 32.3k/57.6k [12:14<09:40, 43.7doc/s]
  fiqa:  56%|█████▌    | 32.3k/57.6k [12:14<09:37, 44.0doc/s]
  fiqa:  56%|█████▌    | 32.3k/57.6k [12:14<09:20, 45.3doc/s]
  fiqa:  56%|█████▌    | 32.3k/57.6k [12:14<09:25, 44.9doc/s]
  fiqa:  56%|█████▌    | 32.3k/57.6k [12:14<09:11, 45.9doc/s]
  fiqa:  56%|█████▌    | 32.3k/57.6k [12:14<09:20, 45.2doc/s]
  fiqa:  56%|█████▌    | 32.3k/57.6k [12:15<09:27, 44.7doc/s]
  fiqa:  56%|█████▌    | 32.3k/57.6k [12:15<09:29, 44.4doc/s]
  fiqa:  56%|█████▌    | 32.3k/57.6k [12:15<09:28, 44.5doc/s]
  fiqa:  56%|█████▌    | 32.3k/57.6k [12:15<09:29, 44.4doc/s]
  fiqa:  56%|█████▌    | 32.3k/57.6k [12:15<09:33, 44.1doc/s]
  fiqa:  56%|█████▌    | 32.3k/57.6k [12:16<09:38, 43.7doc/s]
  fiqa:  56%|█████▌    | 32.4k/57.6k [12:16<09:38, 43.7doc/s]
  fiqa:  56%|█████▌    | 32.4k/57.6k [12:16<09:39, 43.7doc/s]
  fiqa:  56%|█████▌    | 32.4k/57.6k [12:16<09:37, 43.8doc/s]
  fiqa:  56%|█████▌    | 32.4k/57.6k [12:16<09:37, 43.8doc/s]
  fiqa:  56%|█████▌    | 32.4k/57.6k [12:16<09:32, 44.1doc/s]
  fiqa:  56%|█████▌    | 32.4k/57.6k [12:17<09:26, 44.6doc/s]
  fiqa:  56%|█████▌    | 32.4k/57.6k [12:17<09:21, 44.9doc/s]
  fiqa:  56%|█████▌    | 32.4k/57.6k [12:17<09:25, 44.6doc/s]
  fiqa:  56%|█████▌    | 32.4k/57.6k [12:17<09:30, 44.2doc/s]
  fiqa:  56%|█████▋    | 32.4k/57.6k [12:17<09:31, 44.1doc/s]
  fiqa:  56%|█████▋    | 32.4k/57.6k [12:18<09:33, 44.0doc/s]
  fiqa:  56%|█████▋    | 32.4k/57.6k [12:18<09:34, 43.8doc/s]
  fiqa:  56%|█████▋    | 32.4k/57.6k [12:18<09:31, 44.0doc/s]
  fiqa:  56%|█████▋    | 32.5k/57.6k [12:18<09:31, 44.1doc/s]
  fiqa:  56%|█████▋    | 32.5k/57.6k [12:18<09:31, 44.0doc/s]
  fiqa:  56%|█████▋    | 32.5k/57.6k [12:18<09:32, 43.9doc/s]
  fiqa:  56%|█████▋    | 32.5k/57.6k [12:19<09:33, 43.9doc/s]
  fiqa:  56%|█████▋    | 32.5k/57.6k [12:19<09:32, 44.0doc/s]
  fiqa:  56%|█████▋    | 32.5k/57.6k [12:19<09:29, 44.1doc/s]
  fiqa:  56%|█████▋    | 32.5k/57.6k [12:19<09:27, 44.3doc/s]
  fiqa:  56%|█████▋    | 32.5k/57.6k [12:19<09:30, 44.0doc/s]
  fiqa:  56%|█████▋    | 32.5k/57.6k [12:20<09:30, 44.0doc/s]
  fiqa:  56%|█████▋    | 32.5k/57.6k [12:20<09:27, 44.3doc/s]
  fiqa:  56%|█████▋    | 32.5k/57.6k [12:20<09:26, 44.3doc/s]
  fiqa:  56%|█████▋    | 32.5k/57.6k [12:20<09:27, 44.2doc/s]
  fiqa:  56%|█████▋    | 32.6k/57.6k [12:20<09:22, 44.6doc/s]
  fiqa:  56%|█████▋    | 32.6k/57.6k [12:20<09:23, 44.5doc/s]
  fiqa:  57%|█████▋    | 32.6k/57.6k [12:21<09:30, 43.9doc/s]
  fiqa:  57%|█████▋    | 32.6k/57.6k [12:21<09:33, 43.7doc/s]
  fiqa:  57%|█████▋    | 32.6k/57.6k [12:21<09:36, 43.5doc/s]
  fiqa:  57%|█████▋    | 32.6k/57.6k [12:21<09:31, 43.8doc/s]
  fiqa:  57%|█████▋    | 32.6k/57.6k [12:21<09:27, 44.1doc/s]
  fiqa:  57%|█████▋    | 32.6k/57.6k [12:22<09:25, 44.2doc/s]
  fiqa:  57%|█████▋    | 32.6k/57.6k [12:22<09:26, 44.2doc/s]
  fiqa:  57%|█████▋    | 32.6k/57.6k [12:22<09:24, 44.3doc/s]
  fiqa:  57%|█████▋    | 32.6k/57.6k [12:22<09:25, 44.2doc/s]
  fiqa:  57%|█████▋    | 32.6k/57.6k [12:22<09:30, 43.8doc/s]
  fiqa:  57%|█████▋    | 32.6k/57.6k [12:22<09:15, 45.0doc/s]
  fiqa:  57%|█████▋    | 32.7k/57.6k [12:23<09:20, 44.6doc/s]
  fiqa:  57%|█████▋    | 32.7k/57.6k [12:23<09:20, 44.5doc/s]
  fiqa:  57%|█████▋    | 32.7k/57.6k [12:23<09:22, 44.4doc/s]
  fiqa:  57%|█████▋    | 32.7k/57.6k [12:23<09:27, 43.9doc/s]
  fiqa:  57%|█████▋    | 32.7k/57.6k [12:23<09:21, 44.4doc/s]
  fiqa:  57%|█████▋    | 32.7k/57.6k [12:23<09:24, 44.2doc/s]
  fiqa:  57%|█████▋    | 32.7k/57.6k [12:24<09:28, 43.9doc/s]
  fiqa:  57%|█████▋    | 32.7k/57.6k [12:24<09:09, 45.3doc/s]
  fiqa:  57%|█████▋    | 32.7k/57.6k [12:24<09:15, 44.9doc/s]
  fiqa:  57%|█████▋    | 32.7k/57.6k [12:24<09:20, 44.5doc/s]
  fiqa:  57%|█████▋    | 32.7k/57.6k [12:24<09:21, 44.3doc/s]
  fiqa:  57%|█████▋    | 32.7k/57.6k [12:25<09:19, 44.5doc/s]
  fiqa:  57%|█████▋    | 32.8k/57.6k [12:25<09:19, 44.5doc/s]
  fiqa:  57%|█████▋    | 32.8k/57.6k [12:25<09:20, 44.4doc/s]
  fiqa:  57%|█████▋    | 32.8k/57.6k [12:25<09:20, 44.3doc/s]
  fiqa:  57%|█████▋    | 32.8k/57.6k [12:25<09:23, 44.2doc/s]
  fiqa:  57%|█████▋    | 32.8k/57.6k [12:25<09:27, 43.8doc/s]
  fiqa:  57%|█████▋    | 32.8k/57.6k [12:26<09:27, 43.8doc/s]
  fiqa:  57%|█████▋    | 32.8k/57.6k [12:26<09:26, 43.9doc/s]
  fiqa:  57%|█████▋    | 32.8k/57.6k [12:26<09:12, 44.9doc/s]
  fiqa:  57%|█████▋    | 32.8k/57.6k [12:26<09:20, 44.3doc/s]
  fiqa:  57%|█████▋    | 32.8k/57.6k [12:26<09:21, 44.2doc/s]
  fiqa:  57%|█████▋    | 32.8k/57.6k [12:27<09:19, 44.3doc/s]
  fiqa:  57%|█████▋    | 32.8k/57.6k [12:27<09:18, 44.4doc/s]
  fiqa:  57%|█████▋    | 32.8k/57.6k [12:27<09:19, 44.3doc/s]
  fiqa:  57%|█████▋    | 32.9k/57.6k [12:27<09:21, 44.1doc/s]
  fiqa:  57%|█████▋    | 32.9k/57.6k [12:27<09:23, 44.0doc/s]
  fiqa:  57%|█████▋    | 32.9k/57.6k [12:27<09:32, 43.3doc/s]
  fiqa:  57%|█████▋    | 32.9k/57.6k [12:28<09:40, 42.7doc/s]
  fiqa:  57%|█████▋    | 32.9k/57.6k [12:28<09:42, 42.5doc/s]
  fiqa:  57%|█████▋    | 32.9k/57.6k [12:28<09:37, 42.9doc/s]
  fiqa:  57%|█████▋    | 32.9k/57.6k [12:28<09:31, 43.3doc/s]
  fiqa:  57%|█████▋    | 32.9k/57.6k [12:28<09:20, 44.1doc/s]
  fiqa:  57%|█████▋    | 32.9k/57.6k [12:29<09:18, 44.2doc/s]
  fiqa:  57%|█████▋    | 32.9k/57.6k [12:29<09:17, 44.3doc/s]
  fiqa:  57%|█████▋    | 32.9k/57.6k [12:29<09:23, 43.9doc/s]
  fiqa:  57%|█████▋    | 32.9k/57.6k [12:29<09:18, 44.2doc/s]
  fiqa:  57%|█████▋    | 33.0k/57.6k [12:29<09:01, 45.6doc/s]
  fiqa:  57%|█████▋    | 33.0k/57.6k [12:29<09:06, 45.2doc/s]
  fiqa:  57%|█████▋    | 33.0k/57.6k [12:30<09:09, 44.9doc/s]
  fiqa:  57%|█████▋    | 33.0k/57.6k [12:30<08:52, 46.3doc/s]
  fiqa:  57%|█████▋    | 33.0k/57.6k [12:30<08:59, 45.7doc/s]
  fiqa:  57%|█████▋    | 33.0k/57.6k [12:30<09:05, 45.2doc/s]
  fiqa:  57%|█████▋    | 33.0k/57.6k [12:30<09:08, 44.9doc/s]
  fiqa:  57%|█████▋    | 33.0k/57.6k [12:31<08:54, 46.1doc/s]
  fiqa:  57%|█████▋    | 33.0k/57.6k [12:31<09:02, 45.4doc/s]
  fiqa:  57%|█████▋    | 33.0k/57.6k [12:31<09:08, 44.9doc/s]
  fiqa:  57%|█████▋    | 33.0k/57.6k [12:31<09:12, 44.5doc/s]
  fiqa:  57%|█████▋    | 33.0k/57.6k [12:31<09:13, 44.4doc/s]
  fiqa:  57%|█████▋    | 33.0k/57.6k [12:31<09:15, 44.3doc/s]
  fiqa:  57%|█████▋    | 33.1k/57.6k [12:32<09:16, 44.1doc/s]
  fiqa:  57%|█████▋    | 33.1k/57.6k [12:32<09:18, 44.0doc/s]
  fiqa:  57%|█████▋    | 33.1k/57.6k [12:32<09:20, 43.9doc/s]
  fiqa:  57%|█████▋    | 33.1k/57.6k [12:32<09:19, 43.9doc/s]
  fiqa:  57%|█████▋    | 33.1k/57.6k [12:32<09:20, 43.8doc/s]
  fiqa:  57%|█████▋    | 33.1k/57.6k [12:33<09:20, 43.8doc/s]
  fiqa:  57%|█████▋    | 33.1k/57.6k [12:33<09:03, 45.1doc/s]
  fiqa:  57%|█████▋    | 33.1k/57.6k [12:33<09:08, 44.7doc/s]
  fiqa:  57%|█████▋    | 33.1k/57.6k [12:33<09:13, 44.3doc/s]
  fiqa:  57%|█████▋    | 33.1k/57.6k [12:33<09:09, 44.6doc/s]
  fiqa:  57%|█████▋    | 33.1k/57.6k [12:33<09:08, 44.7doc/s]
  fiqa:  58%|█████▊    | 33.1k/57.6k [12:34<09:08, 44.7doc/s]
  fiqa:  58%|█████▊    | 33.2k/57.6k [12:34<09:10, 44.5doc/s]
  fiqa:  58%|█████▊    | 33.2k/57.6k [12:34<09:13, 44.3doc/s]
  fiqa:  58%|█████▊    | 33.2k/57.6k [12:34<09:09, 44.5doc/s]
  fiqa:  58%|█████▊    | 33.2k/57.6k [12:34<09:09, 44.5doc/s]
  fiqa:  58%|█████▊    | 33.2k/57.6k [12:34<09:14, 44.1doc/s]
  fiqa:  58%|█████▊    | 33.2k/57.6k [12:35<09:16, 43.9doc/s]
  fiqa:  58%|█████▊    | 33.2k/57.6k [12:35<09:14, 44.0doc/s]
  fiqa:  58%|█████▊    | 33.2k/57.6k [12:35<09:06, 44.7doc/s]
  fiqa:  58%|█████▊    | 33.2k/57.6k [12:35<09:20, 43.6doc/s]
  fiqa:  58%|█████▊    | 33.2k/57.6k [12:35<09:21, 43.5doc/s]
  fiqa:  58%|█████▊    | 33.2k/57.6k [12:36<09:18, 43.7doc/s]
  fiqa:  58%|█████▊    | 33.2k/57.6k [12:36<09:15, 43.9doc/s]
  fiqa:  58%|█████▊    | 33.2k/57.6k [12:36<09:26, 43.1doc/s]
  fiqa:  58%|█████▊    | 33.3k/57.6k [12:36<09:28, 42.9doc/s]
  fiqa:  58%|█████▊    | 33.3k/57.6k [12:36<09:09, 44.4doc/s]
  fiqa:  58%|█████▊    | 33.3k/57.6k [12:36<09:06, 44.6doc/s]
  fiqa:  58%|█████▊    | 33.3k/57.6k [12:37<09:11, 44.2doc/s]
  fiqa:  58%|█████▊    | 33.3k/57.6k [12:37<09:19, 43.6doc/s]
  fiqa:  58%|█████▊    | 33.3k/57.6k [12:37<09:20, 43.5doc/s]
  fiqa:  58%|█████▊    | 33.3k/57.6k [12:37<09:18, 43.5doc/s]
  fiqa:  58%|█████▊    | 33.3k/57.6k [12:37<09:17, 43.6doc/s]
  fiqa:  58%|█████▊    | 33.3k/57.6k [12:38<09:27, 42.8doc/s]
  fiqa:  58%|█████▊    | 33.3k/57.6k [12:38<09:30, 42.6doc/s]
  fiqa:  58%|█████▊    | 33.3k/57.6k [12:38<09:27, 42.8doc/s]
  fiqa:  58%|█████▊    | 33.3k/57.6k [12:38<09:21, 43.3doc/s]
  fiqa:  58%|█████▊    | 33.4k/57.6k [12:38<09:12, 44.0doc/s]
  fiqa:  58%|█████▊    | 33.4k/57.6k [12:39<09:08, 44.3doc/s]
  fiqa:  58%|█████▊    | 33.4k/57.6k [12:39<09:04, 44.6doc/s]
  fiqa:  58%|█████▊    | 33.4k/57.6k [12:39<09:03, 44.6doc/s]
  fiqa:  58%|█████▊    | 33.4k/57.6k [12:39<09:06, 44.4doc/s]
  fiqa:  58%|█████▊    | 33.4k/57.6k [12:39<08:52, 45.5doc/s]
  fiqa:  58%|█████▊    | 33.4k/57.6k [12:39<08:59, 44.9doc/s]
  fiqa:  58%|█████▊    | 33.4k/57.6k [12:40<09:06, 44.3doc/s]
  fiqa:  58%|█████▊    | 33.4k/57.6k [12:40<09:07, 44.2doc/s]
  fiqa:  58%|█████▊    | 33.4k/57.6k [12:40<09:16, 43.5doc/s]
  fiqa:  58%|█████▊    | 33.4k/57.6k [12:40<09:26, 42.8doc/s]
  fiqa:  58%|█████▊    | 33.4k/57.6k [12:40<09:29, 42.5doc/s]
  fiqa:  58%|█████▊    | 33.4k/57.6k [12:41<09:25, 42.8doc/s]
  fiqa:  58%|█████▊    | 33.5k/57.6k [12:41<09:19, 43.2doc/s]
  fiqa:  58%|█████▊    | 33.5k/57.6k [12:41<09:15, 43.5doc/s]
  fiqa:  58%|█████▊    | 33.5k/57.6k [12:41<08:57, 44.9doc/s]
  fiqa:  58%|█████▊    | 33.5k/57.6k [12:41<09:01, 44.6doc/s]
  fiqa:  58%|█████▊    | 33.5k/57.6k [12:41<09:04, 44.3doc/s]
  fiqa:  58%|█████▊    | 33.5k/57.6k [12:42<09:05, 44.2doc/s]
  fiqa:  58%|█████▊    | 33.5k/57.6k [12:42<09:07, 44.1doc/s]
  fiqa:  58%|█████▊    | 33.5k/57.6k [12:42<08:51, 45.4doc/s]
  fiqa:  58%|█████▊    | 33.5k/57.6k [12:42<08:56, 45.0doc/s]
  fiqa:  58%|█████▊    | 33.5k/57.6k [12:42<09:00, 44.6doc/s]
  fiqa:  58%|█████▊    | 33.5k/57.6k [12:43<09:03, 44.3doc/s]
  fiqa:  58%|█████▊    | 33.5k/57.6k [12:43<09:07, 44.0doc/s]
  fiqa:  58%|█████▊    | 33.6k/57.6k [12:43<09:07, 44.0doc/s]
  fiqa:  58%|█████▊    | 33.6k/57.6k [12:43<09:04, 44.2doc/s]
  fiqa:  58%|█████▊    | 33.6k/57.6k [12:43<09:06, 44.1doc/s]
  fiqa:  58%|█████▊    | 33.6k/57.6k [12:43<09:12, 43.6doc/s]
  fiqa:  58%|█████▊    | 33.6k/57.6k [12:44<09:11, 43.6doc/s]
  fiqa:  58%|█████▊    | 33.6k/57.6k [12:44<09:08, 43.9doc/s]
  fiqa:  58%|█████▊    | 33.6k/57.6k [12:44<09:05, 44.0doc/s]
  fiqa:  58%|█████▊    | 33.6k/57.6k [12:44<09:16, 43.2doc/s]
  fiqa:  58%|█████▊    | 33.6k/57.6k [12:44<09:15, 43.2doc/s]
  fiqa:  58%|█████▊    | 33.6k/57.6k [12:45<09:11, 43.6doc/s]
  fiqa:  58%|█████▊    | 33.6k/57.6k [12:45<09:09, 43.7doc/s]
  fiqa:  58%|█████▊    | 33.6k/57.6k [12:45<09:08, 43.8doc/s]
  fiqa:  58%|█████▊    | 33.6k/57.6k [12:45<09:04, 44.1doc/s]
  fiqa:  58%|█████▊    | 33.7k/57.6k [12:45<09:03, 44.1doc/s]
  fiqa:  58%|█████▊    | 33.7k/57.6k [12:45<09:03, 44.1doc/s]
  fiqa:  58%|█████▊    | 33.7k/57.6k [12:46<09:01, 44.3doc/s]
  fiqa:  58%|█████▊    | 33.7k/57.6k [12:46<09:00, 44.3doc/s]
  fiqa:  58%|█████▊    | 33.7k/57.6k [12:46<09:02, 44.2doc/s]
  fiqa:  58%|█████▊    | 33.7k/57.6k [12:46<09:00, 44.3doc/s]
  fiqa:  58%|█████▊    | 33.7k/57.6k [12:46<08:57, 44.6doc/s]
  fiqa:  58%|█████▊    | 33.7k/57.6k [12:47<08:56, 44.6doc/s]
  fiqa:  59%|█████▊    | 33.7k/57.6k [12:47<08:56, 44.6doc/s]
  fiqa:  59%|█████▊    | 33.7k/57.6k [12:47<08:56, 44.5doc/s]
  fiqa:  59%|█████▊    | 33.7k/57.6k [12:47<08:58, 44.4doc/s]
  fiqa:  59%|█████▊    | 33.7k/57.6k [12:47<08:59, 44.3doc/s]
  fiqa:  59%|█████▊    | 33.8k/57.6k [12:47<09:03, 44.0doc/s]
  fiqa:  59%|█████▊    | 33.8k/57.6k [12:48<08:47, 45.2doc/s]
  fiqa:  59%|█████▊    | 33.8k/57.6k [12:48<08:52, 44.9doc/s]
  fiqa:  59%|█████▊    | 33.8k/57.6k [12:48<08:56, 44.5doc/s]
  fiqa:  59%|█████▊    | 33.8k/57.6k [12:48<08:58, 44.3doc/s]
  fiqa:  59%|█████▊    | 33.8k/57.6k [12:48<08:44, 45.4doc/s]
  fiqa:  59%|█████▊    | 33.8k/57.6k [12:48<08:50, 44.9doc/s]
  fiqa:  59%|█████▊    | 33.8k/57.6k [12:49<08:55, 44.5doc/s]
  fiqa:  59%|█████▊    | 33.8k/57.6k [12:49<08:57, 44.3doc/s]
  fiqa:  59%|█████▊    | 33.8k/57.6k [12:49<09:00, 44.1doc/s]
  fiqa:  59%|█████▊    | 33.8k/57.6k [12:49<09:01, 44.0doc/s]
  fiqa:  59%|█████▊    | 33.8k/57.6k [12:49<09:00, 44.1doc/s]
  fiqa:  59%|█████▊    | 33.8k/57.6k [12:50<09:00, 44.0doc/s]
  fiqa:  59%|█████▊    | 33.9k/57.6k [12:50<09:01, 43.9doc/s]
  fiqa:  59%|█████▉    | 33.9k/57.6k [12:50<09:01, 43.9doc/s]
  fiqa:  59%|█████▉    | 33.9k/57.6k [12:50<09:02, 43.8doc/s]
  fiqa:  59%|█████▉    | 33.9k/57.6k [12:50<09:03, 43.7doc/s]
  fiqa:  59%|█████▉    | 33.9k/57.6k [12:50<09:04, 43.6doc/s]
  fiqa:  59%|█████▉    | 33.9k/57.6k [12:51<09:04, 43.6doc/s]
  fiqa:  59%|█████▉    | 33.9k/57.6k [12:51<08:47, 45.0doc/s]
  fiqa:  59%|█████▉    | 33.9k/57.6k [12:51<08:52, 44.5doc/s]
  fiqa:  59%|█████▉    | 33.9k/57.6k [12:51<08:58, 44.1doc/s]
  fiqa:  59%|█████▉    | 33.9k/57.6k [12:51<08:44, 45.2doc/s]
  fiqa:  59%|█████▉    | 33.9k/57.6k [12:52<08:50, 44.6doc/s]
  fiqa:  59%|█████▉    | 33.9k/57.6k [12:52<08:53, 44.4doc/s]
  fiqa:  59%|█████▉    | 34.0k/57.6k [12:52<08:55, 44.2doc/s]
  fiqa:  59%|█████▉    | 34.0k/57.6k [12:52<08:57, 44.0doc/s]
  fiqa:  59%|█████▉    | 34.0k/57.6k [12:52<08:58, 44.0doc/s]
  fiqa:  59%|█████▉    | 34.0k/57.6k [12:52<08:59, 43.8doc/s]
  fiqa:  59%|█████▉    | 34.0k/57.6k [12:53<09:01, 43.7doc/s]
  fiqa:  59%|█████▉    | 34.0k/57.6k [12:53<09:00, 43.7doc/s]
  fiqa:  59%|█████▉    | 34.0k/57.6k [12:53<09:01, 43.6doc/s]
  fiqa:  59%|█████▉    | 34.0k/57.6k [12:53<08:59, 43.8doc/s]
  fiqa:  59%|█████▉    | 34.0k/57.6k [12:53<08:59, 43.8doc/s]
  fiqa:  59%|█████▉    | 34.0k/57.6k [12:54<09:09, 42.9doc/s]
  fiqa:  59%|█████▉    | 34.0k/57.6k [12:54<09:14, 42.6doc/s]
  fiqa:  59%|█████▉    | 34.0k/57.6k [12:54<09:13, 42.6doc/s]
  fiqa:  59%|█████▉    | 34.0k/57.6k [12:54<09:08, 43.0doc/s]
  fiqa:  59%|█████▉    | 34.1k/57.6k [12:54<09:02, 43.5doc/s]
  fiqa:  59%|█████▉    | 34.1k/57.6k [12:55<08:57, 43.8doc/s]
  fiqa:  59%|█████▉    | 34.1k/57.6k [12:55<08:55, 44.0doc/s]
  fiqa:  59%|█████▉    | 34.1k/57.6k [12:55<08:53, 44.2doc/s]
  fiqa:  59%|█████▉    | 34.1k/57.6k [12:55<08:52, 44.2doc/s]
  fiqa:  59%|█████▉    | 34.1k/57.6k [12:55<08:49, 44.4doc/s]
  fiqa:  59%|█████▉    | 34.1k/57.6k [12:55<08:47, 44.6doc/s]
  fiqa:  59%|█████▉    | 34.1k/57.6k [12:56<08:29, 46.2doc/s]
  fiqa:  59%|█████▉    | 34.1k/57.6k [12:56<08:37, 45.5doc/s]
  fiqa:  59%|█████▉    | 34.1k/57.6k [12:56<08:45, 44.7doc/s]
  fiqa:  59%|█████▉    | 34.1k/57.6k [12:56<08:47, 44.6doc/s]
  fiqa:  59%|█████▉    | 34.1k/57.6k [12:56<08:48, 44.4doc/s]
  fiqa:  59%|█████▉    | 34.2k/57.6k [12:56<08:50, 44.3doc/s]
  fiqa:  59%|█████▉    | 34.2k/57.6k [12:57<08:51, 44.2doc/s]
  fiqa:  59%|█████▉    | 34.2k/57.6k [12:57<08:48, 44.4doc/s]
  fiqa:  59%|█████▉    | 34.2k/57.6k [12:57<08:48, 44.4doc/s]
  fiqa:  59%|█████▉    | 34.2k/57.6k [12:57<08:46, 44.5doc/s]
  fiqa:  59%|█████▉    | 34.2k/57.6k [12:57<08:52, 44.1doc/s]
  fiqa:  59%|█████▉    | 34.2k/57.6k [12:58<08:58, 43.5doc/s]
  fiqa:  59%|█████▉    | 34.2k/57.6k [12:58<09:01, 43.2doc/s]
  fiqa:  59%|█████▉    | 34.2k/57.6k [12:58<09:00, 43.3doc/s]
  fiqa:  59%|█████▉    | 34.2k/57.6k [12:58<08:57, 43.6doc/s]
  fiqa:  59%|█████▉    | 34.2k/57.6k [12:58<08:49, 44.2doc/s]
  fiqa:  59%|█████▉    | 34.2k/57.6k [12:58<08:46, 44.4doc/s]
  fiqa:  59%|█████▉    | 34.2k/57.6k [12:59<08:45, 44.5doc/s]
  fiqa:  59%|█████▉    | 34.3k/57.6k [12:59<08:41, 44.8doc/s]
  fiqa:  59%|█████▉    | 34.3k/57.6k [12:59<08:45, 44.4doc/s]
  fiqa:  59%|█████▉    | 34.3k/57.6k [12:59<08:53, 43.8doc/s]
  fiqa:  59%|█████▉    | 34.3k/57.6k [12:59<08:58, 43.4doc/s]
  fiqa:  59%|█████▉    | 34.3k/57.6k [13:00<09:00, 43.2doc/s]
  fiqa:  60%|█████▉    | 34.3k/57.6k [13:00<08:55, 43.6doc/s]
  fiqa:  60%|█████▉    | 34.3k/57.6k [13:00<08:51, 43.9doc/s]
  fiqa:  60%|█████▉    | 34.3k/57.6k [13:00<08:50, 44.0doc/s]
  fiqa:  60%|█████▉    | 34.3k/57.6k [13:00<08:34, 45.3doc/s]
  fiqa:  60%|█████▉    | 34.3k/57.6k [13:00<08:39, 44.9doc/s]
  fiqa:  60%|█████▉    | 34.3k/57.6k [13:01<08:43, 44.5doc/s]
  fiqa:  60%|█████▉    | 34.3k/57.6k [13:01<08:46, 44.3doc/s]
  fiqa:  60%|█████▉    | 34.4k/57.6k [13:01<08:47, 44.1doc/s]
  fiqa:  60%|█████▉    | 34.4k/57.6k [13:01<08:49, 44.0doc/s]
  fiqa:  60%|█████▉    | 34.4k/57.6k [13:01<08:48, 44.0doc/s]
  fiqa:  60%|█████▉    | 34.4k/57.6k [13:02<08:48, 44.0doc/s]
  fiqa:  60%|█████▉    | 34.4k/57.6k [13:02<08:48, 44.0doc/s]
  fiqa:  60%|█████▉    | 34.4k/57.6k [13:02<08:47, 44.1doc/s]
  fiqa:  60%|█████▉    | 34.4k/57.6k [13:02<08:46, 44.2doc/s]
  fiqa:  60%|█████▉    | 34.4k/57.6k [13:02<08:45, 44.2doc/s]
  fiqa:  60%|█████▉    | 34.4k/57.6k [13:02<08:46, 44.1doc/s]
  fiqa:  60%|█████▉    | 34.4k/57.6k [13:03<08:43, 44.3doc/s]
  fiqa:  60%|█████▉    | 34.4k/57.6k [13:03<08:45, 44.1doc/s]
  fiqa:  60%|█████▉    | 34.4k/57.6k [13:03<08:44, 44.3doc/s]
  fiqa:  60%|█████▉    | 34.4k/57.6k [13:03<08:47, 44.0doc/s]
  fiqa:  60%|█████▉    | 34.5k/57.6k [13:03<08:48, 43.8doc/s]
  fiqa:  60%|█████▉    | 34.5k/57.6k [13:04<08:49, 43.7doc/s]
  fiqa:  60%|█████▉    | 34.5k/57.6k [13:04<08:48, 43.8doc/s]
  fiqa:  60%|█████▉    | 34.5k/57.6k [13:04<08:48, 43.8doc/s]
  fiqa:  60%|█████▉    | 34.5k/57.6k [13:04<08:47, 43.9doc/s]
  fiqa:  60%|█████▉    | 34.5k/57.6k [13:04<08:32, 45.1doc/s]
  fiqa:  60%|█████▉    | 34.5k/57.6k [13:04<08:37, 44.7doc/s]
  fiqa:  60%|█████▉    | 34.5k/57.6k [13:05<08:40, 44.4doc/s]
  fiqa:  60%|█████▉    | 34.5k/57.6k [13:05<08:42, 44.3doc/s]
  fiqa:  60%|█████▉    | 34.5k/57.6k [13:05<08:39, 44.5doc/s]
  fiqa:  60%|█████▉    | 34.5k/57.6k [13:05<08:38, 44.5doc/s]
  fiqa:  60%|█████▉    | 34.5k/57.6k [13:05<08:41, 44.3doc/s]
  fiqa:  60%|█████▉    | 34.6k/57.6k [13:06<08:41, 44.3doc/s]
  fiqa:  60%|█████▉    | 34.6k/57.6k [13:06<08:43, 44.1doc/s]
  fiqa:  60%|█████▉    | 34.6k/57.6k [13:06<08:44, 44.0doc/s]
  fiqa:  60%|█████▉    | 34.6k/57.6k [13:06<08:44, 44.0doc/s]
  fiqa:  60%|██████    | 34.6k/57.6k [13:06<08:44, 43.9doc/s]
  fiqa:  60%|██████    | 34.6k/57.6k [13:06<08:44, 44.0doc/s]
  fiqa:  60%|██████    | 34.6k/57.6k [13:07<08:46, 43.7doc/s]
  fiqa:  60%|██████    | 34.6k/57.6k [13:07<08:42, 44.0doc/s]
  fiqa:  60%|██████    | 34.6k/57.6k [13:07<08:52, 43.2doc/s]
  fiqa:  60%|██████    | 34.6k/57.6k [13:07<08:59, 42.6doc/s]
  fiqa:  60%|██████    | 34.6k/57.6k [13:07<09:00, 42.6doc/s]
  fiqa:  60%|██████    | 34.6k/57.6k [13:08<08:56, 42.9doc/s]
  fiqa:  60%|██████    | 34.6k/57.6k [13:08<08:48, 43.5doc/s]
  fiqa:  60%|██████    | 34.7k/57.6k [13:08<08:43, 43.9doc/s]
  fiqa:  60%|██████    | 34.7k/57.6k [13:08<08:45, 43.7doc/s]
  fiqa:  60%|██████    | 34.7k/57.6k [13:08<08:47, 43.5doc/s]
  fiqa:  60%|██████    | 34.7k/57.6k [13:08<08:48, 43.5doc/s]
  fiqa:  60%|██████    | 34.7k/57.6k [13:09<08:45, 43.7doc/s]
  fiqa:  60%|██████    | 34.7k/57.6k [13:09<08:42, 43.9doc/s]
  fiqa:  60%|██████    | 34.7k/57.6k [13:09<08:41, 44.0doc/s]
  fiqa:  60%|██████    | 34.7k/57.6k [13:09<08:40, 44.0doc/s]
  fiqa:  60%|██████    | 34.7k/57.6k [13:09<08:38, 44.2doc/s]
  fiqa:  60%|██████    | 34.7k/57.6k [13:10<08:39, 44.1doc/s]
  fiqa:  60%|██████    | 34.7k/57.6k [13:10<08:38, 44.2doc/s]
  fiqa:  60%|██████    | 34.7k/57.6k [13:10<08:40, 44.0doc/s]
  fiqa:  60%|██████    | 34.8k/57.6k [13:10<08:40, 44.0doc/s]
  fiqa:  60%|██████    | 34.8k/57.6k [13:10<08:37, 44.2doc/s]
  fiqa:  60%|██████    | 34.8k/57.6k [13:10<08:34, 44.4doc/s]
  fiqa:  60%|██████    | 34.8k/57.6k [13:11<08:32, 44.6doc/s]
  fiqa:  60%|██████    | 34.8k/57.6k [13:11<08:33, 44.5doc/s]
  fiqa:  60%|██████    | 34.8k/57.6k [13:11<08:20, 45.7doc/s]
  fiqa:  60%|██████    | 34.8k/57.6k [13:11<08:39, 44.0doc/s]
  fiqa:  60%|██████    | 34.8k/57.6k [13:11<08:51, 43.0doc/s]
  fiqa:  60%|██████    | 34.8k/57.6k [13:12<08:52, 42.9doc/s]
  fiqa:  60%|██████    | 34.8k/57.6k [13:12<08:46, 43.3doc/s]
  fiqa:  60%|██████    | 34.8k/57.6k [13:12<08:37, 44.0doc/s]
  fiqa:  60%|██████    | 34.8k/57.6k [13:12<08:33, 44.4doc/s]
  fiqa:  60%|██████    | 34.8k/57.6k [13:12<08:32, 44.5doc/s]
  fiqa:  60%|██████    | 34.9k/57.6k [13:12<08:18, 45.7doc/s]
  fiqa:  60%|██████    | 34.9k/57.6k [13:13<08:23, 45.2doc/s]
  fiqa:  61%|██████    | 34.9k/57.6k [13:13<08:27, 44.9doc/s]
  fiqa:  61%|██████    | 34.9k/57.6k [13:13<08:29, 44.7doc/s]
  fiqa:  61%|██████    | 34.9k/57.6k [13:13<08:28, 44.7doc/s]
  fiqa:  61%|██████    | 34.9k/57.6k [13:13<08:31, 44.4doc/s]
  fiqa:  61%|██████    | 34.9k/57.6k [13:14<08:34, 44.2doc/s]
  fiqa:  61%|██████    | 34.9k/57.6k [13:14<08:34, 44.2doc/s]
  fiqa:  61%|██████    | 34.9k/57.6k [13:14<08:18, 45.5doc/s]
  fiqa:  61%|██████    | 34.9k/57.6k [13:14<08:21, 45.3doc/s]
  fiqa:  61%|██████    | 34.9k/57.6k [13:14<08:22, 45.2doc/s]
  fiqa:  61%|██████    | 34.9k/57.6k [13:14<08:24, 45.0doc/s]
  fiqa:  61%|██████    | 35.0k/57.6k [13:15<08:25, 44.9doc/s]
  fiqa:  61%|██████    | 35.0k/57.6k [13:15<08:26, 44.7doc/s]
  fiqa:  61%|██████    | 35.0k/57.6k [13:15<08:27, 44.7doc/s]
  fiqa:  61%|██████    | 35.0k/57.6k [13:15<08:30, 44.4doc/s]
  fiqa:  61%|██████    | 35.0k/57.6k [13:15<08:33, 44.1doc/s]
  fiqa:  61%|██████    | 35.0k/57.6k [13:16<08:33, 44.1doc/s]
  fiqa:  61%|██████    | 35.0k/57.6k [13:16<08:34, 44.0doc/s]
  fiqa:  61%|██████    | 35.0k/57.6k [13:16<08:33, 44.1doc/s]
  fiqa:  61%|██████    | 35.0k/57.6k [13:16<08:34, 44.0doc/s]
  fiqa:  61%|██████    | 35.0k/57.6k [13:16<08:36, 43.8doc/s]
  fiqa:  61%|██████    | 35.0k/57.6k [13:16<08:21, 45.1doc/s]
  fiqa:  61%|██████    | 35.0k/57.6k [13:17<08:28, 44.5doc/s]
  fiqa:  61%|██████    | 35.0k/57.6k [13:17<08:29, 44.4doc/s]
  fiqa:  61%|██████    | 35.1k/57.6k [13:17<08:32, 44.0doc/s]
  fiqa:  61%|██████    | 35.1k/57.6k [13:17<08:45, 43.0doc/s]
  fiqa:  61%|██████    | 35.1k/57.6k [13:17<08:32, 44.0doc/s]
  fiqa:  61%|██████    | 35.1k/57.6k [13:18<08:36, 43.7doc/s]
  fiqa:  61%|██████    | 35.1k/57.6k [13:18<08:37, 43.6doc/s]
  fiqa:  61%|██████    | 35.1k/57.6k [13:18<08:35, 43.8doc/s]
  fiqa:  61%|██████    | 35.1k/57.6k [13:18<08:30, 44.1doc/s]
  fiqa:  61%|██████    | 35.1k/57.6k [13:18<08:27, 44.4doc/s]
  fiqa:  61%|██████    | 35.1k/57.6k [13:18<08:11, 45.8doc/s]
  fiqa:  61%|██████    | 35.1k/57.6k [13:19<08:22, 44.8doc/s]
  fiqa:  61%|██████    | 35.1k/57.6k [13:19<08:29, 44.2doc/s]
  fiqa:  61%|██████    | 35.1k/57.6k [13:19<08:34, 43.7doc/s]
  fiqa:  61%|██████    | 35.2k/57.6k [13:19<08:37, 43.5doc/s]
  fiqa:  61%|██████    | 35.2k/57.6k [13:19<08:39, 43.2doc/s]
  fiqa:  61%|██████    | 35.2k/57.6k [13:20<08:37, 43.5doc/s]
  fiqa:  61%|██████    | 35.2k/57.6k [13:20<08:34, 43.6doc/s]
  fiqa:  61%|██████    | 35.2k/57.6k [13:20<08:32, 43.8doc/s]
  fiqa:  61%|██████    | 35.2k/57.6k [13:20<08:29, 44.0doc/s]
  fiqa:  61%|██████    | 35.2k/57.6k [13:20<08:28, 44.1doc/s]
  fiqa:  61%|██████    | 35.2k/57.6k [13:20<08:29, 44.0doc/s]
  fiqa:  61%|██████    | 35.2k/57.6k [13:21<08:18, 45.0doc/s]
  fiqa:  61%|██████    | 35.2k/57.6k [13:21<08:07, 46.0doc/s]
  fiqa:  61%|██████    | 35.2k/57.6k [13:21<08:14, 45.3doc/s]
  fiqa:  61%|██████    | 35.2k/57.6k [13:21<08:20, 44.8doc/s]
  fiqa:  61%|██████    | 35.2k/57.6k [13:21<08:18, 44.9doc/s]
  fiqa:  61%|██████    | 35.3k/57.6k [13:21<08:19, 44.8doc/s]
  fiqa:  61%|██████    | 35.3k/57.6k [13:22<08:15, 45.2doc/s]
  fiqa:  61%|██████    | 35.3k/57.6k [13:22<08:17, 45.0doc/s]
  fiqa:  61%|██████    | 35.3k/57.6k [13:22<08:18, 44.8doc/s]
  fiqa:  61%|██████    | 35.3k/57.6k [13:22<08:16, 45.0doc/s]
  fiqa:  61%|██████    | 35.3k/57.6k [13:22<08:17, 44.9doc/s]
  fiqa:  61%|██████▏   | 35.3k/57.6k [13:23<08:16, 45.0doc/s]
  fiqa:  61%|██████▏   | 35.3k/57.6k [13:23<08:18, 44.8doc/s]
  fiqa:  61%|██████▏   | 35.3k/57.6k [13:23<08:07, 45.8doc/s]
  fiqa:  61%|██████▏   | 35.3k/57.6k [13:23<08:15, 45.0doc/s]
  fiqa:  61%|██████▏   | 35.3k/57.6k [13:23<08:24, 44.2doc/s]
  fiqa:  61%|██████▏   | 35.3k/57.6k [13:23<08:26, 44.0doc/s]
  fiqa:  61%|██████▏   | 35.4k/57.6k [13:24<08:28, 43.9doc/s]
  fiqa:  61%|██████▏   | 35.4k/57.6k [13:24<08:30, 43.6doc/s]
  fiqa:  61%|██████▏   | 35.4k/57.6k [13:24<08:15, 44.9doc/s]
  fiqa:  61%|██████▏   | 35.4k/57.6k [13:24<08:17, 44.7doc/s]
  fiqa:  61%|██████▏   | 35.4k/57.6k [13:24<08:19, 44.6doc/s]
  fiqa:  61%|██████▏   | 35.4k/57.6k [13:25<08:22, 44.3doc/s]
  fiqa:  61%|██████▏   | 35.4k/57.6k [13:25<08:19, 44.5doc/s]
  fiqa:  61%|██████▏   | 35.4k/57.6k [13:25<08:24, 44.0doc/s]
  fiqa:  61%|██████▏   | 35.4k/57.6k [13:25<08:25, 43.9doc/s]
  fiqa:  61%|██████▏   | 35.4k/57.6k [13:25<08:21, 44.3doc/s]
  fiqa:  61%|██████▏   | 35.4k/57.6k [13:25<08:24, 44.0doc/s]
  fiqa:  61%|██████▏   | 35.4k/57.6k [13:26<08:25, 43.9doc/s]
  fiqa:  62%|██████▏   | 35.4k/57.6k [13:26<08:29, 43.6doc/s]
  fiqa:  62%|██████▏   | 35.5k/57.6k [13:26<08:26, 43.8doc/s]
  fiqa:  62%|██████▏   | 35.5k/57.6k [13:26<08:22, 44.2doc/s]
  fiqa:  62%|██████▏   | 35.5k/57.6k [13:26<08:19, 44.4doc/s]
  fiqa:  62%|██████▏   | 35.5k/57.6k [13:27<08:18, 44.5doc/s]
  fiqa:  62%|██████▏   | 35.5k/57.6k [13:27<08:17, 44.6doc/s]
  fiqa:  62%|██████▏   | 35.5k/57.6k [13:27<08:14, 44.8doc/s]
  fiqa:  62%|██████▏   | 35.5k/57.6k [13:27<08:16, 44.6doc/s]
  fiqa:  62%|██████▏   | 35.5k/57.6k [13:27<08:19, 44.3doc/s]
  fiqa:  62%|██████▏   | 35.5k/57.6k [13:27<08:19, 44.3doc/s]
  fiqa:  62%|██████▏   | 35.5k/57.6k [13:28<08:16, 44.5doc/s]
  fiqa:  62%|██████▏   | 35.5k/57.6k [13:28<08:18, 44.3doc/s]
  fiqa:  62%|██████▏   | 35.5k/57.6k [13:28<08:20, 44.2doc/s]
  fiqa:  62%|██████▏   | 35.6k/57.6k [13:28<08:06, 45.4doc/s]
  fiqa:  62%|██████▏   | 35.6k/57.6k [13:28<08:11, 44.9doc/s]
  fiqa:  62%|██████▏   | 35.6k/57.6k [13:28<08:15, 44.6doc/s]
  fiqa:  62%|██████▏   | 35.6k/57.6k [13:29<08:17, 44.4doc/s]
  fiqa:  62%|██████▏   | 35.6k/57.6k [13:29<08:18, 44.3doc/s]
  fiqa:  62%|██████▏   | 35.6k/57.6k [13:29<08:14, 44.6doc/s]
  fiqa:  62%|██████▏   | 35.6k/57.6k [13:29<08:13, 44.7doc/s]
  fiqa:  62%|██████▏   | 35.6k/57.6k [13:29<08:15, 44.5doc/s]
  fiqa:  62%|██████▏   | 35.6k/57.6k [13:30<08:20, 44.0doc/s]
  fiqa:  62%|██████▏   | 35.6k/57.6k [13:30<08:21, 43.9doc/s]
  fiqa:  62%|██████▏   | 35.6k/57.6k [13:30<08:20, 44.0doc/s]
  fiqa:  62%|██████▏   | 35.6k/57.6k [13:30<08:19, 44.0doc/s]
  fiqa:  62%|██████▏   | 35.6k/57.6k [13:30<08:18, 44.1doc/s]
  fiqa:  62%|██████▏   | 35.7k/57.6k [13:30<08:05, 45.3doc/s]
  fiqa:  62%|██████▏   | 35.7k/57.6k [13:31<08:11, 44.7doc/s]
  fiqa:  62%|██████▏   | 35.7k/57.6k [13:31<08:14, 44.4doc/s]
  fiqa:  62%|██████▏   | 35.7k/57.6k [13:31<08:16, 44.2doc/s]
  fiqa:  62%|██████▏   | 35.7k/57.6k [13:31<08:12, 44.6doc/s]
  fiqa:  62%|██████▏   | 35.7k/57.6k [13:31<08:20, 43.8doc/s]
  fiqa:  62%|██████▏   | 35.7k/57.6k [13:32<08:26, 43.3doc/s]
  fiqa:  62%|██████▏   | 35.7k/57.6k [13:32<08:25, 43.4doc/s]
  fiqa:  62%|██████▏   | 35.7k/57.6k [13:32<08:26, 43.2doc/s]
  fiqa:  62%|██████▏   | 35.7k/57.6k [13:32<08:25, 43.4doc/s]
  fiqa:  62%|██████▏   | 35.7k/57.6k [13:32<08:21, 43.6doc/s]
  fiqa:  62%|██████▏   | 35.7k/57.6k [13:32<08:21, 43.6doc/s]
  fiqa:  62%|██████▏   | 35.8k/57.6k [13:33<08:21, 43.7doc/s]
  fiqa:  62%|██████▏   | 35.8k/57.6k [13:33<08:20, 43.7doc/s]
  fiqa:  62%|██████▏   | 35.8k/57.6k [13:33<08:16, 44.1doc/s]
  fiqa:  62%|██████▏   | 35.8k/57.6k [13:33<08:12, 44.4doc/s]
  fiqa:  62%|██████▏   | 35.8k/57.6k [13:33<08:10, 44.6doc/s]
  fiqa:  62%|██████▏   | 35.8k/57.6k [13:34<08:11, 44.4doc/s]
  fiqa:  62%|██████▏   | 35.8k/57.6k [13:34<08:15, 44.0doc/s]
  fiqa:  62%|██████▏   | 35.8k/57.6k [13:34<08:16, 44.0doc/s]
  fiqa:  62%|██████▏   | 35.8k/57.6k [13:34<08:18, 43.8doc/s]
  fiqa:  62%|██████▏   | 35.8k/57.6k [13:34<08:19, 43.7doc/s]
  fiqa:  62%|██████▏   | 35.8k/57.6k [13:34<08:20, 43.6doc/s]
  fiqa:  62%|██████▏   | 35.8k/57.6k [13:35<08:18, 43.8doc/s]
  fiqa:  62%|██████▏   | 35.8k/57.6k [13:35<08:15, 43.9doc/s]
  fiqa:  62%|██████▏   | 35.9k/57.6k [13:35<08:13, 44.1doc/s]
  fiqa:  62%|██████▏   | 35.9k/57.6k [13:35<08:14, 44.0doc/s]
  fiqa:  62%|██████▏   | 35.9k/57.6k [13:35<08:13, 44.1doc/s]
  fiqa:  62%|██████▏   | 35.9k/57.6k [13:36<08:14, 44.0doc/s]
  fiqa:  62%|██████▏   | 35.9k/57.6k [13:36<08:27, 42.9doc/s]
  fiqa:  62%|██████▏   | 35.9k/57.6k [13:36<08:31, 42.5doc/s]
  fiqa:  62%|██████▏   | 35.9k/57.6k [13:36<08:28, 42.8doc/s]
  fiqa:  62%|██████▏   | 35.9k/57.6k [13:36<08:26, 42.9doc/s]
  fiqa:  62%|██████▏   | 35.9k/57.6k [13:37<08:21, 43.3doc/s]
  fiqa:  62%|██████▏   | 35.9k/57.6k [13:37<08:16, 43.7doc/s]
  fiqa:  62%|██████▏   | 35.9k/57.6k [13:37<08:13, 44.0doc/s]
  fiqa:  62%|██████▏   | 35.9k/57.6k [13:37<07:55, 45.6doc/s]
  fiqa:  62%|██████▏   | 36.0k/57.6k [13:37<07:56, 45.5doc/s]
  fiqa:  62%|██████▏   | 36.0k/57.6k [13:37<08:02, 44.9doc/s]
  fiqa:  62%|██████▏   | 36.0k/57.6k [13:38<08:07, 44.4doc/s]
  fiqa:  62%|██████▏   | 36.0k/57.6k [13:38<08:11, 44.1doc/s]
  fiqa:  62%|██████▏   | 36.0k/57.6k [13:38<08:06, 44.5doc/s]
  fiqa:  62%|██████▏   | 36.0k/57.6k [13:38<08:11, 44.0doc/s]
  fiqa:  62%|██████▏   | 36.0k/57.6k [13:38<08:16, 43.6doc/s]
  fiqa:  62%|██████▏   | 36.0k/57.6k [13:38<08:19, 43.3doc/s]
  fiqa:  62%|██████▏   | 36.0k/57.6k [13:39<08:02, 44.8doc/s]
  fiqa:  63%|██████▎   | 36.0k/57.6k [13:39<07:49, 46.1doc/s]
  fiqa:  63%|██████▎   | 36.0k/57.6k [13:39<07:55, 45.4doc/s]
  fiqa:  63%|██████▎   | 36.0k/57.6k [13:39<08:01, 44.8doc/s]
  fiqa:  63%|██████▎   | 36.0k/57.6k [13:39<08:06, 44.4doc/s]
  fiqa:  63%|██████▎   | 36.1k/57.6k [13:40<08:07, 44.2doc/s]
  fiqa:  63%|██████▎   | 36.1k/57.6k [13:40<08:09, 44.0doc/s]
  fiqa:  63%|██████▎   | 36.1k/57.6k [13:40<08:10, 43.9doc/s]
  fiqa:  63%|██████▎   | 36.1k/57.6k [13:40<08:10, 43.9doc/s]
  fiqa:  63%|██████▎   | 36.1k/57.6k [13:40<07:51, 45.7doc/s]
  fiqa:  63%|██████▎   | 36.1k/57.6k [13:40<07:54, 45.4doc/s]
  fiqa:  63%|██████▎   | 36.1k/57.6k [13:41<07:58, 45.0doc/s]
  fiqa:  63%|██████▎   | 36.1k/57.6k [13:41<08:02, 44.6doc/s]
  fiqa:  63%|██████▎   | 36.1k/57.6k [13:41<08:06, 44.2doc/s]
  fiqa:  63%|██████▎   | 36.1k/57.6k [13:41<08:10, 43.9doc/s]
  fiqa:  63%|██████▎   | 36.1k/57.6k [13:41<08:13, 43.6doc/s]
  fiqa:  63%|██████▎   | 36.1k/57.6k [13:42<08:12, 43.7doc/s]
  fiqa:  63%|██████▎   | 36.2k/57.6k [13:42<08:09, 43.9doc/s]
  fiqa:  63%|██████▎   | 36.2k/57.6k [13:42<08:11, 43.7doc/s]
  fiqa:  63%|██████▎   | 36.2k/57.6k [13:42<08:14, 43.4doc/s]
  fiqa:  63%|██████▎   | 36.2k/57.6k [13:42<08:16, 43.3doc/s]
  fiqa:  63%|██████▎   | 36.2k/57.6k [13:42<08:17, 43.1doc/s]
  fiqa:  63%|██████▎   | 36.2k/57.6k [13:43<08:13, 43.4doc/s]
  fiqa:  63%|██████▎   | 36.2k/57.6k [13:43<08:11, 43.6doc/s]
  fiqa:  63%|██████▎   | 36.2k/57.6k [13:43<08:09, 43.8doc/s]
  fiqa:  63%|██████▎   | 36.2k/57.6k [13:43<08:08, 43.9doc/s]
  fiqa:  63%|██████▎   | 36.2k/57.6k [13:43<08:08, 43.8doc/s]
  fiqa:  63%|██████▎   | 36.2k/57.6k [13:44<08:10, 43.7doc/s]
  fiqa:  63%|██████▎   | 36.2k/57.6k [13:44<08:09, 43.7doc/s]
  fiqa:  63%|██████▎   | 36.2k/57.6k [13:44<08:08, 43.8doc/s]
  fiqa:  63%|██████▎   | 36.3k/57.6k [13:44<08:08, 43.7doc/s]
  fiqa:  63%|██████▎   | 36.3k/57.6k [13:44<08:05, 44.0doc/s]
  fiqa:  63%|██████▎   | 36.3k/57.6k [13:44<08:04, 44.1doc/s]
  fiqa:  63%|██████▎   | 36.3k/57.6k [13:45<08:02, 44.3doc/s]
  fiqa:  63%|██████▎   | 36.3k/57.6k [13:45<08:02, 44.2doc/s]
  fiqa:  63%|██████▎   | 36.3k/57.6k [13:45<08:05, 44.0doc/s]
  fiqa:  63%|██████▎   | 36.3k/57.6k [13:45<08:04, 44.0doc/s]
  fiqa:  63%|██████▎   | 36.3k/57.6k [13:45<07:59, 44.4doc/s]
  fiqa:  63%|██████▎   | 36.3k/57.6k [13:46<08:03, 44.1doc/s]
  fiqa:  63%|██████▎   | 36.3k/57.6k [13:46<08:02, 44.1doc/s]
  fiqa:  63%|██████▎   | 36.3k/57.6k [13:46<08:05, 43.9doc/s]
  fiqa:  63%|██████▎   | 36.3k/57.6k [13:46<08:06, 43.8doc/s]
  fiqa:  63%|██████▎   | 36.4k/57.6k [13:46<08:05, 43.8doc/s]
  fiqa:  63%|██████▎   | 36.4k/57.6k [13:46<08:04, 43.9doc/s]
  fiqa:  63%|██████▎   | 36.4k/57.6k [13:47<08:03, 43.9doc/s]
  fiqa:  63%|██████▎   | 36.4k/57.6k [13:47<08:04, 43.8doc/s]
  fiqa:  63%|██████▎   | 36.4k/57.6k [13:47<08:05, 43.8doc/s]
  fiqa:  63%|██████▎   | 36.4k/57.6k [13:47<08:04, 43.8doc/s]
  fiqa:  63%|██████▎   | 36.4k/57.6k [13:47<08:03, 43.9doc/s]
  fiqa:  63%|██████▎   | 36.4k/57.6k [13:48<08:02, 44.0doc/s]
  fiqa:  63%|██████▎   | 36.4k/57.6k [13:48<08:00, 44.2doc/s]
  fiqa:  63%|██████▎   | 36.4k/57.6k [13:48<08:01, 44.0doc/s]
  fiqa:  63%|██████▎   | 36.4k/57.6k [13:48<08:02, 43.9doc/s]
  fiqa:  63%|██████▎   | 36.4k/57.6k [13:48<08:02, 43.9doc/s]
  fiqa:  63%|██████▎   | 36.4k/57.6k [13:48<08:03, 43.9doc/s]
  fiqa:  63%|██████▎   | 36.5k/57.6k [13:49<07:49, 45.1doc/s]
  fiqa:  63%|██████▎   | 36.5k/57.6k [13:49<07:51, 44.9doc/s]
  fiqa:  63%|██████▎   | 36.5k/57.6k [13:49<07:53, 44.7doc/s]
  fiqa:  63%|██████▎   | 36.5k/57.6k [13:49<07:52, 44.8doc/s]
  fiqa:  63%|██████▎   | 36.5k/57.6k [13:49<07:53, 44.7doc/s]
  fiqa:  63%|██████▎   | 36.5k/57.6k [13:50<07:50, 44.9doc/s]
  fiqa:  63%|██████▎   | 36.5k/57.6k [13:50<07:51, 44.8doc/s]
  fiqa:  63%|██████▎   | 36.5k/57.6k [13:50<08:05, 43.5doc/s]
  fiqa:  63%|██████▎   | 36.5k/57.6k [13:50<08:13, 42.8doc/s]
  fiqa:  63%|██████▎   | 36.5k/57.6k [13:50<08:12, 42.9doc/s]
  fiqa:  63%|██████▎   | 36.5k/57.6k [13:50<08:12, 42.8doc/s]
  fiqa:  63%|██████▎   | 36.5k/57.6k [13:51<08:11, 42.9doc/s]
  fiqa:  63%|██████▎   | 36.6k/57.6k [13:51<08:06, 43.3doc/s]
  fiqa:  63%|██████▎   | 36.6k/57.6k [13:51<08:02, 43.7doc/s]
  fiqa:  63%|██████▎   | 36.6k/57.6k [13:51<07:59, 44.0doc/s]
  fiqa:  63%|██████▎   | 36.6k/57.6k [13:51<07:43, 45.4doc/s]
  fiqa:  63%|██████▎   | 36.6k/57.6k [13:52<07:50, 44.8doc/s]
  fiqa:  63%|██████▎   | 36.6k/57.6k [13:52<07:53, 44.4doc/s]
  fiqa:  63%|██████▎   | 36.6k/57.6k [13:52<07:51, 44.6doc/s]
  fiqa:  64%|██████▎   | 36.6k/57.6k [13:52<07:56, 44.2doc/s]
  fiqa:  64%|██████▎   | 36.6k/57.6k [13:52<07:54, 44.3doc/s]
  fiqa:  64%|██████▎   | 36.6k/57.6k [13:52<08:02, 43.6doc/s]
  fiqa:  64%|██████▎   | 36.6k/57.6k [13:53<07:55, 44.2doc/s]
  fiqa:  64%|██████▎   | 36.6k/57.6k [13:53<08:00, 43.7doc/s]
  fiqa:  64%|██████▎   | 36.6k/57.6k [13:53<07:59, 43.8doc/s]
  fiqa:  64%|██████▎   | 36.7k/57.6k [13:53<07:59, 43.7doc/s]
  fiqa:  64%|██████▎   | 36.7k/57.6k [13:53<08:10, 42.8doc/s]
  fiqa:  64%|██████▎   | 36.7k/57.6k [13:54<08:12, 42.6doc/s]
  fiqa:  64%|██████▎   | 36.7k/57.6k [13:54<08:12, 42.5doc/s]
  fiqa:  64%|██████▎   | 36.7k/57.6k [13:54<08:05, 43.1doc/s]
  fiqa:  64%|██████▎   | 36.7k/57.6k [13:54<07:45, 45.0doc/s]
  fiqa:  64%|██████▎   | 36.7k/57.6k [13:54<07:43, 45.2doc/s]
  fiqa:  64%|██████▎   | 36.7k/57.6k [13:54<07:44, 45.0doc/s]
  fiqa:  64%|██████▎   | 36.7k/57.6k [13:55<07:46, 44.8doc/s]
  fiqa:  64%|██████▎   | 36.7k/57.6k [13:55<07:50, 44.4doc/s]
  fiqa:  64%|██████▎   | 36.7k/57.6k [13:55<08:01, 43.4doc/s]
  fiqa:  64%|██████▎   | 36.7k/57.6k [13:55<08:04, 43.1doc/s]
  fiqa:  64%|██████▍   | 36.8k/57.6k [13:55<08:02, 43.3doc/s]
  fiqa:  64%|██████▍   | 36.8k/57.6k [13:56<07:59, 43.5doc/s]
  fiqa:  64%|██████▍   | 36.8k/57.6k [13:56<07:55, 43.9doc/s]
  fiqa:  64%|██████▍   | 36.8k/57.6k [13:56<08:00, 43.4doc/s]
  fiqa:  64%|██████▍   | 36.8k/57.6k [13:56<08:03, 43.1doc/s]
  fiqa:  64%|██████▍   | 36.8k/57.6k [13:56<08:00, 43.4doc/s]
  fiqa:  64%|██████▍   | 36.8k/57.6k [13:56<07:56, 43.7doc/s]
  fiqa:  64%|██████▍   | 36.8k/57.6k [13:57<07:38, 45.5doc/s]
  fiqa:  64%|██████▍   | 36.8k/57.6k [13:57<07:25, 46.7doc/s]
  fiqa:  64%|██████▍   | 36.8k/57.6k [13:57<07:29, 46.3doc/s]
  fiqa:  64%|██████▍   | 36.8k/57.6k [13:57<07:34, 45.8doc/s]
  fiqa:  64%|██████▍   | 36.8k/57.6k [13:57<07:37, 45.4doc/s]
  fiqa:  64%|██████▍   | 36.8k/57.6k [13:58<07:39, 45.3doc/s]
  fiqa:  64%|██████▍   | 36.9k/57.6k [13:58<07:42, 44.9doc/s]
  fiqa:  64%|██████▍   | 36.9k/57.6k [13:58<07:55, 43.7doc/s]
  fiqa:  64%|██████▍   | 36.9k/57.6k [13:58<08:02, 43.0doc/s]
  fiqa:  64%|██████▍   | 36.9k/57.6k [13:58<08:01, 43.1doc/s]
  fiqa:  64%|██████▍   | 36.9k/57.6k [13:58<07:57, 43.4doc/s]
  fiqa:  64%|██████▍   | 36.9k/57.6k [13:59<07:53, 43.8doc/s]
  fiqa:  64%|██████▍   | 36.9k/57.6k [13:59<07:51, 44.0doc/s]
  fiqa:  64%|██████▍   | 36.9k/57.6k [13:59<07:50, 44.1doc/s]
  fiqa:  64%|██████▍   | 36.9k/57.6k [13:59<07:51, 43.9doc/s]
  fiqa:  64%|██████▍   | 36.9k/57.6k [13:59<07:52, 43.9doc/s]
  fiqa:  64%|██████▍   | 36.9k/57.6k [14:00<07:52, 43.8doc/s]
  fiqa:  64%|██████▍   | 36.9k/57.6k [14:00<08:02, 42.9doc/s]
  fiqa:  64%|██████▍   | 37.0k/57.6k [14:00<08:06, 42.5doc/s]
  fiqa:  64%|██████▍   | 37.0k/57.6k [14:00<08:02, 42.8doc/s]
  fiqa:  64%|██████▍   | 37.0k/57.6k [14:00<07:53, 43.6doc/s]
  fiqa:  64%|██████▍   | 37.0k/57.6k [14:00<07:48, 44.1doc/s]
  fiqa:  64%|██████▍   | 37.0k/57.6k [14:01<07:46, 44.2doc/s]
  fiqa:  64%|██████▍   | 37.0k/57.6k [14:01<07:47, 44.1doc/s]
  fiqa:  64%|██████▍   | 37.0k/57.6k [14:01<07:50, 43.8doc/s]
  fiqa:  64%|██████▍   | 37.0k/57.6k [14:01<07:51, 43.8doc/s]
  fiqa:  64%|██████▍   | 37.0k/57.6k [14:01<07:50, 43.9doc/s]
  fiqa:  64%|██████▍   | 37.0k/57.6k [14:02<07:46, 44.2doc/s]
  fiqa:  64%|██████▍   | 37.0k/57.6k [14:02<07:47, 44.0doc/s]
  fiqa:  64%|██████▍   | 37.0k/57.6k [14:02<07:47, 44.1doc/s]
  fiqa:  64%|██████▍   | 37.0k/57.6k [14:02<07:48, 43.9doc/s]
  fiqa:  64%|██████▍   | 37.1k/57.6k [14:02<07:49, 43.8doc/s]
  fiqa:  64%|██████▍   | 37.1k/57.6k [14:02<07:49, 43.8doc/s]
  fiqa:  64%|██████▍   | 37.1k/57.6k [14:03<07:48, 43.9doc/s]
  fiqa:  64%|██████▍   | 37.1k/57.6k [14:03<07:48, 43.9doc/s]
  fiqa:  64%|██████▍   | 37.1k/57.6k [14:03<07:45, 44.1doc/s]
  fiqa:  64%|██████▍   | 37.1k/57.6k [14:03<07:47, 43.9doc/s]
  fiqa:  64%|██████▍   | 37.1k/57.6k [14:03<07:50, 43.6doc/s]
  fiqa:  64%|██████▍   | 37.1k/57.6k [14:04<07:51, 43.5doc/s]
  fiqa:  64%|██████▍   | 37.1k/57.6k [14:04<07:48, 43.8doc/s]
  fiqa:  64%|██████▍   | 37.1k/57.6k [14:04<07:54, 43.3doc/s]
  fiqa:  64%|██████▍   | 37.1k/57.6k [14:04<07:58, 42.8doc/s]
  fiqa:  64%|██████▍   | 37.1k/57.6k [14:04<07:57, 42.9doc/s]
  fiqa:  64%|██████▍   | 37.2k/57.6k [14:05<07:55, 43.1doc/s]
  fiqa:  64%|██████▍   | 37.2k/57.6k [14:05<07:52, 43.3doc/s]
  fiqa:  64%|██████▍   | 37.2k/57.6k [14:05<07:47, 43.8doc/s]
  fiqa:  64%|██████▍   | 37.2k/57.6k [14:05<07:44, 44.0doc/s]
  fiqa:  65%|██████▍   | 37.2k/57.6k [14:05<07:42, 44.3doc/s]
  fiqa:  65%|██████▍   | 37.2k/57.6k [14:05<07:43, 44.1doc/s]
  fiqa:  65%|██████▍   | 37.2k/57.6k [14:06<07:43, 44.1doc/s]
  fiqa:  65%|██████▍   | 37.2k/57.6k [14:06<07:30, 45.4doc/s]
  fiqa:  65%|██████▍   | 37.2k/57.6k [14:06<07:36, 44.8doc/s]
  fiqa:  65%|██████▍   | 37.2k/57.6k [14:06<07:39, 44.4doc/s]
  fiqa:  65%|██████▍   | 37.2k/57.6k [14:06<07:39, 44.5doc/s]
  fiqa:  65%|██████▍   | 37.2k/57.6k [14:06<07:43, 44.0doc/s]
  fiqa:  65%|██████▍   | 37.2k/57.6k [14:07<07:46, 43.8doc/s]
  fiqa:  65%|██████▍   | 37.3k/57.6k [14:07<07:31, 45.1doc/s]
  fiqa:  65%|██████▍   | 37.3k/57.6k [14:07<07:35, 44.8doc/s]
  fiqa:  65%|██████▍   | 37.3k/57.6k [14:07<07:37, 44.5doc/s]
  fiqa:  65%|██████▍   | 37.3k/57.6k [14:07<07:37, 44.5doc/s]
  fiqa:  65%|██████▍   | 37.3k/57.6k [14:08<07:37, 44.5doc/s]
  fiqa:  65%|██████▍   | 37.3k/57.6k [14:08<07:38, 44.4doc/s]
  fiqa:  65%|██████▍   | 37.3k/57.6k [14:08<07:39, 44.3doc/s]
  fiqa:  65%|██████▍   | 37.3k/57.6k [14:08<07:40, 44.2doc/s]
  fiqa:  65%|██████▍   | 37.3k/57.6k [14:08<07:43, 43.9doc/s]
  fiqa:  65%|██████▍   | 37.3k/57.6k [14:08<07:45, 43.7doc/s]
  fiqa:  65%|██████▍   | 37.3k/57.6k [14:09<07:45, 43.6doc/s]
  fiqa:  65%|██████▍   | 37.3k/57.6k [14:09<07:46, 43.5doc/s]
  fiqa:  65%|██████▍   | 37.4k/57.6k [14:09<07:48, 43.3doc/s]
  fiqa:  65%|██████▍   | 37.4k/57.6k [14:09<07:48, 43.3doc/s]
  fiqa:  65%|██████▍   | 37.4k/57.6k [14:09<07:45, 43.5doc/s]
  fiqa:  65%|██████▍   | 37.4k/57.6k [14:10<07:41, 43.9doc/s]
  fiqa:  65%|██████▍   | 37.4k/57.6k [14:10<07:37, 44.3doc/s]
  fiqa:  65%|██████▍   | 37.4k/57.6k [14:10<07:23, 45.6doc/s]
  fiqa:  65%|██████▍   | 37.4k/57.6k [14:10<07:25, 45.5doc/s]
  fiqa:  65%|██████▍   | 37.4k/57.6k [14:10<07:25, 45.4doc/s]
  fiqa:  65%|██████▍   | 37.4k/57.6k [14:10<07:26, 45.3doc/s]
  fiqa:  65%|██████▍   | 37.4k/57.6k [14:11<07:27, 45.2doc/s]
  fiqa:  65%|██████▍   | 37.4k/57.6k [14:11<07:34, 44.5doc/s]
  fiqa:  65%|██████▍   | 37.4k/57.6k [14:11<07:46, 43.3doc/s]
  fiqa:  65%|██████▍   | 37.4k/57.6k [14:11<07:54, 42.5doc/s]
  fiqa:  65%|██████▍   | 37.5k/57.6k [14:11<07:58, 42.2doc/s]
  fiqa:  65%|██████▍   | 37.5k/57.6k [14:12<07:54, 42.5doc/s]
  fiqa:  65%|██████▌   | 37.5k/57.6k [14:12<07:53, 42.6doc/s]
  fiqa:  65%|██████▌   | 37.5k/57.6k [14:12<07:47, 43.1doc/s]
  fiqa:  65%|██████▌   | 37.5k/57.6k [14:12<07:41, 43.7doc/s]
  fiqa:  65%|██████▌   | 37.5k/57.6k [14:12<07:37, 44.1doc/s]
  fiqa:  65%|██████▌   | 37.5k/57.6k [14:12<07:36, 44.1doc/s]
  fiqa:  65%|██████▌   | 37.5k/57.6k [14:13<07:36, 44.1doc/s]
  fiqa:  65%|██████▌   | 37.5k/57.6k [14:13<07:19, 45.8doc/s]
  fiqa:  65%|██████▌   | 37.5k/57.6k [14:13<07:24, 45.3doc/s]
  fiqa:  65%|██████▌   | 37.5k/57.6k [14:13<07:27, 44.9doc/s]
  fiqa:  65%|██████▌   | 37.5k/57.6k [14:13<07:30, 44.6doc/s]
  fiqa:  65%|██████▌   | 37.6k/57.6k [14:14<07:34, 44.2doc/s]
  fiqa:  65%|██████▌   | 37.6k/57.6k [14:14<07:33, 44.3doc/s]
  fiqa:  65%|██████▌   | 37.6k/57.6k [14:14<07:34, 44.1doc/s]
  fiqa:  65%|██████▌   | 37.6k/57.6k [14:14<07:36, 43.9doc/s]
  fiqa:  65%|██████▌   | 37.6k/57.6k [14:14<07:36, 43.9doc/s]
  fiqa:  65%|██████▌   | 37.6k/57.6k [14:14<07:44, 43.1doc/s]
  fiqa:  65%|██████▌   | 37.6k/57.6k [14:15<07:49, 42.6doc/s]
  fiqa:  65%|██████▌   | 37.6k/57.6k [14:15<07:48, 42.8doc/s]
  fiqa:  65%|██████▌   | 37.6k/57.6k [14:15<07:45, 43.0doc/s]
  fiqa:  65%|██████▌   | 37.6k/57.6k [14:15<07:41, 43.4doc/s]
  fiqa:  65%|██████▌   | 37.6k/57.6k [14:15<07:37, 43.8doc/s]
  fiqa:  65%|██████▌   | 37.6k/57.6k [14:16<07:34, 44.0doc/s]
  fiqa:  65%|██████▌   | 37.6k/57.6k [14:16<07:33, 44.1doc/s]
  fiqa:  65%|██████▌   | 37.7k/57.6k [14:16<07:33, 44.1doc/s]
  fiqa:  65%|██████▌   | 37.7k/57.6k [14:16<07:32, 44.1doc/s]
  fiqa:  65%|██████▌   | 37.7k/57.6k [14:16<07:17, 45.6doc/s]
  fiqa:  65%|██████▌   | 37.7k/57.6k [14:16<07:26, 44.7doc/s]
  fiqa:  65%|██████▌   | 37.7k/57.6k [14:17<07:28, 44.5doc/s]
  fiqa:  65%|██████▌   | 37.7k/57.6k [14:17<07:30, 44.3doc/s]
  fiqa:  65%|██████▌   | 37.7k/57.6k [14:17<07:30, 44.3doc/s]
  fiqa:  65%|██████▌   | 37.7k/57.6k [14:17<07:30, 44.3doc/s]
  fiqa:  65%|██████▌   | 37.7k/57.6k [14:17<07:30, 44.2doc/s]
  fiqa:  65%|██████▌   | 37.7k/57.6k [14:18<07:31, 44.1doc/s]
  fiqa:  65%|██████▌   | 37.7k/57.6k [14:18<07:30, 44.2doc/s]
  fiqa:  65%|██████▌   | 37.7k/57.6k [14:18<07:29, 44.2doc/s]
  fiqa:  65%|██████▌   | 37.8k/57.6k [14:18<07:33, 43.9doc/s]
  fiqa:  66%|██████▌   | 37.8k/57.6k [14:18<07:34, 43.7doc/s]
  fiqa:  66%|██████▌   | 37.8k/57.6k [14:18<07:33, 43.9doc/s]
  fiqa:  66%|██████▌   | 37.8k/57.6k [14:19<07:32, 43.9doc/s]
  fiqa:  66%|██████▌   | 37.8k/57.6k [14:19<07:33, 43.7doc/s]
  fiqa:  66%|██████▌   | 37.8k/57.6k [14:19<07:30, 44.0doc/s]
  fiqa:  66%|██████▌   | 37.8k/57.6k [14:19<07:29, 44.2doc/s]
  fiqa:  66%|██████▌   | 37.8k/57.6k [14:19<07:35, 43.5doc/s]
  fiqa:  66%|██████▌   | 37.8k/57.6k [14:20<07:36, 43.4doc/s]
  fiqa:  66%|██████▌   | 37.8k/57.6k [14:20<07:36, 43.4doc/s]
  fiqa:  66%|██████▌   | 37.8k/57.6k [14:20<07:36, 43.4doc/s]
  fiqa:  66%|██████▌   | 37.8k/57.6k [14:20<07:35, 43.5doc/s]
  fiqa:  66%|██████▌   | 37.8k/57.6k [14:20<07:32, 43.7doc/s]
  fiqa:  66%|██████▌   | 37.9k/57.6k [14:20<07:32, 43.8doc/s]
  fiqa:  66%|██████▌   | 37.9k/57.6k [14:21<07:32, 43.7doc/s]
  fiqa:  66%|██████▌   | 37.9k/57.6k [14:21<07:19, 44.9doc/s]
  fiqa:  66%|██████▌   | 37.9k/57.6k [14:21<07:22, 44.6doc/s]
  fiqa:  66%|██████▌   | 37.9k/57.6k [14:21<07:25, 44.4doc/s]
  fiqa:  66%|██████▌   | 37.9k/57.6k [14:21<07:26, 44.2doc/s]
  fiqa:  66%|██████▌   | 37.9k/57.6k [14:22<07:26, 44.2doc/s]
  fiqa:  66%|██████▌   | 37.9k/57.6k [14:22<07:32, 43.6doc/s]
  fiqa:  66%|██████▌   | 37.9k/57.6k [14:22<07:37, 43.1doc/s]
  fiqa:  66%|██████▌   | 37.9k/57.6k [14:22<07:37, 43.0doc/s]
  fiqa:  66%|██████▌   | 37.9k/57.6k [14:22<07:38, 43.0doc/s]
  fiqa:  66%|██████▌   | 37.9k/57.6k [14:23<07:37, 43.1doc/s]
  fiqa:  66%|██████▌   | 38.0k/57.6k [14:23<07:34, 43.3doc/s]
  fiqa:  66%|██████▌   | 38.0k/57.6k [14:23<07:32, 43.5doc/s]
  fiqa:  66%|██████▌   | 38.0k/57.6k [14:23<07:30, 43.7doc/s]
  fiqa:  66%|██████▌   | 38.0k/57.6k [14:23<07:25, 44.1doc/s]
  fiqa:  66%|██████▌   | 38.0k/57.6k [14:23<07:24, 44.2doc/s]
  fiqa:  66%|██████▌   | 38.0k/57.6k [14:24<07:23, 44.3doc/s]
  fiqa:  66%|██████▌   | 38.0k/57.6k [14:24<07:26, 44.0doc/s]
  fiqa:  66%|██████▌   | 38.0k/57.6k [14:24<07:24, 44.1doc/s]
  fiqa:  66%|██████▌   | 38.0k/57.6k [14:24<07:25, 44.1doc/s]
  fiqa:  66%|██████▌   | 38.0k/57.6k [14:24<07:26, 43.9doc/s]
  fiqa:  66%|██████▌   | 38.0k/57.6k [14:24<07:27, 43.8doc/s]
  fiqa:  66%|██████▌   | 38.0k/57.6k [14:25<07:26, 43.9doc/s]
  fiqa:  66%|██████▌   | 38.0k/57.6k [14:25<07:27, 43.8doc/s]
  fiqa:  66%|██████▌   | 38.1k/57.6k [14:25<07:23, 44.1doc/s]
  fiqa:  66%|██████▌   | 38.1k/57.6k [14:25<07:29, 43.5doc/s]
  fiqa:  66%|██████▌   | 38.1k/57.6k [14:25<07:34, 43.0doc/s]
  fiqa:  66%|██████▌   | 38.1k/57.6k [14:26<07:34, 43.0doc/s]
  fiqa:  66%|██████▌   | 38.1k/57.6k [14:26<07:35, 42.9doc/s]
  fiqa:  66%|██████▌   | 38.1k/57.6k [14:26<07:33, 43.1doc/s]
  fiqa:  66%|██████▌   | 38.1k/57.6k [14:26<07:28, 43.5doc/s]
  fiqa:  66%|██████▌   | 38.1k/57.6k [14:26<07:25, 43.9doc/s]
  fiqa:  66%|██████▌   | 38.1k/57.6k [14:27<07:25, 43.8doc/s]
  fiqa:  66%|██████▌   | 38.1k/57.6k [14:27<07:24, 43.9doc/s]
  fiqa:  66%|██████▌   | 38.1k/57.6k [14:27<07:25, 43.8doc/s]
  fiqa:  66%|██████▌   | 38.1k/57.6k [14:27<07:24, 43.9doc/s]
  fiqa:  66%|██████▌   | 38.2k/57.6k [14:27<07:24, 43.9doc/s]
  fiqa:  66%|██████▌   | 38.2k/57.6k [14:27<07:23, 43.9doc/s]
  fiqa:  66%|██████▌   | 38.2k/57.6k [14:28<07:09, 45.3doc/s]
  fiqa:  66%|██████▌   | 38.2k/57.6k [14:28<07:13, 44.9doc/s]
  fiqa:  66%|██████▌   | 38.2k/57.6k [14:28<07:16, 44.5doc/s]
  fiqa:  66%|██████▋   | 38.2k/57.6k [14:28<07:19, 44.3doc/s]
  fiqa:  66%|██████▋   | 38.2k/57.6k [14:28<07:17, 44.5doc/s]
  fiqa:  66%|██████▋   | 38.2k/57.6k [14:29<07:21, 44.0doc/s]
  fiqa:  66%|██████▋   | 38.2k/57.6k [14:29<07:28, 43.3doc/s]
  fiqa:  66%|██████▋   | 38.2k/57.6k [14:29<07:28, 43.3doc/s]
  fiqa:  66%|██████▋   | 38.2k/57.6k [14:29<07:28, 43.3doc/s]
  fiqa:  66%|██████▋   | 38.2k/57.6k [14:29<07:24, 43.7doc/s]
  fiqa:  66%|██████▋   | 38.2k/57.6k [14:29<07:25, 43.5doc/s]
  fiqa:  66%|██████▋   | 38.3k/57.6k [14:30<07:21, 43.9doc/s]
  fiqa:  66%|██████▋   | 38.3k/57.6k [14:30<07:22, 43.8doc/s]
  fiqa:  66%|██████▋   | 38.3k/57.6k [14:30<07:22, 43.8doc/s]
  fiqa:  66%|██████▋   | 38.3k/57.6k [14:30<07:19, 44.1doc/s]
  fiqa:  66%|██████▋   | 38.3k/57.6k [14:30<07:26, 43.3doc/s]
  fiqa:  66%|██████▋   | 38.3k/57.6k [14:31<07:29, 43.0doc/s]
  fiqa:  66%|██████▋   | 38.3k/57.6k [14:31<07:30, 43.0doc/s]
  fiqa:  66%|██████▋   | 38.3k/57.6k [14:31<07:27, 43.2doc/s]
  fiqa:  66%|██████▋   | 38.3k/57.6k [14:31<07:26, 43.3doc/s]
  fiqa:  66%|██████▋   | 38.3k/57.6k [14:31<07:22, 43.6doc/s]
  fiqa:  67%|██████▋   | 38.3k/57.6k [14:31<07:20, 43.8doc/s]
  fiqa:  67%|██████▋   | 38.3k/57.6k [14:32<07:19, 43.9doc/s]
  fiqa:  67%|██████▋   | 38.4k/57.6k [14:32<07:22, 43.6doc/s]
  fiqa:  67%|██████▋   | 38.4k/57.6k [14:32<07:22, 43.6doc/s]
  fiqa:  67%|██████▋   | 38.4k/57.6k [14:32<07:06, 45.1doc/s]
  fiqa:  67%|██████▋   | 38.4k/57.6k [14:32<07:09, 44.8doc/s]
  fiqa:  67%|██████▋   | 38.4k/57.6k [14:33<07:11, 44.6doc/s]
  fiqa:  67%|██████▋   | 38.4k/57.6k [14:33<07:08, 44.9doc/s]
  fiqa:  67%|██████▋   | 38.4k/57.6k [14:33<07:14, 44.2doc/s]
  fiqa:  67%|██████▋   | 38.4k/57.6k [14:33<07:16, 44.1doc/s]
  fiqa:  67%|██████▋   | 38.4k/57.6k [14:33<07:18, 43.9doc/s]
  fiqa:  67%|██████▋   | 38.4k/57.6k [14:33<07:18, 43.8doc/s]
  fiqa:  67%|██████▋   | 38.4k/57.6k [14:34<07:17, 43.9doc/s]
  fiqa:  67%|██████▋   | 38.4k/57.6k [14:34<07:15, 44.1doc/s]
  fiqa:  67%|██████▋   | 38.4k/57.6k [14:34<07:02, 45.4doc/s]
  fiqa:  67%|██████▋   | 38.5k/57.6k [14:34<07:06, 45.0doc/s]
  fiqa:  67%|██████▋   | 38.5k/57.6k [14:34<07:07, 44.9doc/s]
  fiqa:  67%|██████▋   | 38.5k/57.6k [14:35<07:09, 44.6doc/s]
  fiqa:  67%|██████▋   | 38.5k/57.6k [14:35<07:11, 44.4doc/s]
  fiqa:  67%|██████▋   | 38.5k/57.6k [14:35<07:11, 44.4doc/s]
  fiqa:  67%|██████▋   | 38.5k/57.6k [14:35<07:11, 44.4doc/s]
  fiqa:  67%|██████▋   | 38.5k/57.6k [14:35<07:11, 44.3doc/s]
  fiqa:  67%|██████▋   | 38.5k/57.6k [14:35<07:13, 44.1doc/s]
  fiqa:  67%|██████▋   | 38.5k/57.6k [14:36<07:17, 43.7doc/s]
  fiqa:  67%|██████▋   | 38.5k/57.6k [14:36<07:17, 43.7doc/s]
  fiqa:  67%|██████▋   | 38.5k/57.6k [14:36<07:15, 43.9doc/s]
  fiqa:  67%|██████▋   | 38.5k/57.6k [14:36<07:13, 44.1doc/s]
  fiqa:  67%|██████▋   | 38.6k/57.6k [14:36<07:14, 43.9doc/s]
  fiqa:  67%|██████▋   | 38.6k/57.6k [14:37<07:12, 44.1doc/s]
  fiqa:  67%|██████▋   | 38.6k/57.6k [14:37<07:10, 44.3doc/s]
  fiqa:  67%|██████▋   | 38.6k/57.6k [14:37<07:10, 44.2doc/s]
  fiqa:  67%|██████▋   | 38.6k/57.6k [14:37<07:11, 44.1doc/s]
  fiqa:  67%|██████▋   | 38.6k/57.6k [14:37<07:11, 44.2doc/s]
  fiqa:  67%|██████▋   | 38.6k/57.6k [14:37<07:12, 44.0doc/s]
  fiqa:  67%|██████▋   | 38.6k/57.6k [14:38<07:13, 43.9doc/s]
  fiqa:  67%|██████▋   | 38.6k/57.6k [14:38<07:14, 43.7doc/s]
  fiqa:  67%|██████▋   | 38.6k/57.6k [14:38<07:15, 43.7doc/s]
  fiqa:  67%|██████▋   | 38.6k/57.6k [14:38<07:12, 43.9doc/s]
  fiqa:  67%|██████▋   | 38.6k/57.6k [14:38<07:09, 44.2doc/s]
  fiqa:  67%|██████▋   | 38.6k/57.6k [14:39<07:09, 44.2doc/s]
  fiqa:  67%|██████▋   | 38.7k/57.6k [14:39<07:11, 44.0doc/s]
  fiqa:  67%|██████▋   | 38.7k/57.6k [14:39<07:10, 44.1doc/s]
  fiqa:  67%|██████▋   | 38.7k/57.6k [14:39<07:09, 44.1doc/s]
  fiqa:  67%|██████▋   | 38.7k/57.6k [14:39<07:09, 44.1doc/s]
  fiqa:  67%|██████▋   | 38.7k/57.6k [14:39<07:10, 44.0doc/s]
  fiqa:  67%|██████▋   | 38.7k/57.6k [14:40<07:14, 43.6doc/s]
  fiqa:  67%|██████▋   | 38.7k/57.6k [14:40<07:13, 43.7doc/s]
  fiqa:  67%|██████▋   | 38.7k/57.6k [14:40<07:11, 43.9doc/s]
  fiqa:  67%|██████▋   | 38.7k/57.6k [14:40<07:00, 45.0doc/s]
  fiqa:  67%|██████▋   | 38.7k/57.6k [14:40<07:02, 44.8doc/s]
  fiqa:  67%|██████▋   | 38.7k/57.6k [14:40<07:00, 45.0doc/s]
  fiqa:  67%|██████▋   | 38.7k/57.6k [14:41<07:00, 44.9doc/s]
  fiqa:  67%|██████▋   | 38.8k/57.6k [14:41<07:04, 44.5doc/s]
  fiqa:  67%|██████▋   | 38.8k/57.6k [14:41<07:06, 44.3doc/s]
  fiqa:  67%|██████▋   | 38.8k/57.6k [14:41<07:07, 44.2doc/s]
  fiqa:  67%|██████▋   | 38.8k/57.6k [14:41<07:09, 43.9doc/s]
  fiqa:  67%|██████▋   | 38.8k/57.6k [14:42<07:09, 43.9doc/s]
  fiqa:  67%|██████▋   | 38.8k/57.6k [14:42<07:09, 43.9doc/s]
  fiqa:  67%|██████▋   | 38.8k/57.6k [14:42<07:08, 43.9doc/s]
  fiqa:  67%|██████▋   | 38.8k/57.6k [14:42<07:07, 44.0doc/s]
  fiqa:  67%|██████▋   | 38.8k/57.6k [14:42<07:04, 44.3doc/s]
  fiqa:  67%|██████▋   | 38.8k/57.6k [14:42<07:07, 44.0doc/s]
  fiqa:  67%|██████▋   | 38.8k/57.6k [14:43<07:08, 43.9doc/s]
  fiqa:  67%|██████▋   | 38.8k/57.6k [14:43<07:08, 43.9doc/s]
  fiqa:  67%|██████▋   | 38.8k/57.6k [14:43<06:55, 45.2doc/s]
  fiqa:  67%|██████▋   | 38.9k/57.6k [14:43<07:00, 44.7doc/s]
  fiqa:  67%|██████▋   | 38.9k/57.6k [14:43<07:01, 44.5doc/s]
  fiqa:  67%|██████▋   | 38.9k/57.6k [14:44<07:03, 44.3doc/s]
  fiqa:  67%|██████▋   | 38.9k/57.6k [14:44<07:14, 43.2doc/s]
  fiqa:  67%|██████▋   | 38.9k/57.6k [14:44<07:15, 43.0doc/s]
  fiqa:  67%|██████▋   | 38.9k/57.6k [14:44<07:12, 43.3doc/s]
  fiqa:  67%|██████▋   | 38.9k/57.6k [14:44<07:09, 43.6doc/s]
  fiqa:  68%|██████▊   | 38.9k/57.6k [14:44<07:06, 43.9doc/s]
  fiqa:  68%|██████▊   | 38.9k/57.6k [14:45<07:12, 43.3doc/s]
  fiqa:  68%|██████▊   | 38.9k/57.6k [14:45<07:19, 42.6doc/s]
  fiqa:  68%|██████▊   | 38.9k/57.6k [14:45<07:01, 44.4doc/s]
  fiqa:  68%|██████▊   | 38.9k/57.6k [14:45<07:01, 44.4doc/s]
  fiqa:  68%|██████▊   | 39.0k/57.6k [14:45<07:00, 44.5doc/s]
  fiqa:  68%|██████▊   | 39.0k/57.6k [14:46<07:00, 44.4doc/s]
  fiqa:  68%|██████▊   | 39.0k/57.6k [14:46<06:59, 44.5doc/s]
  fiqa:  68%|██████▊   | 39.0k/57.6k [14:46<07:00, 44.4doc/s]
  fiqa:  68%|██████▊   | 39.0k/57.6k [14:46<07:02, 44.2doc/s]
  fiqa:  68%|██████▊   | 39.0k/57.6k [14:46<07:04, 43.9doc/s]
  fiqa:  68%|██████▊   | 39.0k/57.6k [14:47<07:08, 43.5doc/s]
  fiqa:  68%|██████▊   | 39.0k/57.6k [14:47<07:09, 43.3doc/s]
  fiqa:  68%|██████▊   | 39.0k/57.6k [14:47<07:06, 43.6doc/s]
  fiqa:  68%|██████▊   | 39.0k/57.6k [14:47<07:06, 43.7doc/s]
  fiqa:  68%|██████▊   | 39.0k/57.6k [14:47<07:15, 42.8doc/s]
  fiqa:  68%|██████▊   | 39.0k/57.6k [14:47<07:16, 42.6doc/s]
  fiqa:  68%|██████▊   | 39.0k/57.6k [14:48<07:11, 43.1doc/s]
  fiqa:  68%|██████▊   | 39.1k/57.6k [14:48<07:08, 43.4doc/s]
  fiqa:  68%|██████▊   | 39.1k/57.6k [14:48<07:04, 43.7doc/s]
  fiqa:  68%|██████▊   | 39.1k/57.6k [14:48<07:00, 44.1doc/s]
  fiqa:  68%|██████▊   | 39.1k/57.6k [14:48<06:59, 44.3doc/s]
  fiqa:  68%|██████▊   | 39.1k/57.6k [14:49<07:01, 44.0doc/s]
  fiqa:  68%|██████▊   | 39.1k/57.6k [14:49<07:02, 43.9doc/s]
  fiqa:  68%|██████▊   | 39.1k/57.6k [14:49<07:01, 44.0doc/s]
  fiqa:  68%|██████▊   | 39.1k/57.6k [14:49<07:00, 44.0doc/s]
  fiqa:  68%|██████▊   | 39.1k/57.6k [14:49<07:02, 43.8doc/s]
  fiqa:  68%|██████▊   | 39.1k/57.6k [14:49<07:02, 43.9doc/s]
  fiqa:  68%|██████▊   | 39.1k/57.6k [14:50<07:02, 43.8doc/s]
  fiqa:  68%|██████▊   | 39.1k/57.6k [14:50<07:01, 43.8doc/s]
  fiqa:  68%|██████▊   | 39.2k/57.6k [14:50<07:01, 43.8doc/s]
  fiqa:  68%|██████▊   | 39.2k/57.6k [14:50<07:01, 43.8doc/s]
  fiqa:  68%|██████▊   | 39.2k/57.6k [14:50<07:01, 43.9doc/s]
  fiqa:  68%|██████▊   | 39.2k/57.6k [14:51<06:58, 44.2doc/s]
  fiqa:  68%|██████▊   | 39.2k/57.6k [14:51<06:54, 44.5doc/s]
  fiqa:  68%|██████▊   | 39.2k/57.6k [14:51<06:54, 44.5doc/s]
  fiqa:  68%|██████▊   | 39.2k/57.6k [14:51<06:53, 44.6doc/s]
  fiqa:  68%|██████▊   | 39.2k/57.6k [14:51<07:02, 43.6doc/s]
  fiqa:  68%|██████▊   | 39.2k/57.6k [14:51<07:10, 42.8doc/s]
  fiqa:  68%|██████▊   | 39.2k/57.6k [14:52<07:14, 42.4doc/s]
  fiqa:  68%|██████▊   | 39.2k/57.6k [14:52<07:13, 42.5doc/s]
  fiqa:  68%|██████▊   | 39.2k/57.6k [14:52<07:09, 42.9doc/s]
  fiqa:  68%|██████▊   | 39.2k/57.6k [14:52<07:05, 43.2doc/s]
  fiqa:  68%|██████▊   | 39.3k/57.6k [14:52<07:01, 43.7doc/s]
  fiqa:  68%|██████▊   | 39.3k/57.6k [14:53<06:56, 44.1doc/s]
  fiqa:  68%|██████▊   | 39.3k/57.6k [14:53<06:51, 44.7doc/s]
  fiqa:  68%|██████▊   | 39.3k/57.6k [14:53<06:49, 44.9doc/s]
  fiqa:  68%|██████▊   | 39.3k/57.6k [14:53<06:57, 44.0doc/s]
  fiqa:  68%|██████▊   | 39.3k/57.6k [14:53<07:03, 43.3doc/s]
  fiqa:  68%|██████▊   | 39.3k/57.6k [14:53<07:05, 43.1doc/s]
  fiqa:  68%|██████▊   | 39.3k/57.6k [14:54<07:06, 43.0doc/s]
  fiqa:  68%|██████▊   | 39.3k/57.6k [14:54<07:01, 43.5doc/s]
  fiqa:  68%|██████▊   | 39.3k/57.6k [14:54<06:56, 44.0doc/s]
  fiqa:  68%|██████▊   | 39.3k/57.6k [14:54<06:53, 44.3doc/s]
  fiqa:  68%|██████▊   | 39.3k/57.6k [14:54<06:50, 44.5doc/s]
  fiqa:  68%|██████▊   | 39.4k/57.6k [14:55<06:54, 44.1doc/s]
  fiqa:  68%|██████▊   | 39.4k/57.6k [14:55<06:55, 43.9doc/s]
  fiqa:  68%|██████▊   | 39.4k/57.6k [14:55<06:58, 43.6doc/s]
  fiqa:  68%|██████▊   | 39.4k/57.6k [14:55<06:59, 43.5doc/s]
  fiqa:  68%|██████▊   | 39.4k/57.6k [14:55<06:58, 43.6doc/s]
  fiqa:  68%|██████▊   | 39.4k/57.6k [14:55<06:55, 43.9doc/s]
  fiqa:  68%|██████▊   | 39.4k/57.6k [14:56<06:55, 43.9doc/s]
  fiqa:  68%|██████▊   | 39.4k/57.6k [14:56<06:55, 43.9doc/s]
  fiqa:  68%|██████▊   | 39.4k/57.6k [14:56<06:55, 43.9doc/s]
  fiqa:  68%|██████▊   | 39.4k/57.6k [14:56<06:55, 43.8doc/s]
  fiqa:  68%|██████▊   | 39.4k/57.6k [14:56<06:53, 44.1doc/s]
  fiqa:  68%|██████▊   | 39.4k/57.6k [14:57<06:49, 44.4doc/s]
  fiqa:  68%|██████▊   | 39.4k/57.6k [14:57<06:49, 44.5doc/s]
  fiqa:  68%|██████▊   | 39.5k/57.6k [14:57<06:48, 44.5doc/s]
  fiqa:  68%|██████▊   | 39.5k/57.6k [14:57<06:52, 44.1doc/s]
  fiqa:  68%|██████▊   | 39.5k/57.6k [14:57<06:54, 43.8doc/s]
  fiqa:  68%|██████▊   | 39.5k/57.6k [14:57<06:56, 43.6doc/s]
  fiqa:  69%|██████▊   | 39.5k/57.6k [14:58<06:55, 43.7doc/s]
  fiqa:  69%|██████▊   | 39.5k/57.6k [14:58<06:56, 43.6doc/s]
  fiqa:  69%|██████▊   | 39.5k/57.6k [14:58<06:52, 44.0doc/s]
  fiqa:  69%|██████▊   | 39.5k/57.6k [14:58<06:50, 44.2doc/s]
  fiqa:  69%|██████▊   | 39.5k/57.6k [14:58<06:50, 44.2doc/s]
  fiqa:  69%|██████▊   | 39.5k/57.6k [14:59<06:52, 43.9doc/s]
  fiqa:  69%|██████▊   | 39.5k/57.6k [14:59<06:54, 43.7doc/s]
  fiqa:  69%|██████▊   | 39.5k/57.6k [14:59<06:54, 43.6doc/s]
  fiqa:  69%|██████▊   | 39.6k/57.6k [14:59<06:53, 43.8doc/s]
  fiqa:  69%|██████▊   | 39.6k/57.6k [14:59<06:50, 44.0doc/s]
  fiqa:  69%|██████▊   | 39.6k/57.6k [14:59<06:51, 43.9doc/s]
  fiqa:  69%|██████▊   | 39.6k/57.6k [15:00<06:51, 43.8doc/s]
  fiqa:  69%|██████▊   | 39.6k/57.6k [15:00<06:51, 43.9doc/s]
  fiqa:  69%|██████▊   | 39.6k/57.6k [15:00<06:49, 44.1doc/s]
  fiqa:  69%|██████▊   | 39.6k/57.6k [15:00<06:47, 44.2doc/s]
  fiqa:  69%|██████▊   | 39.6k/57.6k [15:00<06:47, 44.3doc/s]
  fiqa:  69%|██████▊   | 39.6k/57.6k [15:01<06:44, 44.6doc/s]
  fiqa:  69%|██████▊   | 39.6k/57.6k [15:01<06:46, 44.4doc/s]
  fiqa:  69%|██████▉   | 39.6k/57.6k [15:01<06:45, 44.4doc/s]
  fiqa:  69%|██████▉   | 39.6k/57.6k [15:01<06:42, 44.7doc/s]
  fiqa:  69%|██████▉   | 39.6k/57.6k [15:01<06:50, 43.8doc/s]
  fiqa:  69%|██████▉   | 39.7k/57.6k [15:01<06:55, 43.3doc/s]
  fiqa:  69%|██████▉   | 39.7k/57.6k [15:02<06:53, 43.4doc/s]
  fiqa:  69%|██████▉   | 39.7k/57.6k [15:02<06:50, 43.7doc/s]
  fiqa:  69%|██████▉   | 39.7k/57.6k [15:02<06:50, 43.8doc/s]
  fiqa:  69%|██████▉   | 39.7k/57.6k [15:02<06:48, 43.9doc/s]
  fiqa:  69%|██████▉   | 39.7k/57.6k [15:02<06:49, 43.9doc/s]
  fiqa:  69%|██████▉   | 39.7k/57.6k [15:03<06:49, 43.8doc/s]
  fiqa:  69%|██████▉   | 39.7k/57.6k [15:03<06:49, 43.8doc/s]
  fiqa:  69%|██████▉   | 39.7k/57.6k [15:03<06:48, 43.8doc/s]
  fiqa:  69%|██████▉   | 39.7k/57.6k [15:03<06:47, 43.9doc/s]
  fiqa:  69%|██████▉   | 39.7k/57.6k [15:03<06:48, 43.8doc/s]
  fiqa:  69%|██████▉   | 39.7k/57.6k [15:03<06:48, 43.8doc/s]
  fiqa:  69%|██████▉   | 39.8k/57.6k [15:04<06:47, 43.9doc/s]
  fiqa:  69%|██████▉   | 39.8k/57.6k [15:04<06:47, 43.8doc/s]
  fiqa:  69%|██████▉   | 39.8k/57.6k [15:04<06:46, 43.9doc/s]
  fiqa:  69%|██████▉   | 39.8k/57.6k [15:04<06:46, 43.9doc/s]
  fiqa:  69%|██████▉   | 39.8k/57.6k [15:04<06:47, 43.8doc/s]
  fiqa:  69%|██████▉   | 39.8k/57.6k [15:05<06:45, 44.0doc/s]
  fiqa:  69%|██████▉   | 39.8k/57.6k [15:05<06:50, 43.5doc/s]
  fiqa:  69%|██████▉   | 39.8k/57.6k [15:05<06:50, 43.4doc/s]
  fiqa:  69%|██████▉   | 39.8k/57.6k [15:05<06:52, 43.2doc/s]
  fiqa:  69%|██████▉   | 39.8k/57.6k [15:05<06:51, 43.3doc/s]
  fiqa:  69%|██████▉   | 39.8k/57.6k [15:05<06:51, 43.2doc/s]
  fiqa:  69%|██████▉   | 39.8k/57.6k [15:06<06:49, 43.5doc/s]
  fiqa:  69%|██████▉   | 39.8k/57.6k [15:06<06:47, 43.7doc/s]
  fiqa:  69%|██████▉   | 39.9k/57.6k [15:06<06:45, 43.9doc/s]
  fiqa:  69%|██████▉   | 39.9k/57.6k [15:06<06:48, 43.6doc/s]
  fiqa:  69%|██████▉   | 39.9k/57.6k [15:06<06:46, 43.7doc/s]
  fiqa:  69%|██████▉   | 39.9k/57.6k [15:07<06:47, 43.6doc/s]
  fiqa:  69%|██████▉   | 39.9k/57.6k [15:07<06:46, 43.6doc/s]
  fiqa:  69%|██████▉   | 39.9k/57.6k [15:07<06:44, 43.9doc/s]
  fiqa:  69%|██████▉   | 39.9k/57.6k [15:07<06:43, 43.9doc/s]
  fiqa:  69%|██████▉   | 39.9k/57.6k [15:07<06:43, 43.9doc/s]
  fiqa:  69%|██████▉   | 39.9k/57.6k [15:08<06:51, 43.1doc/s]
  fiqa:  69%|██████▉   | 39.9k/57.6k [15:08<06:50, 43.1doc/s]
  fiqa:  69%|██████▉   | 39.9k/57.6k [15:08<06:52, 42.9doc/s]
  fiqa:  69%|██████▉   | 39.9k/57.6k [15:08<06:49, 43.2doc/s]
  fiqa:  69%|██████▉   | 40.0k/57.6k [15:08<06:45, 43.6doc/s]
  fiqa:  69%|██████▉   | 40.0k/57.6k [15:08<06:41, 44.0doc/s]
  fiqa:  69%|██████▉   | 40.0k/57.6k [15:09<06:38, 44.3doc/s]
  fiqa:  69%|██████▉   | 40.0k/57.6k [15:09<06:38, 44.3doc/s]
  fiqa:  69%|██████▉   | 40.0k/57.6k [15:09<06:39, 44.2doc/s]
  fiqa:  69%|██████▉   | 40.0k/57.6k [15:09<06:46, 43.4doc/s]
  fiqa:  69%|██████▉   | 40.0k/57.6k [15:09<06:50, 42.9doc/s]
  fiqa:  69%|██████▉   | 40.0k/57.6k [15:10<06:48, 43.1doc/s]
  fiqa:  69%|██████▉   | 40.0k/57.6k [15:10<06:47, 43.2doc/s]
  fiqa:  69%|██████▉   | 40.0k/57.6k [15:10<06:43, 43.7doc/s]
  fiqa:  69%|██████▉   | 40.0k/57.6k [15:10<06:39, 44.0doc/s]
  fiqa:  69%|██████▉   | 40.0k/57.6k [15:10<06:37, 44.3doc/s]
  fiqa:  69%|██████▉   | 40.0k/57.6k [15:10<06:37, 44.3doc/s]
  fiqa:  69%|██████▉   | 40.1k/57.6k [15:11<06:40, 43.9doc/s]
  fiqa:  70%|██████▉   | 40.1k/57.6k [15:11<06:27, 45.4doc/s]
  fiqa:  70%|██████▉   | 40.1k/57.6k [15:11<06:32, 44.8doc/s]
  fiqa:  70%|██████▉   | 40.1k/57.6k [15:11<06:35, 44.4doc/s]
  fiqa:  70%|██████▉   | 40.1k/57.6k [15:11<06:33, 44.6doc/s]
  fiqa:  70%|██████▉   | 40.1k/57.6k [15:12<06:41, 43.7doc/s]
  fiqa:  70%|██████▉   | 40.1k/57.6k [15:12<06:48, 43.0doc/s]
  fiqa:  70%|██████▉   | 40.1k/57.6k [15:12<06:35, 44.3doc/s]
  fiqa:  70%|██████▉   | 40.1k/57.6k [15:12<06:38, 44.0doc/s]
  fiqa:  70%|██████▉   | 40.1k/57.6k [15:12<06:34, 44.4doc/s]
  fiqa:  70%|██████▉   | 40.1k/57.6k [15:12<06:35, 44.3doc/s]
  fiqa:  70%|██████▉   | 40.1k/57.6k [15:13<06:32, 44.5doc/s]
  fiqa:  70%|██████▉   | 40.2k/57.6k [15:13<06:33, 44.4doc/s]
  fiqa:  70%|██████▉   | 40.2k/57.6k [15:13<06:36, 44.0doc/s]
  fiqa:  70%|██████▉   | 40.2k/57.6k [15:13<06:43, 43.3doc/s]
  fiqa:  70%|██████▉   | 40.2k/57.6k [15:13<06:50, 42.6doc/s]
  fiqa:  70%|██████▉   | 40.2k/57.6k [15:14<06:51, 42.5doc/s]
  fiqa:  70%|██████▉   | 40.2k/57.6k [15:14<06:50, 42.5doc/s]
  fiqa:  70%|██████▉   | 40.2k/57.6k [15:14<06:46, 42.9doc/s]
  fiqa:  70%|██████▉   | 40.2k/57.6k [15:14<06:43, 43.1doc/s]
  fiqa:  70%|██████▉   | 40.2k/57.6k [15:14<06:38, 43.7doc/s]
  fiqa:  70%|██████▉   | 40.2k/57.6k [15:14<06:35, 44.0doc/s]
  fiqa:  70%|██████▉   | 40.2k/57.6k [15:15<06:33, 44.2doc/s]
  fiqa:  70%|██████▉   | 40.2k/57.6k [15:15<06:32, 44.4doc/s]
  fiqa:  70%|██████▉   | 40.2k/57.6k [15:15<06:38, 43.6doc/s]
  fiqa:  70%|██████▉   | 40.3k/57.6k [15:15<06:42, 43.2doc/s]
  fiqa:  70%|██████▉   | 40.3k/57.6k [15:15<06:46, 42.8doc/s]
  fiqa:  70%|██████▉   | 40.3k/57.6k [15:16<06:43, 43.0doc/s]
  fiqa:  70%|██████▉   | 40.3k/57.6k [15:16<06:39, 43.5doc/s]
  fiqa:  70%|██████▉   | 40.3k/57.6k [15:16<06:34, 43.9doc/s]
  fiqa:  70%|██████▉   | 40.3k/57.6k [15:16<06:28, 44.6doc/s]
  fiqa:  70%|██████▉   | 40.3k/57.6k [15:16<06:28, 44.7doc/s]
  fiqa:  70%|██████▉   | 40.3k/57.6k [15:16<06:30, 44.3doc/s]
  fiqa:  70%|██████▉   | 40.3k/57.6k [15:17<06:32, 44.1doc/s]
  fiqa:  70%|██████▉   | 40.3k/57.6k [15:17<06:32, 44.1doc/s]
  fiqa:  70%|██████▉   | 40.3k/57.6k [15:17<06:34, 43.9doc/s]
  fiqa:  70%|██████▉   | 40.3k/57.6k [15:17<06:35, 43.8doc/s]
  fiqa:  70%|███████   | 40.4k/57.6k [15:17<06:35, 43.7doc/s]
  fiqa:  70%|███████   | 40.4k/57.6k [15:18<06:35, 43.7doc/s]
  fiqa:  70%|███████   | 40.4k/57.6k [15:18<06:36, 43.6doc/s]
  fiqa:  70%|███████   | 40.4k/57.6k [15:18<06:37, 43.5doc/s]
  fiqa:  70%|███████   | 40.4k/57.6k [15:18<06:35, 43.6doc/s]
  fiqa:  70%|███████   | 40.4k/57.6k [15:18<06:32, 44.0doc/s]
  fiqa:  70%|███████   | 40.4k/57.6k [15:18<06:28, 44.3doc/s]
  fiqa:  70%|███████   | 40.4k/57.6k [15:19<06:28, 44.3doc/s]
  fiqa:  70%|███████   | 40.4k/57.6k [15:19<06:29, 44.2doc/s]
  fiqa:  70%|███████   | 40.4k/57.6k [15:19<06:31, 43.9doc/s]
  fiqa:  70%|███████   | 40.4k/57.6k [15:19<06:30, 44.1doc/s]
  fiqa:  70%|███████   | 40.4k/57.6k [15:19<06:31, 44.0doc/s]
  fiqa:  70%|███████   | 40.4k/57.6k [15:20<06:29, 44.1doc/s]
  fiqa:  70%|███████   | 40.5k/57.6k [15:20<06:28, 44.2doc/s]
  fiqa:  70%|███████   | 40.5k/57.6k [15:20<06:35, 43.4doc/s]
  fiqa:  70%|███████   | 40.5k/57.6k [15:20<06:38, 43.1doc/s]
  fiqa:  70%|███████   | 40.5k/57.6k [15:20<06:39, 42.9doc/s]
  fiqa:  70%|███████   | 40.5k/57.6k [15:20<06:39, 42.9doc/s]
  fiqa:  70%|███████   | 40.5k/57.6k [15:21<06:40, 42.8doc/s]
  fiqa:  70%|███████   | 40.5k/57.6k [15:21<06:39, 42.9doc/s]
  fiqa:  70%|███████   | 40.5k/57.6k [15:21<06:36, 43.2doc/s]
  fiqa:  70%|███████   | 40.5k/57.6k [15:21<06:33, 43.5doc/s]
  fiqa:  70%|███████   | 40.5k/57.6k [15:21<06:32, 43.6doc/s]
  fiqa:  70%|███████   | 40.5k/57.6k [15:22<06:33, 43.5doc/s]
  fiqa:  70%|███████   | 40.5k/57.6k [15:22<06:31, 43.7doc/s]
  fiqa:  70%|███████   | 40.6k/57.6k [15:22<06:31, 43.7doc/s]
  fiqa:  70%|███████   | 40.6k/57.6k [15:22<06:33, 43.4doc/s]
  fiqa:  70%|███████   | 40.6k/57.6k [15:22<06:35, 43.1doc/s]
  fiqa:  70%|███████   | 40.6k/57.6k [15:23<06:34, 43.3doc/s]
  fiqa:  70%|███████   | 40.6k/57.6k [15:23<06:30, 43.6doc/s]
  fiqa:  70%|███████   | 40.6k/57.6k [15:23<06:28, 43.8doc/s]
  fiqa:  70%|███████   | 40.6k/57.6k [15:23<06:27, 44.0doc/s]
  fiqa:  70%|███████   | 40.6k/57.6k [15:23<06:26, 44.0doc/s]
  fiqa:  70%|███████   | 40.6k/57.6k [15:23<06:30, 43.6doc/s]
  fiqa:  70%|███████   | 40.6k/57.6k [15:24<06:29, 43.7doc/s]
  fiqa:  70%|███████   | 40.6k/57.6k [15:24<06:28, 43.8doc/s]
  fiqa:  71%|███████   | 40.6k/57.6k [15:24<06:27, 43.9doc/s]
  fiqa:  71%|███████   | 40.6k/57.6k [15:24<06:28, 43.7doc/s]
  fiqa:  71%|███████   | 40.7k/57.6k [15:24<06:26, 43.9doc/s]
  fiqa:  71%|███████   | 40.7k/57.6k [15:25<06:26, 44.0doc/s]
  fiqa:  71%|███████   | 40.7k/57.6k [15:25<06:25, 44.0doc/s]
  fiqa:  71%|███████   | 40.7k/57.6k [15:25<06:27, 43.8doc/s]
  fiqa:  71%|███████   | 40.7k/57.6k [15:25<06:27, 43.8doc/s]
  fiqa:  71%|███████   | 40.7k/57.6k [15:25<06:24, 44.1doc/s]
  fiqa:  71%|███████   | 40.7k/57.6k [15:25<06:21, 44.4doc/s]
  fiqa:  71%|███████   | 40.7k/57.6k [15:26<06:18, 44.7doc/s]
  fiqa:  71%|███████   | 40.7k/57.6k [15:26<06:15, 45.1doc/s]
  fiqa:  71%|███████   | 40.7k/57.6k [15:26<06:16, 44.9doc/s]
  fiqa:  71%|███████   | 40.7k/57.6k [15:26<06:20, 44.5doc/s]
  fiqa:  71%|███████   | 40.7k/57.6k [15:26<06:22, 44.1doc/s]
  fiqa:  71%|███████   | 40.8k/57.6k [15:27<06:23, 44.0doc/s]
  fiqa:  71%|███████   | 40.8k/57.6k [15:27<06:20, 44.4doc/s]
  fiqa:  71%|███████   | 40.8k/57.6k [15:27<06:17, 44.7doc/s]
  fiqa:  71%|███████   | 40.8k/57.6k [15:27<06:14, 45.0doc/s]
  fiqa:  71%|███████   | 40.8k/57.6k [15:27<06:16, 44.8doc/s]
  fiqa:  71%|███████   | 40.8k/57.6k [15:27<06:19, 44.4doc/s]
  fiqa:  71%|███████   | 40.8k/57.6k [15:28<06:29, 43.2doc/s]
  fiqa:  71%|███████   | 40.8k/57.6k [15:28<06:32, 42.8doc/s]
  fiqa:  71%|███████   | 40.8k/57.6k [15:28<06:32, 42.8doc/s]
  fiqa:  71%|███████   | 40.8k/57.6k [15:28<06:33, 42.8doc/s]
  fiqa:  71%|███████   | 40.8k/57.6k [15:28<06:32, 42.8doc/s]
  fiqa:  71%|███████   | 40.8k/57.6k [15:29<06:29, 43.1doc/s]
  fiqa:  71%|███████   | 40.8k/57.6k [15:29<06:27, 43.3doc/s]
  fiqa:  71%|███████   | 40.9k/57.6k [15:29<06:26, 43.4doc/s]
  fiqa:  71%|███████   | 40.9k/57.6k [15:29<06:23, 43.7doc/s]
  fiqa:  71%|███████   | 40.9k/57.6k [15:29<06:22, 43.9doc/s]
  fiqa:  71%|███████   | 40.9k/57.6k [15:29<06:21, 43.9doc/s]
  fiqa:  71%|███████   | 40.9k/57.6k [15:30<06:22, 43.8doc/s]
  fiqa:  71%|███████   | 40.9k/57.6k [15:30<06:23, 43.6doc/s]
  fiqa:  71%|███████   | 40.9k/57.6k [15:30<06:24, 43.5doc/s]
  fiqa:  71%|███████   | 40.9k/57.6k [15:30<06:21, 43.8doc/s]
  fiqa:  71%|███████   | 40.9k/57.6k [15:30<06:20, 43.9doc/s]
  fiqa:  71%|███████   | 40.9k/57.6k [15:31<06:20, 43.9doc/s]
  fiqa:  71%|███████   | 40.9k/57.6k [15:31<06:21, 43.8doc/s]
  fiqa:  71%|███████   | 40.9k/57.6k [15:31<06:19, 44.0doc/s]
  fiqa:  71%|███████   | 41.0k/57.6k [15:31<06:15, 44.4doc/s]
  fiqa:  71%|███████   | 41.0k/57.6k [15:31<06:15, 44.4doc/s]
  fiqa:  71%|███████   | 41.0k/57.6k [15:31<06:15, 44.4doc/s]
  fiqa:  71%|███████   | 41.0k/57.6k [15:32<06:19, 43.9doc/s]
  fiqa:  71%|███████   | 41.0k/57.6k [15:32<06:19, 43.9doc/s]
  fiqa:  71%|███████   | 41.0k/57.6k [15:32<06:17, 44.1doc/s]
  fiqa:  71%|███████   | 41.0k/57.6k [15:32<06:18, 44.0doc/s]
  fiqa:  71%|███████   | 41.0k/57.6k [15:32<06:18, 43.9doc/s]
  fiqa:  71%|███████   | 41.0k/57.6k [15:33<06:18, 43.9doc/s]
  fiqa:  71%|███████   | 41.0k/57.6k [15:33<06:17, 44.0doc/s]
  fiqa:  71%|███████   | 41.0k/57.6k [15:33<06:18, 43.8doc/s]
  fiqa:  71%|███████   | 41.0k/57.6k [15:33<06:19, 43.7doc/s]
  fiqa:  71%|███████   | 41.0k/57.6k [15:33<06:19, 43.7doc/s]
  fiqa:  71%|███████   | 41.1k/57.6k [15:33<06:19, 43.7doc/s]
  fiqa:  71%|███████   | 41.1k/57.6k [15:34<06:16, 44.0doc/s]
  fiqa:  71%|███████▏  | 41.1k/57.6k [15:34<06:17, 43.9doc/s]
  fiqa:  71%|███████▏  | 41.1k/57.6k [15:34<06:18, 43.8doc/s]
  fiqa:  71%|███████▏  | 41.1k/57.6k [15:34<06:17, 43.9doc/s]
  fiqa:  71%|███████▏  | 41.1k/57.6k [15:34<06:13, 44.3doc/s]
  fiqa:  71%|███████▏  | 41.1k/57.6k [15:35<06:11, 44.5doc/s]
  fiqa:  71%|███████▏  | 41.1k/57.6k [15:35<05:59, 46.0doc/s]
  fiqa:  71%|███████▏  | 41.1k/57.6k [15:35<06:08, 44.8doc/s]
  fiqa:  71%|███████▏  | 41.1k/57.6k [15:35<06:07, 44.9doc/s]
  fiqa:  71%|███████▏  | 41.1k/57.6k [15:35<06:05, 45.2doc/s]
  fiqa:  71%|███████▏  | 41.1k/57.6k [15:35<06:09, 44.6doc/s]
  fiqa:  71%|███████▏  | 41.2k/57.6k [15:36<06:10, 44.4doc/s]
  fiqa:  71%|███████▏  | 41.2k/57.6k [15:36<06:12, 44.3doc/s]
  fiqa:  71%|███████▏  | 41.2k/57.6k [15:36<06:12, 44.3doc/s]
  fiqa:  71%|███████▏  | 41.2k/57.6k [15:36<06:11, 44.4doc/s]
  fiqa:  71%|███████▏  | 41.2k/57.6k [15:36<06:12, 44.1doc/s]
  fiqa:  71%|███████▏  | 41.2k/57.6k [15:37<06:12, 44.1doc/s]
  fiqa:  71%|███████▏  | 41.2k/57.6k [15:37<06:13, 44.1doc/s]
  fiqa:  71%|███████▏  | 41.2k/57.6k [15:37<06:13, 44.0doc/s]
  fiqa:  72%|███████▏  | 41.2k/57.6k [15:37<06:14, 43.9doc/s]
  fiqa:  72%|███████▏  | 41.2k/57.6k [15:37<06:13, 44.0doc/s]
  fiqa:  72%|███████▏  | 41.2k/57.6k [15:37<06:13, 43.9doc/s]
  fiqa:  72%|███████▏  | 41.2k/57.6k [15:38<06:15, 43.6doc/s]
  fiqa:  72%|███████▏  | 41.2k/57.6k [15:38<06:15, 43.6doc/s]
  fiqa:  72%|███████▏  | 41.3k/57.6k [15:38<06:17, 43.4doc/s]
  fiqa:  72%|███████▏  | 41.3k/57.6k [15:38<06:15, 43.6doc/s]
  fiqa:  72%|███████▏  | 41.3k/57.6k [15:38<06:03, 45.0doc/s]
  fiqa:  72%|███████▏  | 41.3k/57.6k [15:38<06:05, 44.8doc/s]
  fiqa:  72%|███████▏  | 41.3k/57.6k [15:39<06:08, 44.3doc/s]
  fiqa:  72%|███████▏  | 41.3k/57.6k [15:39<06:08, 44.3doc/s]
  fiqa:  72%|███████▏  | 41.3k/57.6k [15:39<06:14, 43.6doc/s]
  fiqa:  72%|███████▏  | 41.3k/57.6k [15:39<06:16, 43.4doc/s]
  fiqa:  72%|███████▏  | 41.3k/57.6k [15:39<06:14, 43.6doc/s]
  fiqa:  72%|███████▏  | 41.3k/57.6k [15:40<06:00, 45.3doc/s]
  fiqa:  72%|███████▏  | 41.3k/57.6k [15:40<06:03, 44.9doc/s]
  fiqa:  72%|███████▏  | 41.3k/57.6k [15:40<06:06, 44.5doc/s]
  fiqa:  72%|███████▏  | 41.4k/57.6k [15:40<06:08, 44.2doc/s]
  fiqa:  72%|███████▏  | 41.4k/57.6k [15:40<06:08, 44.2doc/s]
  fiqa:  72%|███████▏  | 41.4k/57.6k [15:40<06:09, 44.1doc/s]
  fiqa:  72%|███████▏  | 41.4k/57.6k [15:41<06:09, 44.0doc/s]
  fiqa:  72%|███████▏  | 41.4k/57.6k [15:41<06:10, 43.9doc/s]
  fiqa:  72%|███████▏  | 41.4k/57.6k [15:41<06:08, 44.1doc/s]
  fiqa:  72%|███████▏  | 41.4k/57.6k [15:41<06:09, 43.9doc/s]
  fiqa:  72%|███████▏  | 41.4k/57.6k [15:41<06:10, 43.8doc/s]
  fiqa:  72%|███████▏  | 41.4k/57.6k [15:42<06:08, 44.0doc/s]
  fiqa:  72%|███████▏  | 41.4k/57.6k [15:42<06:09, 43.9doc/s]
  fiqa:  72%|███████▏  | 41.4k/57.6k [15:42<06:09, 43.9doc/s]
  fiqa:  72%|███████▏  | 41.4k/57.6k [15:42<05:57, 45.3doc/s]
  fiqa:  72%|███████▏  | 41.4k/57.6k [15:42<06:00, 44.9doc/s]
  fiqa:  72%|███████▏  | 41.5k/57.6k [15:42<06:02, 44.6doc/s]
  fiqa:  72%|███████▏  | 41.5k/57.6k [15:43<06:00, 44.9doc/s]
  fiqa:  72%|███████▏  | 41.5k/57.6k [15:43<05:59, 44.9doc/s]
  fiqa:  72%|███████▏  | 41.5k/57.6k [15:43<05:58, 45.1doc/s]
  fiqa:  72%|███████▏  | 41.5k/57.6k [15:43<05:56, 45.2doc/s]
  fiqa:  72%|███████▏  | 41.5k/57.6k [15:43<05:57, 45.1doc/s]
  fiqa:  72%|███████▏  | 41.5k/57.6k [15:44<06:05, 44.2doc/s]
  fiqa:  72%|███████▏  | 41.5k/57.6k [15:44<06:10, 43.5doc/s]
  fiqa:  72%|███████▏  | 41.5k/57.6k [15:44<06:09, 43.6doc/s]
  fiqa:  72%|███████▏  | 41.5k/57.6k [15:44<06:09, 43.6doc/s]
  fiqa:  72%|███████▏  | 41.5k/57.6k [15:44<06:08, 43.7doc/s]
  fiqa:  72%|███████▏  | 41.5k/57.6k [15:44<06:07, 43.8doc/s]
  fiqa:  72%|███████▏  | 41.6k/57.6k [15:45<06:08, 43.6doc/s]
  fiqa:  72%|███████▏  | 41.6k/57.6k [15:45<06:08, 43.7doc/s]
  fiqa:  72%|███████▏  | 41.6k/57.6k [15:45<06:08, 43.6doc/s]
  fiqa:  72%|███████▏  | 41.6k/57.6k [15:45<06:09, 43.5doc/s]
  fiqa:  72%|███████▏  | 41.6k/57.6k [15:45<06:08, 43.6doc/s]
  fiqa:  72%|███████▏  | 41.6k/57.6k [15:46<06:08, 43.5doc/s]
  fiqa:  72%|███████▏  | 41.6k/57.6k [15:46<06:08, 43.6doc/s]
  fiqa:  72%|███████▏  | 41.6k/57.6k [15:46<06:05, 43.8doc/s]
  fiqa:  72%|███████▏  | 41.6k/57.6k [15:46<06:10, 43.2doc/s]
  fiqa:  72%|███████▏  | 41.6k/57.6k [15:46<06:15, 42.6doc/s]
  fiqa:  72%|███████▏  | 41.6k/57.6k [15:47<06:14, 42.7doc/s]
  fiqa:  72%|███████▏  | 41.6k/57.6k [15:47<06:11, 43.1doc/s]
  fiqa:  72%|███████▏  | 41.6k/57.6k [15:47<06:08, 43.4doc/s]
  fiqa:  72%|███████▏  | 41.7k/57.6k [15:47<06:05, 43.7doc/s]
  fiqa:  72%|███████▏  | 41.7k/57.6k [15:47<06:05, 43.7doc/s]
  fiqa:  72%|███████▏  | 41.7k/57.6k [15:47<06:04, 43.8doc/s]
  fiqa:  72%|███████▏  | 41.7k/57.6k [15:48<06:03, 43.8doc/s]
  fiqa:  72%|███████▏  | 41.7k/57.6k [15:48<06:01, 44.1doc/s]
  fiqa:  72%|███████▏  | 41.7k/57.6k [15:48<05:59, 44.4doc/s]
  fiqa:  72%|███████▏  | 41.7k/57.6k [15:48<05:59, 44.4doc/s]
  fiqa:  72%|███████▏  | 41.7k/57.6k [15:48<06:01, 44.1doc/s]
  fiqa:  72%|███████▏  | 41.7k/57.6k [15:49<06:06, 43.4doc/s]
  fiqa:  72%|███████▏  | 41.7k/57.6k [15:49<05:54, 44.9doc/s]
  fiqa:  72%|███████▏  | 41.7k/57.6k [15:49<05:56, 44.6doc/s]
  fiqa:  72%|███████▏  | 41.7k/57.6k [15:49<05:56, 44.5doc/s]
  fiqa:  72%|███████▏  | 41.8k/57.6k [15:49<05:57, 44.5doc/s]
  fiqa:  72%|███████▏  | 41.8k/57.6k [15:49<05:58, 44.3doc/s]
  fiqa:  72%|███████▏  | 41.8k/57.6k [15:50<05:57, 44.3doc/s]
  fiqa:  72%|███████▏  | 41.8k/57.6k [15:50<06:00, 44.0doc/s]
  fiqa:  72%|███████▏  | 41.8k/57.6k [15:50<06:02, 43.8doc/s]
  fiqa:  73%|███████▎  | 41.8k/57.6k [15:50<05:54, 44.7doc/s]
  fiqa:  73%|███████▎  | 41.8k/57.6k [15:50<06:00, 43.9doc/s]
  fiqa:  73%|███████▎  | 41.8k/57.6k [15:51<06:02, 43.7doc/s]
  fiqa:  73%|███████▎  | 41.8k/57.6k [15:51<06:04, 43.4doc/s]
  fiqa:  73%|███████▎  | 41.8k/57.6k [15:51<06:04, 43.4doc/s]
  fiqa:  73%|███████▎  | 41.8k/57.6k [15:51<05:58, 44.1doc/s]
  fiqa:  73%|███████▎  | 41.8k/57.6k [15:51<05:57, 44.2doc/s]
  fiqa:  73%|███████▎  | 41.8k/57.6k [15:51<05:57, 44.2doc/s]
  fiqa:  73%|███████▎  | 41.9k/57.6k [15:52<05:55, 44.4doc/s]
  fiqa:  73%|███████▎  | 41.9k/57.6k [15:52<05:56, 44.3doc/s]
  fiqa:  73%|███████▎  | 41.9k/57.6k [15:52<05:43, 45.9doc/s]
  fiqa:  73%|███████▎  | 41.9k/57.6k [15:52<05:46, 45.4doc/s]
  fiqa:  73%|███████▎  | 41.9k/57.6k [15:52<05:46, 45.5doc/s]
  fiqa:  73%|███████▎  | 41.9k/57.6k [15:52<05:51, 44.8doc/s]
  fiqa:  73%|███████▎  | 41.9k/57.6k [15:53<05:55, 44.3doc/s]
  fiqa:  73%|███████▎  | 41.9k/57.6k [15:53<05:59, 43.7doc/s]
  fiqa:  73%|███████▎  | 41.9k/57.6k [15:53<06:01, 43.5doc/s]
  fiqa:  73%|███████▎  | 41.9k/57.6k [15:53<06:00, 43.6doc/s]
  fiqa:  73%|███████▎  | 41.9k/57.6k [15:53<06:00, 43.6doc/s]
  fiqa:  73%|███████▎  | 41.9k/57.6k [15:54<05:59, 43.6doc/s]
  fiqa:  73%|███████▎  | 42.0k/57.6k [15:54<05:56, 44.0doc/s]
  fiqa:  73%|███████▎  | 42.0k/57.6k [15:54<05:57, 43.8doc/s]
  fiqa:  73%|███████▎  | 42.0k/57.6k [15:54<05:58, 43.8doc/s]
  fiqa:  73%|███████▎  | 42.0k/57.6k [15:54<05:57, 43.8doc/s]
  fiqa:  73%|███████▎  | 42.0k/57.6k [15:54<05:57, 43.8doc/s]
  fiqa:  73%|███████▎  | 42.0k/57.6k [15:55<05:56, 43.9doc/s]
  fiqa:  73%|███████▎  | 42.0k/57.6k [15:55<05:53, 44.2doc/s]
  fiqa:  73%|███████▎  | 42.0k/57.6k [15:55<05:55, 44.0doc/s]
  fiqa:  73%|███████▎  | 42.0k/57.6k [15:55<05:56, 43.8doc/s]
  fiqa:  73%|███████▎  | 42.0k/57.6k [15:55<05:57, 43.7doc/s]
  fiqa:  73%|███████▎  | 42.0k/57.6k [15:56<05:57, 43.6doc/s]
  fiqa:  73%|███████▎  | 42.0k/57.6k [15:56<05:55, 43.8doc/s]
  fiqa:  73%|███████▎  | 42.0k/57.6k [15:56<05:55, 43.9doc/s]
  fiqa:  73%|███████▎  | 42.1k/57.6k [15:56<05:55, 43.9doc/s]
  fiqa:  73%|███████▎  | 42.1k/57.6k [15:56<05:55, 43.8doc/s]
  fiqa:  73%|███████▎  | 42.1k/57.6k [15:56<05:54, 43.9doc/s]
  fiqa:  73%|███████▎  | 42.1k/57.6k [15:57<05:55, 43.8doc/s]
  fiqa:  73%|███████▎  | 42.1k/57.6k [15:57<05:56, 43.6doc/s]
  fiqa:  73%|███████▎  | 42.1k/57.6k [15:57<05:58, 43.4doc/s]
  fiqa:  73%|███████▎  | 42.1k/57.6k [15:57<05:58, 43.3doc/s]
  fiqa:  73%|███████▎  | 42.1k/57.6k [15:57<05:56, 43.6doc/s]
  fiqa:  73%|███████▎  | 42.1k/57.6k [15:58<05:54, 43.8doc/s]
  fiqa:  73%|███████▎  | 42.1k/57.6k [15:58<05:52, 44.0doc/s]
  fiqa:  73%|███████▎  | 42.1k/57.6k [15:58<05:52, 44.0doc/s]
  fiqa:  73%|███████▎  | 42.1k/57.6k [15:58<05:53, 43.8doc/s]
  fiqa:  73%|███████▎  | 42.2k/57.6k [15:58<05:52, 43.9doc/s]
  fiqa:  73%|███████▎  | 42.2k/57.6k [15:59<05:51, 44.0doc/s]
  fiqa:  73%|███████▎  | 42.2k/57.6k [15:59<05:49, 44.2doc/s]
  fiqa:  73%|███████▎  | 42.2k/57.6k [15:59<05:49, 44.2doc/s]
  fiqa:  73%|███████▎  | 42.2k/57.6k [15:59<05:40, 45.4doc/s]
  fiqa:  73%|███████▎  | 42.2k/57.6k [15:59<05:45, 44.7doc/s]
  fiqa:  73%|███████▎  | 42.2k/57.6k [15:59<05:49, 44.2doc/s]
  fiqa:  73%|███████▎  | 42.2k/57.6k [16:00<05:52, 43.7doc/s]
  fiqa:  73%|███████▎  | 42.2k/57.6k [16:00<05:53, 43.6doc/s]
  fiqa:  73%|███████▎  | 42.2k/57.6k [16:00<05:52, 43.7doc/s]
  fiqa:  73%|███████▎  | 42.2k/57.6k [16:00<05:52, 43.7doc/s]
  fiqa:  73%|███████▎  | 42.2k/57.6k [16:00<05:52, 43.7doc/s]
  fiqa:  73%|███████▎  | 42.2k/57.6k [16:01<05:51, 43.8doc/s]
  fiqa:  73%|███████▎  | 42.3k/57.6k [16:01<05:48, 44.1doc/s]
  fiqa:  73%|███████▎  | 42.3k/57.6k [16:01<05:45, 44.5doc/s]
  fiqa:  73%|███████▎  | 42.3k/57.6k [16:01<05:45, 44.5doc/s]
  fiqa:  73%|███████▎  | 42.3k/57.6k [16:01<05:46, 44.3doc/s]
  fiqa:  73%|███████▎  | 42.3k/57.6k [16:01<05:37, 45.4doc/s]
  fiqa:  73%|███████▎  | 42.3k/57.6k [16:02<05:43, 44.6doc/s]
  fiqa:  73%|███████▎  | 42.3k/57.6k [16:02<05:46, 44.2doc/s]
  fiqa:  73%|███████▎  | 42.3k/57.6k [16:02<05:50, 43.8doc/s]
  fiqa:  73%|███████▎  | 42.3k/57.6k [16:02<05:48, 43.9doc/s]
  fiqa:  73%|███████▎  | 42.3k/57.6k [16:02<05:48, 43.9doc/s]
  fiqa:  73%|███████▎  | 42.3k/57.6k [16:02<05:48, 43.9doc/s]
  fiqa:  73%|███████▎  | 42.3k/57.6k [16:03<05:48, 43.8doc/s]
  fiqa:  73%|███████▎  | 42.4k/57.6k [16:03<05:48, 43.8doc/s]
  fiqa:  73%|███████▎  | 42.4k/57.6k [16:03<05:48, 43.9doc/s]
  fiqa:  74%|███████▎  | 42.4k/57.6k [16:03<05:49, 43.7doc/s]
  fiqa:  74%|███████▎  | 42.4k/57.6k [16:03<05:49, 43.6doc/s]
  fiqa:  74%|███████▎  | 42.4k/57.6k [16:04<05:49, 43.7doc/s]
  fiqa:  74%|███████▎  | 42.4k/57.6k [16:04<05:48, 43.7doc/s]
  fiqa:  74%|███████▎  | 42.4k/57.6k [16:04<05:48, 43.7doc/s]
  fiqa:  74%|███████▎  | 42.4k/57.6k [16:04<05:47, 43.8doc/s]
  fiqa:  74%|███████▎  | 42.4k/57.6k [16:04<05:48, 43.7doc/s]
  fiqa:  74%|███████▎  | 42.4k/57.6k [16:04<05:45, 44.0doc/s]
  fiqa:  74%|███████▎  | 42.4k/57.6k [16:05<05:44, 44.2doc/s]
  fiqa:  74%|███████▎  | 42.4k/57.6k [16:05<05:34, 45.5doc/s]
  fiqa:  74%|███████▎  | 42.4k/57.6k [16:05<05:25, 46.6doc/s]
  fiqa:  74%|███████▎  | 42.5k/57.6k [16:05<05:31, 45.8doc/s]
  fiqa:  74%|███████▎  | 42.5k/57.6k [16:05<05:37, 45.0doc/s]
  fiqa:  74%|███████▎  | 42.5k/57.6k [16:06<05:39, 44.6doc/s]
  fiqa:  74%|███████▎  | 42.5k/57.6k [16:06<05:41, 44.4doc/s]
  fiqa:  74%|███████▎  | 42.5k/57.6k [16:06<05:42, 44.2doc/s]
  fiqa:  74%|███████▎  | 42.5k/57.6k [16:06<05:40, 44.5doc/s]
  fiqa:  74%|███████▎  | 42.5k/57.6k [16:06<05:43, 44.1doc/s]
  fiqa:  74%|███████▍  | 42.5k/57.6k [16:06<05:45, 43.7doc/s]
  fiqa:  74%|███████▍  | 42.5k/57.6k [16:07<05:45, 43.7doc/s]
  fiqa:  74%|███████▍  | 42.5k/57.6k [16:07<05:42, 44.1doc/s]
  fiqa:  74%|███████▍  | 42.5k/57.6k [16:07<05:47, 43.5doc/s]
  fiqa:  74%|███████▍  | 42.5k/57.6k [16:07<05:52, 42.9doc/s]
  fiqa:  74%|███████▍  | 42.6k/57.6k [16:07<05:50, 43.0doc/s]
  fiqa:  74%|███████▍  | 42.6k/57.6k [16:08<05:45, 43.6doc/s]
  fiqa:  74%|███████▍  | 42.6k/57.6k [16:08<05:35, 44.9doc/s]
  fiqa:  74%|███████▍  | 42.6k/57.6k [16:08<05:37, 44.6doc/s]
  fiqa:  74%|███████▍  | 42.6k/57.6k [16:08<05:38, 44.5doc/s]
  fiqa:  74%|███████▍  | 42.6k/57.6k [16:08<05:39, 44.3doc/s]
  fiqa:  74%|███████▍  | 42.6k/57.6k [16:08<05:38, 44.5doc/s]
  fiqa:  74%|███████▍  | 42.6k/57.6k [16:09<05:38, 44.4doc/s]
  fiqa:  74%|███████▍  | 42.6k/57.6k [16:09<05:40, 44.1doc/s]
  fiqa:  74%|███████▍  | 42.6k/57.6k [16:09<05:40, 44.1doc/s]
  fiqa:  74%|███████▍  | 42.6k/57.6k [16:09<05:41, 43.9doc/s]
  fiqa:  74%|███████▍  | 42.6k/57.6k [16:09<05:37, 44.4doc/s]
  fiqa:  74%|███████▍  | 42.6k/57.6k [16:10<05:37, 44.5doc/s]
  fiqa:  74%|███████▍  | 42.7k/57.6k [16:10<05:36, 44.5doc/s]
  fiqa:  74%|███████▍  | 42.7k/57.6k [16:10<05:36, 44.5doc/s]
  fiqa:  74%|███████▍  | 42.7k/57.6k [16:10<05:42, 43.7doc/s]
  fiqa:  74%|███████▍  | 42.7k/57.6k [16:10<05:48, 43.0doc/s]
  fiqa:  74%|███████▍  | 42.7k/57.6k [16:10<05:46, 43.1doc/s]
  fiqa:  74%|███████▍  | 42.7k/57.6k [16:11<05:44, 43.4doc/s]
  fiqa:  74%|███████▍  | 42.7k/57.6k [16:11<05:44, 43.4doc/s]
  fiqa:  74%|███████▍  | 42.7k/57.6k [16:11<05:41, 43.7doc/s]
  fiqa:  74%|███████▍  | 42.7k/57.6k [16:11<05:39, 44.0doc/s]
  fiqa:  74%|███████▍  | 42.7k/57.6k [16:11<05:28, 45.4doc/s]
  fiqa:  74%|███████▍  | 42.7k/57.6k [16:12<05:28, 45.3doc/s]
  fiqa:  74%|███████▍  | 42.7k/57.6k [16:12<05:33, 44.7doc/s]
  fiqa:  74%|███████▍  | 42.8k/57.6k [16:12<05:38, 44.0doc/s]
  fiqa:  74%|███████▍  | 42.8k/57.6k [16:12<05:41, 43.5doc/s]
  fiqa:  74%|███████▍  | 42.8k/57.6k [16:12<05:43, 43.3doc/s]
  fiqa:  74%|███████▍  | 42.8k/57.6k [16:12<05:43, 43.3doc/s]
  fiqa:  74%|███████▍  | 42.8k/57.6k [16:13<05:40, 43.7doc/s]
  fiqa:  74%|███████▍  | 42.8k/57.6k [16:13<05:39, 43.8doc/s]
  fiqa:  74%|███████▍  | 42.8k/57.6k [16:13<05:37, 43.9doc/s]
  fiqa:  74%|███████▍  | 42.8k/57.6k [16:13<05:37, 43.9doc/s]
  fiqa:  74%|███████▍  | 42.8k/57.6k [16:13<05:37, 44.0doc/s]
  fiqa:  74%|███████▍  | 42.8k/57.6k [16:14<05:39, 43.6doc/s]
  fiqa:  74%|███████▍  | 42.8k/57.6k [16:14<05:41, 43.4doc/s]
  fiqa:  74%|███████▍  | 42.8k/57.6k [16:14<05:41, 43.3doc/s]
  fiqa:  74%|███████▍  | 42.8k/57.6k [16:14<05:41, 43.2doc/s]
  fiqa:  74%|███████▍  | 42.9k/57.6k [16:14<05:40, 43.4doc/s]
  fiqa:  74%|███████▍  | 42.9k/57.6k [16:14<05:38, 43.6doc/s]
  fiqa:  74%|███████▍  | 42.9k/57.6k [16:15<05:39, 43.5doc/s]
  fiqa:  74%|███████▍  | 42.9k/57.6k [16:15<05:39, 43.4doc/s]
  fiqa:  74%|███████▍  | 42.9k/57.6k [16:15<05:39, 43.4doc/s]
  fiqa:  74%|███████▍  | 42.9k/57.6k [16:15<05:27, 45.0doc/s]
  fiqa:  74%|███████▍  | 42.9k/57.6k [16:15<05:28, 44.9doc/s]
  fiqa:  74%|███████▍  | 42.9k/57.6k [16:16<05:28, 44.9doc/s]
  fiqa:  74%|███████▍  | 42.9k/57.6k [16:16<05:28, 44.8doc/s]
  fiqa:  74%|███████▍  | 42.9k/57.6k [16:16<05:37, 43.6doc/s]
  fiqa:  74%|███████▍  | 42.9k/57.6k [16:16<05:38, 43.4doc/s]
  fiqa:  75%|███████▍  | 42.9k/57.6k [16:16<05:39, 43.3doc/s]
  fiqa:  75%|███████▍  | 43.0k/57.6k [16:16<05:40, 43.1doc/s]
  fiqa:  75%|███████▍  | 43.0k/57.6k [16:17<05:41, 42.9doc/s]
  fiqa:  75%|███████▍  | 43.0k/57.6k [16:17<05:38, 43.3doc/s]
  fiqa:  75%|███████▍  | 43.0k/57.6k [16:17<05:36, 43.6doc/s]
  fiqa:  75%|███████▍  | 43.0k/57.6k [16:17<05:35, 43.7doc/s]
  fiqa:  75%|███████▍  | 43.0k/57.6k [16:17<05:21, 45.5doc/s]
  fiqa:  75%|███████▍  | 43.0k/57.6k [16:18<05:25, 45.0doc/s]
  fiqa:  75%|███████▍  | 43.0k/57.6k [16:18<05:26, 44.9doc/s]
  fiqa:  75%|███████▍  | 43.0k/57.6k [16:18<05:28, 44.5doc/s]
  fiqa:  75%|███████▍  | 43.0k/57.6k [16:18<05:30, 44.2doc/s]
  fiqa:  75%|███████▍  | 43.0k/57.6k [16:18<05:29, 44.3doc/s]
  fiqa:  75%|███████▍  | 43.0k/57.6k [16:18<05:19, 45.6doc/s]
  fiqa:  75%|███████▍  | 43.0k/57.6k [16:19<05:22, 45.2doc/s]
  fiqa:  75%|███████▍  | 43.1k/57.6k [16:19<05:26, 44.7doc/s]
  fiqa:  75%|███████▍  | 43.1k/57.6k [16:19<05:29, 44.3doc/s]
  fiqa:  75%|███████▍  | 43.1k/57.6k [16:19<05:28, 44.4doc/s]
  fiqa:  75%|███████▍  | 43.1k/57.6k [16:19<05:28, 44.3doc/s]
  fiqa:  75%|███████▍  | 43.1k/57.6k [16:20<05:29, 44.1doc/s]
  fiqa:  75%|███████▍  | 43.1k/57.6k [16:20<05:26, 44.5doc/s]
  fiqa:  75%|███████▍  | 43.1k/57.6k [16:20<05:25, 44.7doc/s]
  fiqa:  75%|███████▍  | 43.1k/57.6k [16:20<05:25, 44.6doc/s]
  fiqa:  75%|███████▍  | 43.1k/57.6k [16:20<05:27, 44.3doc/s]
  fiqa:  75%|███████▍  | 43.1k/57.6k [16:20<05:30, 44.0doc/s]
  fiqa:  75%|███████▍  | 43.1k/57.6k [16:21<05:33, 43.5doc/s]
  fiqa:  75%|███████▍  | 43.1k/57.6k [16:21<05:35, 43.2doc/s]
  fiqa:  75%|███████▍  | 43.2k/57.6k [16:21<05:33, 43.4doc/s]
  fiqa:  75%|███████▍  | 43.2k/57.6k [16:21<05:35, 43.1doc/s]
  fiqa:  75%|███████▍  | 43.2k/57.6k [16:21<05:27, 44.2doc/s]
  fiqa:  75%|███████▍  | 43.2k/57.6k [16:22<05:31, 43.6doc/s]
  fiqa:  75%|███████▍  | 43.2k/57.6k [16:22<05:33, 43.4doc/s]
  fiqa:  75%|███████▍  | 43.2k/57.6k [16:22<05:31, 43.6doc/s]
  fiqa:  75%|███████▍  | 43.2k/57.6k [16:22<05:29, 43.9doc/s]
  fiqa:  75%|███████▍  | 43.2k/57.6k [16:22<05:25, 44.4doc/s]
  fiqa:  75%|███████▍  | 43.2k/57.6k [16:22<05:25, 44.3doc/s]
  fiqa:  75%|███████▍  | 43.2k/57.6k [16:23<05:24, 44.4doc/s]
  fiqa:  75%|███████▌  | 43.2k/57.6k [16:23<05:24, 44.3doc/s]
  fiqa:  75%|███████▌  | 43.2k/57.6k [16:23<05:23, 44.5doc/s]
  fiqa:  75%|███████▌  | 43.2k/57.6k [16:23<05:27, 43.9doc/s]
  fiqa:  75%|███████▌  | 43.3k/57.6k [16:23<05:30, 43.5doc/s]
  fiqa:  75%|███████▌  | 43.3k/57.6k [16:24<05:19, 45.0doc/s]
  fiqa:  75%|███████▌  | 43.3k/57.6k [16:24<05:13, 45.8doc/s]
  fiqa:  75%|███████▌  | 43.3k/57.6k [16:24<05:16, 45.3doc/s]
  fiqa:  75%|███████▌  | 43.3k/57.6k [16:24<05:08, 46.6doc/s]
  fiqa:  75%|███████▌  | 43.3k/57.6k [16:24<05:13, 45.8doc/s]
  fiqa:  75%|███████▌  | 43.3k/57.6k [16:24<05:17, 45.1doc/s]
  fiqa:  75%|███████▌  | 43.3k/57.6k [16:25<05:20, 44.7doc/s]
  fiqa:  75%|███████▌  | 43.3k/57.6k [16:25<05:22, 44.4doc/s]
  fiqa:  75%|███████▌  | 43.3k/57.6k [16:25<05:23, 44.2doc/s]
  fiqa:  75%|███████▌  | 43.3k/57.6k [16:25<05:23, 44.2doc/s]
  fiqa:  75%|███████▌  | 43.3k/57.6k [16:25<05:23, 44.1doc/s]
  fiqa:  75%|███████▌  | 43.4k/57.6k [16:26<05:24, 44.0doc/s]
  fiqa:  75%|███████▌  | 43.4k/57.6k [16:26<05:25, 43.9doc/s]
  fiqa:  75%|███████▌  | 43.4k/57.6k [16:26<05:11, 45.9doc/s]
  fiqa:  75%|███████▌  | 43.4k/57.6k [16:26<05:13, 45.5doc/s]
  fiqa:  75%|███████▌  | 43.4k/57.6k [16:26<05:16, 45.0doc/s]
  fiqa:  75%|███████▌  | 43.4k/57.6k [16:26<05:20, 44.5doc/s]
  fiqa:  75%|███████▌  | 43.4k/57.6k [16:27<05:19, 44.5doc/s]
  fiqa:  75%|███████▌  | 43.4k/57.6k [16:27<05:21, 44.2doc/s]
  fiqa:  75%|███████▌  | 43.4k/57.6k [16:27<05:24, 43.8doc/s]
  fiqa:  75%|███████▌  | 43.4k/57.6k [16:27<05:21, 44.3doc/s]
  fiqa:  75%|███████▌  | 43.4k/57.6k [16:27<05:22, 44.0doc/s]
  fiqa:  75%|███████▌  | 43.4k/57.6k [16:27<05:21, 44.1doc/s]
  fiqa:  75%|███████▌  | 43.4k/57.6k [16:28<05:21, 44.1doc/s]
  fiqa:  75%|███████▌  | 43.5k/57.6k [16:28<05:21, 44.1doc/s]
  fiqa:  75%|███████▌  | 43.5k/57.6k [16:28<05:21, 44.1doc/s]
  fiqa:  75%|███████▌  | 43.5k/57.6k [16:28<05:23, 43.8doc/s]
  fiqa:  75%|███████▌  | 43.5k/57.6k [16:28<05:24, 43.6doc/s]
  fiqa:  75%|███████▌  | 43.5k/57.6k [16:29<05:24, 43.5doc/s]
  fiqa:  75%|███████▌  | 43.5k/57.6k [16:29<05:24, 43.6doc/s]
  fiqa:  75%|███████▌  | 43.5k/57.6k [16:29<05:20, 44.1doc/s]
  fiqa:  75%|███████▌  | 43.5k/57.6k [16:29<05:08, 45.8doc/s]
  fiqa:  76%|███████▌  | 43.5k/57.6k [16:29<05:11, 45.4doc/s]
  fiqa:  76%|███████▌  | 43.5k/57.6k [16:29<05:14, 44.9doc/s]
  fiqa:  76%|███████▌  | 43.5k/57.6k [16:30<05:16, 44.5doc/s]
  fiqa:  76%|███████▌  | 43.5k/57.6k [16:30<05:24, 43.5doc/s]
  fiqa:  76%|███████▌  | 43.6k/57.6k [16:30<05:17, 44.4doc/s]
  fiqa:  76%|███████▌  | 43.6k/57.6k [16:30<05:17, 44.3doc/s]
  fiqa:  76%|███████▌  | 43.6k/57.6k [16:30<05:15, 44.6doc/s]
  fiqa:  76%|███████▌  | 43.6k/57.6k [16:31<05:12, 45.0doc/s]
  fiqa:  76%|███████▌  | 43.6k/57.6k [16:31<05:12, 45.0doc/s]
  fiqa:  76%|███████▌  | 43.6k/57.6k [16:31<05:11, 45.1doc/s]
  fiqa:  76%|███████▌  | 43.6k/57.6k [16:31<05:10, 45.2doc/s]
  fiqa:  76%|███████▌  | 43.6k/57.6k [16:31<05:14, 44.6doc/s]
  fiqa:  76%|███████▌  | 43.6k/57.6k [16:31<05:17, 44.1doc/s]
  fiqa:  76%|███████▌  | 43.6k/57.6k [16:32<05:20, 43.7doc/s]
  fiqa:  76%|███████▌  | 43.6k/57.6k [16:32<05:19, 43.9doc/s]
  fiqa:  76%|███████▌  | 43.6k/57.6k [16:32<05:22, 43.5doc/s]
  fiqa:  76%|███████▌  | 43.6k/57.6k [16:32<05:22, 43.4doc/s]
  fiqa:  76%|███████▌  | 43.7k/57.6k [16:32<05:23, 43.2doc/s]
  fiqa:  76%|███████▌  | 43.7k/57.6k [16:33<05:22, 43.3doc/s]
  fiqa:  76%|███████▌  | 43.7k/57.6k [16:33<05:22, 43.3doc/s]
  fiqa:  76%|███████▌  | 43.7k/57.6k [16:33<05:19, 43.6doc/s]
  fiqa:  76%|███████▌  | 43.7k/57.6k [16:33<05:17, 43.9doc/s]
  fiqa:  76%|███████▌  | 43.7k/57.6k [16:33<05:18, 43.8doc/s]
  fiqa:  76%|███████▌  | 43.7k/57.6k [16:33<05:18, 43.8doc/s]
  fiqa:  76%|███████▌  | 43.7k/57.6k [16:34<05:16, 44.1doc/s]
  fiqa:  76%|███████▌  | 43.7k/57.6k [16:34<05:13, 44.4doc/s]
  fiqa:  76%|███████▌  | 43.7k/57.6k [16:34<05:13, 44.4doc/s]
  fiqa:  76%|███████▌  | 43.7k/57.6k [16:34<05:12, 44.5doc/s]
  fiqa:  76%|███████▌  | 43.7k/57.6k [16:34<05:13, 44.4doc/s]
  fiqa:  76%|███████▌  | 43.8k/57.6k [16:35<05:19, 43.4doc/s]
  fiqa:  76%|███████▌  | 43.8k/57.6k [16:35<05:24, 42.8doc/s]
  fiqa:  76%|███████▌  | 43.8k/57.6k [16:35<05:24, 42.7doc/s]
  fiqa:  76%|███████▌  | 43.8k/57.6k [16:35<05:21, 43.1doc/s]
  fiqa:  76%|███████▌  | 43.8k/57.6k [16:35<05:19, 43.4doc/s]
  fiqa:  76%|███████▌  | 43.8k/57.6k [16:35<05:08, 44.9doc/s]
  fiqa:  76%|███████▌  | 43.8k/57.6k [16:36<05:10, 44.6doc/s]
  fiqa:  76%|███████▌  | 43.8k/57.6k [16:36<05:11, 44.4doc/s]
  fiqa:  76%|███████▌  | 43.8k/57.6k [16:36<05:11, 44.3doc/s]
  fiqa:  76%|███████▌  | 43.8k/57.6k [16:36<05:12, 44.2doc/s]
  fiqa:  76%|███████▌  | 43.8k/57.6k [16:36<05:12, 44.2doc/s]
  fiqa:  76%|███████▌  | 43.8k/57.6k [16:37<05:12, 44.1doc/s]
  fiqa:  76%|███████▌  | 43.8k/57.6k [16:37<05:10, 44.4doc/s]
  fiqa:  76%|███████▌  | 43.9k/57.6k [16:37<05:13, 44.0doc/s]
  fiqa:  76%|███████▌  | 43.9k/57.6k [16:37<05:14, 43.8doc/s]
  fiqa:  76%|███████▌  | 43.9k/57.6k [16:37<05:15, 43.7doc/s]
  fiqa:  76%|███████▌  | 43.9k/57.6k [16:37<05:12, 44.1doc/s]
  fiqa:  76%|███████▌  | 43.9k/57.6k [16:38<05:13, 43.8doc/s]
  fiqa:  76%|███████▌  | 43.9k/57.6k [16:38<05:14, 43.6doc/s]
  fiqa:  76%|███████▌  | 43.9k/57.6k [16:38<05:15, 43.6doc/s]
  fiqa:  76%|███████▌  | 43.9k/57.6k [16:38<05:15, 43.6doc/s]
  fiqa:  76%|███████▌  | 43.9k/57.6k [16:38<05:15, 43.5doc/s]
  fiqa:  76%|███████▌  | 43.9k/57.6k [16:39<05:11, 44.0doc/s]
  fiqa:  76%|███████▌  | 43.9k/57.6k [16:39<05:09, 44.3doc/s]
  fiqa:  76%|███████▌  | 43.9k/57.6k [16:39<05:08, 44.3doc/s]
  fiqa:  76%|███████▋  | 44.0k/57.6k [16:39<05:09, 44.2doc/s]
  fiqa:  76%|███████▋  | 44.0k/57.6k [16:39<05:10, 44.0doc/s]
  fiqa:  76%|███████▋  | 44.0k/57.6k [16:39<05:10, 44.1doc/s]
  fiqa:  76%|███████▋  | 44.0k/57.6k [16:40<05:11, 43.8doc/s]
  fiqa:  76%|███████▋  | 44.0k/57.6k [16:40<05:11, 43.8doc/s]
  fiqa:  76%|███████▋  | 44.0k/57.6k [16:40<05:12, 43.7doc/s]
  fiqa:  76%|███████▋  | 44.0k/57.6k [16:40<05:09, 44.0doc/s]
  fiqa:  76%|███████▋  | 44.0k/57.6k [16:40<05:09, 44.1doc/s]
  fiqa:  76%|███████▋  | 44.0k/57.6k [16:41<05:07, 44.3doc/s]
  fiqa:  76%|███████▋  | 44.0k/57.6k [16:41<05:08, 44.2doc/s]
  fiqa:  76%|███████▋  | 44.0k/57.6k [16:41<05:02, 45.0doc/s]
  fiqa:  76%|███████▋  | 44.0k/57.6k [16:41<05:05, 44.5doc/s]
  fiqa:  76%|███████▋  | 44.0k/57.6k [16:41<05:05, 44.4doc/s]
  fiqa:  76%|███████▋  | 44.1k/57.6k [16:41<04:56, 45.8doc/s]
  fiqa:  76%|███████▋  | 44.1k/57.6k [16:42<05:02, 44.9doc/s]
  fiqa:  76%|███████▋  | 44.1k/57.6k [16:42<05:06, 44.2doc/s]
  fiqa:  76%|███████▋  | 44.1k/57.6k [16:42<05:09, 43.8doc/s]
  fiqa:  76%|███████▋  | 44.1k/57.6k [16:42<05:10, 43.6doc/s]
  fiqa:  77%|███████▋  | 44.1k/57.6k [16:42<05:10, 43.7doc/s]
  fiqa:  77%|███████▋  | 44.1k/57.6k [16:43<05:08, 43.9doc/s]
  fiqa:  77%|███████▋  | 44.1k/57.6k [16:43<05:07, 44.0doc/s]
  fiqa:  77%|███████▋  | 44.1k/57.6k [16:43<05:07, 44.0doc/s]
  fiqa:  77%|███████▋  | 44.1k/57.6k [16:43<05:06, 44.1doc/s]
  fiqa:  77%|███████▋  | 44.1k/57.6k [16:43<05:07, 44.0doc/s]
  fiqa:  77%|███████▋  | 44.1k/57.6k [16:43<05:06, 44.0doc/s]
  fiqa:  77%|███████▋  | 44.2k/57.6k [16:44<05:07, 43.9doc/s]
  fiqa:  77%|███████▋  | 44.2k/57.6k [16:44<05:08, 43.8doc/s]
  fiqa:  77%|███████▋  | 44.2k/57.6k [16:44<05:08, 43.6doc/s]
  fiqa:  77%|███████▋  | 44.2k/57.6k [16:44<05:09, 43.5doc/s]
  fiqa:  77%|███████▋  | 44.2k/57.6k [16:44<05:09, 43.5doc/s]
  fiqa:  77%|███████▋  | 44.2k/57.6k [16:45<05:09, 43.5doc/s]
  fiqa:  77%|███████▋  | 44.2k/57.6k [16:45<05:08, 43.5doc/s]
  fiqa:  77%|███████▋  | 44.2k/57.6k [16:45<05:08, 43.5doc/s]
  fiqa:  77%|███████▋  | 44.2k/57.6k [16:45<05:08, 43.5doc/s]
  fiqa:  77%|███████▋  | 44.2k/57.6k [16:45<05:08, 43.4doc/s]
  fiqa:  77%|███████▋  | 44.2k/57.6k [16:45<05:07, 43.6doc/s]
  fiqa:  77%|███████▋  | 44.2k/57.6k [16:46<05:06, 43.6doc/s]
  fiqa:  77%|███████▋  | 44.2k/57.6k [16:46<05:06, 43.7doc/s]
  fiqa:  77%|███████▋  | 44.3k/57.6k [16:46<05:03, 44.0doc/s]
  fiqa:  77%|███████▋  | 44.3k/57.6k [16:46<05:02, 44.2doc/s]
  fiqa:  77%|███████▋  | 44.3k/57.6k [16:46<05:03, 44.0doc/s]
  fiqa:  77%|███████▋  | 44.3k/57.6k [16:47<05:05, 43.7doc/s]
  fiqa:  77%|███████▋  | 44.3k/57.6k [16:47<05:03, 44.0doc/s]
  fiqa:  77%|███████▋  | 44.3k/57.6k [16:47<05:03, 44.0doc/s]
  fiqa:  77%|███████▋  | 44.3k/57.6k [16:47<05:03, 44.0doc/s]
  fiqa:  77%|███████▋  | 44.3k/57.6k [16:47<05:02, 44.1doc/s]
  fiqa:  77%|███████▋  | 44.3k/57.6k [16:47<05:02, 44.0doc/s]
  fiqa:  77%|███████▋  | 44.3k/57.6k [16:48<05:02, 44.0doc/s]
  fiqa:  77%|███████▋  | 44.3k/57.6k [16:48<05:03, 43.9doc/s]
  fiqa:  77%|███████▋  | 44.3k/57.6k [16:48<05:03, 43.8doc/s]
  fiqa:  77%|███████▋  | 44.4k/57.6k [16:48<05:04, 43.7doc/s]
  fiqa:  77%|███████▋  | 44.4k/57.6k [16:48<05:02, 43.9doc/s]
  fiqa:  77%|███████▋  | 44.4k/57.6k [16:49<04:59, 44.3doc/s]
  fiqa:  77%|███████▋  | 44.4k/57.6k [16:49<04:51, 45.5doc/s]
  fiqa:  77%|███████▋  | 44.4k/57.6k [16:49<04:54, 45.1doc/s]
  fiqa:  77%|███████▋  | 44.4k/57.6k [16:49<04:48, 45.9doc/s]
  fiqa:  77%|███████▋  | 44.4k/57.6k [16:49<04:51, 45.4doc/s]
  fiqa:  77%|███████▋  | 44.4k/57.6k [16:49<04:57, 44.5doc/s]
  fiqa:  77%|███████▋  | 44.4k/57.6k [16:50<04:50, 45.5doc/s]
  fiqa:  77%|███████▋  | 44.4k/57.6k [16:50<04:53, 45.0doc/s]
  fiqa:  77%|███████▋  | 44.4k/57.6k [16:50<04:57, 44.4doc/s]
  fiqa:  77%|███████▋  | 44.4k/57.6k [16:50<04:56, 44.5doc/s]
  fiqa:  77%|███████▋  | 44.4k/57.6k [16:50<04:59, 44.1doc/s]
  fiqa:  77%|███████▋  | 44.5k/57.6k [16:51<04:57, 44.3doc/s]
  fiqa:  77%|███████▋  | 44.5k/57.6k [16:51<04:58, 44.1doc/s]
  fiqa:  77%|███████▋  | 44.5k/57.6k [16:51<04:59, 43.9doc/s]
  fiqa:  77%|███████▋  | 44.5k/57.6k [16:51<05:01, 43.7doc/s]
  fiqa:  77%|███████▋  | 44.5k/57.6k [16:51<04:59, 44.0doc/s]
  fiqa:  77%|███████▋  | 44.5k/57.6k [16:51<04:56, 44.3doc/s]
  fiqa:  77%|███████▋  | 44.5k/57.6k [16:52<04:55, 44.4doc/s]
  fiqa:  77%|███████▋  | 44.5k/57.6k [16:52<04:55, 44.4doc/s]
  fiqa:  77%|███████▋  | 44.5k/57.6k [16:52<04:53, 44.6doc/s]
  fiqa:  77%|███████▋  | 44.5k/57.6k [16:52<04:44, 46.1doc/s]
  fiqa:  77%|███████▋  | 44.5k/57.6k [16:52<04:47, 45.6doc/s]
  fiqa:  77%|███████▋  | 44.5k/57.6k [16:52<04:34, 47.7doc/s]
  fiqa:  77%|███████▋  | 44.6k/57.6k [16:53<04:41, 46.5doc/s]
  fiqa:  77%|███████▋  | 44.6k/57.6k [16:53<04:46, 45.7doc/s]
  fiqa:  77%|███████▋  | 44.6k/57.6k [16:53<04:52, 44.6doc/s]
  fiqa:  77%|███████▋  | 44.6k/57.6k [16:53<04:54, 44.3doc/s]
  fiqa:  77%|███████▋  | 44.6k/57.6k [16:53<04:56, 44.0doc/s]
  fiqa:  77%|███████▋  | 44.6k/57.6k [16:54<04:57, 43.9doc/s]
  fiqa:  77%|███████▋  | 44.6k/57.6k [16:54<04:57, 43.8doc/s]
  fiqa:  77%|███████▋  | 44.6k/57.6k [16:54<04:56, 44.0doc/s]
  fiqa:  77%|███████▋  | 44.6k/57.6k [16:54<04:52, 44.6doc/s]
  fiqa:  77%|███████▋  | 44.6k/57.6k [16:54<04:58, 43.6doc/s]
  fiqa:  77%|███████▋  | 44.6k/57.6k [16:54<05:00, 43.4doc/s]
  fiqa:  77%|███████▋  | 44.6k/57.6k [16:55<04:59, 43.4doc/s]
  fiqa:  77%|███████▋  | 44.6k/57.6k [16:55<04:59, 43.4doc/s]
  fiqa:  77%|███████▋  | 44.7k/57.6k [16:55<04:59, 43.4doc/s]
  fiqa:  77%|███████▋  | 44.7k/57.6k [16:55<04:59, 43.4doc/s]
  fiqa:  78%|███████▊  | 44.7k/57.6k [16:55<04:58, 43.4doc/s]
  fiqa:  78%|███████▊  | 44.7k/57.6k [16:56<04:59, 43.3doc/s]
  fiqa:  78%|███████▊  | 44.7k/57.6k [16:56<04:56, 43.6doc/s]
  fiqa:  78%|███████▊  | 44.7k/57.6k [16:56<05:00, 43.0doc/s]
  fiqa:  78%|███████▊  | 44.7k/57.6k [16:56<05:04, 42.4doc/s]
  fiqa:  78%|███████▊  | 44.7k/57.6k [16:56<05:04, 42.4doc/s]
  fiqa:  78%|███████▊  | 44.7k/57.6k [16:57<05:02, 42.7doc/s]
  fiqa:  78%|███████▊  | 44.7k/57.6k [16:57<04:57, 43.4doc/s]
  fiqa:  78%|███████▊  | 44.7k/57.6k [16:57<04:52, 44.0doc/s]
  fiqa:  78%|███████▊  | 44.7k/57.6k [16:57<04:51, 44.2doc/s]
  fiqa:  78%|███████▊  | 44.8k/57.6k [16:57<04:52, 44.1doc/s]
  fiqa:  78%|███████▊  | 44.8k/57.6k [16:57<04:53, 43.8doc/s]
  fiqa:  78%|███████▊  | 44.8k/57.6k [16:58<04:53, 43.9doc/s]
  fiqa:  78%|███████▊  | 44.8k/57.6k [16:58<04:40, 45.9doc/s]
  fiqa:  78%|███████▊  | 44.8k/57.6k [16:58<04:44, 45.2doc/s]
  fiqa:  78%|███████▊  | 44.8k/57.6k [16:58<04:48, 44.5doc/s]
  fiqa:  78%|███████▊  | 44.8k/57.6k [16:58<04:49, 44.3doc/s]
  fiqa:  78%|███████▊  | 44.8k/57.6k [16:59<04:51, 44.1doc/s]
  fiqa:  78%|███████▊  | 44.8k/57.6k [16:59<04:40, 45.7doc/s]
  fiqa:  78%|███████▊  | 44.8k/57.6k [16:59<04:41, 45.4doc/s]
  fiqa:  78%|███████▊  | 44.8k/57.6k [16:59<04:42, 45.3doc/s]
  fiqa:  78%|███████▊  | 44.8k/57.6k [16:59<04:47, 44.6doc/s]
  fiqa:  78%|███████▊  | 44.8k/57.6k [16:59<04:49, 44.2doc/s]
  fiqa:  78%|███████▊  | 44.9k/57.6k [17:00<04:49, 44.1doc/s]
  fiqa:  78%|███████▊  | 44.9k/57.6k [17:00<04:48, 44.3doc/s]
  fiqa:  78%|███████▊  | 44.9k/57.6k [17:00<04:51, 43.8doc/s]
  fiqa:  78%|███████▊  | 44.9k/57.6k [17:00<04:52, 43.6doc/s]
  fiqa:  78%|███████▊  | 44.9k/57.6k [17:00<04:53, 43.5doc/s]
  fiqa:  78%|███████▊  | 44.9k/57.6k [17:00<04:53, 43.4doc/s]
  fiqa:  78%|███████▊  | 44.9k/57.6k [17:01<04:49, 44.0doc/s]
  fiqa:  78%|███████▊  | 44.9k/57.6k [17:01<04:48, 44.1doc/s]
  fiqa:  78%|███████▊  | 44.9k/57.6k [17:01<04:45, 44.5doc/s]
  fiqa:  78%|███████▊  | 44.9k/57.6k [17:01<04:46, 44.4doc/s]
  fiqa:  78%|███████▊  | 44.9k/57.6k [17:01<04:45, 44.4doc/s]
  fiqa:  78%|███████▊  | 44.9k/57.6k [17:02<04:32, 46.6doc/s]
  fiqa:  78%|███████▊  | 45.0k/57.6k [17:02<04:37, 45.7doc/s]
  fiqa:  78%|███████▊  | 45.0k/57.6k [17:02<04:40, 45.2doc/s]
  fiqa:  78%|███████▊  | 45.0k/57.6k [17:02<04:43, 44.7doc/s]
  fiqa:  78%|███████▊  | 45.0k/57.6k [17:02<04:46, 44.2doc/s]
  fiqa:  78%|███████▊  | 45.0k/57.6k [17:02<04:47, 44.0doc/s]
  fiqa:  78%|███████▊  | 45.0k/57.6k [17:03<04:48, 43.9doc/s]
  fiqa:  78%|███████▊  | 45.0k/57.6k [17:03<04:46, 44.1doc/s]
  fiqa:  78%|███████▊  | 45.0k/57.6k [17:03<04:46, 44.1doc/s]
  fiqa:  78%|███████▊  | 45.0k/57.6k [17:03<04:46, 44.0doc/s]
  fiqa:  78%|███████▊  | 45.0k/57.6k [17:03<04:45, 44.2doc/s]
  fiqa:  78%|███████▊  | 45.0k/57.6k [17:04<04:44, 44.2doc/s]
  fiqa:  78%|███████▊  | 45.0k/57.6k [17:04<04:44, 44.2doc/s]
  fiqa:  78%|███████▊  | 45.0k/57.6k [17:04<04:46, 44.0doc/s]
  fiqa:  78%|███████▊  | 45.1k/57.6k [17:04<04:47, 43.8doc/s]
  fiqa:  78%|███████▊  | 45.1k/57.6k [17:04<04:47, 43.8doc/s]
  fiqa:  78%|███████▊  | 45.1k/57.6k [17:04<04:44, 44.2doc/s]
  fiqa:  78%|███████▊  | 45.1k/57.6k [17:05<04:43, 44.4doc/s]
  fiqa:  78%|███████▊  | 45.1k/57.6k [17:05<04:43, 44.2doc/s]
  fiqa:  78%|███████▊  | 45.1k/57.6k [17:05<04:44, 44.1doc/s]
  fiqa:  78%|███████▊  | 45.1k/57.6k [17:05<04:43, 44.1doc/s]
  fiqa:  78%|███████▊  | 45.1k/57.6k [17:05<04:43, 44.2doc/s]
  fiqa:  78%|███████▊  | 45.1k/57.6k [17:06<04:43, 44.1doc/s]
  fiqa:  78%|███████▊  | 45.1k/57.6k [17:06<04:45, 43.8doc/s]
  fiqa:  78%|███████▊  | 45.1k/57.6k [17:06<04:46, 43.7doc/s]
  fiqa:  78%|███████▊  | 45.1k/57.6k [17:06<04:46, 43.6doc/s]
  fiqa:  78%|███████▊  | 45.2k/57.6k [17:06<04:46, 43.6doc/s]
  fiqa:  78%|███████▊  | 45.2k/57.6k [17:06<04:46, 43.5doc/s]
  fiqa:  78%|███████▊  | 45.2k/57.6k [17:07<04:46, 43.5doc/s]
  fiqa:  78%|███████▊  | 45.2k/57.6k [17:07<04:43, 43.9doc/s]
  fiqa:  78%|███████▊  | 45.2k/57.6k [17:07<04:42, 44.1doc/s]
  fiqa:  78%|███████▊  | 45.2k/57.6k [17:07<04:41, 44.1doc/s]
  fiqa:  78%|███████▊  | 45.2k/57.6k [17:07<04:34, 45.3doc/s]
  fiqa:  78%|███████▊  | 45.2k/57.6k [17:08<04:38, 44.6doc/s]
  fiqa:  78%|███████▊  | 45.2k/57.6k [17:08<04:41, 44.2doc/s]
  fiqa:  78%|███████▊  | 45.2k/57.6k [17:08<04:43, 43.8doc/s]
  fiqa:  78%|███████▊  | 45.2k/57.6k [17:08<04:44, 43.6doc/s]
  fiqa:  78%|███████▊  | 45.2k/57.6k [17:08<04:44, 43.6doc/s]
  fiqa:  79%|███████▊  | 45.2k/57.6k [17:08<04:43, 43.8doc/s]
  fiqa:  79%|███████▊  | 45.3k/57.6k [17:09<04:41, 43.9doc/s]
  fiqa:  79%|███████▊  | 45.3k/57.6k [17:09<04:40, 44.1doc/s]
  fiqa:  79%|███████▊  | 45.3k/57.6k [17:09<04:40, 44.1doc/s]
  fiqa:  79%|███████▊  | 45.3k/57.6k [17:09<04:41, 43.9doc/s]
  fiqa:  79%|███████▊  | 45.3k/57.6k [17:09<04:48, 42.8doc/s]
  fiqa:  79%|███████▊  | 45.3k/57.6k [17:10<04:51, 42.4doc/s]
  fiqa:  79%|███████▊  | 45.3k/57.6k [17:10<04:40, 43.9doc/s]
  fiqa:  79%|███████▊  | 45.3k/57.6k [17:10<04:40, 43.9doc/s]
  fiqa:  79%|███████▊  | 45.3k/57.6k [17:10<04:37, 44.4doc/s]
  fiqa:  79%|███████▊  | 45.3k/57.6k [17:10<04:39, 44.1doc/s]
  fiqa:  79%|███████▊  | 45.3k/57.6k [17:10<04:41, 43.7doc/s]
  fiqa:  79%|███████▊  | 45.3k/57.6k [17:11<04:41, 43.6doc/s]
  fiqa:  79%|███████▊  | 45.4k/57.6k [17:11<04:42, 43.5doc/s]
  fiqa:  79%|███████▊  | 45.4k/57.6k [17:11<04:40, 43.8doc/s]
  fiqa:  79%|███████▊  | 45.4k/57.6k [17:11<04:46, 42.9doc/s]
  fiqa:  79%|███████▊  | 45.4k/57.6k [17:11<04:48, 42.5doc/s]
  fiqa:  79%|███████▊  | 45.4k/57.6k [17:12<04:47, 42.7doc/s]
  fiqa:  79%|███████▉  | 45.4k/57.6k [17:12<04:44, 43.1doc/s]
  fiqa:  79%|███████▉  | 45.4k/57.6k [17:12<04:39, 43.8doc/s]
  fiqa:  79%|███████▉  | 45.4k/57.6k [17:12<04:35, 44.4doc/s]
  fiqa:  79%|███████▉  | 45.4k/57.6k [17:12<04:34, 44.6doc/s]
  fiqa:  79%|███████▉  | 45.4k/57.6k [17:12<04:34, 44.5doc/s]
  fiqa:  79%|███████▉  | 45.4k/57.6k [17:13<04:37, 44.1doc/s]
  fiqa:  79%|███████▉  | 45.4k/57.6k [17:13<04:28, 45.5doc/s]
  fiqa:  79%|███████▉  | 45.4k/57.6k [17:13<04:31, 44.9doc/s]
  fiqa:  79%|███████▉  | 45.5k/57.6k [17:13<04:35, 44.3doc/s]
  fiqa:  79%|███████▉  | 45.5k/57.6k [17:13<04:33, 44.5doc/s]
  fiqa:  79%|███████▉  | 45.5k/57.6k [17:14<04:37, 43.9doc/s]
  fiqa:  79%|███████▉  | 45.5k/57.6k [17:14<04:38, 43.6doc/s]
  fiqa:  79%|███████▉  | 45.5k/57.6k [17:14<04:38, 43.6doc/s]
  fiqa:  79%|███████▉  | 45.5k/57.6k [17:14<04:37, 43.8doc/s]
  fiqa:  79%|███████▉  | 45.5k/57.6k [17:14<04:36, 43.9doc/s]
  fiqa:  79%|███████▉  | 45.5k/57.6k [17:15<04:42, 42.9doc/s]
  fiqa:  79%|███████▉  | 45.5k/57.6k [17:15<04:44, 42.6doc/s]
  fiqa:  79%|███████▉  | 45.5k/57.6k [17:15<04:43, 42.7doc/s]
  fiqa:  79%|███████▉  | 45.5k/57.6k [17:15<04:41, 43.0doc/s]
  fiqa:  79%|███████▉  | 45.5k/57.6k [17:15<04:40, 43.1doc/s]
  fiqa:  79%|███████▉  | 45.6k/57.6k [17:15<04:39, 43.2doc/s]
  fiqa:  79%|███████▉  | 45.6k/57.6k [17:16<04:40, 43.1doc/s]
  fiqa:  79%|███████▉  | 45.6k/57.6k [17:16<04:39, 43.2doc/s]
  fiqa:  79%|███████▉  | 45.6k/57.6k [17:16<04:38, 43.3doc/s]
  fiqa:  79%|███████▉  | 45.6k/57.6k [17:16<04:35, 43.8doc/s]
  fiqa:  79%|███████▉  | 45.6k/57.6k [17:16<04:32, 44.1doc/s]
  fiqa:  79%|███████▉  | 45.6k/57.6k [17:17<04:31, 44.3doc/s]
  fiqa:  79%|███████▉  | 45.6k/57.6k [17:17<04:25, 45.4doc/s]
  fiqa:  79%|███████▉  | 45.6k/57.6k [17:17<04:26, 45.2doc/s]
  fiqa:  79%|███████▉  | 45.6k/57.6k [17:17<04:31, 44.2doc/s]
  fiqa:  79%|███████▉  | 45.6k/57.6k [17:17<04:36, 43.4doc/s]
  fiqa:  79%|███████▉  | 45.6k/57.6k [17:17<04:35, 43.5doc/s]
  fiqa:  79%|███████▉  | 45.6k/57.6k [17:18<04:33, 43.8doc/s]
  fiqa:  79%|███████▉  | 45.7k/57.6k [17:18<04:30, 44.2doc/s]
  fiqa:  79%|███████▉  | 45.7k/57.6k [17:18<04:35, 43.5doc/s]
  fiqa:  79%|███████▉  | 45.7k/57.6k [17:18<04:36, 43.2doc/s]
  fiqa:  79%|███████▉  | 45.7k/57.6k [17:18<04:37, 43.1doc/s]
  fiqa:  79%|███████▉  | 45.7k/57.6k [17:19<04:35, 43.4doc/s]
  fiqa:  79%|███████▉  | 45.7k/57.6k [17:19<04:32, 43.8doc/s]
  fiqa:  79%|███████▉  | 45.7k/57.6k [17:19<04:30, 44.0doc/s]
  fiqa:  79%|███████▉  | 45.7k/57.6k [17:19<04:28, 44.4doc/s]
  fiqa:  79%|███████▉  | 45.7k/57.6k [17:19<04:29, 44.2doc/s]
  fiqa:  79%|███████▉  | 45.7k/57.6k [17:19<04:31, 43.9doc/s]
  fiqa:  79%|███████▉  | 45.7k/57.6k [17:20<04:30, 44.1doc/s]
  fiqa:  79%|███████▉  | 45.7k/57.6k [17:20<04:29, 44.1doc/s]
  fiqa:  79%|███████▉  | 45.8k/57.6k [17:20<04:29, 44.1doc/s]
  fiqa:  79%|███████▉  | 45.8k/57.6k [17:20<04:31, 43.8doc/s]
  fiqa:  79%|███████▉  | 45.8k/57.6k [17:20<04:22, 45.3doc/s]
  fiqa:  79%|███████▉  | 45.8k/57.6k [17:21<04:23, 44.9doc/s]
  fiqa:  79%|███████▉  | 45.8k/57.6k [17:21<04:26, 44.6doc/s]
  fiqa:  79%|███████▉  | 45.8k/57.6k [17:21<04:26, 44.4doc/s]
  fiqa:  79%|███████▉  | 45.8k/57.6k [17:21<04:26, 44.5doc/s]
  fiqa:  79%|███████▉  | 45.8k/57.6k [17:21<04:30, 43.7doc/s]
  fiqa:  79%|███████▉  | 45.8k/57.6k [17:21<04:33, 43.2doc/s]
  fiqa:  80%|███████▉  | 45.8k/57.6k [17:22<04:25, 44.5doc/s]
  fiqa:  80%|███████▉  | 45.8k/57.6k [17:22<04:25, 44.5doc/s]
  fiqa:  80%|███████▉  | 45.8k/57.6k [17:22<04:24, 44.6doc/s]
  fiqa:  80%|███████▉  | 45.8k/57.6k [17:22<04:26, 44.2doc/s]
  fiqa:  80%|███████▉  | 45.9k/57.6k [17:22<04:28, 43.9doc/s]
  fiqa:  80%|███████▉  | 45.9k/57.6k [17:23<04:28, 43.9doc/s]
  fiqa:  80%|███████▉  | 45.9k/57.6k [17:23<04:27, 44.0doc/s]
  fiqa:  80%|███████▉  | 45.9k/57.6k [17:23<04:30, 43.5doc/s]
  fiqa:  80%|███████▉  | 45.9k/57.6k [17:23<04:33, 43.0doc/s]
  fiqa:  80%|███████▉  | 45.9k/57.6k [17:23<04:31, 43.2doc/s]
  fiqa:  80%|███████▉  | 45.9k/57.6k [17:23<04:30, 43.4doc/s]
  fiqa:  80%|███████▉  | 45.9k/57.6k [17:24<04:29, 43.5doc/s]
  fiqa:  80%|███████▉  | 45.9k/57.6k [17:24<04:29, 43.4doc/s]
  fiqa:  80%|███████▉  | 45.9k/57.6k [17:24<04:28, 43.6doc/s]
  fiqa:  80%|███████▉  | 45.9k/57.6k [17:24<04:27, 43.8doc/s]
  fiqa:  80%|███████▉  | 45.9k/57.6k [17:24<04:26, 43.8doc/s]
  fiqa:  80%|███████▉  | 46.0k/57.6k [17:25<04:26, 43.9doc/s]
  fiqa:  80%|███████▉  | 46.0k/57.6k [17:25<04:25, 44.0doc/s]
  fiqa:  80%|███████▉  | 46.0k/57.6k [17:25<04:25, 44.0doc/s]
  fiqa:  80%|███████▉  | 46.0k/57.6k [17:25<04:25, 44.0doc/s]
  fiqa:  80%|███████▉  | 46.0k/57.6k [17:25<04:24, 44.1doc/s]
  fiqa:  80%|███████▉  | 46.0k/57.6k [17:25<04:23, 44.2doc/s]
  fiqa:  80%|███████▉  | 46.0k/57.6k [17:26<04:23, 44.1doc/s]
  fiqa:  80%|███████▉  | 46.0k/57.6k [17:26<04:23, 44.1doc/s]
  fiqa:  80%|███████▉  | 46.0k/57.6k [17:26<04:24, 43.9doc/s]
  fiqa:  80%|███████▉  | 46.0k/57.6k [17:26<04:26, 43.6doc/s]
  fiqa:  80%|███████▉  | 46.0k/57.6k [17:26<04:27, 43.4doc/s]
  fiqa:  80%|███████▉  | 46.0k/57.6k [17:27<04:24, 43.9doc/s]
  fiqa:  80%|███████▉  | 46.0k/57.6k [17:27<04:25, 43.6doc/s]
  fiqa:  80%|███████▉  | 46.1k/57.6k [17:27<04:24, 43.8doc/s]
  fiqa:  80%|███████▉  | 46.1k/57.6k [17:27<04:28, 43.2doc/s]
  fiqa:  80%|███████▉  | 46.1k/57.6k [17:27<04:28, 43.0doc/s]
  fiqa:  80%|███████▉  | 46.1k/57.6k [17:27<04:29, 42.9doc/s]
  fiqa:  80%|███████▉  | 46.1k/57.6k [17:28<04:28, 42.9doc/s]
  fiqa:  80%|███████▉  | 46.1k/57.6k [17:28<04:28, 42.9doc/s]
  fiqa:  80%|███████▉  | 46.1k/57.6k [17:28<04:26, 43.2doc/s]
  fiqa:  80%|████████  | 46.1k/57.6k [17:28<04:25, 43.5doc/s]
  fiqa:  80%|████████  | 46.1k/57.6k [17:28<04:22, 43.9doc/s]
  fiqa:  80%|████████  | 46.1k/57.6k [17:29<04:21, 44.0doc/s]
  fiqa:  80%|████████  | 46.1k/57.6k [17:29<04:20, 44.1doc/s]
  fiqa:  80%|████████  | 46.1k/57.6k [17:29<04:21, 43.9doc/s]
  fiqa:  80%|████████  | 46.2k/57.6k [17:29<04:21, 44.0doc/s]
  fiqa:  80%|████████  | 46.2k/57.6k [17:29<04:21, 43.9doc/s]
  fiqa:  80%|████████  | 46.2k/57.6k [17:29<04:20, 44.0doc/s]
  fiqa:  80%|████████  | 46.2k/57.6k [17:30<04:22, 43.7doc/s]
  fiqa:  80%|████████  | 46.2k/57.6k [17:30<04:21, 43.7doc/s]
  fiqa:  80%|████████  | 46.2k/57.6k [17:30<04:20, 43.9doc/s]
  fiqa:  80%|████████  | 46.2k/57.6k [17:30<04:20, 43.9doc/s]
  fiqa:  80%|████████  | 46.2k/57.6k [17:30<04:19, 44.1doc/s]
  fiqa:  80%|████████  | 46.2k/57.6k [17:31<04:17, 44.4doc/s]
  fiqa:  80%|████████  | 46.2k/57.6k [17:31<04:15, 44.7doc/s]
  fiqa:  80%|████████  | 46.2k/57.6k [17:31<04:15, 44.6doc/s]
  fiqa:  80%|████████  | 46.2k/57.6k [17:31<04:15, 44.6doc/s]
  fiqa:  80%|████████  | 46.2k/57.6k [17:31<04:22, 43.4doc/s]
  fiqa:  80%|████████  | 46.3k/57.6k [17:31<04:24, 43.0doc/s]
  fiqa:  80%|████████  | 46.3k/57.6k [17:32<04:24, 43.1doc/s]
  fiqa:  80%|████████  | 46.3k/57.6k [17:32<04:21, 43.5doc/s]
  fiqa:  80%|████████  | 46.3k/57.6k [17:32<04:18, 43.9doc/s]
  fiqa:  80%|████████  | 46.3k/57.6k [17:32<04:21, 43.5doc/s]
  fiqa:  80%|████████  | 46.3k/57.6k [17:32<04:24, 42.9doc/s]
  fiqa:  80%|████████  | 46.3k/57.6k [17:33<04:24, 42.8doc/s]
  fiqa:  80%|████████  | 46.3k/57.6k [17:33<04:22, 43.1doc/s]
  fiqa:  80%|████████  | 46.3k/57.6k [17:33<04:20, 43.5doc/s]
  fiqa:  80%|████████  | 46.3k/57.6k [17:33<04:18, 43.8doc/s]
  fiqa:  80%|████████  | 46.3k/57.6k [17:33<04:14, 44.4doc/s]
  fiqa:  80%|████████  | 46.3k/57.6k [17:33<04:12, 44.7doc/s]
  fiqa:  80%|████████  | 46.4k/57.6k [17:34<04:10, 45.0doc/s]
  fiqa:  80%|████████  | 46.4k/57.6k [17:34<04:13, 44.5doc/s]
  fiqa:  80%|████████  | 46.4k/57.6k [17:34<04:17, 43.7doc/s]
  fiqa:  80%|████████  | 46.4k/57.6k [17:34<04:19, 43.4doc/s]
  fiqa:  80%|████████  | 46.4k/57.6k [17:34<04:19, 43.3doc/s]
  fiqa:  80%|████████  | 46.4k/57.6k [17:35<04:19, 43.4doc/s]
  fiqa:  81%|████████  | 46.4k/57.6k [17:35<04:18, 43.4doc/s]
  fiqa:  81%|████████  | 46.4k/57.6k [17:35<04:18, 43.4doc/s]
  fiqa:  81%|████████  | 46.4k/57.6k [17:35<04:18, 43.4doc/s]
  fiqa:  81%|████████  | 46.4k/57.6k [17:35<04:15, 43.9doc/s]
  fiqa:  81%|████████  | 46.4k/57.6k [17:35<04:12, 44.3doc/s]
  fiqa:  81%|████████  | 46.4k/57.6k [17:36<04:12, 44.4doc/s]
  fiqa:  81%|████████  | 46.4k/57.6k [17:36<04:12, 44.3doc/s]
  fiqa:  81%|████████  | 46.5k/57.6k [17:36<04:12, 44.3doc/s]
  fiqa:  81%|████████  | 46.5k/57.6k [17:36<04:13, 44.1doc/s]
  fiqa:  81%|████████  | 46.5k/57.6k [17:36<04:13, 44.1doc/s]
  fiqa:  81%|████████  | 46.5k/57.6k [17:37<04:06, 45.2doc/s]
  fiqa:  81%|████████  | 46.5k/57.6k [17:37<04:06, 45.3doc/s]
  fiqa:  81%|████████  | 46.5k/57.6k [17:37<04:09, 44.7doc/s]
  fiqa:  81%|████████  | 46.5k/57.6k [17:37<04:10, 44.5doc/s]
  fiqa:  81%|████████  | 46.5k/57.6k [17:37<04:11, 44.3doc/s]
  fiqa:  81%|████████  | 46.5k/57.6k [17:37<04:09, 44.5doc/s]
  fiqa:  81%|████████  | 46.5k/57.6k [17:38<04:09, 44.4doc/s]
  fiqa:  81%|████████  | 46.5k/57.6k [17:38<04:09, 44.4doc/s]
  fiqa:  81%|████████  | 46.5k/57.6k [17:38<04:10, 44.4doc/s]
  fiqa:  81%|████████  | 46.6k/57.6k [17:38<04:08, 44.6doc/s]
  fiqa:  81%|████████  | 46.6k/57.6k [17:38<04:08, 44.6doc/s]
  fiqa:  81%|████████  | 46.6k/57.6k [17:39<04:09, 44.4doc/s]
  fiqa:  81%|████████  | 46.6k/57.6k [17:39<04:09, 44.3doc/s]
  fiqa:  81%|████████  | 46.6k/57.6k [17:39<04:09, 44.3doc/s]
  fiqa:  81%|████████  | 46.6k/57.6k [17:39<04:09, 44.2doc/s]
  fiqa:  81%|████████  | 46.6k/57.6k [17:39<04:09, 44.2doc/s]
  fiqa:  81%|████████  | 46.6k/57.6k [17:39<04:07, 44.5doc/s]
  fiqa:  81%|████████  | 46.6k/57.6k [17:40<04:08, 44.3doc/s]
  fiqa:  81%|████████  | 46.6k/57.6k [17:40<04:10, 44.0doc/s]
  fiqa:  81%|████████  | 46.6k/57.6k [17:40<04:03, 45.3doc/s]
  fiqa:  81%|████████  | 46.6k/57.6k [17:40<04:05, 44.9doc/s]
  fiqa:  81%|████████  | 46.6k/57.6k [17:40<04:06, 44.6doc/s]
  fiqa:  81%|████████  | 46.7k/57.6k [17:41<04:07, 44.4doc/s]
  fiqa:  81%|████████  | 46.7k/57.6k [17:41<04:06, 44.6doc/s]
  fiqa:  81%|████████  | 46.7k/57.6k [17:41<04:06, 44.5doc/s]
  fiqa:  81%|████████  | 46.7k/57.6k [17:41<04:06, 44.5doc/s]
  fiqa:  81%|████████  | 46.7k/57.6k [17:41<04:07, 44.2doc/s]
  fiqa:  81%|████████  | 46.7k/57.6k [17:41<04:09, 43.9doc/s]
  fiqa:  81%|████████  | 46.7k/57.6k [17:42<04:10, 43.6doc/s]
  fiqa:  81%|████████  | 46.7k/57.6k [17:42<04:10, 43.6doc/s]
  fiqa:  81%|████████  | 46.7k/57.6k [17:42<04:11, 43.4doc/s]
  fiqa:  81%|████████  | 46.7k/57.6k [17:42<04:09, 43.7doc/s]
  fiqa:  81%|████████  | 46.7k/57.6k [17:42<04:07, 44.0doc/s]
  fiqa:  81%|████████  | 46.7k/57.6k [17:43<04:05, 44.3doc/s]
  fiqa:  81%|████████  | 46.8k/57.6k [17:43<04:06, 44.1doc/s]
  fiqa:  81%|████████  | 46.8k/57.6k [17:43<04:07, 44.0doc/s]
  fiqa:  81%|████████  | 46.8k/57.6k [17:43<04:07, 43.8doc/s]
  fiqa:  81%|████████  | 46.8k/57.6k [17:43<04:08, 43.7doc/s]
  fiqa:  81%|████████  | 46.8k/57.6k [17:43<04:08, 43.7doc/s]
  fiqa:  81%|████████  | 46.8k/57.6k [17:44<04:06, 44.1doc/s]
  fiqa:  81%|████████  | 46.8k/57.6k [17:44<04:05, 44.1doc/s]
  fiqa:  81%|████████  | 46.8k/57.6k [17:44<04:03, 44.4doc/s]
  fiqa:  81%|████████  | 46.8k/57.6k [17:44<04:04, 44.3doc/s]
  fiqa:  81%|████████  | 46.8k/57.6k [17:44<04:04, 44.2doc/s]
  fiqa:  81%|████████▏ | 46.8k/57.6k [17:45<04:05, 43.9doc/s]
  fiqa:  81%|████████▏ | 46.8k/57.6k [17:45<04:06, 43.8doc/s]
  fiqa:  81%|████████▏ | 46.8k/57.6k [17:45<04:06, 43.7doc/s]
  fiqa:  81%|████████▏ | 46.9k/57.6k [17:45<04:06, 43.7doc/s]
  fiqa:  81%|████████▏ | 46.9k/57.6k [17:45<04:04, 44.0doc/s]
  fiqa:  81%|████████▏ | 46.9k/57.6k [17:45<04:04, 44.0doc/s]
  fiqa:  81%|████████▏ | 46.9k/57.6k [17:46<04:04, 43.9doc/s]
  fiqa:  81%|████████▏ | 46.9k/57.6k [17:46<04:05, 43.9doc/s]
  fiqa:  81%|████████▏ | 46.9k/57.6k [17:46<04:05, 43.7doc/s]
  fiqa:  81%|████████▏ | 46.9k/57.6k [17:46<04:04, 43.9doc/s]
  fiqa:  81%|████████▏ | 46.9k/57.6k [17:46<04:02, 44.2doc/s]
  fiqa:  81%|████████▏ | 46.9k/57.6k [17:47<04:00, 44.6doc/s]
  fiqa:  81%|████████▏ | 46.9k/57.6k [17:47<03:59, 44.7doc/s]
  fiqa:  81%|████████▏ | 46.9k/57.6k [17:47<04:00, 44.5doc/s]
  fiqa:  81%|████████▏ | 46.9k/57.6k [17:47<04:01, 44.3doc/s]
  fiqa:  81%|████████▏ | 47.0k/57.6k [17:47<04:01, 44.2doc/s]
  fiqa:  81%|████████▏ | 47.0k/57.6k [17:47<04:01, 44.2doc/s]
  fiqa:  81%|████████▏ | 47.0k/57.6k [17:48<04:01, 44.1doc/s]
  fiqa:  82%|████████▏ | 47.0k/57.6k [17:48<03:59, 44.4doc/s]
  fiqa:  82%|████████▏ | 47.0k/57.6k [17:48<04:02, 43.9doc/s]
  fiqa:  82%|████████▏ | 47.0k/57.6k [17:48<04:06, 43.1doc/s]
  fiqa:  82%|████████▏ | 47.0k/57.6k [17:48<04:07, 43.0doc/s]
  fiqa:  82%|████████▏ | 47.0k/57.6k [17:49<04:06, 43.1doc/s]
  fiqa:  82%|████████▏ | 47.0k/57.6k [17:49<04:04, 43.5doc/s]
  fiqa:  82%|████████▏ | 47.0k/57.6k [17:49<04:02, 43.8doc/s]
  fiqa:  82%|████████▏ | 47.0k/57.6k [17:49<04:06, 43.1doc/s]
  fiqa:  82%|████████▏ | 47.0k/57.6k [17:49<04:06, 43.0doc/s]
  fiqa:  82%|████████▏ | 47.0k/57.6k [17:49<04:04, 43.4doc/s]
  fiqa:  82%|████████▏ | 47.1k/57.6k [17:50<04:01, 43.8doc/s]
  fiqa:  82%|████████▏ | 47.1k/57.6k [17:50<04:00, 43.9doc/s]
  fiqa:  82%|████████▏ | 47.1k/57.6k [17:50<04:00, 44.0doc/s]
  fiqa:  82%|████████▏ | 47.1k/57.6k [17:50<04:00, 43.9doc/s]
  fiqa:  82%|████████▏ | 47.1k/57.6k [17:50<04:00, 43.9doc/s]
  fiqa:  82%|████████▏ | 47.1k/57.6k [17:51<03:59, 44.0doc/s]
  fiqa:  82%|████████▏ | 47.1k/57.6k [17:51<03:59, 43.9doc/s]
  fiqa:  82%|████████▏ | 47.1k/57.6k [17:51<03:59, 44.0doc/s]
  fiqa:  82%|████████▏ | 47.1k/57.6k [17:51<03:58, 44.1doc/s]
  fiqa:  82%|████████▏ | 47.1k/57.6k [17:51<03:56, 44.4doc/s]
  fiqa:  82%|████████▏ | 47.1k/57.6k [17:51<03:58, 43.9doc/s]
  fiqa:  82%|████████▏ | 47.1k/57.6k [17:52<04:01, 43.5doc/s]
  fiqa:  82%|████████▏ | 47.2k/57.6k [17:52<04:01, 43.4doc/s]
  fiqa:  82%|████████▏ | 47.2k/57.6k [17:52<04:01, 43.4doc/s]
  fiqa:  82%|████████▏ | 47.2k/57.6k [17:52<04:01, 43.3doc/s]
  fiqa:  82%|████████▏ | 47.2k/57.6k [17:52<03:59, 43.6doc/s]
  fiqa:  82%|████████▏ | 47.2k/57.6k [17:53<03:56, 44.2doc/s]
  fiqa:  82%|████████▏ | 47.2k/57.6k [17:53<03:56, 44.2doc/s]
  fiqa:  82%|████████▏ | 47.2k/57.6k [17:53<03:56, 44.2doc/s]
  fiqa:  82%|████████▏ | 47.2k/57.6k [17:53<03:55, 44.3doc/s]
  fiqa:  82%|████████▏ | 47.2k/57.6k [17:53<03:53, 44.5doc/s]
  fiqa:  82%|████████▏ | 47.2k/57.6k [17:53<03:54, 44.4doc/s]
  fiqa:  82%|████████▏ | 47.2k/57.6k [17:54<03:55, 44.2doc/s]
  fiqa:  82%|████████▏ | 47.2k/57.6k [17:54<03:54, 44.3doc/s]
  fiqa:  82%|████████▏ | 47.2k/57.6k [17:54<03:59, 43.5doc/s]
  fiqa:  82%|████████▏ | 47.3k/57.6k [17:54<03:59, 43.3doc/s]
  fiqa:  82%|████████▏ | 47.3k/57.6k [17:54<03:59, 43.3doc/s]
  fiqa:  82%|████████▏ | 47.3k/57.6k [17:55<03:59, 43.3doc/s]
  fiqa:  82%|████████▏ | 47.3k/57.6k [17:55<03:50, 44.9doc/s]
  fiqa:  82%|████████▏ | 47.3k/57.6k [17:55<03:51, 44.7doc/s]
  fiqa:  82%|████████▏ | 47.3k/57.6k [17:55<03:43, 46.2doc/s]
  fiqa:  82%|████████▏ | 47.3k/57.6k [17:55<03:45, 45.8doc/s]
  fiqa:  82%|████████▏ | 47.3k/57.6k [17:55<03:49, 44.9doc/s]
  fiqa:  82%|████████▏ | 47.3k/57.6k [17:56<03:52, 44.4doc/s]
  fiqa:  82%|████████▏ | 47.3k/57.6k [17:56<03:53, 44.2doc/s]
  fiqa:  82%|████████▏ | 47.3k/57.6k [17:56<03:54, 44.0doc/s]
  fiqa:  82%|████████▏ | 47.3k/57.6k [17:56<03:54, 44.0doc/s]
  fiqa:  82%|████████▏ | 47.4k/57.6k [17:56<03:53, 44.0doc/s]
  fiqa:  82%|████████▏ | 47.4k/57.6k [17:57<03:52, 44.3doc/s]
  fiqa:  82%|████████▏ | 47.4k/57.6k [17:57<03:52, 44.3doc/s]
  fiqa:  82%|████████▏ | 47.4k/57.6k [17:57<03:49, 44.7doc/s]
  fiqa:  82%|████████▏ | 47.4k/57.6k [17:57<03:49, 44.7doc/s]
  fiqa:  82%|████████▏ | 47.4k/57.6k [17:57<03:49, 44.7doc/s]
  fiqa:  82%|████████▏ | 47.4k/57.6k [17:57<03:51, 44.2doc/s]
  fiqa:  82%|████████▏ | 47.4k/57.6k [17:58<03:44, 45.6doc/s]
  fiqa:  82%|████████▏ | 47.4k/57.6k [17:58<03:47, 44.9doc/s]
  fiqa:  82%|████████▏ | 47.4k/57.6k [17:58<03:49, 44.4doc/s]
  fiqa:  82%|████████▏ | 47.4k/57.6k [17:58<03:49, 44.4doc/s]
  fiqa:  82%|████████▏ | 47.4k/57.6k [17:58<03:48, 44.5doc/s]
  fiqa:  82%|████████▏ | 47.4k/57.6k [17:59<03:48, 44.5doc/s]
  fiqa:  82%|████████▏ | 47.5k/57.6k [17:59<03:50, 44.2doc/s]
  fiqa:  82%|████████▏ | 47.5k/57.6k [17:59<03:50, 44.1doc/s]
  fiqa:  82%|████████▏ | 47.5k/57.6k [17:59<03:51, 43.9doc/s]
  fiqa:  82%|████████▏ | 47.5k/57.6k [17:59<03:51, 43.9doc/s]
  fiqa:  82%|████████▏ | 47.5k/57.6k [17:59<03:51, 43.8doc/s]
  fiqa:  82%|████████▏ | 47.5k/57.6k [18:00<03:53, 43.5doc/s]
  fiqa:  82%|████████▏ | 47.5k/57.6k [18:00<03:51, 43.7doc/s]
  fiqa:  82%|████████▏ | 47.5k/57.6k [18:00<03:51, 43.6doc/s]
  fiqa:  82%|████████▏ | 47.5k/57.6k [18:00<03:52, 43.6doc/s]
  fiqa:  82%|████████▏ | 47.5k/57.6k [18:00<03:52, 43.5doc/s]
  fiqa:  82%|████████▏ | 47.5k/57.6k [18:01<03:52, 43.5doc/s]
  fiqa:  82%|████████▏ | 47.5k/57.6k [18:01<03:42, 45.3doc/s]
  fiqa:  83%|████████▎ | 47.6k/57.6k [18:01<03:44, 45.0doc/s]
  fiqa:  83%|████████▎ | 47.6k/57.6k [18:01<03:45, 44.7doc/s]
  fiqa:  83%|████████▎ | 47.6k/57.6k [18:01<03:46, 44.4doc/s]
  fiqa:  83%|████████▎ | 47.6k/57.6k [18:01<03:40, 45.6doc/s]
  fiqa:  83%|████████▎ | 47.6k/57.6k [18:02<03:43, 45.0doc/s]
  fiqa:  83%|████████▎ | 47.6k/57.6k [18:02<03:45, 44.6doc/s]
  fiqa:  83%|████████▎ | 47.6k/57.6k [18:02<03:45, 44.5doc/s]
  fiqa:  83%|████████▎ | 47.6k/57.6k [18:02<03:45, 44.4doc/s]
  fiqa:  83%|████████▎ | 47.6k/57.6k [18:02<03:46, 44.2doc/s]
  fiqa:  83%|████████▎ | 47.6k/57.6k [18:02<03:47, 44.1doc/s]
  fiqa:  83%|████████▎ | 47.6k/57.6k [18:03<03:47, 43.9doc/s]
  fiqa:  83%|████████▎ | 47.6k/57.6k [18:03<03:48, 43.7doc/s]
  fiqa:  83%|████████▎ | 47.6k/57.6k [18:03<03:48, 43.6doc/s]
  fiqa:  83%|████████▎ | 47.7k/57.6k [18:03<03:49, 43.6doc/s]
  fiqa:  83%|████████▎ | 47.7k/57.6k [18:03<03:47, 43.7doc/s]
  fiqa:  83%|████████▎ | 47.7k/57.6k [18:04<03:47, 43.8doc/s]
  fiqa:  83%|████████▎ | 47.7k/57.6k [18:04<03:46, 43.9doc/s]
  fiqa:  83%|████████▎ | 47.7k/57.6k [18:04<03:49, 43.3doc/s]
  fiqa:  83%|████████▎ | 47.7k/57.6k [18:04<03:52, 42.8doc/s]
  fiqa:  83%|████████▎ | 47.7k/57.6k [18:04<03:51, 42.8doc/s]
  fiqa:  83%|████████▎ | 47.7k/57.6k [18:05<03:50, 43.0doc/s]
  fiqa:  83%|████████▎ | 47.7k/57.6k [18:05<03:47, 43.6doc/s]
  fiqa:  83%|████████▎ | 47.7k/57.6k [18:05<03:47, 43.7doc/s]
  fiqa:  83%|████████▎ | 47.7k/57.6k [18:05<03:50, 42.9doc/s]
  fiqa:  83%|████████▎ | 47.7k/57.6k [18:05<03:50, 42.9doc/s]
  fiqa:  83%|████████▎ | 47.8k/57.6k [18:05<03:47, 43.4doc/s]
  fiqa:  83%|████████▎ | 47.8k/57.6k [18:06<03:46, 43.7doc/s]
  fiqa:  83%|████████▎ | 47.8k/57.6k [18:06<03:44, 43.9doc/s]
  fiqa:  83%|████████▎ | 47.8k/57.6k [18:06<03:44, 44.0doc/s]
  fiqa:  83%|████████▎ | 47.8k/57.6k [18:06<03:43, 44.0doc/s]
  fiqa:  83%|████████▎ | 47.8k/57.6k [18:06<03:43, 44.0doc/s]
  fiqa:  83%|████████▎ | 47.8k/57.6k [18:07<03:35, 45.6doc/s]
  fiqa:  83%|████████▎ | 47.8k/57.6k [18:07<03:38, 45.1doc/s]
  fiqa:  83%|████████▎ | 47.8k/57.6k [18:07<03:38, 44.9doc/s]
  fiqa:  83%|████████▎ | 47.8k/57.6k [18:07<03:30, 46.7doc/s]
  fiqa:  83%|████████▎ | 47.8k/57.6k [18:07<03:31, 46.3doc/s]
  fiqa:  83%|████████▎ | 47.8k/57.6k [18:07<03:28, 47.1doc/s]
  fiqa:  83%|████████▎ | 47.8k/57.6k [18:08<03:33, 45.9doc/s]
  fiqa:  83%|████████▎ | 47.9k/57.6k [18:08<03:36, 45.2doc/s]
  fiqa:  83%|████████▎ | 47.9k/57.6k [18:08<03:38, 44.8doc/s]
  fiqa:  83%|████████▎ | 47.9k/57.6k [18:08<03:40, 44.4doc/s]
  fiqa:  83%|████████▎ | 47.9k/57.6k [18:08<03:39, 44.4doc/s]
  fiqa:  83%|████████▎ | 47.9k/57.6k [18:08<03:44, 43.4doc/s]
  fiqa:  83%|████████▎ | 47.9k/57.6k [18:09<03:49, 42.5doc/s]
  fiqa:  83%|████████▎ | 47.9k/57.6k [18:09<03:46, 42.9doc/s]
  fiqa:  83%|████████▎ | 47.9k/57.6k [18:09<03:47, 42.8doc/s]
  fiqa:  83%|████████▎ | 47.9k/57.6k [18:09<03:47, 42.8doc/s]
  fiqa:  83%|████████▎ | 47.9k/57.6k [18:09<03:45, 43.0doc/s]
  fiqa:  83%|████████▎ | 47.9k/57.6k [18:10<03:44, 43.3doc/s]
  fiqa:  83%|████████▎ | 47.9k/57.6k [18:10<03:41, 43.7doc/s]
  fiqa:  83%|████████▎ | 48.0k/57.6k [18:10<03:33, 45.4doc/s]
  fiqa:  83%|████████▎ | 48.0k/57.6k [18:10<03:34, 45.2doc/s]
  fiqa:  83%|████████▎ | 48.0k/57.6k [18:10<03:26, 46.8doc/s]
  fiqa:  83%|████████▎ | 48.0k/57.6k [18:10<03:28, 46.2doc/s]
  fiqa:  83%|████████▎ | 48.0k/57.6k [18:11<03:32, 45.4doc/s]
  fiqa:  83%|████████▎ | 48.0k/57.6k [18:11<03:35, 44.8doc/s]
  fiqa:  83%|████████▎ | 48.0k/57.6k [18:11<03:37, 44.2doc/s]
  fiqa:  83%|████████▎ | 48.0k/57.6k [18:11<03:39, 43.8doc/s]
  fiqa:  83%|████████▎ | 48.0k/57.6k [18:11<03:40, 43.7doc/s]
  fiqa:  83%|████████▎ | 48.0k/57.6k [18:12<03:38, 44.0doc/s]
  fiqa:  83%|████████▎ | 48.0k/57.6k [18:12<03:42, 43.2doc/s]
  fiqa:  83%|████████▎ | 48.0k/57.6k [18:12<03:45, 42.6doc/s]
  fiqa:  83%|████████▎ | 48.0k/57.6k [18:12<03:45, 42.5doc/s]
  fiqa:  83%|████████▎ | 48.1k/57.6k [18:12<03:44, 42.7doc/s]
  fiqa:  83%|████████▎ | 48.1k/57.6k [18:12<03:42, 43.0doc/s]
  fiqa:  83%|████████▎ | 48.1k/57.6k [18:13<03:40, 43.4doc/s]
  fiqa:  83%|████████▎ | 48.1k/57.6k [18:13<03:37, 44.0doc/s]
  fiqa:  83%|████████▎ | 48.1k/57.6k [18:13<03:36, 44.0doc/s]
  fiqa:  83%|████████▎ | 48.1k/57.6k [18:13<03:36, 44.0doc/s]
  fiqa:  83%|████████▎ | 48.1k/57.6k [18:13<03:37, 43.9doc/s]
  fiqa:  83%|████████▎ | 48.1k/57.6k [18:14<03:37, 43.8doc/s]
  fiqa:  83%|████████▎ | 48.1k/57.6k [18:14<03:36, 44.1doc/s]
  fiqa:  84%|████████▎ | 48.1k/57.6k [18:14<03:36, 44.0doc/s]
  fiqa:  84%|████████▎ | 48.1k/57.6k [18:14<03:35, 44.0doc/s]
  fiqa:  84%|████████▎ | 48.1k/57.6k [18:14<03:34, 44.3doc/s]
  fiqa:  84%|████████▎ | 48.2k/57.6k [18:14<03:32, 44.6doc/s]
  fiqa:  84%|████████▎ | 48.2k/57.6k [18:15<03:32, 44.5doc/s]
  fiqa:  84%|████████▎ | 48.2k/57.6k [18:15<03:35, 44.0doc/s]
  fiqa:  84%|████████▎ | 48.2k/57.6k [18:15<03:35, 43.9doc/s]
  fiqa:  84%|████████▎ | 48.2k/57.6k [18:15<03:35, 43.9doc/s]
  fiqa:  84%|████████▎ | 48.2k/57.6k [18:15<03:34, 43.9doc/s]
  fiqa:  84%|████████▎ | 48.2k/57.6k [18:16<03:34, 44.0doc/s]
  fiqa:  84%|████████▎ | 48.2k/57.6k [18:16<03:34, 43.9doc/s]
  fiqa:  84%|████████▎ | 48.2k/57.6k [18:16<03:34, 43.9doc/s]
  fiqa:  84%|████████▎ | 48.2k/57.6k [18:16<03:35, 43.7doc/s]
  fiqa:  84%|████████▎ | 48.2k/57.6k [18:16<03:35, 43.6doc/s]
  fiqa:  84%|████████▎ | 48.2k/57.6k [18:16<03:35, 43.6doc/s]
  fiqa:  84%|████████▎ | 48.2k/57.6k [18:17<03:35, 43.6doc/s]
  fiqa:  84%|████████▎ | 48.3k/57.6k [18:17<03:35, 43.5doc/s]
  fiqa:  84%|████████▎ | 48.3k/57.6k [18:17<03:35, 43.6doc/s]
  fiqa:  84%|████████▍ | 48.3k/57.6k [18:17<03:35, 43.5doc/s]
  fiqa:  84%|████████▍ | 48.3k/57.6k [18:17<03:34, 43.6doc/s]
  fiqa:  84%|████████▍ | 48.3k/57.6k [18:18<03:34, 43.6doc/s]
  fiqa:  84%|████████▍ | 48.3k/57.6k [18:18<03:33, 43.8doc/s]
  fiqa:  84%|████████▍ | 48.3k/57.6k [18:18<03:33, 43.6doc/s]
  fiqa:  84%|████████▍ | 48.3k/57.6k [18:18<03:33, 43.6doc/s]
  fiqa:  84%|████████▍ | 48.3k/57.6k [18:18<03:33, 43.5doc/s]
  fiqa:  84%|████████▍ | 48.3k/57.6k [18:19<03:33, 43.6doc/s]
  fiqa:  84%|████████▍ | 48.3k/57.6k [18:19<03:33, 43.7doc/s]
  fiqa:  84%|████████▍ | 48.3k/57.6k [18:19<03:33, 43.6doc/s]
  fiqa:  84%|████████▍ | 48.4k/57.6k [18:19<03:33, 43.5doc/s]
  fiqa:  84%|████████▍ | 48.4k/57.6k [18:19<03:32, 43.7doc/s]
  fiqa:  84%|████████▍ | 48.4k/57.6k [18:19<03:31, 43.8doc/s]
  fiqa:  84%|████████▍ | 48.4k/57.6k [18:20<03:30, 44.1doc/s]
  fiqa:  84%|████████▍ | 48.4k/57.6k [18:20<03:29, 44.1doc/s]
  fiqa:  84%|████████▍ | 48.4k/57.6k [18:20<03:30, 43.9doc/s]
  fiqa:  84%|████████▍ | 48.4k/57.6k [18:20<03:30, 44.0doc/s]
  fiqa:  84%|████████▍ | 48.4k/57.6k [18:20<03:29, 44.1doc/s]
  fiqa:  84%|████████▍ | 48.4k/57.6k [18:21<03:28, 44.2doc/s]
  fiqa:  84%|████████▍ | 48.4k/57.6k [18:21<03:28, 44.2doc/s]
  fiqa:  84%|████████▍ | 48.4k/57.6k [18:21<03:29, 43.9doc/s]
  fiqa:  84%|████████▍ | 48.4k/57.6k [18:21<03:29, 43.9doc/s]
  fiqa:  84%|████████▍ | 48.4k/57.6k [18:21<03:29, 43.8doc/s]
  fiqa:  84%|████████▍ | 48.5k/57.6k [18:21<03:29, 43.8doc/s]
  fiqa:  84%|████████▍ | 48.5k/57.6k [18:22<03:29, 43.9doc/s]
  fiqa:  84%|████████▍ | 48.5k/57.6k [18:22<03:28, 44.0doc/s]
  fiqa:  84%|████████▍ | 48.5k/57.6k [18:22<03:26, 44.3doc/s]
  fiqa:  84%|████████▍ | 48.5k/57.6k [18:22<03:26, 44.3doc/s]
  fiqa:  84%|████████▍ | 48.5k/57.6k [18:22<03:27, 44.0doc/s]
  fiqa:  84%|████████▍ | 48.5k/57.6k [18:23<03:29, 43.7doc/s]
  fiqa:  84%|████████▍ | 48.5k/57.6k [18:23<03:28, 43.7doc/s]
  fiqa:  84%|████████▍ | 48.5k/57.6k [18:23<03:28, 43.7doc/s]
  fiqa:  84%|████████▍ | 48.5k/57.6k [18:23<03:27, 43.8doc/s]
  fiqa:  84%|████████▍ | 48.5k/57.6k [18:23<03:27, 43.8doc/s]
  fiqa:  84%|████████▍ | 48.5k/57.6k [18:23<03:25, 44.1doc/s]
  fiqa:  84%|████████▍ | 48.6k/57.6k [18:24<03:25, 44.3doc/s]
  fiqa:  84%|████████▍ | 48.6k/57.6k [18:24<03:24, 44.4doc/s]
  fiqa:  84%|████████▍ | 48.6k/57.6k [18:24<03:25, 44.2doc/s]
  fiqa:  84%|████████▍ | 48.6k/57.6k [18:24<03:26, 43.8doc/s]
  fiqa:  84%|████████▍ | 48.6k/57.6k [18:24<03:28, 43.5doc/s]
  fiqa:  84%|████████▍ | 48.6k/57.6k [18:25<03:30, 43.1doc/s]
  fiqa:  84%|████████▍ | 48.6k/57.6k [18:25<03:30, 43.0doc/s]
  fiqa:  84%|████████▍ | 48.6k/57.6k [18:25<03:29, 43.2doc/s]
  fiqa:  84%|████████▍ | 48.6k/57.6k [18:25<03:28, 43.2doc/s]
  fiqa:  84%|████████▍ | 48.6k/57.6k [18:25<03:27, 43.4doc/s]
  fiqa:  84%|████████▍ | 48.6k/57.6k [18:25<03:26, 43.6doc/s]
  fiqa:  84%|████████▍ | 48.6k/57.6k [18:26<03:25, 43.7doc/s]
  fiqa:  84%|████████▍ | 48.6k/57.6k [18:26<03:24, 43.9doc/s]
  fiqa:  84%|████████▍ | 48.7k/57.6k [18:26<03:24, 43.9doc/s]
  fiqa:  84%|████████▍ | 48.7k/57.6k [18:26<03:24, 44.0doc/s]
  fiqa:  84%|████████▍ | 48.7k/57.6k [18:26<03:18, 45.1doc/s]
  fiqa:  84%|████████▍ | 48.7k/57.6k [18:27<03:21, 44.5doc/s]
  fiqa:  84%|████████▍ | 48.7k/57.6k [18:27<03:13, 46.1doc/s]
  fiqa:  84%|████████▍ | 48.7k/57.6k [18:27<03:16, 45.6doc/s]
  fiqa:  84%|████████▍ | 48.7k/57.6k [18:27<03:18, 44.9doc/s]
  fiqa:  85%|████████▍ | 48.7k/57.6k [18:27<03:21, 44.3doc/s]
  fiqa:  85%|████████▍ | 48.7k/57.6k [18:27<03:23, 43.9doc/s]
  fiqa:  85%|████████▍ | 48.7k/57.6k [18:28<03:23, 43.9doc/s]
  fiqa:  85%|████████▍ | 48.7k/57.6k [18:28<03:22, 44.0doc/s]
  fiqa:  85%|████████▍ | 48.7k/57.6k [18:28<03:22, 43.9doc/s]
  fiqa:  85%|████████▍ | 48.8k/57.6k [18:28<03:21, 44.2doc/s]
  fiqa:  85%|████████▍ | 48.8k/57.6k [18:28<03:23, 43.6doc/s]
  fiqa:  85%|████████▍ | 48.8k/57.6k [18:29<03:27, 42.8doc/s]
  fiqa:  85%|████████▍ | 48.8k/57.6k [18:29<03:27, 42.8doc/s]
  fiqa:  85%|████████▍ | 48.8k/57.6k [18:29<03:26, 42.8doc/s]
  fiqa:  85%|████████▍ | 48.8k/57.6k [18:29<03:26, 42.9doc/s]
  fiqa:  85%|████████▍ | 48.8k/57.6k [18:29<03:25, 43.1doc/s]
  fiqa:  85%|████████▍ | 48.8k/57.6k [18:29<03:23, 43.5doc/s]
  fiqa:  85%|████████▍ | 48.8k/57.6k [18:30<03:22, 43.7doc/s]
  fiqa:  85%|████████▍ | 48.8k/57.6k [18:30<03:20, 44.1doc/s]
  fiqa:  85%|████████▍ | 48.8k/57.6k [18:30<03:21, 43.7doc/s]
  fiqa:  85%|████████▍ | 48.8k/57.6k [18:30<03:20, 43.8doc/s]
  fiqa:  85%|████████▍ | 48.8k/57.6k [18:30<03:20, 43.8doc/s]
  fiqa:  85%|████████▍ | 48.9k/57.6k [18:31<03:20, 43.9doc/s]
  fiqa:  85%|████████▍ | 48.9k/57.6k [18:31<03:20, 43.8doc/s]
  fiqa:  85%|████████▍ | 48.9k/57.6k [18:31<03:19, 43.9doc/s]
  fiqa:  85%|████████▍ | 48.9k/57.6k [18:31<03:19, 44.0doc/s]
  fiqa:  85%|████████▍ | 48.9k/57.6k [18:31<03:19, 43.8doc/s]
  fiqa:  85%|████████▍ | 48.9k/57.6k [18:31<03:20, 43.7doc/s]
  fiqa:  85%|████████▍ | 48.9k/57.6k [18:32<03:19, 43.8doc/s]
  fiqa:  85%|████████▍ | 48.9k/57.6k [18:32<03:19, 43.8doc/s]
  fiqa:  85%|████████▍ | 48.9k/57.6k [18:32<03:19, 43.8doc/s]
  fiqa:  85%|████████▍ | 48.9k/57.6k [18:32<03:19, 43.7doc/s]
  fiqa:  85%|████████▍ | 48.9k/57.6k [18:32<03:19, 43.7doc/s]
  fiqa:  85%|████████▍ | 48.9k/57.6k [18:33<03:18, 43.8doc/s]
  fiqa:  85%|████████▍ | 49.0k/57.6k [18:33<03:17, 43.9doc/s]
  fiqa:  85%|████████▍ | 49.0k/57.6k [18:33<03:18, 43.8doc/s]
  fiqa:  85%|████████▍ | 49.0k/57.6k [18:33<03:18, 43.7doc/s]
  fiqa:  85%|████████▍ | 49.0k/57.6k [18:33<03:18, 43.6doc/s]
  fiqa:  85%|████████▍ | 49.0k/57.6k [18:33<03:17, 43.8doc/s]
  fiqa:  85%|████████▍ | 49.0k/57.6k [18:34<03:19, 43.4doc/s]
  fiqa:  85%|████████▌ | 49.0k/57.6k [18:34<03:22, 42.6doc/s]
  fiqa:  85%|████████▌ | 49.0k/57.6k [18:34<03:22, 42.6doc/s]
  fiqa:  85%|████████▌ | 49.0k/57.6k [18:34<03:21, 42.8doc/s]
  fiqa:  85%|████████▌ | 49.0k/57.6k [18:34<03:19, 43.3doc/s]
  fiqa:  85%|████████▌ | 49.0k/57.6k [18:35<03:17, 43.6doc/s]
  fiqa:  85%|████████▌ | 49.0k/57.6k [18:35<03:15, 43.9doc/s]
  fiqa:  85%|████████▌ | 49.0k/57.6k [18:35<03:14, 44.3doc/s]
  fiqa:  85%|████████▌ | 49.1k/57.6k [18:35<03:13, 44.4doc/s]
  fiqa:  85%|████████▌ | 49.1k/57.6k [18:35<03:13, 44.2doc/s]
  fiqa:  85%|████████▌ | 49.1k/57.6k [18:35<03:14, 44.1doc/s]
  fiqa:  85%|████████▌ | 49.1k/57.6k [18:36<03:14, 44.1doc/s]
  fiqa:  85%|████████▌ | 49.1k/57.6k [18:36<03:14, 44.0doc/s]
  fiqa:  85%|████████▌ | 49.1k/57.6k [18:36<03:14, 44.0doc/s]
  fiqa:  85%|████████▌ | 49.1k/57.6k [18:36<03:13, 44.2doc/s]
  fiqa:  85%|████████▌ | 49.1k/57.6k [18:36<03:12, 44.4doc/s]
  fiqa:  85%|████████▌ | 49.1k/57.6k [18:37<03:12, 44.3doc/s]
  fiqa:  85%|████████▌ | 49.1k/57.6k [18:37<03:12, 44.2doc/s]
  fiqa:  85%|████████▌ | 49.1k/57.6k [18:37<03:13, 44.0doc/s]
  fiqa:  85%|████████▌ | 49.1k/57.6k [18:37<03:13, 43.9doc/s]
  fiqa:  85%|████████▌ | 49.2k/57.6k [18:37<03:13, 43.9doc/s]
  fiqa:  85%|████████▌ | 49.2k/57.6k [18:37<03:13, 43.8doc/s]
  fiqa:  85%|████████▌ | 49.2k/57.6k [18:38<03:13, 43.8doc/s]
  fiqa:  85%|████████▌ | 49.2k/57.6k [18:38<03:12, 43.8doc/s]
  fiqa:  85%|████████▌ | 49.2k/57.6k [18:38<03:13, 43.8doc/s]
  fiqa:  85%|████████▌ | 49.2k/57.6k [18:38<03:12, 43.8doc/s]
  fiqa:  85%|████████▌ | 49.2k/57.6k [18:38<03:12, 43.9doc/s]
  fiqa:  85%|████████▌ | 49.2k/57.6k [18:39<03:11, 44.0doc/s]
  fiqa:  85%|████████▌ | 49.2k/57.6k [18:39<03:11, 43.9doc/s]
  fiqa:  85%|████████▌ | 49.2k/57.6k [18:39<03:11, 44.0doc/s]
  fiqa:  85%|████████▌ | 49.2k/57.6k [18:39<03:10, 44.2doc/s]
  fiqa:  85%|████████▌ | 49.2k/57.6k [18:39<03:09, 44.2doc/s]
  fiqa:  85%|████████▌ | 49.2k/57.6k [18:39<03:09, 44.3doc/s]
  fiqa:  85%|████████▌ | 49.3k/57.6k [18:40<03:09, 44.2doc/s]
  fiqa:  85%|████████▌ | 49.3k/57.6k [18:40<03:09, 44.1doc/s]
  fiqa:  85%|████████▌ | 49.3k/57.6k [18:40<03:11, 43.8doc/s]
  fiqa:  85%|████████▌ | 49.3k/57.6k [18:40<03:11, 43.7doc/s]
  fiqa:  86%|████████▌ | 49.3k/57.6k [18:40<03:10, 43.8doc/s]
  fiqa:  86%|████████▌ | 49.3k/57.6k [18:41<03:10, 43.9doc/s]
  fiqa:  86%|████████▌ | 49.3k/57.6k [18:41<03:09, 44.0doc/s]
  fiqa:  86%|████████▌ | 49.3k/57.6k [18:41<03:09, 44.0doc/s]
  fiqa:  86%|████████▌ | 49.3k/57.6k [18:41<03:08, 44.1doc/s]
  fiqa:  86%|████████▌ | 49.3k/57.6k [18:41<03:08, 44.1doc/s]
  fiqa:  86%|████████▌ | 49.3k/57.6k [18:41<03:07, 44.2doc/s]
  fiqa:  86%|████████▌ | 49.3k/57.6k [18:42<03:08, 43.9doc/s]
  fiqa:  86%|████████▌ | 49.4k/57.6k [18:42<03:08, 43.8doc/s]
  fiqa:  86%|████████▌ | 49.4k/57.6k [18:42<03:09, 43.6doc/s]
  fiqa:  86%|████████▌ | 49.4k/57.6k [18:42<03:10, 43.3doc/s]
  fiqa:  86%|████████▌ | 49.4k/57.6k [18:42<03:10, 43.4doc/s]
  fiqa:  86%|████████▌ | 49.4k/57.6k [18:43<03:10, 43.4doc/s]
  fiqa:  86%|████████▌ | 49.4k/57.6k [18:43<03:08, 43.7doc/s]
  fiqa:  86%|████████▌ | 49.4k/57.6k [18:43<03:07, 43.8doc/s]
  fiqa:  86%|████████▌ | 49.4k/57.6k [18:43<03:06, 44.1doc/s]
  fiqa:  86%|████████▌ | 49.4k/57.6k [18:43<03:05, 44.3doc/s]
  fiqa:  86%|████████▌ | 49.4k/57.6k [18:43<03:05, 44.2doc/s]
  fiqa:  86%|████████▌ | 49.4k/57.6k [18:44<03:05, 44.2doc/s]
  fiqa:  86%|████████▌ | 49.4k/57.6k [18:44<03:05, 44.2doc/s]
  fiqa:  86%|████████▌ | 49.4k/57.6k [18:44<03:06, 44.0doc/s]
  fiqa:  86%|████████▌ | 49.5k/57.6k [18:44<03:06, 43.8doc/s]
  fiqa:  86%|████████▌ | 49.5k/57.6k [18:44<03:06, 43.8doc/s]
  fiqa:  86%|████████▌ | 49.5k/57.6k [18:45<03:06, 43.8doc/s]
  fiqa:  86%|████████▌ | 49.5k/57.6k [18:45<03:06, 43.8doc/s]
  fiqa:  86%|████████▌ | 49.5k/57.6k [18:45<03:01, 44.9doc/s]
  fiqa:  86%|████████▌ | 49.5k/57.6k [18:45<03:03, 44.5doc/s]
  fiqa:  86%|████████▌ | 49.5k/57.6k [18:45<03:04, 44.1doc/s]
  fiqa:  86%|████████▌ | 49.5k/57.6k [18:45<03:04, 44.1doc/s]
  fiqa:  86%|████████▌ | 49.5k/57.6k [18:46<03:04, 44.0doc/s]
  fiqa:  86%|████████▌ | 49.5k/57.6k [18:46<03:04, 43.8doc/s]
  fiqa:  86%|████████▌ | 49.5k/57.6k [18:46<03:04, 43.8doc/s]
  fiqa:  86%|████████▌ | 49.5k/57.6k [18:46<03:04, 43.8doc/s]
  fiqa:  86%|████████▌ | 49.6k/57.6k [18:46<03:03, 43.9doc/s]
  fiqa:  86%|████████▌ | 49.6k/57.6k [18:47<03:02, 44.3doc/s]
  fiqa:  86%|████████▌ | 49.6k/57.6k [18:47<03:03, 44.1doc/s]
  fiqa:  86%|████████▌ | 49.6k/57.6k [18:47<02:58, 45.3doc/s]
  fiqa:  86%|████████▌ | 49.6k/57.6k [18:47<02:50, 47.3doc/s]
  fiqa:  86%|████████▌ | 49.6k/57.6k [18:47<02:54, 46.1doc/s]
  fiqa:  86%|████████▌ | 49.6k/57.6k [18:47<02:57, 45.3doc/s]
  fiqa:  86%|████████▌ | 49.6k/57.6k [18:48<02:59, 44.7doc/s]
  fiqa:  86%|████████▌ | 49.6k/57.6k [18:48<02:55, 45.7doc/s]
  fiqa:  86%|████████▌ | 49.6k/57.6k [18:48<02:58, 44.8doc/s]
  fiqa:  86%|████████▌ | 49.6k/57.6k [18:48<02:59, 44.5doc/s]
  fiqa:  86%|████████▌ | 49.6k/57.6k [18:48<02:59, 44.5doc/s]
  fiqa:  86%|████████▌ | 49.6k/57.6k [18:49<02:59, 44.5doc/s]
  fiqa:  86%|████████▌ | 49.7k/57.6k [18:49<03:00, 44.2doc/s]
  fiqa:  86%|████████▌ | 49.7k/57.6k [18:49<03:04, 43.2doc/s]
  fiqa:  86%|████████▌ | 49.7k/57.6k [18:49<03:06, 42.8doc/s]
  fiqa:  86%|████████▌ | 49.7k/57.6k [18:49<03:05, 43.0doc/s]
  fiqa:  86%|████████▌ | 49.7k/57.6k [18:49<03:03, 43.4doc/s]
  fiqa:  86%|████████▌ | 49.7k/57.6k [18:50<03:00, 44.0doc/s]
  fiqa:  86%|████████▌ | 49.7k/57.6k [18:50<02:59, 44.1doc/s]
  fiqa:  86%|████████▌ | 49.7k/57.6k [18:50<03:00, 43.8doc/s]
  fiqa:  86%|████████▋ | 49.7k/57.6k [18:50<03:01, 43.6doc/s]
  fiqa:  86%|████████▋ | 49.7k/57.6k [18:50<03:01, 43.6doc/s]
  fiqa:  86%|████████▋ | 49.7k/57.6k [18:51<03:01, 43.6doc/s]
  fiqa:  86%|████████▋ | 49.7k/57.6k [18:51<03:05, 42.6doc/s]
  fiqa:  86%|████████▋ | 49.8k/57.6k [18:51<03:06, 42.2doc/s]
  fiqa:  86%|████████▋ | 49.8k/57.6k [18:51<03:05, 42.4doc/s]
  fiqa:  86%|████████▋ | 49.8k/57.6k [18:51<03:03, 43.0doc/s]
  fiqa:  86%|████████▋ | 49.8k/57.6k [18:51<03:00, 43.6doc/s]
  fiqa:  86%|████████▋ | 49.8k/57.6k [18:52<02:58, 44.0doc/s]
  fiqa:  86%|████████▋ | 49.8k/57.6k [18:52<02:57, 44.2doc/s]
  fiqa:  86%|████████▋ | 49.8k/57.6k [18:52<02:57, 44.2doc/s]
  fiqa:  86%|████████▋ | 49.8k/57.6k [18:52<02:52, 45.3doc/s]
  fiqa:  86%|████████▋ | 49.8k/57.6k [18:52<02:55, 44.6doc/s]
  fiqa:  86%|████████▋ | 49.8k/57.6k [18:53<02:57, 44.1doc/s]
  fiqa:  86%|████████▋ | 49.8k/57.6k [18:53<02:58, 43.8doc/s]
  fiqa:  86%|████████▋ | 49.8k/57.6k [18:53<02:59, 43.4doc/s]
  fiqa:  86%|████████▋ | 49.8k/57.6k [18:53<02:58, 43.7doc/s]
  fiqa:  86%|████████▋ | 49.9k/57.6k [18:53<02:56, 44.1doc/s]
  fiqa:  87%|████████▋ | 49.9k/57.6k [18:53<02:55, 44.3doc/s]
  fiqa:  87%|████████▋ | 49.9k/57.6k [18:54<02:55, 44.3doc/s]
  fiqa:  87%|████████▋ | 49.9k/57.6k [18:54<02:54, 44.4doc/s]
  fiqa:  87%|████████▋ | 49.9k/57.6k [18:54<02:55, 44.2doc/s]
  fiqa:  87%|████████▋ | 49.9k/57.6k [18:54<02:50, 45.3doc/s]
  fiqa:  87%|████████▋ | 49.9k/57.6k [18:54<02:52, 44.8doc/s]
  fiqa:  87%|████████▋ | 49.9k/57.6k [18:55<02:53, 44.6doc/s]
  fiqa:  87%|████████▋ | 49.9k/57.6k [18:55<02:54, 44.1doc/s]
  fiqa:  87%|████████▋ | 49.9k/57.6k [18:55<02:55, 44.1doc/s]
  fiqa:  87%|████████▋ | 49.9k/57.6k [18:55<02:53, 44.3doc/s]
  fiqa:  87%|████████▋ | 49.9k/57.6k [18:55<02:53, 44.2doc/s]
  fiqa:  87%|████████▋ | 50.0k/57.6k [18:55<02:54, 44.0doc/s]
  fiqa:  87%|████████▋ | 50.0k/57.6k [18:56<02:54, 44.1doc/s]
  fiqa:  87%|████████▋ | 50.0k/57.6k [18:56<02:54, 43.9doc/s]
  fiqa:  87%|████████▋ | 50.0k/57.6k [18:56<02:54, 43.8doc/s]
  fiqa:  87%|████████▋ | 50.0k/57.6k [18:56<02:54, 43.9doc/s]
  fiqa:  87%|████████▋ | 50.0k/57.6k [18:56<02:54, 43.8doc/s]
  fiqa:  87%|████████▋ | 50.0k/57.6k [18:57<06:17, 20.3doc/s]
  fiqa:  87%|████████▋ | 50.0k/57.6k [18:57<05:12, 24.4doc/s]
  fiqa:  87%|████████▋ | 50.0k/57.6k [18:58<04:27, 28.5doc/s]
  fiqa:  87%|████████▋ | 50.0k/57.6k [18:58<03:56, 32.2doc/s]
  fiqa:  87%|████████▋ | 50.0k/57.6k [18:58<03:34, 35.5doc/s]
  fiqa:  87%|████████▋ | 50.0k/57.6k [18:58<03:20, 37.9doc/s]
  fiqa:  87%|████████▋ | 50.0k/57.6k [18:58<03:09, 40.1doc/s]
  fiqa:  87%|████████▋ | 50.1k/57.6k [18:58<03:03, 41.4doc/s]
  fiqa:  87%|████████▋ | 50.1k/57.6k [18:59<02:52, 43.8doc/s]
  fiqa:  87%|████████▋ | 50.1k/57.6k [18:59<02:52, 43.8doc/s]
  fiqa:  87%|████████▋ | 50.1k/57.6k [18:59<02:52, 43.9doc/s]
  fiqa:  87%|████████▋ | 50.1k/57.6k [18:59<02:52, 43.8doc/s]
  fiqa:  87%|████████▋ | 50.1k/57.6k [18:59<02:51, 43.9doc/s]
  fiqa:  87%|████████▋ | 50.1k/57.6k [19:00<02:51, 44.0doc/s]
  fiqa:  87%|████████▋ | 50.1k/57.6k [19:00<02:49, 44.3doc/s]
  fiqa:  87%|████████▋ | 50.1k/57.6k [19:00<02:49, 44.3doc/s]
  fiqa:  87%|████████▋ | 50.1k/57.6k [19:00<02:48, 44.5doc/s]
  fiqa:  87%|████████▋ | 50.1k/57.6k [19:00<02:47, 44.7doc/s]
  fiqa:  87%|████████▋ | 50.1k/57.6k [19:00<02:48, 44.5doc/s]
  fiqa:  87%|████████▋ | 50.2k/57.6k [19:01<02:49, 44.2doc/s]
  fiqa:  87%|████████▋ | 50.2k/57.6k [19:01<02:50, 43.8doc/s]
  fiqa:  87%|████████▋ | 50.2k/57.6k [19:01<02:49, 44.1doc/s]
  fiqa:  87%|████████▋ | 50.2k/57.6k [19:01<02:50, 43.7doc/s]
  fiqa:  87%|████████▋ | 50.2k/57.6k [19:01<02:50, 43.7doc/s]
  fiqa:  87%|████████▋ | 50.2k/57.6k [19:02<02:50, 43.6doc/s]
  fiqa:  87%|████████▋ | 50.2k/57.6k [19:02<02:49, 43.9doc/s]
  fiqa:  87%|████████▋ | 50.2k/57.6k [19:02<02:49, 43.9doc/s]
  fiqa:  87%|████████▋ | 50.2k/57.6k [19:02<02:49, 43.7doc/s]
  fiqa:  87%|████████▋ | 50.2k/57.6k [19:02<02:50, 43.4doc/s]
  fiqa:  87%|████████▋ | 50.2k/57.6k [19:02<02:50, 43.4doc/s]
  fiqa:  87%|████████▋ | 50.2k/57.6k [19:03<02:49, 43.7doc/s]
  fiqa:  87%|████████▋ | 50.2k/57.6k [19:03<02:48, 44.0doc/s]
  fiqa:  87%|████████▋ | 50.3k/57.6k [19:03<02:47, 44.1doc/s]
  fiqa:  87%|████████▋ | 50.3k/57.6k [19:03<02:47, 44.1doc/s]
  fiqa:  87%|████████▋ | 50.3k/57.6k [19:03<02:46, 44.3doc/s]
  fiqa:  87%|████████▋ | 50.3k/57.6k [19:04<02:41, 45.7doc/s]
  fiqa:  87%|████████▋ | 50.3k/57.6k [19:04<02:42, 45.3doc/s]
  fiqa:  87%|████████▋ | 50.3k/57.6k [19:04<02:42, 45.1doc/s]
  fiqa:  87%|████████▋ | 50.3k/57.6k [19:04<02:42, 45.1doc/s]
  fiqa:  87%|████████▋ | 50.3k/57.6k [19:04<02:42, 45.0doc/s]
  fiqa:  87%|████████▋ | 50.3k/57.6k [19:04<02:42, 45.0doc/s]
  fiqa:  87%|████████▋ | 50.3k/57.6k [19:05<02:44, 44.5doc/s]
  fiqa:  87%|████████▋ | 50.3k/57.6k [19:05<02:44, 44.5doc/s]
  fiqa:  87%|████████▋ | 50.3k/57.6k [19:05<02:45, 44.0doc/s]
  fiqa:  87%|████████▋ | 50.4k/57.6k [19:05<02:46, 43.7doc/s]
  fiqa:  87%|████████▋ | 50.4k/57.6k [19:05<02:40, 45.2doc/s]
  fiqa:  87%|████████▋ | 50.4k/57.6k [19:06<02:42, 44.7doc/s]
  fiqa:  87%|████████▋ | 50.4k/57.6k [19:06<02:46, 43.5doc/s]
  fiqa:  87%|████████▋ | 50.4k/57.6k [19:06<02:48, 43.0doc/s]
  fiqa:  87%|████████▋ | 50.4k/57.6k [19:06<02:47, 43.1doc/s]
  fiqa:  87%|████████▋ | 50.4k/57.6k [19:06<02:47, 43.2doc/s]
  fiqa:  87%|████████▋ | 50.4k/57.6k [19:06<02:45, 43.6doc/s]
  fiqa:  87%|████████▋ | 50.4k/57.6k [19:07<02:44, 43.9doc/s]
  fiqa:  87%|████████▋ | 50.4k/57.6k [19:07<02:44, 43.9doc/s]
  fiqa:  87%|████████▋ | 50.4k/57.6k [19:07<02:43, 44.1doc/s]
  fiqa:  88%|████████▊ | 50.4k/57.6k [19:07<02:39, 45.2doc/s]
  fiqa:  88%|████████▊ | 50.4k/57.6k [19:07<02:44, 43.8doc/s]
  fiqa:  88%|████████▊ | 50.5k/57.6k [19:08<02:46, 43.2doc/s]
  fiqa:  88%|████████▊ | 50.5k/57.6k [19:08<02:46, 43.2doc/s]
  fiqa:  88%|████████▊ | 50.5k/57.6k [19:08<02:45, 43.4doc/s]
  fiqa:  88%|████████▊ | 50.5k/57.6k [19:08<02:44, 43.6doc/s]
  fiqa:  88%|████████▊ | 50.5k/57.6k [19:08<02:43, 43.9doc/s]
  fiqa:  88%|████████▊ | 50.5k/57.6k [19:08<02:42, 43.9doc/s]
  fiqa:  88%|████████▊ | 50.5k/57.6k [19:09<02:42, 44.0doc/s]
  fiqa:  88%|████████▊ | 50.5k/57.6k [19:09<02:33, 46.5doc/s]
  fiqa:  88%|████████▊ | 50.5k/57.6k [19:09<02:29, 47.5doc/s]
  fiqa:  88%|████████▊ | 50.5k/57.6k [19:09<02:33, 46.4doc/s]
  fiqa:  88%|████████▊ | 50.5k/57.6k [19:09<02:35, 45.8doc/s]
  fiqa:  88%|████████▊ | 50.5k/57.6k [19:09<02:36, 45.5doc/s]
  fiqa:  88%|████████▊ | 50.6k/57.6k [19:10<02:37, 44.9doc/s]
  fiqa:  88%|████████▊ | 50.6k/57.6k [19:10<02:39, 44.4doc/s]
  fiqa:  88%|████████▊ | 50.6k/57.6k [19:10<02:39, 44.4doc/s]
  fiqa:  88%|████████▊ | 50.6k/57.6k [19:10<02:39, 44.3doc/s]
  fiqa:  88%|████████▊ | 50.6k/57.6k [19:10<02:39, 44.2doc/s]
  fiqa:  88%|████████▊ | 50.6k/57.6k [19:11<02:40, 44.0doc/s]
  fiqa:  88%|████████▊ | 50.6k/57.6k [19:11<02:40, 43.9doc/s]
  fiqa:  88%|████████▊ | 50.6k/57.6k [19:11<02:40, 43.8doc/s]
  fiqa:  88%|████████▊ | 50.6k/57.6k [19:11<02:40, 43.6doc/s]
  fiqa:  88%|████████▊ | 50.6k/57.6k [19:11<02:36, 44.9doc/s]
  fiqa:  88%|████████▊ | 50.6k/57.6k [19:11<02:37, 44.6doc/s]
  fiqa:  88%|████████▊ | 50.6k/57.6k [19:12<02:37, 44.4doc/s]
  fiqa:  88%|████████▊ | 50.6k/57.6k [19:12<02:38, 44.2doc/s]
  fiqa:  88%|████████▊ | 50.7k/57.6k [19:12<02:37, 44.2doc/s]
  fiqa:  88%|████████▊ | 50.7k/57.6k [19:12<02:38, 44.1doc/s]
  fiqa:  88%|████████▊ | 50.7k/57.6k [19:12<02:37, 44.3doc/s]
  fiqa:  88%|████████▊ | 50.7k/57.6k [19:13<02:31, 45.8doc/s]
  fiqa:  88%|████████▊ | 50.7k/57.6k [19:13<02:32, 45.5doc/s]
  fiqa:  88%|████████▊ | 50.7k/57.6k [19:13<02:34, 45.0doc/s]
  fiqa:  88%|████████▊ | 50.7k/57.6k [19:13<02:35, 44.6doc/s]
  fiqa:  88%|████████▊ | 50.7k/57.6k [19:13<02:39, 43.4doc/s]
  fiqa:  88%|████████▊ | 50.7k/57.6k [19:13<02:41, 43.0doc/s]
  fiqa:  88%|████████▊ | 50.7k/57.6k [19:14<02:40, 43.1doc/s]
  fiqa:  88%|████████▊ | 50.7k/57.6k [19:14<02:34, 44.8doc/s]
  fiqa:  88%|████████▊ | 50.7k/57.6k [19:14<02:34, 44.5doc/s]
  fiqa:  88%|████████▊ | 50.8k/57.6k [19:14<02:35, 44.2doc/s]
  fiqa:  88%|████████▊ | 50.8k/57.6k [19:14<02:36, 44.0doc/s]
  fiqa:  88%|████████▊ | 50.8k/57.6k [19:15<02:36, 43.8doc/s]
  fiqa:  88%|████████▊ | 50.8k/57.6k [19:15<02:31, 45.2doc/s]
  fiqa:  88%|████████▊ | 50.8k/57.6k [19:15<02:33, 44.7doc/s]
  fiqa:  88%|████████▊ | 50.8k/57.6k [19:15<02:33, 44.5doc/s]
  fiqa:  88%|████████▊ | 50.8k/57.6k [19:15<02:34, 44.3doc/s]
  fiqa:  88%|████████▊ | 50.8k/57.6k [19:15<02:34, 44.1doc/s]
  fiqa:  88%|████████▊ | 50.8k/57.6k [19:16<02:35, 44.0doc/s]
  fiqa:  88%|████████▊ | 50.8k/57.6k [19:16<02:34, 44.0doc/s]
  fiqa:  88%|████████▊ | 50.8k/57.6k [19:16<02:35, 43.8doc/s]
  fiqa:  88%|████████▊ | 50.8k/57.6k [19:16<02:35, 43.8doc/s]
  fiqa:  88%|████████▊ | 50.8k/57.6k [19:16<02:33, 44.1doc/s]
  fiqa:  88%|████████▊ | 50.9k/57.6k [19:17<02:31, 44.9doc/s]
  fiqa:  88%|████████▊ | 50.9k/57.6k [19:17<02:33, 44.0doc/s]
  fiqa:  88%|████████▊ | 50.9k/57.6k [19:17<02:33, 44.2doc/s]
  fiqa:  88%|████████▊ | 50.9k/57.6k [19:17<02:32, 44.2doc/s]
  fiqa:  88%|████████▊ | 50.9k/57.6k [19:17<02:33, 44.0doc/s]
  fiqa:  88%|████████▊ | 50.9k/57.6k [19:17<02:32, 44.2doc/s]
  fiqa:  88%|████████▊ | 50.9k/57.6k [19:18<02:32, 44.1doc/s]
  fiqa:  88%|████████▊ | 50.9k/57.6k [19:18<02:32, 44.0doc/s]
  fiqa:  88%|████████▊ | 50.9k/57.6k [19:18<02:32, 44.1doc/s]
  fiqa:  88%|████████▊ | 50.9k/57.6k [19:18<02:32, 44.1doc/s]
  fiqa:  88%|████████▊ | 50.9k/57.6k [19:18<02:32, 44.0doc/s]
  fiqa:  88%|████████▊ | 50.9k/57.6k [19:19<02:32, 44.0doc/s]
  fiqa:  88%|████████▊ | 51.0k/57.6k [19:19<02:31, 44.0doc/s]
  fiqa:  88%|████████▊ | 51.0k/57.6k [19:19<02:31, 44.0doc/s]
  fiqa:  88%|████████▊ | 51.0k/57.6k [19:19<02:31, 44.0doc/s]
  fiqa:  88%|████████▊ | 51.0k/57.6k [19:19<02:31, 43.9doc/s]
  fiqa:  88%|████████▊ | 51.0k/57.6k [19:19<02:31, 43.8doc/s]
  fiqa:  88%|████████▊ | 51.0k/57.6k [19:20<02:31, 43.9doc/s]
  fiqa:  88%|████████▊ | 51.0k/57.6k [19:20<02:31, 43.8doc/s]
  fiqa:  88%|████████▊ | 51.0k/57.6k [19:20<02:27, 45.0doc/s]
  fiqa:  89%|████████▊ | 51.0k/57.6k [19:20<02:27, 44.8doc/s]
  fiqa:  89%|████████▊ | 51.0k/57.6k [19:20<02:28, 44.6doc/s]
  fiqa:  89%|████████▊ | 51.0k/57.6k [19:21<02:28, 44.5doc/s]
  fiqa:  89%|████████▊ | 51.0k/57.6k [19:21<02:29, 44.1doc/s]
  fiqa:  89%|████████▊ | 51.0k/57.6k [19:21<02:29, 44.0doc/s]
  fiqa:  89%|████████▊ | 51.1k/57.6k [19:21<02:29, 44.0doc/s]
  fiqa:  89%|████████▊ | 51.1k/57.6k [19:21<02:25, 45.2doc/s]
  fiqa:  89%|████████▊ | 51.1k/57.6k [19:21<02:25, 45.0doc/s]
  fiqa:  89%|████████▊ | 51.1k/57.6k [19:22<02:25, 45.1doc/s]
  fiqa:  89%|████████▊ | 51.1k/57.6k [19:22<02:24, 45.3doc/s]
  fiqa:  89%|████████▊ | 51.1k/57.6k [19:22<02:24, 45.3doc/s]
  fiqa:  89%|████████▊ | 51.1k/57.6k [19:22<02:24, 45.2doc/s]
  fiqa:  89%|████████▊ | 51.1k/57.6k [19:22<02:25, 44.8doc/s]
  fiqa:  89%|████████▊ | 51.1k/57.6k [19:22<02:29, 43.6doc/s]
  fiqa:  89%|████████▊ | 51.1k/57.6k [19:23<02:29, 43.6doc/s]
  fiqa:  89%|████████▊ | 51.1k/57.6k [19:23<02:29, 43.6doc/s]
  fiqa:  89%|████████▊ | 51.1k/57.6k [19:23<02:28, 43.7doc/s]
  fiqa:  89%|████████▊ | 51.2k/57.6k [19:23<02:28, 43.8doc/s]
  fiqa:  89%|████████▉ | 51.2k/57.6k [19:23<02:27, 43.8doc/s]
  fiqa:  89%|████████▉ | 51.2k/57.6k [19:24<02:28, 43.7doc/s]
  fiqa:  89%|████████▉ | 51.2k/57.6k [19:24<02:22, 45.3doc/s]
  fiqa:  89%|████████▉ | 51.2k/57.6k [19:24<02:24, 44.8doc/s]
  fiqa:  89%|████████▉ | 51.2k/57.6k [19:24<02:24, 44.5doc/s]
  fiqa:  89%|████████▉ | 51.2k/57.6k [19:24<02:21, 45.5doc/s]
  fiqa:  89%|████████▉ | 51.2k/57.6k [19:24<02:21, 45.3doc/s]
  fiqa:  89%|████████▉ | 51.2k/57.6k [19:25<02:25, 44.2doc/s]
  fiqa:  89%|████████▉ | 51.2k/57.6k [19:25<02:28, 43.2doc/s]
  fiqa:  89%|████████▉ | 51.2k/57.6k [19:25<02:29, 42.9doc/s]
  fiqa:  89%|████████▉ | 51.2k/57.6k [19:25<02:27, 43.4doc/s]
  fiqa:  89%|████████▉ | 51.2k/57.6k [19:25<02:26, 43.6doc/s]
  fiqa:  89%|████████▉ | 51.3k/57.6k [19:26<02:24, 44.1doc/s]
  fiqa:  89%|████████▉ | 51.3k/57.6k [19:26<02:23, 44.3doc/s]
  fiqa:  89%|████████▉ | 51.3k/57.6k [19:26<02:24, 44.1doc/s]
  fiqa:  89%|████████▉ | 51.3k/57.6k [19:26<02:23, 44.3doc/s]
  fiqa:  89%|████████▉ | 51.3k/57.6k [19:26<02:19, 45.6doc/s]
  fiqa:  89%|████████▉ | 51.3k/57.6k [19:26<02:20, 45.3doc/s]
  fiqa:  89%|████████▉ | 51.3k/57.6k [19:27<02:21, 44.8doc/s]
  fiqa:  89%|████████▉ | 51.3k/57.6k [19:27<02:21, 44.6doc/s]
  fiqa:  89%|████████▉ | 51.3k/57.6k [19:27<02:20, 44.9doc/s]
  fiqa:  89%|████████▉ | 51.3k/57.6k [19:27<02:20, 44.9doc/s]
  fiqa:  89%|████████▉ | 51.3k/57.6k [19:27<02:19, 45.0doc/s]
  fiqa:  89%|████████▉ | 51.3k/57.6k [19:28<02:20, 44.9doc/s]
  fiqa:  89%|████████▉ | 51.4k/57.6k [19:28<02:15, 46.4doc/s]
  fiqa:  89%|████████▉ | 51.4k/57.6k [19:28<02:12, 47.2doc/s]
  fiqa:  89%|████████▉ | 51.4k/57.6k [19:28<02:15, 46.4doc/s]
  fiqa:  89%|████████▉ | 51.4k/57.6k [19:28<02:16, 45.8doc/s]
  fiqa:  89%|████████▉ | 51.4k/57.6k [19:28<02:18, 45.3doc/s]
  fiqa:  89%|████████▉ | 51.4k/57.6k [19:29<02:18, 45.0doc/s]
  fiqa:  89%|████████▉ | 51.4k/57.6k [19:29<02:19, 44.7doc/s]
  fiqa:  89%|████████▉ | 51.4k/57.6k [19:29<02:20, 44.4doc/s]
  fiqa:  89%|████████▉ | 51.4k/57.6k [19:29<02:21, 44.1doc/s]
  fiqa:  89%|████████▉ | 51.4k/57.6k [19:29<02:21, 43.8doc/s]
  fiqa:  89%|████████▉ | 51.4k/57.6k [19:29<02:20, 44.2doc/s]
  fiqa:  89%|████████▉ | 51.4k/57.6k [19:30<02:15, 45.7doc/s]
  fiqa:  89%|████████▉ | 51.4k/57.6k [19:30<02:16, 45.4doc/s]
  fiqa:  89%|████████▉ | 51.5k/57.6k [19:30<02:17, 44.9doc/s]
  fiqa:  89%|████████▉ | 51.5k/57.6k [19:30<02:18, 44.6doc/s]
  fiqa:  89%|████████▉ | 51.5k/57.6k [19:30<02:19, 44.2doc/s]
  fiqa:  89%|████████▉ | 51.5k/57.6k [19:31<02:19, 44.1doc/s]
  fiqa:  89%|████████▉ | 51.5k/57.6k [19:31<02:20, 43.9doc/s]
  fiqa:  89%|████████▉ | 51.5k/57.6k [19:31<02:19, 43.9doc/s]
  fiqa:  89%|████████▉ | 51.5k/57.6k [19:31<02:18, 44.2doc/s]
  fiqa:  89%|████████▉ | 51.5k/57.6k [19:31<02:17, 44.6doc/s]
  fiqa:  89%|████████▉ | 51.5k/57.6k [19:31<02:16, 44.9doc/s]
  fiqa:  89%|████████▉ | 51.5k/57.6k [19:32<02:18, 44.2doc/s]
  fiqa:  89%|████████▉ | 51.5k/57.6k [19:32<02:20, 43.6doc/s]
  fiqa:  89%|████████▉ | 51.5k/57.6k [19:32<02:20, 43.3doc/s]
  fiqa:  89%|████████▉ | 51.6k/57.6k [19:32<02:20, 43.3doc/s]
  fiqa:  89%|████████▉ | 51.6k/57.6k [19:32<02:20, 43.4doc/s]
  fiqa:  89%|████████▉ | 51.6k/57.6k [19:33<02:18, 43.7doc/s]
  fiqa:  89%|████████▉ | 51.6k/57.6k [19:33<02:18, 43.8doc/s]
  fiqa:  89%|████████▉ | 51.6k/57.6k [19:33<02:19, 43.4doc/s]
  fiqa:  90%|████████▉ | 51.6k/57.6k [19:33<02:19, 43.4doc/s]
  fiqa:  90%|████████▉ | 51.6k/57.6k [19:33<02:18, 43.4doc/s]
  fiqa:  90%|████████▉ | 51.6k/57.6k [19:33<02:18, 43.6doc/s]
  fiqa:  90%|████████▉ | 51.6k/57.6k [19:34<02:17, 43.6doc/s]
  fiqa:  90%|████████▉ | 51.6k/57.6k [19:34<02:18, 43.5doc/s]
  fiqa:  90%|████████▉ | 51.6k/57.6k [19:34<02:17, 43.7doc/s]
  fiqa:  90%|████████▉ | 51.6k/57.6k [19:34<02:17, 43.7doc/s]
  fiqa:  90%|████████▉ | 51.6k/57.6k [19:34<02:17, 43.7doc/s]
  fiqa:  90%|████████▉ | 51.7k/57.6k [19:35<02:16, 43.7doc/s]
  fiqa:  90%|████████▉ | 51.7k/57.6k [19:35<02:17, 43.6doc/s]
  fiqa:  90%|████████▉ | 51.7k/57.6k [19:35<02:12, 45.1doc/s]
  fiqa:  90%|████████▉ | 51.7k/57.6k [19:35<02:12, 44.9doc/s]
  fiqa:  90%|████████▉ | 51.7k/57.6k [19:35<02:13, 44.7doc/s]
  fiqa:  90%|████████▉ | 51.7k/57.6k [19:35<02:13, 44.4doc/s]
  fiqa:  90%|████████▉ | 51.7k/57.6k [19:36<02:13, 44.5doc/s]
  fiqa:  90%|████████▉ | 51.7k/57.6k [19:36<02:13, 44.4doc/s]
  fiqa:  90%|████████▉ | 51.7k/57.6k [19:36<02:12, 44.6doc/s]
  fiqa:  90%|████████▉ | 51.7k/57.6k [19:36<02:11, 44.8doc/s]
  fiqa:  90%|████████▉ | 51.7k/57.6k [19:36<02:12, 44.7doc/s]
  fiqa:  90%|████████▉ | 51.7k/57.6k [19:37<02:13, 44.1doc/s]
  fiqa:  90%|████████▉ | 51.8k/57.6k [19:37<02:13, 44.1doc/s]
  fiqa:  90%|████████▉ | 51.8k/57.6k [19:37<02:13, 44.1doc/s]
  fiqa:  90%|████████▉ | 51.8k/57.6k [19:37<02:13, 43.8doc/s]
  fiqa:  90%|████████▉ | 51.8k/57.6k [19:37<02:14, 43.7doc/s]
  fiqa:  90%|████████▉ | 51.8k/57.6k [19:37<02:13, 43.8doc/s]
  fiqa:  90%|████████▉ | 51.8k/57.6k [19:38<02:12, 44.1doc/s]
  fiqa:  90%|████████▉ | 51.8k/57.6k [19:38<02:12, 44.2doc/s]
  fiqa:  90%|████████▉ | 51.8k/57.6k [19:38<02:11, 44.3doc/s]
  fiqa:  90%|████████▉ | 51.8k/57.6k [19:38<02:12, 43.9doc/s]
  fiqa:  90%|████████▉ | 51.8k/57.6k [19:38<02:13, 43.7doc/s]
  fiqa:  90%|████████▉ | 51.8k/57.6k [19:39<02:12, 43.7doc/s]
  fiqa:  90%|████████▉ | 51.8k/57.6k [19:39<02:13, 43.6doc/s]
  fiqa:  90%|████████▉ | 51.8k/57.6k [19:39<02:12, 43.5doc/s]
  fiqa:  90%|████████▉ | 51.9k/57.6k [19:39<02:12, 43.7doc/s]
  fiqa:  90%|████████▉ | 51.9k/57.6k [19:39<02:10, 44.2doc/s]
  fiqa:  90%|████████▉ | 51.9k/57.6k [19:39<02:09, 44.4doc/s]
  fiqa:  90%|█████████ | 51.9k/57.6k [19:40<02:09, 44.6doc/s]
  fiqa:  90%|█████████ | 51.9k/57.6k [19:40<02:09, 44.4doc/s]
  fiqa:  90%|█████████ | 51.9k/57.6k [19:40<02:09, 44.3doc/s]
  fiqa:  90%|█████████ | 51.9k/57.6k [19:40<02:09, 44.3doc/s]
  fiqa:  90%|█████████ | 51.9k/57.6k [19:40<02:09, 44.2doc/s]
  fiqa:  90%|█████████ | 51.9k/57.6k [19:41<02:09, 44.2doc/s]
  fiqa:  90%|█████████ | 51.9k/57.6k [19:41<02:09, 44.1doc/s]
  fiqa:  90%|█████████ | 51.9k/57.6k [19:41<02:12, 43.2doc/s]
  fiqa:  90%|█████████ | 51.9k/57.6k [19:41<02:12, 42.9doc/s]
  fiqa:  90%|█████████ | 52.0k/57.6k [19:41<02:12, 43.1doc/s]
  fiqa:  90%|█████████ | 52.0k/57.6k [19:41<02:11, 43.2doc/s]
  fiqa:  90%|█████████ | 52.0k/57.6k [19:42<02:10, 43.6doc/s]
  fiqa:  90%|█████████ | 52.0k/57.6k [19:42<02:11, 42.9doc/s]
  fiqa:  90%|█████████ | 52.0k/57.6k [19:42<02:13, 42.4doc/s]
  fiqa:  90%|█████████ | 52.0k/57.6k [19:42<02:12, 42.7doc/s]
  fiqa:  90%|█████████ | 52.0k/57.6k [19:42<02:11, 43.0doc/s]
  fiqa:  90%|█████████ | 52.0k/57.6k [19:43<02:10, 43.1doc/s]
  fiqa:  90%|█████████ | 52.0k/57.6k [19:43<02:10, 43.2doc/s]
  fiqa:  90%|█████████ | 52.0k/57.6k [19:43<02:08, 43.7doc/s]
  fiqa:  90%|█████████ | 52.0k/57.6k [19:43<02:07, 44.0doc/s]
  fiqa:  90%|█████████ | 52.0k/57.6k [19:43<02:07, 44.0doc/s]
  fiqa:  90%|█████████ | 52.0k/57.6k [19:44<02:06, 44.3doc/s]
  fiqa:  90%|█████████ | 52.1k/57.6k [19:44<02:05, 44.6doc/s]
  fiqa:  90%|█████████ | 52.1k/57.6k [19:44<02:04, 44.8doc/s]
  fiqa:  90%|█████████ | 52.1k/57.6k [19:44<02:04, 44.7doc/s]
  fiqa:  90%|█████████ | 52.1k/57.6k [19:44<02:05, 44.4doc/s]
  fiqa:  90%|█████████ | 52.1k/57.6k [19:44<02:05, 44.2doc/s]
  fiqa:  90%|█████████ | 52.1k/57.6k [19:45<02:06, 43.8doc/s]
  fiqa:  90%|█████████ | 52.1k/57.6k [19:45<02:06, 43.6doc/s]
  fiqa:  90%|█████████ | 52.1k/57.6k [19:45<02:06, 43.5doc/s]
  fiqa:  90%|█████████ | 52.1k/57.6k [19:45<02:05, 44.0doc/s]
  fiqa:  90%|█████████ | 52.1k/57.6k [19:45<02:05, 44.1doc/s]
  fiqa:  90%|█████████ | 52.1k/57.6k [19:46<02:04, 44.2doc/s]
  fiqa:  90%|█████████ | 52.1k/57.6k [19:46<02:04, 44.1doc/s]
  fiqa:  90%|█████████ | 52.2k/57.6k [19:46<02:05, 43.8doc/s]
  fiqa:  90%|█████████ | 52.2k/57.6k [19:46<02:04, 43.9doc/s]
  fiqa:  91%|█████████ | 52.2k/57.6k [19:46<02:04, 43.8doc/s]
  fiqa:  91%|█████████ | 52.2k/57.6k [19:46<02:04, 43.7doc/s]
  fiqa:  91%|█████████ | 52.2k/57.6k [19:47<02:05, 43.5doc/s]
  fiqa:  91%|█████████ | 52.2k/57.6k [19:47<02:03, 44.0doc/s]
  fiqa:  91%|█████████ | 52.2k/57.6k [19:47<02:02, 44.2doc/s]
  fiqa:  91%|█████████ | 52.2k/57.6k [19:47<02:01, 44.7doc/s]
  fiqa:  91%|█████████ | 52.2k/57.6k [19:47<02:00, 44.8doc/s]
  fiqa:  91%|█████████ | 52.2k/57.6k [19:47<02:01, 44.6doc/s]
  fiqa:  91%|█████████ | 52.2k/57.6k [19:48<02:04, 43.5doc/s]
  fiqa:  91%|█████████ | 52.2k/57.6k [19:48<02:05, 43.1doc/s]
  fiqa:  91%|█████████ | 52.2k/57.6k [19:48<02:04, 43.3doc/s]
  fiqa:  91%|█████████ | 52.3k/57.6k [19:48<02:04, 43.3doc/s]
  fiqa:  91%|█████████ | 52.3k/57.6k [19:48<02:02, 43.8doc/s]
  fiqa:  91%|█████████ | 52.3k/57.6k [19:49<02:01, 44.3doc/s]
  fiqa:  91%|█████████ | 52.3k/57.6k [19:49<02:00, 44.3doc/s]
  fiqa:  91%|█████████ | 52.3k/57.6k [19:49<02:01, 44.2doc/s]
  fiqa:  91%|█████████ | 52.3k/57.6k [19:49<02:02, 43.7doc/s]
  fiqa:  91%|█████████ | 52.3k/57.6k [19:49<02:02, 43.4doc/s]
  fiqa:  91%|█████████ | 52.3k/57.6k [19:50<01:59, 44.5doc/s]
  fiqa:  91%|█████████ | 52.3k/57.6k [19:50<02:00, 44.1doc/s]
  fiqa:  91%|█████████ | 52.3k/57.6k [19:50<02:01, 43.6doc/s]
  fiqa:  91%|█████████ | 52.3k/57.6k [19:50<02:01, 43.8doc/s]
  fiqa:  91%|█████████ | 52.3k/57.6k [19:50<02:00, 43.9doc/s]
  fiqa:  91%|█████████ | 52.4k/57.6k [19:50<02:00, 43.9doc/s]
  fiqa:  91%|█████████ | 52.4k/57.6k [19:51<01:59, 44.0doc/s]
  fiqa:  91%|█████████ | 52.4k/57.6k [19:51<01:59, 44.1doc/s]
  fiqa:  91%|█████████ | 52.4k/57.6k [19:51<01:57, 44.7doc/s]
  fiqa:  91%|█████████ | 52.4k/57.6k [19:51<01:57, 44.6doc/s]
  fiqa:  91%|█████████ | 52.4k/57.6k [19:51<01:58, 44.4doc/s]
  fiqa:  91%|█████████ | 52.4k/57.6k [19:52<01:58, 44.0doc/s]
  fiqa:  91%|█████████ | 52.4k/57.6k [19:52<01:58, 44.0doc/s]
  fiqa:  91%|█████████ | 52.4k/57.6k [19:52<01:59, 43.7doc/s]
  fiqa:  91%|█████████ | 52.4k/57.6k [19:52<01:59, 43.6doc/s]
  fiqa:  91%|█████████ | 52.4k/57.6k [19:52<01:59, 43.4doc/s]
  fiqa:  91%|█████████ | 52.4k/57.6k [19:52<01:58, 43.9doc/s]
  fiqa:  91%|█████████ | 52.4k/57.6k [19:53<01:57, 44.1doc/s]
  fiqa:  91%|█████████ | 52.5k/57.6k [19:53<01:57, 44.0doc/s]
  fiqa:  91%|█████████ | 52.5k/57.6k [19:53<01:58, 43.7doc/s]
  fiqa:  91%|█████████ | 52.5k/57.6k [19:53<01:58, 43.5doc/s]
  fiqa:  91%|█████████ | 52.5k/57.6k [19:53<01:58, 43.6doc/s]
  fiqa:  91%|█████████ | 52.5k/57.6k [19:54<01:56, 44.1doc/s]
  fiqa:  91%|█████████ | 52.5k/57.6k [19:54<01:56, 44.3doc/s]
  fiqa:  91%|█████████ | 52.5k/57.6k [19:54<01:56, 44.0doc/s]
  fiqa:  91%|█████████ | 52.5k/57.6k [19:54<01:57, 43.5doc/s]
  fiqa:  91%|█████████ | 52.5k/57.6k [19:54<01:57, 43.7doc/s]
  fiqa:  91%|█████████ | 52.5k/57.6k [19:54<01:57, 43.6doc/s]
  fiqa:  91%|█████████ | 52.5k/57.6k [19:55<01:53, 44.9doc/s]
  fiqa:  91%|█████████ | 52.5k/57.6k [19:55<01:54, 44.5doc/s]
  fiqa:  91%|█████████ | 52.6k/57.6k [19:55<01:54, 44.3doc/s]
  fiqa:  91%|█████████ | 52.6k/57.6k [19:55<01:54, 44.2doc/s]
  fiqa:  91%|█████████ | 52.6k/57.6k [19:55<01:55, 44.0doc/s]
  fiqa:  91%|█████████ | 52.6k/57.6k [19:56<01:55, 43.9doc/s]
  fiqa:  91%|█████████ | 52.6k/57.6k [19:56<01:55, 43.9doc/s]
  fiqa:  91%|█████████ | 52.6k/57.6k [19:56<01:55, 43.8doc/s]
  fiqa:  91%|█████████▏| 52.6k/57.6k [19:56<01:55, 43.7doc/s]
  fiqa:  91%|█████████▏| 52.6k/57.6k [19:56<01:54, 43.8doc/s]
  fiqa:  91%|█████████▏| 52.6k/57.6k [19:56<01:54, 43.9doc/s]
  fiqa:  91%|█████████▏| 52.6k/57.6k [19:57<01:53, 44.1doc/s]
  fiqa:  91%|█████████▏| 52.6k/57.6k [19:57<01:53, 44.0doc/s]
  fiqa:  91%|█████████▏| 52.6k/57.6k [19:57<01:53, 44.0doc/s]
  fiqa:  91%|█████████▏| 52.6k/57.6k [19:57<01:54, 43.8doc/s]
  fiqa:  91%|█████████▏| 52.7k/57.6k [19:57<01:54, 43.7doc/s]
  fiqa:  91%|█████████▏| 52.7k/57.6k [19:58<01:53, 43.7doc/s]
  fiqa:  91%|█████████▏| 52.7k/57.6k [19:58<01:53, 43.8doc/s]
  fiqa:  91%|█████████▏| 52.7k/57.6k [19:58<01:52, 44.1doc/s]
  fiqa:  91%|█████████▏| 52.7k/57.6k [19:58<01:53, 43.5doc/s]
  fiqa:  91%|█████████▏| 52.7k/57.6k [19:58<01:53, 43.6doc/s]
  fiqa:  91%|█████████▏| 52.7k/57.6k [19:58<01:52, 43.7doc/s]
  fiqa:  91%|█████████▏| 52.7k/57.6k [19:59<01:52, 43.8doc/s]
  fiqa:  91%|█████████▏| 52.7k/57.6k [19:59<01:52, 43.9doc/s]
  fiqa:  91%|█████████▏| 52.7k/57.6k [19:59<01:51, 43.9doc/s]
  fiqa:  91%|█████████▏| 52.7k/57.6k [19:59<01:50, 44.3doc/s]
  fiqa:  92%|█████████▏| 52.7k/57.6k [19:59<01:51, 43.9doc/s]
  fiqa:  92%|█████████▏| 52.8k/57.6k [20:00<01:52, 43.6doc/s]
  fiqa:  92%|█████████▏| 52.8k/57.6k [20:00<01:52, 43.5doc/s]
  fiqa:  92%|█████████▏| 52.8k/57.6k [20:00<01:48, 45.0doc/s]
  fiqa:  92%|█████████▏| 52.8k/57.6k [20:00<01:48, 44.8doc/s]
  fiqa:  92%|█████████▏| 52.8k/57.6k [20:00<01:48, 44.6doc/s]
  fiqa:  92%|█████████▏| 52.8k/57.6k [20:00<01:48, 44.5doc/s]
  fiqa:  92%|█████████▏| 52.8k/57.6k [20:01<01:47, 44.8doc/s]
  fiqa:  92%|█████████▏| 52.8k/57.6k [20:01<01:48, 44.5doc/s]
  fiqa:  92%|█████████▏| 52.8k/57.6k [20:01<01:48, 44.3doc/s]
  fiqa:  92%|█████████▏| 52.8k/57.6k [20:01<01:48, 44.3doc/s]
  fiqa:  92%|█████████▏| 52.8k/57.6k [20:01<01:48, 44.5doc/s]
  fiqa:  92%|█████████▏| 52.8k/57.6k [20:01<01:47, 44.7doc/s]
  fiqa:  92%|█████████▏| 52.8k/57.6k [20:02<01:46, 44.8doc/s]
  fiqa:  92%|█████████▏| 52.9k/57.6k [20:02<01:46, 44.9doc/s]
  fiqa:  92%|█████████▏| 52.9k/57.6k [20:02<01:46, 44.9doc/s]
  fiqa:  92%|█████████▏| 52.9k/57.6k [20:02<01:42, 46.4doc/s]
  fiqa:  92%|█████████▏| 52.9k/57.6k [20:02<01:44, 45.7doc/s]
  fiqa:  92%|█████████▏| 52.9k/57.6k [20:03<01:45, 45.2doc/s]
  fiqa:  92%|█████████▏| 52.9k/57.6k [20:03<01:47, 44.1doc/s]
  fiqa:  92%|█████████▏| 52.9k/57.6k [20:03<01:49, 43.0doc/s]
  fiqa:  92%|█████████▏| 52.9k/57.6k [20:03<01:50, 42.7doc/s]
  fiqa:  92%|█████████▏| 52.9k/57.6k [20:03<01:49, 43.1doc/s]
  fiqa:  92%|█████████▏| 52.9k/57.6k [20:03<01:47, 43.7doc/s]
  fiqa:  92%|█████████▏| 52.9k/57.6k [20:04<01:46, 44.3doc/s]
  fiqa:  92%|█████████▏| 52.9k/57.6k [20:04<01:42, 45.7doc/s]
  fiqa:  92%|█████████▏| 53.0k/57.6k [20:04<01:43, 45.1doc/s]
  fiqa:  92%|█████████▏| 53.0k/57.6k [20:04<01:44, 44.9doc/s]
  fiqa:  92%|█████████▏| 53.0k/57.6k [20:04<01:45, 44.4doc/s]
  fiqa:  92%|█████████▏| 53.0k/57.6k [20:05<01:46, 43.8doc/s]
  fiqa:  92%|█████████▏| 53.0k/57.6k [20:05<01:46, 43.6doc/s]
  fiqa:  92%|█████████▏| 53.0k/57.6k [20:05<01:46, 43.5doc/s]
  fiqa:  92%|█████████▏| 53.0k/57.6k [20:05<01:46, 43.5doc/s]
  fiqa:  92%|█████████▏| 53.0k/57.6k [20:05<01:46, 43.6doc/s]
  fiqa:  92%|█████████▏| 53.0k/57.6k [20:05<01:47, 43.1doc/s]
  fiqa:  92%|█████████▏| 53.0k/57.6k [20:06<01:47, 43.1doc/s]
  fiqa:  92%|█████████▏| 53.0k/57.6k [20:06<01:46, 43.3doc/s]
  fiqa:  92%|█████████▏| 53.0k/57.6k [20:06<01:45, 43.5doc/s]
  fiqa:  92%|█████████▏| 53.0k/57.6k [20:06<01:47, 42.9doc/s]
  fiqa:  92%|█████████▏| 53.1k/57.6k [20:06<01:48, 42.2doc/s]
  fiqa:  92%|█████████▏| 53.1k/57.6k [20:07<01:47, 42.6doc/s]
  fiqa:  92%|█████████▏| 53.1k/57.6k [20:07<01:43, 44.2doc/s]
  fiqa:  92%|█████████▏| 53.1k/57.6k [20:07<01:43, 44.1doc/s]
  fiqa:  92%|█████████▏| 53.1k/57.6k [20:07<01:43, 44.2doc/s]
  fiqa:  92%|█████████▏| 53.1k/57.6k [20:07<01:42, 44.2doc/s]
  fiqa:  92%|█████████▏| 53.1k/57.6k [20:08<01:42, 44.1doc/s]
  fiqa:  92%|█████████▏| 53.1k/57.6k [20:08<01:43, 43.8doc/s]
  fiqa:  92%|█████████▏| 53.1k/57.6k [20:08<01:43, 43.7doc/s]
  fiqa:  92%|█████████▏| 53.1k/57.6k [20:08<01:42, 43.9doc/s]
  fiqa:  92%|█████████▏| 53.1k/57.6k [20:08<01:38, 45.6doc/s]
  fiqa:  92%|█████████▏| 53.1k/57.6k [20:08<01:39, 45.0doc/s]
  fiqa:  92%|█████████▏| 53.2k/57.6k [20:09<01:40, 44.6doc/s]
  fiqa:  92%|█████████▏| 53.2k/57.6k [20:09<01:40, 44.4doc/s]
  fiqa:  92%|█████████▏| 53.2k/57.6k [20:09<01:41, 44.1doc/s]
  fiqa:  92%|█████████▏| 53.2k/57.6k [20:09<01:41, 44.0doc/s]
  fiqa:  92%|█████████▏| 53.2k/57.6k [20:09<01:40, 44.2doc/s]
  fiqa:  92%|█████████▏| 53.2k/57.6k [20:09<01:41, 43.7doc/s]
  fiqa:  92%|█████████▏| 53.2k/57.6k [20:10<01:42, 43.2doc/s]
  fiqa:  92%|█████████▏| 53.2k/57.6k [20:10<01:42, 43.2doc/s]
  fiqa:  92%|█████████▏| 53.2k/57.6k [20:10<01:41, 43.4doc/s]
  fiqa:  92%|█████████▏| 53.2k/57.6k [20:10<01:41, 43.4doc/s]
  fiqa:  92%|█████████▏| 53.2k/57.6k [20:10<01:40, 43.7doc/s]
  fiqa:  92%|█████████▏| 53.2k/57.6k [20:11<01:39, 44.0doc/s]
  fiqa:  92%|█████████▏| 53.2k/57.6k [20:11<01:39, 44.1doc/s]
  fiqa:  92%|█████████▏| 53.3k/57.6k [20:11<01:39, 44.1doc/s]
  fiqa:  92%|█████████▏| 53.3k/57.6k [20:11<01:39, 44.1doc/s]
  fiqa:  92%|█████████▏| 53.3k/57.6k [20:11<01:38, 44.1doc/s]
  fiqa:  92%|█████████▏| 53.3k/57.6k [20:12<01:39, 43.9doc/s]
  fiqa:  92%|█████████▏| 53.3k/57.6k [20:12<01:39, 43.7doc/s]
  fiqa:  92%|█████████▏| 53.3k/57.6k [20:12<01:39, 43.7doc/s]
  fiqa:  92%|█████████▏| 53.3k/57.6k [20:12<01:39, 43.4doc/s]
  fiqa:  92%|█████████▏| 53.3k/57.6k [20:12<01:39, 43.3doc/s]
  fiqa:  93%|█████████▎| 53.3k/57.6k [20:12<01:40, 43.2doc/s]
  fiqa:  93%|█████████▎| 53.3k/57.6k [20:13<01:40, 43.1doc/s]
  fiqa:  93%|█████████▎| 53.3k/57.6k [20:13<01:39, 43.3doc/s]
  fiqa:  93%|█████████▎| 53.3k/57.6k [20:13<01:38, 43.6doc/s]
  fiqa:  93%|█████████▎| 53.4k/57.6k [20:13<01:37, 43.8doc/s]
  fiqa:  93%|█████████▎| 53.4k/57.6k [20:13<01:37, 43.8doc/s]
  fiqa:  93%|█████████▎| 53.4k/57.6k [20:14<01:37, 44.0doc/s]
  fiqa:  93%|█████████▎| 53.4k/57.6k [20:14<01:37, 43.9doc/s]
  fiqa:  93%|█████████▎| 53.4k/57.6k [20:14<01:38, 43.0doc/s]
  fiqa:  93%|█████████▎| 53.4k/57.6k [20:14<01:39, 42.5doc/s]
  fiqa:  93%|█████████▎| 53.4k/57.6k [20:14<01:39, 42.6doc/s]
  fiqa:  93%|█████████▎| 53.4k/57.6k [20:14<01:38, 43.1doc/s]
  fiqa:  93%|█████████▎| 53.4k/57.6k [20:15<01:37, 43.3doc/s]
  fiqa:  93%|█████████▎| 53.4k/57.6k [20:15<01:36, 43.5doc/s]
  fiqa:  93%|█████████▎| 53.4k/57.6k [20:15<01:36, 43.6doc/s]
  fiqa:  93%|█████████▎| 53.4k/57.6k [20:15<01:35, 43.7doc/s]
  fiqa:  93%|█████████▎| 53.4k/57.6k [20:15<01:35, 43.9doc/s]
  fiqa:  93%|█████████▎| 53.5k/57.6k [20:16<01:35, 43.7doc/s]
  fiqa:  93%|█████████▎| 53.5k/57.6k [20:16<01:35, 43.5doc/s]
  fiqa:  93%|█████████▎| 53.5k/57.6k [20:16<01:36, 43.3doc/s]
  fiqa:  93%|█████████▎| 53.5k/57.6k [20:16<01:36, 43.1doc/s]
  fiqa:  93%|█████████▎| 53.5k/57.6k [20:16<01:36, 43.1doc/s]
  fiqa:  93%|█████████▎| 53.5k/57.6k [20:16<01:35, 43.4doc/s]
  fiqa:  93%|█████████▎| 53.5k/57.6k [20:17<01:35, 43.4doc/s]
  fiqa:  93%|█████████▎| 53.5k/57.6k [20:17<01:34, 43.6doc/s]
  fiqa:  93%|█████████▎| 53.5k/57.6k [20:17<01:34, 43.7doc/s]
  fiqa:  93%|█████████▎| 53.5k/57.6k [20:17<01:33, 43.8doc/s]
  fiqa:  93%|█████████▎| 53.5k/57.6k [20:17<01:33, 43.8doc/s]
  fiqa:  93%|█████████▎| 53.5k/57.6k [20:18<01:35, 43.0doc/s]
  fiqa:  93%|█████████▎| 53.6k/57.6k [20:18<01:34, 43.0doc/s]
  fiqa:  93%|█████████▎| 53.6k/57.6k [20:18<01:34, 43.2doc/s]
  fiqa:  93%|█████████▎| 53.6k/57.6k [20:18<01:33, 43.5doc/s]
  fiqa:  93%|█████████▎| 53.6k/57.6k [20:18<01:32, 43.9doc/s]
  fiqa:  93%|█████████▎| 53.6k/57.6k [20:19<01:32, 43.8doc/s]
  fiqa:  93%|█████████▎| 53.6k/57.6k [20:19<01:32, 43.6doc/s]
  fiqa:  93%|█████████▎| 53.6k/57.6k [20:19<01:31, 43.9doc/s]
  fiqa:  93%|█████████▎| 53.6k/57.6k [20:19<01:32, 43.8doc/s]
  fiqa:  93%|█████████▎| 53.6k/57.6k [20:19<01:31, 43.9doc/s]
  fiqa:  93%|█████████▎| 53.6k/57.6k [20:19<01:28, 45.6doc/s]
  fiqa:  93%|█████████▎| 53.6k/57.6k [20:20<01:29, 45.0doc/s]
  fiqa:  93%|█████████▎| 53.6k/57.6k [20:20<01:28, 45.0doc/s]
  fiqa:  93%|█████████▎| 53.6k/57.6k [20:20<01:28, 44.9doc/s]
  fiqa:  93%|█████████▎| 53.7k/57.6k [20:20<01:28, 44.8doc/s]
  fiqa:  93%|█████████▎| 53.7k/57.6k [20:20<01:29, 44.5doc/s]
  fiqa:  93%|█████████▎| 53.7k/57.6k [20:20<01:29, 44.2doc/s]
  fiqa:  93%|█████████▎| 53.7k/57.6k [20:21<01:29, 44.2doc/s]
  fiqa:  93%|█████████▎| 53.7k/57.6k [20:21<01:29, 44.0doc/s]
  fiqa:  93%|█████████▎| 53.7k/57.6k [20:21<01:29, 43.9doc/s]
  fiqa:  93%|█████████▎| 53.7k/57.6k [20:21<01:29, 44.1doc/s]
  fiqa:  93%|█████████▎| 53.7k/57.6k [20:21<01:29, 44.1doc/s]
  fiqa:  93%|█████████▎| 53.7k/57.6k [20:22<01:28, 44.2doc/s]
  fiqa:  93%|█████████▎| 53.7k/57.6k [20:22<01:28, 44.1doc/s]
  fiqa:  93%|█████████▎| 53.7k/57.6k [20:22<01:28, 43.9doc/s]
  fiqa:  93%|█████████▎| 53.7k/57.6k [20:22<01:28, 43.9doc/s]
  fiqa:  93%|█████████▎| 53.8k/57.6k [20:22<01:27, 44.5doc/s]
  fiqa:  93%|█████████▎| 53.8k/57.6k [20:22<01:26, 44.9doc/s]
  fiqa:  93%|█████████▎| 53.8k/57.6k [20:23<01:26, 44.7doc/s]
  fiqa:  93%|█████████▎| 53.8k/57.6k [20:23<01:26, 44.6doc/s]
  fiqa:  93%|█████████▎| 53.8k/57.6k [20:23<01:28, 43.7doc/s]
  fiqa:  93%|█████████▎| 53.8k/57.6k [20:23<01:29, 42.9doc/s]
  fiqa:  93%|█████████▎| 53.8k/57.6k [20:23<01:29, 42.8doc/s]
  fiqa:  93%|█████████▎| 53.8k/57.6k [20:24<01:28, 43.0doc/s]
  fiqa:  93%|█████████▎| 53.8k/57.6k [20:24<01:28, 43.2doc/s]
  fiqa:  93%|█████████▎| 53.8k/57.6k [20:24<01:28, 43.2doc/s]
  fiqa:  93%|█████████▎| 53.8k/57.6k [20:24<01:28, 43.2doc/s]
  fiqa:  93%|█████████▎| 53.8k/57.6k [20:24<01:27, 43.4doc/s]
  fiqa:  93%|█████████▎| 53.8k/57.6k [20:25<01:27, 43.5doc/s]
  fiqa:  93%|█████████▎| 53.9k/57.6k [20:25<01:27, 43.5doc/s]
  fiqa:  93%|█████████▎| 53.9k/57.6k [20:25<01:26, 43.6doc/s]
  fiqa:  93%|█████████▎| 53.9k/57.6k [20:25<01:25, 44.0doc/s]
  fiqa:  93%|█████████▎| 53.9k/57.6k [20:25<01:25, 44.0doc/s]
  fiqa:  93%|█████████▎| 53.9k/57.6k [20:25<01:25, 43.8doc/s]
  fiqa:  94%|█████████▎| 53.9k/57.6k [20:26<01:25, 43.6doc/s]
  fiqa:  94%|█████████▎| 53.9k/57.6k [20:26<01:24, 44.0doc/s]
  fiqa:  94%|█████████▎| 53.9k/57.6k [20:26<01:24, 44.2doc/s]
  fiqa:  94%|█████████▎| 53.9k/57.6k [20:26<01:23, 44.3doc/s]
  fiqa:  94%|█████████▎| 53.9k/57.6k [20:26<01:24, 44.0doc/s]
  fiqa:  94%|█████████▎| 53.9k/57.6k [20:27<01:24, 43.7doc/s]
  fiqa:  94%|█████████▎| 53.9k/57.6k [20:27<01:25, 43.4doc/s]
  fiqa:  94%|█████████▎| 54.0k/57.6k [20:27<01:24, 43.4doc/s]
  fiqa:  94%|█████████▎| 54.0k/57.6k [20:27<01:25, 43.2doc/s]
  fiqa:  94%|█████████▎| 54.0k/57.6k [20:27<01:24, 43.2doc/s]
  fiqa:  94%|█████████▎| 54.0k/57.6k [20:27<01:23, 43.9doc/s]
  fiqa:  94%|█████████▎| 54.0k/57.6k [20:28<01:23, 43.9doc/s]
  fiqa:  94%|█████████▎| 54.0k/57.6k [20:28<01:22, 44.0doc/s]
  fiqa:  94%|█████████▎| 54.0k/57.6k [20:28<01:22, 44.0doc/s]
  fiqa:  94%|█████████▎| 54.0k/57.6k [20:28<01:19, 45.7doc/s]
  fiqa:  94%|█████████▎| 54.0k/57.6k [20:28<01:16, 47.0doc/s]
  fiqa:  94%|█████████▎| 54.0k/57.6k [20:28<01:17, 46.5doc/s]
  fiqa:  94%|█████████▎| 54.0k/57.6k [20:29<01:18, 46.1doc/s]
  fiqa:  94%|█████████▍| 54.0k/57.6k [20:29<01:17, 46.5doc/s]
  fiqa:  94%|█████████▍| 54.0k/57.6k [20:29<01:18, 45.8doc/s]
  fiqa:  94%|█████████▍| 54.1k/57.6k [20:29<01:18, 45.5doc/s]
  fiqa:  94%|█████████▍| 54.1k/57.6k [20:29<01:18, 45.5doc/s]
  fiqa:  94%|█████████▍| 54.1k/57.6k [20:30<01:16, 46.5doc/s]
  fiqa:  94%|█████████▍| 54.1k/57.6k [20:30<01:17, 45.7doc/s]
  fiqa:  94%|█████████▍| 54.1k/57.6k [20:30<01:18, 45.1doc/s]
  fiqa:  94%|█████████▍| 54.1k/57.6k [20:30<01:19, 44.6doc/s]
  fiqa:  94%|█████████▍| 54.1k/57.6k [20:30<01:20, 44.1doc/s]
  fiqa:  94%|█████████▍| 54.1k/57.6k [20:30<01:20, 44.0doc/s]
  fiqa:  94%|█████████▍| 54.1k/57.6k [20:31<01:19, 44.2doc/s]
  fiqa:  94%|█████████▍| 54.1k/57.6k [20:31<01:19, 44.2doc/s]
  fiqa:  94%|█████████▍| 54.1k/57.6k [20:31<01:19, 44.1doc/s]
  fiqa:  94%|█████████▍| 54.1k/57.6k [20:31<01:19, 44.1doc/s]
  fiqa:  94%|█████████▍| 54.2k/57.6k [20:31<01:19, 43.9doc/s]
  fiqa:  94%|█████████▍| 54.2k/57.6k [20:32<01:19, 43.9doc/s]
  fiqa:  94%|█████████▍| 54.2k/57.6k [20:32<01:19, 43.8doc/s]
  fiqa:  94%|█████████▍| 54.2k/57.6k [20:32<01:18, 44.1doc/s]
  fiqa:  94%|█████████▍| 54.2k/57.6k [20:32<01:18, 43.8doc/s]
  fiqa:  94%|█████████▍| 54.2k/57.6k [20:32<01:17, 44.4doc/s]
  fiqa:  94%|█████████▍| 54.2k/57.6k [20:32<01:17, 44.6doc/s]
  fiqa:  94%|█████████▍| 54.2k/57.6k [20:33<01:16, 44.7doc/s]
  fiqa:  94%|█████████▍| 54.2k/57.6k [20:33<01:16, 44.7doc/s]
  fiqa:  94%|█████████▍| 54.2k/57.6k [20:33<01:16, 44.3doc/s]
  fiqa:  94%|█████████▍| 54.2k/57.6k [20:33<01:18, 43.6doc/s]
  fiqa:  94%|█████████▍| 54.2k/57.6k [20:33<01:19, 43.0doc/s]
  fiqa:  94%|█████████▍| 54.2k/57.6k [20:34<01:19, 42.8doc/s]
  fiqa:  94%|█████████▍| 54.3k/57.6k [20:34<01:18, 43.2doc/s]
  fiqa:  94%|█████████▍| 54.3k/57.6k [20:34<01:17, 43.6doc/s]
  fiqa:  94%|█████████▍| 54.3k/57.6k [20:34<01:17, 43.7doc/s]
  fiqa:  94%|█████████▍| 54.3k/57.6k [20:34<01:16, 44.1doc/s]
  fiqa:  94%|█████████▍| 54.3k/57.6k [20:34<01:16, 44.0doc/s]
  fiqa:  94%|█████████▍| 54.3k/57.6k [20:35<01:15, 44.1doc/s]
  fiqa:  94%|█████████▍| 54.3k/57.6k [20:35<01:15, 44.2doc/s]
  fiqa:  94%|█████████▍| 54.3k/57.6k [20:35<01:17, 43.0doc/s]
  fiqa:  94%|█████████▍| 54.3k/57.6k [20:35<01:17, 42.7doc/s]
  fiqa:  94%|█████████▍| 54.3k/57.6k [20:35<01:14, 44.5doc/s]
  fiqa:  94%|█████████▍| 54.3k/57.6k [20:36<01:14, 44.6doc/s]
  fiqa:  94%|█████████▍| 54.3k/57.6k [20:36<01:15, 43.9doc/s]
  fiqa:  94%|█████████▍| 54.4k/57.6k [20:36<01:16, 43.2doc/s]
  fiqa:  94%|█████████▍| 54.4k/57.6k [20:36<01:15, 43.3doc/s]
  fiqa:  94%|█████████▍| 54.4k/57.6k [20:36<01:15, 43.5doc/s]
  fiqa:  94%|█████████▍| 54.4k/57.6k [20:36<01:14, 43.7doc/s]
  fiqa:  94%|█████████▍| 54.4k/57.6k [20:37<01:13, 44.1doc/s]
  fiqa:  94%|█████████▍| 54.4k/57.6k [20:37<01:13, 44.2doc/s]
  fiqa:  94%|█████████▍| 54.4k/57.6k [20:37<01:13, 44.3doc/s]
  fiqa:  94%|█████████▍| 54.4k/57.6k [20:37<01:12, 44.7doc/s]
  fiqa:  94%|█████████▍| 54.4k/57.6k [20:37<01:13, 43.9doc/s]
  fiqa:  94%|█████████▍| 54.4k/57.6k [20:38<01:14, 43.0doc/s]
  fiqa:  94%|█████████▍| 54.4k/57.6k [20:38<01:14, 42.8doc/s]
  fiqa:  94%|█████████▍| 54.4k/57.6k [20:38<01:12, 44.1doc/s]
  fiqa:  94%|█████████▍| 54.4k/57.6k [20:38<01:12, 43.9doc/s]
  fiqa:  94%|█████████▍| 54.5k/57.6k [20:38<01:11, 44.3doc/s]
  fiqa:  94%|█████████▍| 54.5k/57.6k [20:38<01:11, 44.1doc/s]
  fiqa:  95%|█████████▍| 54.5k/57.6k [20:39<01:11, 44.2doc/s]
  fiqa:  95%|█████████▍| 54.5k/57.6k [20:39<01:11, 44.1doc/s]
  fiqa:  95%|█████████▍| 54.5k/57.6k [20:39<01:11, 44.1doc/s]
  fiqa:  95%|█████████▍| 54.5k/57.6k [20:39<01:11, 44.2doc/s]
  fiqa:  95%|█████████▍| 54.5k/57.6k [20:39<01:11, 44.1doc/s]
  fiqa:  95%|█████████▍| 54.5k/57.6k [20:40<01:11, 43.9doc/s]
  fiqa:  95%|█████████▍| 54.5k/57.6k [20:40<01:11, 43.7doc/s]
  fiqa:  95%|█████████▍| 54.5k/57.6k [20:40<01:11, 43.6doc/s]
  fiqa:  95%|█████████▍| 54.5k/57.6k [20:40<01:11, 43.4doc/s]
  fiqa:  95%|█████████▍| 54.5k/57.6k [20:40<01:11, 43.3doc/s]
  fiqa:  95%|█████████▍| 54.6k/57.6k [20:40<01:10, 43.7doc/s]
  fiqa:  95%|█████████▍| 54.6k/57.6k [20:41<01:10, 43.9doc/s]
  fiqa:  95%|█████████▍| 54.6k/57.6k [20:41<01:09, 44.0doc/s]
  fiqa:  95%|█████████▍| 54.6k/57.6k [20:41<01:09, 44.0doc/s]
  fiqa:  95%|█████████▍| 54.6k/57.6k [20:41<01:09, 43.9doc/s]
  fiqa:  95%|█████████▍| 54.6k/57.6k [20:41<01:09, 44.0doc/s]
  fiqa:  95%|█████████▍| 54.6k/57.6k [20:42<01:09, 43.9doc/s]
  fiqa:  95%|█████████▍| 54.6k/57.6k [20:42<01:09, 43.7doc/s]
  fiqa:  95%|█████████▍| 54.6k/57.6k [20:42<01:09, 43.7doc/s]
  fiqa:  95%|█████████▍| 54.6k/57.6k [20:42<01:09, 43.6doc/s]
  fiqa:  95%|█████████▍| 54.6k/57.6k [20:42<01:08, 44.1doc/s]
  fiqa:  95%|█████████▍| 54.6k/57.6k [20:42<01:09, 43.3doc/s]
  fiqa:  95%|█████████▍| 54.6k/57.6k [20:43<01:10, 42.7doc/s]
  fiqa:  95%|█████████▍| 54.7k/57.6k [20:43<01:10, 42.5doc/s]
  fiqa:  95%|█████████▍| 54.7k/57.6k [20:43<01:09, 42.6doc/s]
  fiqa:  95%|█████████▍| 54.7k/57.6k [20:43<01:09, 42.7doc/s]
  fiqa:  95%|█████████▍| 54.7k/57.6k [20:43<01:09, 42.8doc/s]
  fiqa:  95%|█████████▍| 54.7k/57.6k [20:44<01:07, 43.4doc/s]
  fiqa:  95%|█████████▍| 54.7k/57.6k [20:44<01:07, 43.6doc/s]
  fiqa:  95%|█████████▍| 54.7k/57.6k [20:44<01:06, 43.9doc/s]
  fiqa:  95%|█████████▍| 54.7k/57.6k [20:44<01:07, 43.5doc/s]
  fiqa:  95%|█████████▍| 54.7k/57.6k [20:44<01:07, 43.5doc/s]
  fiqa:  95%|█████████▍| 54.7k/57.6k [20:45<01:06, 43.7doc/s]
  fiqa:  95%|█████████▍| 54.7k/57.6k [20:45<01:06, 43.8doc/s]
  fiqa:  95%|█████████▍| 54.7k/57.6k [20:45<01:05, 43.9doc/s]
  fiqa:  95%|█████████▍| 54.8k/57.6k [20:45<01:03, 45.5doc/s]
  fiqa:  95%|█████████▌| 54.8k/57.6k [20:45<01:04, 44.9doc/s]
  fiqa:  95%|█████████▌| 54.8k/57.6k [20:45<01:04, 44.6doc/s]
  fiqa:  95%|█████████▌| 54.8k/57.6k [20:46<01:04, 44.4doc/s]
  fiqa:  95%|█████████▌| 54.8k/57.6k [20:46<01:03, 44.6doc/s]
  fiqa:  95%|█████████▌| 54.8k/57.6k [20:46<01:01, 46.1doc/s]
  fiqa:  95%|█████████▌| 54.8k/57.6k [20:46<01:02, 45.5doc/s]
  fiqa:  95%|█████████▌| 54.8k/57.6k [20:46<01:02, 45.0doc/s]
  fiqa:  95%|█████████▌| 54.8k/57.6k [20:46<01:03, 44.6doc/s]
  fiqa:  95%|█████████▌| 54.8k/57.6k [20:47<01:03, 44.5doc/s]
  fiqa:  95%|█████████▌| 54.8k/57.6k [20:47<01:03, 44.2doc/s]
  fiqa:  95%|█████████▌| 54.8k/57.6k [20:47<01:03, 44.2doc/s]
  fiqa:  95%|█████████▌| 54.8k/57.6k [20:47<01:03, 44.1doc/s]
  fiqa:  95%|█████████▌| 54.9k/57.6k [20:47<01:04, 43.4doc/s]
  fiqa:  95%|█████████▌| 54.9k/57.6k [20:48<01:04, 42.8doc/s]
  fiqa:  95%|█████████▌| 54.9k/57.6k [20:48<01:04, 42.8doc/s]
  fiqa:  95%|█████████▌| 54.9k/57.6k [20:48<01:04, 43.0doc/s]
  fiqa:  95%|█████████▌| 54.9k/57.6k [20:48<01:03, 43.3doc/s]
  fiqa:  95%|█████████▌| 54.9k/57.6k [20:48<01:01, 44.8doc/s]
  fiqa:  95%|█████████▌| 54.9k/57.6k [20:48<01:02, 43.5doc/s]
  fiqa:  95%|█████████▌| 54.9k/57.6k [20:49<01:03, 42.7doc/s]
  fiqa:  95%|█████████▌| 54.9k/57.6k [20:49<01:03, 42.7doc/s]
  fiqa:  95%|█████████▌| 54.9k/57.6k [20:49<01:02, 43.1doc/s]
  fiqa:  95%|█████████▌| 54.9k/57.6k [20:49<01:02, 43.5doc/s]
  fiqa:  95%|█████████▌| 54.9k/57.6k [20:49<01:01, 44.0doc/s]
  fiqa:  95%|█████████▌| 55.0k/57.6k [20:50<01:00, 44.1doc/s]
  fiqa:  95%|█████████▌| 55.0k/57.6k [20:50<01:00, 44.3doc/s]
  fiqa:  95%|█████████▌| 55.0k/57.6k [20:50<00:59, 44.7doc/s]
  fiqa:  95%|█████████▌| 55.0k/57.6k [20:50<01:01, 43.5doc/s]
  fiqa:  95%|█████████▌| 55.0k/57.6k [20:50<01:01, 43.2doc/s]
  fiqa:  95%|█████████▌| 55.0k/57.6k [20:51<01:00, 43.4doc/s]
  fiqa:  95%|█████████▌| 55.0k/57.6k [20:51<01:00, 43.7doc/s]
  fiqa:  95%|█████████▌| 55.0k/57.6k [20:51<00:59, 43.9doc/s]
  fiqa:  95%|█████████▌| 55.0k/57.6k [20:51<00:59, 44.0doc/s]
  fiqa:  95%|█████████▌| 55.0k/57.6k [20:51<00:57, 45.4doc/s]
  fiqa:  95%|█████████▌| 55.0k/57.6k [20:51<00:57, 45.1doc/s]
  fiqa:  95%|█████████▌| 55.0k/57.6k [20:52<00:57, 44.9doc/s]
  fiqa:  96%|█████████▌| 55.0k/57.6k [20:52<00:57, 44.7doc/s]
  fiqa:  96%|█████████▌| 55.1k/57.6k [20:52<00:57, 44.6doc/s]
  fiqa:  96%|█████████▌| 55.1k/57.6k [20:52<00:57, 44.8doc/s]
  fiqa:  96%|█████████▌| 55.1k/57.6k [20:52<00:58, 44.0doc/s]
  fiqa:  96%|█████████▌| 55.1k/57.6k [20:52<00:59, 43.3doc/s]
  fiqa:  96%|█████████▌| 55.1k/57.6k [20:53<00:59, 43.2doc/s]
  fiqa:  96%|█████████▌| 55.1k/57.6k [20:53<00:58, 43.5doc/s]
  fiqa:  96%|█████████▌| 55.1k/57.6k [20:53<00:57, 43.8doc/s]
  fiqa:  96%|█████████▌| 55.1k/57.6k [20:53<00:57, 44.0doc/s]
  fiqa:  96%|█████████▌| 55.1k/57.6k [20:53<00:57, 44.0doc/s]
  fiqa:  96%|█████████▌| 55.1k/57.6k [20:54<00:57, 43.8doc/s]
  fiqa:  96%|█████████▌| 55.1k/57.6k [20:54<00:56, 44.2doc/s]
  fiqa:  96%|█████████▌| 55.1k/57.6k [20:54<00:56, 44.1doc/s]
  fiqa:  96%|█████████▌| 55.2k/57.6k [20:54<00:56, 43.9doc/s]
  fiqa:  96%|█████████▌| 55.2k/57.6k [20:54<00:56, 43.9doc/s]
  fiqa:  96%|█████████▌| 55.2k/57.6k [20:54<00:56, 43.8doc/s]
  fiqa:  96%|█████████▌| 55.2k/57.6k [20:55<00:56, 43.9doc/s]
  fiqa:  96%|█████████▌| 55.2k/57.6k [20:55<00:55, 43.9doc/s]
  fiqa:  96%|█████████▌| 55.2k/57.6k [20:55<00:55, 44.0doc/s]
  fiqa:  96%|█████████▌| 55.2k/57.6k [20:55<00:55, 43.9doc/s]
  fiqa:  96%|█████████▌| 55.2k/57.6k [20:55<00:54, 44.2doc/s]
  fiqa:  96%|█████████▌| 55.2k/57.6k [20:56<00:54, 44.0doc/s]
  fiqa:  96%|█████████▌| 55.2k/57.6k [20:56<00:54, 43.9doc/s]
  fiqa:  96%|█████████▌| 55.2k/57.6k [20:56<00:54, 43.9doc/s]
  fiqa:  96%|█████████▌| 55.2k/57.6k [20:56<00:54, 43.8doc/s]
  fiqa:  96%|█████████▌| 55.2k/57.6k [20:56<00:54, 43.7doc/s]
  fiqa:  96%|█████████▌| 55.3k/57.6k [20:57<00:54, 43.8doc/s]
  fiqa:  96%|█████████▌| 55.3k/57.6k [20:57<00:53, 44.4doc/s]
  fiqa:  96%|█████████▌| 55.3k/57.6k [20:57<00:53, 44.3doc/s]
  fiqa:  96%|█████████▌| 55.3k/57.6k [20:57<00:53, 44.1doc/s]
  fiqa:  96%|█████████▌| 55.3k/57.6k [20:57<00:53, 44.0doc/s]
  fiqa:  96%|█████████▌| 55.3k/57.6k [20:57<00:53, 43.7doc/s]
  fiqa:  96%|█████████▌| 55.3k/57.6k [20:58<00:53, 43.6doc/s]
  fiqa:  96%|█████████▌| 55.3k/57.6k [20:58<00:53, 43.4doc/s]
  fiqa:  96%|█████████▌| 55.3k/57.6k [20:58<00:53, 43.5doc/s]
  fiqa:  96%|█████████▌| 55.3k/57.6k [20:58<00:52, 43.7doc/s]
  fiqa:  96%|█████████▌| 55.3k/57.6k [20:58<00:52, 44.0doc/s]
  fiqa:  96%|█████████▌| 55.3k/57.6k [20:59<00:52, 43.9doc/s]
  fiqa:  96%|█████████▌| 55.4k/57.6k [20:59<00:52, 43.9doc/s]
  fiqa:  96%|█████████▌| 55.4k/57.6k [20:59<00:51, 44.1doc/s]
  fiqa:  96%|█████████▌| 55.4k/57.6k [20:59<00:50, 45.2doc/s]
  fiqa:  96%|█████████▌| 55.4k/57.6k [20:59<00:50, 44.5doc/s]
  fiqa:  96%|█████████▌| 55.4k/57.6k [20:59<00:51, 44.0doc/s]
  fiqa:  96%|█████████▌| 55.4k/57.6k [21:00<00:51, 43.9doc/s]
  fiqa:  96%|█████████▌| 55.4k/57.6k [21:00<00:50, 44.0doc/s]
  fiqa:  96%|█████████▌| 55.4k/57.6k [21:00<00:50, 44.1doc/s]
  fiqa:  96%|█████████▌| 55.4k/57.6k [21:00<00:50, 44.1doc/s]
  fiqa:  96%|█████████▌| 55.4k/57.6k [21:00<00:50, 44.1doc/s]
  fiqa:  96%|█████████▌| 55.4k/57.6k [21:00<00:50, 44.0doc/s]
  fiqa:  96%|█████████▌| 55.4k/57.6k [21:01<00:49, 44.1doc/s]
  fiqa:  96%|█████████▌| 55.4k/57.6k [21:01<00:49, 44.0doc/s]
  fiqa:  96%|█████████▌| 55.5k/57.6k [21:01<00:49, 43.7doc/s]
  fiqa:  96%|█████████▌| 55.5k/57.6k [21:01<00:49, 43.8doc/s]
  fiqa:  96%|█████████▌| 55.5k/57.6k [21:01<00:49, 43.7doc/s]
  fiqa:  96%|█████████▋| 55.5k/57.6k [21:02<00:49, 43.6doc/s]
  fiqa:  96%|█████████▋| 55.5k/57.6k [21:02<00:49, 43.4doc/s]
  fiqa:  96%|█████████▋| 55.5k/57.6k [21:02<00:49, 43.3doc/s]
  fiqa:  96%|█████████▋| 55.5k/57.6k [21:02<00:48, 43.7doc/s]
  fiqa:  96%|█████████▋| 55.5k/57.6k [21:02<00:47, 45.1doc/s]
  fiqa:  96%|█████████▋| 55.5k/57.6k [21:02<00:45, 46.4doc/s]
  fiqa:  96%|█████████▋| 55.5k/57.6k [21:03<00:46, 45.4doc/s]
  fiqa:  96%|█████████▋| 55.5k/57.6k [21:03<00:47, 44.6doc/s]
  fiqa:  96%|█████████▋| 55.5k/57.6k [21:03<00:47, 44.2doc/s]
  fiqa:  96%|█████████▋| 55.6k/57.6k [21:03<00:47, 43.9doc/s]
  fiqa:  96%|█████████▋| 55.6k/57.6k [21:03<00:47, 43.7doc/s]
  fiqa:  96%|█████████▋| 55.6k/57.6k [21:04<00:47, 44.0doc/s]
  fiqa:  96%|█████████▋| 55.6k/57.6k [21:04<00:46, 44.2doc/s]
  fiqa:  96%|█████████▋| 55.6k/57.6k [21:04<00:46, 44.3doc/s]
  fiqa:  96%|█████████▋| 55.6k/57.6k [21:04<00:46, 44.1doc/s]
  fiqa:  96%|█████████▋| 55.6k/57.6k [21:04<00:44, 46.0doc/s]
  fiqa:  96%|█████████▋| 55.6k/57.6k [21:04<00:44, 45.3doc/s]
  fiqa:  96%|█████████▋| 55.6k/57.6k [21:05<00:44, 45.0doc/s]
  fiqa:  97%|█████████▋| 55.6k/57.6k [21:05<00:45, 44.7doc/s]
  fiqa:  97%|█████████▋| 55.6k/57.6k [21:05<00:45, 43.7doc/s]
  fiqa:  97%|█████████▋| 55.6k/57.6k [21:05<00:46, 42.8doc/s]
  fiqa:  97%|█████████▋| 55.6k/57.6k [21:05<00:47, 42.3doc/s]
  fiqa:  97%|█████████▋| 55.7k/57.6k [21:06<00:46, 42.4doc/s]
  fiqa:  97%|█████████▋| 55.7k/57.6k [21:06<00:46, 42.8doc/s]
  fiqa:  97%|█████████▋| 55.7k/57.6k [21:06<00:45, 43.1doc/s]
  fiqa:  97%|█████████▋| 55.7k/57.6k [21:06<00:45, 43.4doc/s]
  fiqa:  97%|█████████▋| 55.7k/57.6k [21:06<00:44, 43.4doc/s]
  fiqa:  97%|█████████▋| 55.7k/57.6k [21:07<00:44, 43.3doc/s]
  fiqa:  97%|█████████▋| 55.7k/57.6k [21:07<00:44, 43.4doc/s]
  fiqa:  97%|█████████▋| 55.7k/57.6k [21:07<00:44, 43.3doc/s]
  fiqa:  97%|█████████▋| 55.7k/57.6k [21:07<00:43, 43.6doc/s]
  fiqa:  97%|█████████▋| 55.7k/57.6k [21:07<00:43, 43.9doc/s]
  fiqa:  97%|█████████▋| 55.7k/57.6k [21:07<00:42, 44.5doc/s]
  fiqa:  97%|█████████▋| 55.7k/57.6k [21:08<00:42, 44.3doc/s]
  fiqa:  97%|█████████▋| 55.8k/57.6k [21:08<00:42, 44.3doc/s]
  fiqa:  97%|█████████▋| 55.8k/57.6k [21:08<00:42, 43.9doc/s]
  fiqa:  97%|█████████▋| 55.8k/57.6k [21:08<00:42, 43.6doc/s]
  fiqa:  97%|█████████▋| 55.8k/57.6k [21:08<00:42, 43.7doc/s]
  fiqa:  97%|█████████▋| 55.8k/57.6k [21:09<00:42, 43.6doc/s]
  fiqa:  97%|█████████▋| 55.8k/57.6k [21:09<00:42, 43.9doc/s]
  fiqa:  97%|█████████▋| 55.8k/57.6k [21:09<00:41, 44.0doc/s]
  fiqa:  97%|█████████▋| 55.8k/57.6k [21:09<00:41, 44.1doc/s]
  fiqa:  97%|█████████▋| 55.8k/57.6k [21:09<00:41, 44.1doc/s]
  fiqa:  97%|█████████▋| 55.8k/57.6k [21:09<00:41, 44.2doc/s]
  fiqa:  97%|█████████▋| 55.8k/57.6k [21:10<00:40, 44.3doc/s]
  fiqa:  97%|█████████▋| 55.8k/57.6k [21:10<00:40, 44.3doc/s]
  fiqa:  97%|█████████▋| 55.8k/57.6k [21:10<00:40, 44.3doc/s]
  fiqa:  97%|█████████▋| 55.9k/57.6k [21:10<00:39, 44.7doc/s]
  fiqa:  97%|█████████▋| 55.9k/57.6k [21:10<00:39, 44.6doc/s]
  fiqa:  97%|█████████▋| 55.9k/57.6k [21:10<00:39, 44.5doc/s]
  fiqa:  97%|█████████▋| 55.9k/57.6k [21:11<00:39, 44.3doc/s]
  fiqa:  97%|█████████▋| 55.9k/57.6k [21:11<00:39, 44.2doc/s]
  fiqa:  97%|█████████▋| 55.9k/57.6k [21:11<00:39, 44.3doc/s]
  fiqa:  97%|█████████▋| 55.9k/57.6k [21:11<00:39, 44.0doc/s]
  fiqa:  97%|█████████▋| 55.9k/57.6k [21:11<00:39, 43.9doc/s]
  fiqa:  97%|█████████▋| 55.9k/57.6k [21:12<00:37, 45.3doc/s]
  fiqa:  97%|█████████▋| 55.9k/57.6k [21:12<00:38, 44.6doc/s]
  fiqa:  97%|█████████▋| 55.9k/57.6k [21:12<00:38, 44.1doc/s]
  fiqa:  97%|█████████▋| 55.9k/57.6k [21:12<00:38, 44.1doc/s]
  fiqa:  97%|█████████▋| 56.0k/57.6k [21:12<00:38, 43.9doc/s]
  fiqa:  97%|█████████▋| 56.0k/57.6k [21:12<00:38, 43.8doc/s]
  fiqa:  97%|█████████▋| 56.0k/57.6k [21:13<00:38, 42.9doc/s]
  fiqa:  97%|█████████▋| 56.0k/57.6k [21:13<00:38, 42.7doc/s]
  fiqa:  97%|█████████▋| 56.0k/57.6k [21:13<00:38, 42.8doc/s]
  fiqa:  97%|█████████▋| 56.0k/57.6k [21:13<00:38, 42.8doc/s]
  fiqa:  97%|█████████▋| 56.0k/57.6k [21:13<00:38, 43.0doc/s]
  fiqa:  97%|█████████▋| 56.0k/57.6k [21:14<00:37, 43.4doc/s]
  fiqa:  97%|█████████▋| 56.0k/57.6k [21:14<00:35, 46.0doc/s]
  fiqa:  97%|█████████▋| 56.0k/57.6k [21:14<00:35, 45.7doc/s]
  fiqa:  97%|█████████▋| 56.0k/57.6k [21:14<00:35, 45.6doc/s]
  fiqa:  97%|█████████▋| 56.0k/57.6k [21:14<00:35, 44.9doc/s]
  fiqa:  97%|█████████▋| 56.0k/57.6k [21:14<00:35, 44.4doc/s]
  fiqa:  97%|█████████▋| 56.1k/57.6k [21:15<00:35, 44.0doc/s]
  fiqa:  97%|█████████▋| 56.1k/57.6k [21:15<00:35, 44.0doc/s]
  fiqa:  97%|█████████▋| 56.1k/57.6k [21:15<00:35, 44.0doc/s]
  fiqa:  97%|█████████▋| 56.1k/57.6k [21:15<00:35, 44.0doc/s]
  fiqa:  97%|█████████▋| 56.1k/57.6k [21:15<00:35, 44.0doc/s]
  fiqa:  97%|█████████▋| 56.1k/57.6k [21:16<00:34, 44.1doc/s]
  fiqa:  97%|█████████▋| 56.1k/57.6k [21:16<00:34, 44.0doc/s]
  fiqa:  97%|█████████▋| 56.1k/57.6k [21:16<00:35, 43.1doc/s]
  fiqa:  97%|█████████▋| 56.1k/57.6k [21:16<00:35, 43.1doc/s]
  fiqa:  97%|█████████▋| 56.1k/57.6k [21:16<00:34, 43.2doc/s]
  fiqa:  97%|█████████▋| 56.1k/57.6k [21:17<00:34, 43.5doc/s]
  fiqa:  97%|█████████▋| 56.1k/57.6k [21:17<00:34, 43.9doc/s]
  fiqa:  97%|█████████▋| 56.2k/57.6k [21:17<00:34, 43.6doc/s]
  fiqa:  97%|█████████▋| 56.2k/57.6k [21:17<00:34, 43.3doc/s]
  fiqa:  97%|█████████▋| 56.2k/57.6k [21:17<00:34, 43.1doc/s]
  fiqa:  97%|█████████▋| 56.2k/57.6k [21:17<00:34, 43.0doc/s]
  fiqa:  97%|█████████▋| 56.2k/57.6k [21:18<00:33, 43.0doc/s]
  fiqa:  97%|█████████▋| 56.2k/57.6k [21:18<00:33, 43.3doc/s]
  fiqa:  98%|█████████▊| 56.2k/57.6k [21:18<00:31, 45.2doc/s]
  fiqa:  98%|█████████▊| 56.2k/57.6k [21:18<00:31, 45.0doc/s]
  fiqa:  98%|█████████▊| 56.2k/57.6k [21:18<00:31, 44.8doc/s]
  fiqa:  98%|█████████▊| 56.2k/57.6k [21:18<00:30, 45.7doc/s]
  fiqa:  98%|█████████▊| 56.2k/57.6k [21:19<00:31, 44.8doc/s]
  fiqa:  98%|█████████▊| 56.2k/57.6k [21:19<00:31, 44.6doc/s]
  fiqa:  98%|█████████▊| 56.2k/57.6k [21:19<00:31, 44.5doc/s]
  fiqa:  98%|█████████▊| 56.3k/57.6k [21:19<00:31, 44.2doc/s]
  fiqa:  98%|█████████▊| 56.3k/57.6k [21:19<00:30, 44.5doc/s]
  fiqa:  98%|█████████▊| 56.3k/57.6k [21:20<00:30, 44.2doc/s]
  fiqa:  98%|█████████▊| 56.3k/57.6k [21:20<00:30, 44.1doc/s]
  fiqa:  98%|█████████▊| 56.3k/57.6k [21:20<00:29, 46.4doc/s]
  fiqa:  98%|█████████▊| 56.3k/57.6k [21:20<00:29, 45.6doc/s]
  fiqa:  98%|█████████▊| 56.3k/57.6k [21:20<00:29, 45.1doc/s]
  fiqa:  98%|█████████▊| 56.3k/57.6k [21:20<00:29, 45.0doc/s]
  fiqa:  98%|█████████▊| 56.3k/57.6k [21:21<00:29, 44.7doc/s]
  fiqa:  98%|█████████▊| 56.3k/57.6k [21:21<00:29, 44.6doc/s]
  fiqa:  98%|█████████▊| 56.3k/57.6k [21:21<00:29, 44.8doc/s]
  fiqa:  98%|█████████▊| 56.3k/57.6k [21:21<00:29, 44.6doc/s]
  fiqa:  98%|█████████▊| 56.4k/57.6k [21:21<00:28, 44.6doc/s]
  fiqa:  98%|█████████▊| 56.4k/57.6k [21:22<00:28, 44.4doc/s]
  fiqa:  98%|█████████▊| 56.4k/57.6k [21:22<00:28, 44.2doc/s]
  fiqa:  98%|█████████▊| 56.4k/57.6k [21:22<00:28, 44.1doc/s]
  fiqa:  98%|█████████▊| 56.4k/57.6k [21:22<00:29, 43.0doc/s]
  fiqa:  98%|█████████▊| 56.4k/57.6k [21:22<00:29, 42.6doc/s]
  fiqa:  98%|█████████▊| 56.4k/57.6k [21:22<00:29, 42.6doc/s]
  fiqa:  98%|█████████▊| 56.4k/57.6k [21:23<00:28, 42.7doc/s]
  fiqa:  98%|█████████▊| 56.4k/57.6k [21:23<00:28, 42.8doc/s]
  fiqa:  98%|█████████▊| 56.4k/57.6k [21:23<00:28, 43.2doc/s]
  fiqa:  98%|█████████▊| 56.4k/57.6k [21:23<00:27, 43.4doc/s]
  fiqa:  98%|█████████▊| 56.4k/57.6k [21:23<00:27, 43.6doc/s]
  fiqa:  98%|█████████▊| 56.4k/57.6k [21:24<00:27, 43.7doc/s]
  fiqa:  98%|█████████▊| 56.5k/57.6k [21:24<00:26, 43.9doc/s]
  fiqa:  98%|█████████▊| 56.5k/57.6k [21:24<00:26, 44.0doc/s]
  fiqa:  98%|█████████▊| 56.5k/57.6k [21:24<00:26, 43.9doc/s]
  fiqa:  98%|█████████▊| 56.5k/57.6k [21:24<00:26, 43.7doc/s]
  fiqa:  98%|█████████▊| 56.5k/57.6k [21:24<00:26, 43.7doc/s]
  fiqa:  98%|█████████▊| 56.5k/57.6k [21:25<00:26, 43.8doc/s]
  fiqa:  98%|█████████▊| 56.5k/57.6k [21:25<00:25, 43.7doc/s]
  fiqa:  98%|█████████▊| 56.5k/57.6k [21:25<00:25, 43.6doc/s]
  fiqa:  98%|█████████▊| 56.5k/57.6k [21:25<00:25, 43.7doc/s]
  fiqa:  98%|█████████▊| 56.5k/57.6k [21:25<00:25, 43.8doc/s]
  fiqa:  98%|█████████▊| 56.5k/57.6k [21:26<00:24, 44.2doc/s]
  fiqa:  98%|█████████▊| 56.5k/57.6k [21:26<00:24, 44.2doc/s]
  fiqa:  98%|█████████▊| 56.6k/57.6k [21:26<00:24, 44.2doc/s]
  fiqa:  98%|█████████▊| 56.6k/57.6k [21:26<00:24, 43.9doc/s]
  fiqa:  98%|█████████▊| 56.6k/57.6k [21:26<00:24, 43.6doc/s]
  fiqa:  98%|█████████▊| 56.6k/57.6k [21:27<00:24, 43.4doc/s]
  fiqa:  98%|█████████▊| 56.6k/57.6k [21:27<00:24, 43.3doc/s]
  fiqa:  98%|█████████▊| 56.6k/57.6k [21:27<00:24, 43.2doc/s]
  fiqa:  98%|█████████▊| 56.6k/57.6k [21:27<00:24, 43.1doc/s]
  fiqa:  98%|█████████▊| 56.6k/57.6k [21:27<00:23, 43.2doc/s]
  fiqa:  98%|█████████▊| 56.6k/57.6k [21:27<00:23, 43.7doc/s]
  fiqa:  98%|█████████▊| 56.6k/57.6k [21:28<00:23, 43.8doc/s]
  fiqa:  98%|█████████▊| 56.6k/57.6k [21:28<00:22, 45.2doc/s]
  fiqa:  98%|█████████▊| 56.6k/57.6k [21:28<00:22, 45.0doc/s]
  fiqa:  98%|█████████▊| 56.6k/57.6k [21:28<00:21, 46.1doc/s]
  fiqa:  98%|█████████▊| 56.7k/57.6k [21:28<00:21, 45.4doc/s]
  fiqa:  98%|█████████▊| 56.7k/57.6k [21:28<00:21, 45.1doc/s]
  fiqa:  98%|█████████▊| 56.7k/57.6k [21:29<00:21, 45.2doc/s]
  fiqa:  98%|█████████▊| 56.7k/57.6k [21:29<00:21, 45.6doc/s]
  fiqa:  98%|█████████▊| 56.7k/57.6k [21:29<00:21, 44.5doc/s]
  fiqa:  98%|█████████▊| 56.7k/57.6k [21:29<00:21, 43.7doc/s]
  fiqa:  98%|█████████▊| 56.7k/57.6k [21:29<00:21, 43.6doc/s]
  fiqa:  98%|█████████▊| 56.7k/57.6k [21:30<00:21, 43.7doc/s]
  fiqa:  98%|█████████▊| 56.7k/57.6k [21:30<00:21, 43.7doc/s]
  fiqa:  98%|█████████▊| 56.7k/57.6k [21:30<00:20, 43.7doc/s]
  fiqa:  98%|█████████▊| 56.7k/57.6k [21:30<00:20, 43.7doc/s]
  fiqa:  98%|█████████▊| 56.7k/57.6k [21:30<00:20, 43.6doc/s]
  fiqa:  98%|█████████▊| 56.8k/57.6k [21:30<00:20, 44.0doc/s]
  fiqa:  98%|█████████▊| 56.8k/57.6k [21:31<00:20, 43.9doc/s]
  fiqa:  98%|█████████▊| 56.8k/57.6k [21:31<00:19, 43.9doc/s]
  fiqa:  99%|█████████▊| 56.8k/57.6k [21:31<00:19, 44.1doc/s]
  fiqa:  99%|█████████▊| 56.8k/57.6k [21:31<00:19, 43.4doc/s]
  fiqa:  99%|█████████▊| 56.8k/57.6k [21:31<00:19, 42.7doc/s]
  fiqa:  99%|█████████▊| 56.8k/57.6k [21:32<00:19, 42.7doc/s]
  fiqa:  99%|█████████▊| 56.8k/57.6k [21:32<00:18, 44.2doc/s]
  fiqa:  99%|█████████▊| 56.8k/57.6k [21:32<00:18, 44.2doc/s]
  fiqa:  99%|█████████▊| 56.8k/57.6k [21:32<00:18, 44.2doc/s]
  fiqa:  99%|█████████▊| 56.8k/57.6k [21:32<00:18, 44.4doc/s]
  fiqa:  99%|█████████▊| 56.8k/57.6k [21:32<00:18, 44.1doc/s]
  fiqa:  99%|█████████▊| 56.8k/57.6k [21:33<00:17, 44.2doc/s]
  fiqa:  99%|█████████▊| 56.9k/57.6k [21:33<00:17, 44.1doc/s]
  fiqa:  99%|█████████▊| 56.9k/57.6k [21:33<00:17, 44.3doc/s]
  fiqa:  99%|█████████▊| 56.9k/57.6k [21:33<00:17, 44.2doc/s]
  fiqa:  99%|█████████▊| 56.9k/57.6k [21:33<00:17, 44.2doc/s]
  fiqa:  99%|█████████▊| 56.9k/57.6k [21:34<00:16, 44.4doc/s]
  fiqa:  99%|█████████▊| 56.9k/57.6k [21:34<00:17, 43.5doc/s]
  fiqa:  99%|█████████▊| 56.9k/57.6k [21:34<00:16, 43.2doc/s]
  fiqa:  99%|█████████▊| 56.9k/57.6k [21:34<00:16, 43.4doc/s]
  fiqa:  99%|█████████▉| 56.9k/57.6k [21:34<00:16, 43.5doc/s]
  fiqa:  99%|█████████▉| 56.9k/57.6k [21:35<00:16, 43.7doc/s]
  fiqa:  99%|█████████▉| 56.9k/57.6k [21:35<00:16, 43.9doc/s]
  fiqa:  99%|█████████▉| 56.9k/57.6k [21:35<00:15, 43.8doc/s]
  fiqa:  99%|█████████▉| 57.0k/57.6k [21:35<00:15, 44.0doc/s]
  fiqa:  99%|█████████▉| 57.0k/57.6k [21:35<00:15, 43.9doc/s]
  fiqa:  99%|█████████▉| 57.0k/57.6k [21:35<00:15, 43.8doc/s]
  fiqa:  99%|█████████▉| 57.0k/57.6k [21:36<00:15, 43.7doc/s]
  fiqa:  99%|█████████▉| 57.0k/57.6k [21:36<00:14, 43.8doc/s]
  fiqa:  99%|█████████▉| 57.0k/57.6k [21:36<00:14, 43.8doc/s]
  fiqa:  99%|█████████▉| 57.0k/57.6k [21:36<00:14, 45.2doc/s]
  fiqa:  99%|█████████▉| 57.0k/57.6k [21:36<00:13, 45.2doc/s]
  fiqa:  99%|█████████▉| 57.0k/57.6k [21:36<00:13, 44.8doc/s]
  fiqa:  99%|█████████▉| 57.0k/57.6k [21:37<00:13, 44.4doc/s]
  fiqa:  99%|█████████▉| 57.0k/57.6k [21:37<00:13, 44.5doc/s]
  fiqa:  99%|█████████▉| 57.0k/57.6k [21:37<00:13, 44.4doc/s]
  fiqa:  99%|█████████▉| 57.0k/57.6k [21:37<00:13, 44.3doc/s]
  fiqa:  99%|█████████▉| 57.1k/57.6k [21:37<00:13, 44.1doc/s]
  fiqa:  99%|█████████▉| 57.1k/57.6k [21:38<00:13, 44.0doc/s]
  fiqa:  99%|█████████▉| 57.1k/57.6k [21:38<00:12, 44.0doc/s]
  fiqa:  99%|█████████▉| 57.1k/57.6k [21:38<00:12, 43.9doc/s]
  fiqa:  99%|█████████▉| 57.1k/57.6k [21:38<00:12, 43.8doc/s]
  fiqa:  99%|█████████▉| 57.1k/57.6k [21:38<00:12, 43.9doc/s]
  fiqa:  99%|█████████▉| 57.1k/57.6k [21:38<00:12, 43.9doc/s]
  fiqa:  99%|█████████▉| 57.1k/57.6k [21:39<00:11, 44.0doc/s]
  fiqa:  99%|█████████▉| 57.1k/57.6k [21:39<00:11, 43.6doc/s]
  fiqa:  99%|█████████▉| 57.1k/57.6k [21:39<00:11, 43.8doc/s]
  fiqa:  99%|█████████▉| 57.1k/57.6k [21:39<00:11, 45.4doc/s]
  fiqa:  99%|█████████▉| 57.1k/57.6k [21:39<00:10, 45.3doc/s]
  fiqa:  99%|█████████▉| 57.2k/57.6k [21:40<00:10, 45.1doc/s]
  fiqa:  99%|█████████▉| 57.2k/57.6k [21:40<00:10, 44.7doc/s]
  fiqa:  99%|█████████▉| 57.2k/57.6k [21:40<00:10, 44.3doc/s]
  fiqa:  99%|█████████▉| 57.2k/57.6k [21:40<00:10, 44.3doc/s]
  fiqa:  99%|█████████▉| 57.2k/57.6k [21:40<00:10, 44.0doc/s]
  fiqa:  99%|█████████▉| 57.2k/57.6k [21:40<00:10, 43.7doc/s]
  fiqa:  99%|█████████▉| 57.2k/57.6k [21:41<00:09, 43.9doc/s]
  fiqa:  99%|█████████▉| 57.2k/57.6k [21:41<00:09, 44.0doc/s]
  fiqa:  99%|█████████▉| 57.2k/57.6k [21:41<00:09, 44.1doc/s]
  fiqa:  99%|█████████▉| 57.2k/57.6k [21:41<00:09, 43.9doc/s]
  fiqa:  99%|█████████▉| 57.2k/57.6k [21:41<00:09, 44.1doc/s]
  fiqa:  99%|█████████▉| 57.2k/57.6k [21:42<00:09, 44.0doc/s]
  fiqa:  99%|█████████▉| 57.2k/57.6k [21:42<00:08, 44.1doc/s]
  fiqa:  99%|█████████▉| 57.3k/57.6k [21:42<00:08, 44.2doc/s]
  fiqa:  99%|█████████▉| 57.3k/57.6k [21:42<00:08, 43.7doc/s]
  fiqa:  99%|█████████▉| 57.3k/57.6k [21:42<00:08, 43.9doc/s]
  fiqa:  99%|█████████▉| 57.3k/57.6k [21:42<00:08, 44.0doc/s]
  fiqa:  99%|█████████▉| 57.3k/57.6k [21:43<00:07, 43.9doc/s]
  fiqa:  99%|█████████▉| 57.3k/57.6k [21:43<00:07, 43.9doc/s]
  fiqa:  99%|█████████▉| 57.3k/57.6k [21:43<00:07, 44.2doc/s]
  fiqa:  99%|█████████▉| 57.3k/57.6k [21:43<00:07, 43.9doc/s]
  fiqa:  99%|█████████▉| 57.3k/57.6k [21:43<00:07, 43.8doc/s]
  fiqa:  99%|█████████▉| 57.3k/57.6k [21:44<00:07, 43.7doc/s]
  fiqa:  99%|█████████▉| 57.3k/57.6k [21:44<00:06, 43.6doc/s]
  fiqa:  99%|█████████▉| 57.3k/57.6k [21:44<00:06, 43.7doc/s]
  fiqa: 100%|█████████▉| 57.4k/57.6k [21:44<00:06, 44.0doc/s]
  fiqa: 100%|█████████▉| 57.4k/57.6k [21:44<00:06, 44.1doc/s]
  fiqa: 100%|█████████▉| 57.4k/57.6k [21:44<00:06, 44.0doc/s]
  fiqa: 100%|█████████▉| 57.4k/57.6k [21:45<00:05, 44.0doc/s]
  fiqa: 100%|█████████▉| 57.4k/57.6k [21:45<00:05, 44.1doc/s]
  fiqa: 100%|█████████▉| 57.4k/57.6k [21:45<00:05, 43.8doc/s]
  fiqa: 100%|█████████▉| 57.4k/57.6k [21:45<00:05, 43.6doc/s]
  fiqa: 100%|█████████▉| 57.4k/57.6k [21:45<00:05, 43.5doc/s]
  fiqa: 100%|█████████▉| 57.4k/57.6k [21:46<00:05, 43.7doc/s]
  fiqa: 100%|█████████▉| 57.4k/57.6k [21:46<00:04, 43.8doc/s]
  fiqa: 100%|█████████▉| 57.4k/57.6k [21:46<00:04, 43.8doc/s]
  fiqa: 100%|█████████▉| 57.4k/57.6k [21:46<00:04, 45.5doc/s]
  fiqa: 100%|█████████▉| 57.4k/57.6k [21:46<00:04, 45.4doc/s]
  fiqa: 100%|█████████▉| 57.5k/57.6k [21:46<00:04, 45.0doc/s]
  fiqa: 100%|█████████▉| 57.5k/57.6k [21:47<00:03, 44.4doc/s]
  fiqa: 100%|█████████▉| 57.5k/57.6k [21:47<00:03, 44.1doc/s]
  fiqa: 100%|█████████▉| 57.5k/57.6k [21:47<00:03, 44.0doc/s]
  fiqa: 100%|█████████▉| 57.5k/57.6k [21:47<00:03, 43.3doc/s]
  fiqa: 100%|█████████▉| 57.5k/57.6k [21:47<00:03, 42.6doc/s]
  fiqa: 100%|█████████▉| 57.5k/57.6k [21:48<00:03, 42.5doc/s]
  fiqa: 100%|█████████▉| 57.5k/57.6k [21:48<00:02, 44.1doc/s]
  fiqa: 100%|█████████▉| 57.5k/57.6k [21:48<00:02, 44.2doc/s]
  fiqa: 100%|█████████▉| 57.5k/57.6k [21:48<00:02, 44.5doc/s]
  fiqa: 100%|█████████▉| 57.5k/57.6k [21:48<00:02, 44.5doc/s]
  fiqa: 100%|█████████▉| 57.5k/57.6k [21:48<00:02, 44.6doc/s]
  fiqa: 100%|█████████▉| 57.6k/57.6k [21:49<00:01, 44.9doc/s]
  fiqa: 100%|█████████▉| 57.6k/57.6k [21:49<00:01, 44.0doc/s]
  fiqa: 100%|█████████▉| 57.6k/57.6k [21:49<00:01, 43.2doc/s]
  fiqa: 100%|█████████▉| 57.6k/57.6k [21:49<00:01, 45.4doc/s]
  fiqa: 100%|█████████▉| 57.6k/57.6k [21:49<00:01, 44.8doc/s]
  fiqa: 100%|█████████▉| 57.6k/57.6k [21:50<00:01, 44.4doc/s]
  fiqa: 100%|█████████▉| 57.6k/57.6k [21:50<00:00, 43.6doc/s]
  fiqa: 100%|█████████▉| 57.6k/57.6k [21:50<00:00, 43.6doc/s]
  fiqa: 100%|█████████▉| 57.6k/57.6k [21:50<00:00, 43.5doc/s]
  fiqa: 100%|█████████▉| 57.6k/57.6k [21:50<00:00, 43.5doc/s]
  fiqa: 100%|█████████▉| 57.6k/57.6k [21:50<00:00, 43.5doc/s]
  fiqa: 100%|██████████| 57.6k/57.6k [21:51<00:00, 43.3doc/s]
  fiqa: 100%|██████████| 57.6k/57.6k [21:51<00:00, 44.0doc/s]
  Done. 57,638 docs indexed. Avg 1531.3 nonzero terms/doc. 21.9 min.

All done. Indexes written to data/beir_index/
