Device: cuda
Loading frozen Lion SPLADE: hzeng/Lion-SP-1B-llama3-marco-mntp ...
[FrozenLionSPLADE] Loading hzeng/Lion-SP-1B-llama3-marco-mntp …
[FrozenLionSPLADE] Base model: meta-llama/Llama-3.2-1B

Loading weights:   0%|          | 0/146 [00:00<?, ?it/s]
Loading weights:  76%|███████▌  | 111/146 [00:00<00:00, 1097.47it/s]
Loading weights: 100%|██████████| 146/146 [00:00<00:00, 1147.60it/s]

============================================================
[nfcorpus]
  Loading corpus from BeIR/nfcorpus ...
  3,633 documents

  nfcorpus:   0%|          | 0.00/3.63k [00:00<?, ?doc/s]
  nfcorpus:   0%|          | 4.00/3.63k [00:00<03:37, 16.7doc/s]
  nfcorpus:   0%|          | 12.0/3.63k [00:00<01:53, 31.8doc/s]
  nfcorpus:   1%|          | 20.0/3.63k [00:00<01:34, 38.4doc/s]
  nfcorpus:   1%|          | 28.0/3.63k [00:00<01:26, 41.7doc/s]
  nfcorpus:   1%|          | 36.0/3.63k [00:00<01:26, 41.4doc/s]
  nfcorpus:   1%|          | 44.0/3.63k [00:01<01:22, 43.4doc/s]
  nfcorpus:   1%|▏         | 52.0/3.63k [00:01<01:20, 44.7doc/s]
  nfcorpus:   2%|▏         | 60.0/3.63k [00:01<01:18, 45.5doc/s]
  nfcorpus:   2%|▏         | 68.0/3.63k [00:01<01:17, 46.1doc/s]
  nfcorpus:   2%|▏         | 76.0/3.63k [00:01<01:16, 46.4doc/s]
  nfcorpus:   2%|▏         | 84.0/3.63k [00:01<01:16, 46.7doc/s]
  nfcorpus:   3%|▎         | 92.0/3.63k [00:02<01:15, 46.9doc/s]
  nfcorpus:   3%|▎         | 100/3.63k [00:02<01:15, 46.9doc/s] 
  nfcorpus:   3%|▎         | 108/3.63k [00:02<01:15, 46.9doc/s]
  nfcorpus:   3%|▎         | 116/3.63k [00:02<01:14, 47.0doc/s]
  nfcorpus:   3%|▎         | 124/3.63k [00:02<01:14, 47.2doc/s]
  nfcorpus:   4%|▎         | 132/3.63k [00:02<01:13, 47.4doc/s]
  nfcorpus:   4%|▍         | 140/3.63k [00:03<01:13, 47.5doc/s]
  nfcorpus:   4%|▍         | 148/3.63k [00:03<01:13, 47.3doc/s]
  nfcorpus:   4%|▍         | 156/3.63k [00:03<01:14, 47.0doc/s]
  nfcorpus:   5%|▍         | 164/3.63k [00:03<01:13, 47.0doc/s]
  nfcorpus:   5%|▍         | 172/3.63k [00:03<01:14, 46.7doc/s]
  nfcorpus:   5%|▍         | 180/3.63k [00:03<01:13, 46.9doc/s]
  nfcorpus:   5%|▌         | 188/3.63k [00:04<01:13, 47.1doc/s]
  nfcorpus:   5%|▌         | 196/3.63k [00:04<01:12, 47.3doc/s]
  nfcorpus:   6%|▌         | 204/3.63k [00:04<01:12, 47.2doc/s]
  nfcorpus:   6%|▌         | 212/3.63k [00:04<01:12, 47.3doc/s]
  nfcorpus:   6%|▌         | 220/3.63k [00:04<01:12, 47.1doc/s]
  nfcorpus:   6%|▋         | 228/3.63k [00:05<01:13, 46.6doc/s]
  nfcorpus:   6%|▋         | 236/3.63k [00:05<01:12, 46.9doc/s]
  nfcorpus:   7%|▋         | 244/3.63k [00:05<01:12, 47.0doc/s]
  nfcorpus:   7%|▋         | 252/3.63k [00:05<01:12, 46.9doc/s]
  nfcorpus:   7%|▋         | 260/3.63k [00:05<01:12, 46.8doc/s]
  nfcorpus:   7%|▋         | 268/3.63k [00:05<01:11, 47.0doc/s]
  nfcorpus:   8%|▊         | 276/3.63k [00:06<01:11, 47.2doc/s]
  nfcorpus:   8%|▊         | 284/3.63k [00:06<01:11, 47.2doc/s]
  nfcorpus:   8%|▊         | 292/3.63k [00:06<01:10, 47.2doc/s]
  nfcorpus:   8%|▊         | 300/3.63k [00:06<01:10, 47.2doc/s]
  nfcorpus:   8%|▊         | 308/3.63k [00:06<01:10, 47.1doc/s]
  nfcorpus:   9%|▊         | 316/3.63k [00:06<01:10, 47.2doc/s]
  nfcorpus:   9%|▉         | 324/3.63k [00:07<01:09, 47.3doc/s]
  nfcorpus:   9%|▉         | 332/3.63k [00:07<01:09, 47.4doc/s]
  nfcorpus:   9%|▉         | 340/3.63k [00:07<01:09, 47.3doc/s]
  nfcorpus:  10%|▉         | 348/3.63k [00:07<01:09, 47.2doc/s]
  nfcorpus:  10%|▉         | 356/3.63k [00:07<01:09, 47.3doc/s]
  nfcorpus:  10%|█         | 364/3.63k [00:07<01:09, 47.3doc/s]
  nfcorpus:  10%|█         | 372/3.63k [00:08<01:08, 47.4doc/s]
  nfcorpus:  10%|█         | 380/3.63k [00:08<01:08, 47.4doc/s]
  nfcorpus:  11%|█         | 388/3.63k [00:08<01:08, 47.4doc/s]
  nfcorpus:  11%|█         | 396/3.63k [00:08<01:08, 47.5doc/s]
  nfcorpus:  11%|█         | 404/3.63k [00:08<01:08, 47.5doc/s]
  nfcorpus:  11%|█▏        | 412/3.63k [00:08<01:07, 47.5doc/s]
  nfcorpus:  12%|█▏        | 420/3.63k [00:09<01:07, 47.6doc/s]
  nfcorpus:  12%|█▏        | 428/3.63k [00:09<01:07, 47.2doc/s]
  nfcorpus:  12%|█▏        | 436/3.63k [00:09<01:07, 47.4doc/s]
  nfcorpus:  12%|█▏        | 444/3.63k [00:09<01:07, 47.4doc/s]
  nfcorpus:  12%|█▏        | 452/3.63k [00:09<01:07, 47.4doc/s]
  nfcorpus:  13%|█▎        | 460/3.63k [00:09<01:07, 47.2doc/s]
  nfcorpus:  13%|█▎        | 468/3.63k [00:10<01:07, 47.2doc/s]
  nfcorpus:  13%|█▎        | 476/3.63k [00:10<01:06, 47.3doc/s]
  nfcorpus:  13%|█▎        | 484/3.63k [00:10<01:06, 47.0doc/s]
  nfcorpus:  14%|█▎        | 492/3.63k [00:10<01:06, 47.0doc/s]
  nfcorpus:  14%|█▍        | 500/3.63k [00:10<01:06, 47.1doc/s]
  nfcorpus:  14%|█▍        | 508/3.63k [00:10<01:06, 47.2doc/s]
  nfcorpus:  14%|█▍        | 516/3.63k [00:11<01:05, 47.3doc/s]
  nfcorpus:  14%|█▍        | 524/3.63k [00:11<01:05, 47.4doc/s]
  nfcorpus:  15%|█▍        | 532/3.63k [00:11<01:05, 47.3doc/s]
  nfcorpus:  15%|█▍        | 540/3.63k [00:11<01:05, 47.2doc/s]
  nfcorpus:  15%|█▌        | 548/3.63k [00:11<01:05, 47.2doc/s]
  nfcorpus:  15%|█▌        | 556/3.63k [00:11<01:04, 47.4doc/s]
  nfcorpus:  16%|█▌        | 564/3.63k [00:12<01:04, 47.3doc/s]
  nfcorpus:  16%|█▌        | 572/3.63k [00:12<01:04, 47.3doc/s]
  nfcorpus:  16%|█▌        | 580/3.63k [00:12<01:04, 47.1doc/s]
  nfcorpus:  16%|█▌        | 588/3.63k [00:12<01:04, 47.2doc/s]
  nfcorpus:  16%|█▋        | 596/3.63k [00:12<01:04, 47.0doc/s]
  nfcorpus:  17%|█▋        | 604/3.63k [00:12<01:04, 47.3doc/s]
  nfcorpus:  17%|█▋        | 612/3.63k [00:13<01:03, 47.4doc/s]
  nfcorpus:  17%|█▋        | 620/3.63k [00:13<01:03, 47.2doc/s]
  nfcorpus:  17%|█▋        | 628/3.63k [00:13<01:03, 47.1doc/s]
  nfcorpus:  18%|█▊        | 636/3.63k [00:13<01:03, 47.0doc/s]
  nfcorpus:  18%|█▊        | 644/3.63k [00:13<01:03, 47.0doc/s]
  nfcorpus:  18%|█▊        | 652/3.63k [00:13<01:03, 47.2doc/s]
  nfcorpus:  18%|█▊        | 660/3.63k [00:14<01:03, 47.0doc/s]
  nfcorpus:  18%|█▊        | 668/3.63k [00:14<01:03, 47.0doc/s]
  nfcorpus:  19%|█▊        | 676/3.63k [00:14<01:02, 47.1doc/s]
  nfcorpus:  19%|█▉        | 684/3.63k [00:14<01:02, 47.1doc/s]
  nfcorpus:  19%|█▉        | 692/3.63k [00:14<01:02, 47.2doc/s]
  nfcorpus:  19%|█▉        | 700/3.63k [00:15<01:02, 47.2doc/s]
  nfcorpus:  19%|█▉        | 708/3.63k [00:15<01:01, 47.2doc/s]
  nfcorpus:  20%|█▉        | 716/3.63k [00:15<01:01, 47.1doc/s]
  nfcorpus:  20%|█▉        | 724/3.63k [00:15<01:02, 46.8doc/s]
  nfcorpus:  20%|██        | 732/3.63k [00:15<01:01, 46.9doc/s]
  nfcorpus:  20%|██        | 740/3.63k [00:15<01:01, 46.9doc/s]
  nfcorpus:  21%|██        | 748/3.63k [00:16<01:01, 46.8doc/s]
  nfcorpus:  21%|██        | 756/3.63k [00:16<01:01, 47.0doc/s]
  nfcorpus:  21%|██        | 764/3.63k [00:16<01:01, 47.0doc/s]
  nfcorpus:  21%|██        | 772/3.63k [00:16<01:00, 47.0doc/s]
  nfcorpus:  21%|██▏       | 780/3.63k [00:16<01:00, 47.1doc/s]
  nfcorpus:  22%|██▏       | 788/3.63k [00:16<01:00, 46.9doc/s]
  nfcorpus:  22%|██▏       | 796/3.63k [00:17<01:00, 47.0doc/s]
  nfcorpus:  22%|██▏       | 804/3.63k [00:17<01:00, 47.1doc/s]
  nfcorpus:  22%|██▏       | 812/3.63k [00:17<00:59, 47.1doc/s]
  nfcorpus:  23%|██▎       | 820/3.63k [00:17<00:59, 47.1doc/s]
  nfcorpus:  23%|██▎       | 828/3.63k [00:17<00:59, 47.0doc/s]
  nfcorpus:  23%|██▎       | 836/3.63k [00:17<00:59, 47.0doc/s]
  nfcorpus:  23%|██▎       | 844/3.63k [00:18<00:59, 46.8doc/s]
  nfcorpus:  23%|██▎       | 852/3.63k [00:18<00:59, 47.0doc/s]
  nfcorpus:  24%|██▎       | 860/3.63k [00:18<00:58, 47.2doc/s]
  nfcorpus:  24%|██▍       | 868/3.63k [00:18<00:58, 47.3doc/s]
  nfcorpus:  24%|██▍       | 876/3.63k [00:18<00:58, 47.2doc/s]
  nfcorpus:  24%|██▍       | 884/3.63k [00:18<00:58, 47.2doc/s]
  nfcorpus:  25%|██▍       | 892/3.63k [00:19<00:58, 47.2doc/s]
  nfcorpus:  25%|██▍       | 900/3.63k [00:19<00:57, 47.1doc/s]
  nfcorpus:  25%|██▍       | 908/3.63k [00:19<00:57, 47.2doc/s]
  nfcorpus:  25%|██▌       | 916/3.63k [00:19<00:57, 46.9doc/s]
  nfcorpus:  25%|██▌       | 924/3.63k [00:19<00:57, 47.0doc/s]
  nfcorpus:  26%|██▌       | 932/3.63k [00:19<00:57, 47.1doc/s]
  nfcorpus:  26%|██▌       | 940/3.63k [00:20<00:57, 47.0doc/s]
  nfcorpus:  26%|██▌       | 948/3.63k [00:20<00:57, 47.0doc/s]
  nfcorpus:  26%|██▋       | 956/3.63k [00:20<00:56, 47.0doc/s]
  nfcorpus:  27%|██▋       | 964/3.63k [00:20<00:56, 47.2doc/s]
  nfcorpus:  27%|██▋       | 972/3.63k [00:20<00:56, 47.3doc/s]
  nfcorpus:  27%|██▋       | 980/3.63k [00:20<00:56, 47.1doc/s]
  nfcorpus:  27%|██▋       | 988/3.63k [00:21<00:56, 47.1doc/s]
  nfcorpus:  27%|██▋       | 996/3.63k [00:21<00:56, 46.9doc/s]
  nfcorpus:  28%|██▊       | 1.00k/3.63k [00:21<00:56, 46.9doc/s]
  nfcorpus:  28%|██▊       | 1.01k/3.63k [00:21<00:55, 47.0doc/s]
  nfcorpus:  28%|██▊       | 1.02k/3.63k [00:21<00:55, 47.2doc/s]
  nfcorpus:  28%|██▊       | 1.03k/3.63k [00:21<00:55, 47.1doc/s]
  nfcorpus:  29%|██▊       | 1.04k/3.63k [00:22<00:55, 47.0doc/s]
  nfcorpus:  29%|██▊       | 1.04k/3.63k [00:22<00:55, 47.0doc/s]
  nfcorpus:  29%|██▉       | 1.05k/3.63k [00:22<00:54, 47.1doc/s]
  nfcorpus:  29%|██▉       | 1.06k/3.63k [00:22<00:54, 47.1doc/s]
  nfcorpus:  29%|██▉       | 1.07k/3.63k [00:22<00:54, 47.2doc/s]
  nfcorpus:  30%|██▉       | 1.08k/3.63k [00:23<00:54, 47.0doc/s]
  nfcorpus:  30%|██▉       | 1.08k/3.63k [00:23<00:54, 46.9doc/s]
  nfcorpus:  30%|███       | 1.09k/3.63k [00:23<00:54, 46.8doc/s]
  nfcorpus:  30%|███       | 1.10k/3.63k [00:23<00:54, 46.8doc/s]
  nfcorpus:  30%|███       | 1.11k/3.63k [00:23<00:53, 46.9doc/s]
  nfcorpus:  31%|███       | 1.12k/3.63k [00:23<00:53, 46.7doc/s]
  nfcorpus:  31%|███       | 1.12k/3.63k [00:24<00:53, 46.8doc/s]
  nfcorpus:  31%|███       | 1.13k/3.63k [00:24<00:53, 46.8doc/s]
  nfcorpus:  31%|███▏      | 1.14k/3.63k [00:24<00:53, 46.7doc/s]
  nfcorpus:  32%|███▏      | 1.15k/3.63k [00:24<00:53, 46.8doc/s]
  nfcorpus:  32%|███▏      | 1.16k/3.63k [00:24<00:52, 46.9doc/s]
  nfcorpus:  32%|███▏      | 1.16k/3.63k [00:24<00:52, 47.0doc/s]
  nfcorpus:  32%|███▏      | 1.17k/3.63k [00:25<00:52, 47.2doc/s]
  nfcorpus:  32%|███▏      | 1.18k/3.63k [00:25<00:52, 47.1doc/s]
  nfcorpus:  33%|███▎      | 1.19k/3.63k [00:25<00:51, 47.1doc/s]
  nfcorpus:  33%|███▎      | 1.20k/3.63k [00:25<00:51, 47.1doc/s]
  nfcorpus:  33%|███▎      | 1.20k/3.63k [00:25<00:51, 47.1doc/s]
  nfcorpus:  33%|███▎      | 1.21k/3.63k [00:25<00:51, 47.2doc/s]
  nfcorpus:  34%|███▎      | 1.22k/3.63k [00:26<00:50, 47.4doc/s]
  nfcorpus:  34%|███▍      | 1.23k/3.63k [00:26<00:50, 47.3doc/s]
  nfcorpus:  34%|███▍      | 1.24k/3.63k [00:26<00:50, 47.1doc/s]
  nfcorpus:  34%|███▍      | 1.24k/3.63k [00:26<00:50, 47.0doc/s]
  nfcorpus:  34%|███▍      | 1.25k/3.63k [00:26<00:50, 47.1doc/s]
  nfcorpus:  35%|███▍      | 1.26k/3.63k [00:26<00:50, 47.1doc/s]
  nfcorpus:  35%|███▍      | 1.27k/3.63k [00:27<00:50, 47.1doc/s]
  nfcorpus:  35%|███▌      | 1.28k/3.63k [00:27<00:50, 46.9doc/s]
  nfcorpus:  35%|███▌      | 1.28k/3.63k [00:27<00:50, 46.9doc/s]
  nfcorpus:  36%|███▌      | 1.29k/3.63k [00:27<00:50, 46.7doc/s]
  nfcorpus:  36%|███▌      | 1.30k/3.63k [00:27<00:49, 46.8doc/s]
  nfcorpus:  36%|███▌      | 1.31k/3.63k [00:27<00:49, 47.0doc/s]
  nfcorpus:  36%|███▌      | 1.32k/3.63k [00:28<00:49, 47.1doc/s]
  nfcorpus:  36%|███▋      | 1.32k/3.63k [00:28<00:49, 47.1doc/s]
  nfcorpus:  37%|███▋      | 1.33k/3.63k [00:28<00:48, 47.3doc/s]
  nfcorpus:  37%|███▋      | 1.34k/3.63k [00:28<00:48, 47.3doc/s]
  nfcorpus:  37%|███▋      | 1.35k/3.63k [00:28<00:48, 47.4doc/s]
  nfcorpus:  37%|███▋      | 1.36k/3.63k [00:28<00:47, 47.5doc/s]
  nfcorpus:  38%|███▊      | 1.36k/3.63k [00:29<00:47, 47.3doc/s]
  nfcorpus:  38%|███▊      | 1.37k/3.63k [00:29<00:47, 47.2doc/s]
  nfcorpus:  38%|███▊      | 1.38k/3.63k [00:29<00:47, 47.2doc/s]
  nfcorpus:  38%|███▊      | 1.39k/3.63k [00:29<00:47, 47.2doc/s]
  nfcorpus:  38%|███▊      | 1.40k/3.63k [00:29<00:47, 47.2doc/s]
  nfcorpus:  39%|███▊      | 1.40k/3.63k [00:29<00:47, 46.9doc/s]
  nfcorpus:  39%|███▉      | 1.41k/3.63k [00:30<00:47, 47.2doc/s]
  nfcorpus:  39%|███▉      | 1.42k/3.63k [00:30<00:47, 47.0doc/s]
  nfcorpus:  39%|███▉      | 1.43k/3.63k [00:30<00:46, 46.9doc/s]
  nfcorpus:  40%|███▉      | 1.44k/3.63k [00:30<00:46, 47.0doc/s]
  nfcorpus:  40%|███▉      | 1.44k/3.63k [00:30<00:46, 47.0doc/s]
  nfcorpus:  40%|███▉      | 1.45k/3.63k [00:30<00:46, 46.9doc/s]
  nfcorpus:  40%|████      | 1.46k/3.63k [00:31<00:46, 47.0doc/s]
  nfcorpus:  40%|████      | 1.47k/3.63k [00:31<00:46, 46.9doc/s]
  nfcorpus:  41%|████      | 1.48k/3.63k [00:31<00:46, 46.9doc/s]
  nfcorpus:  41%|████      | 1.48k/3.63k [00:31<00:45, 46.9doc/s]
  nfcorpus:  41%|████      | 1.49k/3.63k [00:31<00:45, 47.1doc/s]
  nfcorpus:  41%|████▏     | 1.50k/3.63k [00:32<00:45, 47.1doc/s]
  nfcorpus:  42%|████▏     | 1.51k/3.63k [00:32<00:45, 47.1doc/s]
  nfcorpus:  42%|████▏     | 1.52k/3.63k [00:32<00:45, 46.9doc/s]
  nfcorpus:  42%|████▏     | 1.52k/3.63k [00:32<00:44, 47.1doc/s]
  nfcorpus:  42%|████▏     | 1.53k/3.63k [00:32<00:44, 47.1doc/s]
  nfcorpus:  42%|████▏     | 1.54k/3.63k [00:32<00:44, 47.1doc/s]
  nfcorpus:  43%|████▎     | 1.55k/3.63k [00:33<00:44, 47.1doc/s]
  nfcorpus:  43%|████▎     | 1.56k/3.63k [00:33<00:44, 47.2doc/s]
  nfcorpus:  43%|████▎     | 1.56k/3.63k [00:33<00:43, 47.0doc/s]
  nfcorpus:  43%|████▎     | 1.57k/3.63k [00:33<00:43, 47.1doc/s]
  nfcorpus:  43%|████▎     | 1.58k/3.63k [00:33<00:43, 47.0doc/s]
  nfcorpus:  44%|████▎     | 1.59k/3.63k [00:33<00:43, 47.0doc/s]
  nfcorpus:  44%|████▍     | 1.60k/3.63k [00:34<00:43, 47.1doc/s]
  nfcorpus:  44%|████▍     | 1.60k/3.63k [00:34<00:43, 47.1doc/s]
  nfcorpus:  44%|████▍     | 1.61k/3.63k [00:34<00:42, 47.1doc/s]
  nfcorpus:  45%|████▍     | 1.62k/3.63k [00:34<00:42, 47.1doc/s]
  nfcorpus:  45%|████▍     | 1.63k/3.63k [00:34<00:42, 47.0doc/s]
  nfcorpus:  45%|████▌     | 1.64k/3.63k [00:34<00:42, 47.2doc/s]
  nfcorpus:  45%|████▌     | 1.64k/3.63k [00:35<00:42, 47.3doc/s]
  nfcorpus:  45%|████▌     | 1.65k/3.63k [00:35<00:41, 47.4doc/s]
  nfcorpus:  46%|████▌     | 1.66k/3.63k [00:35<00:41, 47.2doc/s]
  nfcorpus:  46%|████▌     | 1.67k/3.63k [00:35<00:41, 47.1doc/s]
  nfcorpus:  46%|████▌     | 1.68k/3.63k [00:35<00:41, 47.1doc/s]
  nfcorpus:  46%|████▋     | 1.68k/3.63k [00:35<00:41, 47.1doc/s]
  nfcorpus:  47%|████▋     | 1.69k/3.63k [00:36<00:41, 47.1doc/s]
  nfcorpus:  47%|████▋     | 1.70k/3.63k [00:36<00:41, 47.0doc/s]
  nfcorpus:  47%|████▋     | 1.71k/3.63k [00:36<00:40, 47.1doc/s]
  nfcorpus:  47%|████▋     | 1.72k/3.63k [00:36<00:40, 47.1doc/s]
  nfcorpus:  47%|████▋     | 1.72k/3.63k [00:36<00:40, 46.9doc/s]
  nfcorpus:  48%|████▊     | 1.73k/3.63k [00:36<00:40, 46.9doc/s]
  nfcorpus:  48%|████▊     | 1.74k/3.63k [00:37<00:40, 46.9doc/s]
  nfcorpus:  48%|████▊     | 1.75k/3.63k [00:37<00:40, 46.9doc/s]
  nfcorpus:  48%|████▊     | 1.76k/3.63k [00:37<00:39, 47.0doc/s]
  nfcorpus:  49%|████▊     | 1.76k/3.63k [00:37<00:39, 47.0doc/s]
  nfcorpus:  49%|████▉     | 1.77k/3.63k [00:37<00:39, 47.0doc/s]
  nfcorpus:  49%|████▉     | 1.78k/3.63k [00:37<00:39, 47.1doc/s]
  nfcorpus:  49%|████▉     | 1.79k/3.63k [00:38<00:39, 46.8doc/s]
  nfcorpus:  49%|████▉     | 1.80k/3.63k [00:38<00:39, 46.9doc/s]
  nfcorpus:  50%|████▉     | 1.80k/3.63k [00:38<00:38, 47.0doc/s]
  nfcorpus:  50%|████▉     | 1.81k/3.63k [00:38<00:38, 46.9doc/s]
  nfcorpus:  50%|█████     | 1.82k/3.63k [00:38<00:38, 47.0doc/s]
  nfcorpus:  50%|█████     | 1.83k/3.63k [00:38<00:38, 46.9doc/s]
  nfcorpus:  51%|█████     | 1.84k/3.63k [00:39<00:38, 47.0doc/s]
  nfcorpus:  51%|█████     | 1.84k/3.63k [00:39<00:38, 47.1doc/s]
  nfcorpus:  51%|█████     | 1.85k/3.63k [00:39<00:37, 47.1doc/s]
  nfcorpus:  51%|█████     | 1.86k/3.63k [00:39<00:37, 46.9doc/s]
  nfcorpus:  51%|█████▏    | 1.87k/3.63k [00:39<00:37, 47.0doc/s]
  nfcorpus:  52%|█████▏    | 1.88k/3.63k [00:40<00:37, 47.0doc/s]
  nfcorpus:  52%|█████▏    | 1.88k/3.63k [00:40<00:37, 46.9doc/s]
  nfcorpus:  52%|█████▏    | 1.89k/3.63k [00:40<00:37, 46.8doc/s]
  nfcorpus:  52%|█████▏    | 1.90k/3.63k [00:40<00:36, 46.9doc/s]
  nfcorpus:  53%|█████▎    | 1.91k/3.63k [00:40<00:36, 46.7doc/s]
  nfcorpus:  53%|█████▎    | 1.92k/3.63k [00:40<00:36, 46.9doc/s]
  nfcorpus:  53%|█████▎    | 1.92k/3.63k [00:41<00:36, 46.9doc/s]
  nfcorpus:  53%|█████▎    | 1.93k/3.63k [00:41<00:36, 47.0doc/s]
  nfcorpus:  53%|█████▎    | 1.94k/3.63k [00:41<00:36, 47.0doc/s]
  nfcorpus:  54%|█████▎    | 1.95k/3.63k [00:41<00:35, 47.1doc/s]
  nfcorpus:  54%|█████▍    | 1.96k/3.63k [00:41<00:35, 47.1doc/s]
  nfcorpus:  54%|█████▍    | 1.96k/3.63k [00:41<00:35, 47.0doc/s]
  nfcorpus:  54%|█████▍    | 1.97k/3.63k [00:42<00:35, 46.9doc/s]
  nfcorpus:  55%|█████▍    | 1.98k/3.63k [00:42<00:35, 47.0doc/s]
  nfcorpus:  55%|█████▍    | 1.99k/3.63k [00:42<00:35, 47.0doc/s]
  nfcorpus:  55%|█████▍    | 2.00k/3.63k [00:42<00:34, 47.1doc/s]
  nfcorpus:  55%|█████▌    | 2.00k/3.63k [00:42<00:34, 47.0doc/s]
  nfcorpus:  55%|█████▌    | 2.01k/3.63k [00:42<00:34, 46.9doc/s]
  nfcorpus:  56%|█████▌    | 2.02k/3.63k [00:43<00:34, 46.9doc/s]
  nfcorpus:  56%|█████▌    | 2.03k/3.63k [00:43<00:34, 46.8doc/s]
  nfcorpus:  56%|█████▌    | 2.04k/3.63k [00:43<00:34, 46.8doc/s]
  nfcorpus:  56%|█████▋    | 2.04k/3.63k [00:43<00:34, 46.7doc/s]
  nfcorpus:  56%|█████▋    | 2.05k/3.63k [00:43<00:33, 46.8doc/s]
  nfcorpus:  57%|█████▋    | 2.06k/3.63k [00:43<00:33, 46.8doc/s]
  nfcorpus:  57%|█████▋    | 2.07k/3.63k [00:44<00:33, 46.9doc/s]
  nfcorpus:  57%|█████▋    | 2.08k/3.63k [00:44<00:33, 46.9doc/s]
  nfcorpus:  57%|█████▋    | 2.08k/3.63k [00:44<00:33, 46.9doc/s]
  nfcorpus:  58%|█████▊    | 2.09k/3.63k [00:44<00:32, 47.1doc/s]
  nfcorpus:  58%|█████▊    | 2.10k/3.63k [00:44<00:32, 47.0doc/s]
  nfcorpus:  58%|█████▊    | 2.11k/3.63k [00:44<00:32, 46.9doc/s]
  nfcorpus:  58%|█████▊    | 2.12k/3.63k [00:45<00:32, 47.0doc/s]
  nfcorpus:  58%|█████▊    | 2.12k/3.63k [00:45<00:32, 46.9doc/s]
  nfcorpus:  59%|█████▊    | 2.13k/3.63k [00:45<00:32, 46.9doc/s]
  nfcorpus:  59%|█████▉    | 2.14k/3.63k [00:45<00:31, 46.8doc/s]
  nfcorpus:  59%|█████▉    | 2.15k/3.63k [00:45<00:31, 47.0doc/s]
  nfcorpus:  59%|█████▉    | 2.16k/3.63k [00:45<00:31, 47.0doc/s]
  nfcorpus:  60%|█████▉    | 2.16k/3.63k [00:46<00:31, 46.9doc/s]
  nfcorpus:  60%|█████▉    | 2.17k/3.63k [00:46<00:31, 46.9doc/s]
  nfcorpus:  60%|██████    | 2.18k/3.63k [00:46<00:30, 47.1doc/s]
  nfcorpus:  60%|██████    | 2.19k/3.63k [00:46<00:30, 47.0doc/s]
  nfcorpus:  60%|██████    | 2.20k/3.63k [00:46<00:30, 46.9doc/s]
  nfcorpus:  61%|██████    | 2.20k/3.63k [00:47<00:30, 46.9doc/s]
  nfcorpus:  61%|██████    | 2.21k/3.63k [00:47<00:30, 46.9doc/s]
  nfcorpus:  61%|██████    | 2.22k/3.63k [00:47<00:30, 47.0doc/s]
  nfcorpus:  61%|██████▏   | 2.23k/3.63k [00:47<00:30, 46.6doc/s]
  nfcorpus:  62%|██████▏   | 2.24k/3.63k [00:47<00:29, 46.7doc/s]
  nfcorpus:  62%|██████▏   | 2.24k/3.63k [00:47<00:29, 46.8doc/s]
  nfcorpus:  62%|██████▏   | 2.25k/3.63k [00:48<00:29, 46.6doc/s]
  nfcorpus:  62%|██████▏   | 2.26k/3.63k [00:48<00:29, 46.8doc/s]
  nfcorpus:  62%|██████▏   | 2.27k/3.63k [00:48<00:29, 46.8doc/s]
  nfcorpus:  63%|██████▎   | 2.28k/3.63k [00:48<00:28, 46.9doc/s]
  nfcorpus:  63%|██████▎   | 2.28k/3.63k [00:48<00:28, 46.8doc/s]
  nfcorpus:  63%|██████▎   | 2.29k/3.63k [00:48<00:28, 47.0doc/s]
  nfcorpus:  63%|██████▎   | 2.30k/3.63k [00:49<00:28, 47.0doc/s]
  nfcorpus:  64%|██████▎   | 2.31k/3.63k [00:49<00:28, 47.1doc/s]
  nfcorpus:  64%|██████▎   | 2.32k/3.63k [00:49<00:28, 47.0doc/s]
  nfcorpus:  64%|██████▍   | 2.32k/3.63k [00:49<00:27, 47.1doc/s]
  nfcorpus:  64%|██████▍   | 2.33k/3.63k [00:49<00:27, 46.9doc/s]
  nfcorpus:  64%|██████▍   | 2.34k/3.63k [00:49<00:27, 47.0doc/s]
  nfcorpus:  65%|██████▍   | 2.35k/3.63k [00:50<00:27, 47.0doc/s]
  nfcorpus:  65%|██████▍   | 2.36k/3.63k [00:50<00:27, 47.1doc/s]
  nfcorpus:  65%|██████▌   | 2.36k/3.63k [00:50<00:27, 47.0doc/s]
  nfcorpus:  65%|██████▌   | 2.37k/3.63k [00:50<00:26, 47.0doc/s]
  nfcorpus:  66%|██████▌   | 2.38k/3.63k [00:50<00:26, 47.0doc/s]
  nfcorpus:  66%|██████▌   | 2.39k/3.63k [00:50<00:26, 47.0doc/s]
  nfcorpus:  66%|██████▌   | 2.40k/3.63k [00:51<00:26, 46.9doc/s]
  nfcorpus:  66%|██████▌   | 2.40k/3.63k [00:51<00:26, 46.9doc/s]
  nfcorpus:  66%|██████▋   | 2.41k/3.63k [00:51<00:26, 46.8doc/s]
  nfcorpus:  67%|██████▋   | 2.42k/3.63k [00:51<00:25, 46.7doc/s]
  nfcorpus:  67%|██████▋   | 2.43k/3.63k [00:51<00:25, 46.9doc/s]
  nfcorpus:  67%|██████▋   | 2.44k/3.63k [00:51<00:25, 46.8doc/s]
  nfcorpus:  67%|██████▋   | 2.44k/3.63k [00:52<00:25, 46.7doc/s]
  nfcorpus:  67%|██████▋   | 2.45k/3.63k [00:52<00:25, 46.8doc/s]
  nfcorpus:  68%|██████▊   | 2.46k/3.63k [00:52<00:25, 46.7doc/s]
  nfcorpus:  68%|██████▊   | 2.47k/3.63k [00:52<00:24, 46.8doc/s]
  nfcorpus:  68%|██████▊   | 2.48k/3.63k [00:52<00:24, 46.9doc/s]
  nfcorpus:  68%|██████▊   | 2.48k/3.63k [00:52<00:24, 46.9doc/s]
  nfcorpus:  69%|██████▊   | 2.49k/3.63k [00:53<00:24, 46.8doc/s]
  nfcorpus:  69%|██████▉   | 2.50k/3.63k [00:53<00:24, 46.8doc/s]
  nfcorpus:  69%|██████▉   | 2.51k/3.63k [00:53<00:24, 46.8doc/s]
  nfcorpus:  69%|██████▉   | 2.52k/3.63k [00:53<00:23, 46.8doc/s]
  nfcorpus:  69%|██████▉   | 2.52k/3.63k [00:53<00:23, 46.7doc/s]
  nfcorpus:  70%|██████▉   | 2.53k/3.63k [00:54<00:23, 46.7doc/s]
  nfcorpus:  70%|██████▉   | 2.54k/3.63k [00:54<00:23, 46.7doc/s]
  nfcorpus:  70%|███████   | 2.55k/3.63k [00:54<00:23, 46.7doc/s]
  nfcorpus:  70%|███████   | 2.56k/3.63k [00:54<00:23, 46.7doc/s]
  nfcorpus:  71%|███████   | 2.56k/3.63k [00:54<00:22, 46.8doc/s]
  nfcorpus:  71%|███████   | 2.57k/3.63k [00:54<00:22, 46.9doc/s]
  nfcorpus:  71%|███████   | 2.58k/3.63k [00:55<00:22, 46.9doc/s]
  nfcorpus:  71%|███████   | 2.59k/3.63k [00:55<00:22, 47.0doc/s]
  nfcorpus:  71%|███████▏  | 2.60k/3.63k [00:55<00:22, 46.9doc/s]
  nfcorpus:  72%|███████▏  | 2.60k/3.63k [00:55<00:21, 47.0doc/s]
  nfcorpus:  72%|███████▏  | 2.61k/3.63k [00:55<00:21, 46.9doc/s]
  nfcorpus:  72%|███████▏  | 2.62k/3.63k [00:55<00:21, 46.9doc/s]
  nfcorpus:  72%|███████▏  | 2.63k/3.63k [00:56<00:21, 46.7doc/s]
  nfcorpus:  73%|███████▎  | 2.64k/3.63k [00:56<00:21, 46.6doc/s]
  nfcorpus:  73%|███████▎  | 2.64k/3.63k [00:56<00:21, 46.7doc/s]
  nfcorpus:  73%|███████▎  | 2.65k/3.63k [00:56<00:20, 46.9doc/s]
  nfcorpus:  73%|███████▎  | 2.66k/3.63k [00:56<00:20, 46.9doc/s]
  nfcorpus:  73%|███████▎  | 2.67k/3.63k [00:56<00:20, 46.9doc/s]
  nfcorpus:  74%|███████▎  | 2.68k/3.63k [00:57<00:20, 46.9doc/s]
  nfcorpus:  74%|███████▍  | 2.68k/3.63k [00:57<00:20, 46.9doc/s]
  nfcorpus:  74%|███████▍  | 2.69k/3.63k [00:57<00:20, 46.9doc/s]
  nfcorpus:  74%|███████▍  | 2.70k/3.63k [00:57<00:19, 47.0doc/s]
  nfcorpus:  75%|███████▍  | 2.71k/3.63k [00:57<00:19, 46.7doc/s]
  nfcorpus:  75%|███████▍  | 2.72k/3.63k [00:57<00:19, 46.8doc/s]
  nfcorpus:  75%|███████▍  | 2.72k/3.63k [00:58<00:19, 46.8doc/s]
  nfcorpus:  75%|███████▌  | 2.73k/3.63k [00:58<00:19, 46.8doc/s]
  nfcorpus:  75%|███████▌  | 2.74k/3.63k [00:58<00:18, 47.0doc/s]
  nfcorpus:  76%|███████▌  | 2.75k/3.63k [00:58<00:18, 47.0doc/s]
  nfcorpus:  76%|███████▌  | 2.76k/3.63k [00:58<00:18, 47.0doc/s]
  nfcorpus:  76%|███████▌  | 2.76k/3.63k [00:58<00:18, 47.0doc/s]
  nfcorpus:  76%|███████▋  | 2.77k/3.63k [00:59<00:18, 47.0doc/s]
  nfcorpus:  77%|███████▋  | 2.78k/3.63k [00:59<00:18, 47.0doc/s]
  nfcorpus:  77%|███████▋  | 2.79k/3.63k [00:59<00:18, 46.9doc/s]
  nfcorpus:  77%|███████▋  | 2.80k/3.63k [00:59<00:17, 46.6doc/s]
  nfcorpus:  77%|███████▋  | 2.80k/3.63k [00:59<00:17, 46.7doc/s]
  nfcorpus:  77%|███████▋  | 2.81k/3.63k [00:59<00:17, 46.7doc/s]
  nfcorpus:  78%|███████▊  | 2.82k/3.63k [01:00<00:17, 46.6doc/s]
  nfcorpus:  78%|███████▊  | 2.83k/3.63k [01:00<00:17, 46.7doc/s]
  nfcorpus:  78%|███████▊  | 2.84k/3.63k [01:00<00:17, 46.8doc/s]
  nfcorpus:  78%|███████▊  | 2.84k/3.63k [01:00<00:16, 46.8doc/s]
  nfcorpus:  79%|███████▊  | 2.85k/3.63k [01:00<00:16, 46.8doc/s]
  nfcorpus:  79%|███████▊  | 2.86k/3.63k [01:01<00:16, 46.8doc/s]
  nfcorpus:  79%|███████▉  | 2.87k/3.63k [01:01<00:16, 46.9doc/s]
  nfcorpus:  79%|███████▉  | 2.88k/3.63k [01:01<00:16, 46.8doc/s]
  nfcorpus:  79%|███████▉  | 2.88k/3.63k [01:01<00:15, 47.0doc/s]
  nfcorpus:  80%|███████▉  | 2.89k/3.63k [01:01<00:15, 47.1doc/s]
  nfcorpus:  80%|███████▉  | 2.90k/3.63k [01:01<00:15, 46.8doc/s]
  nfcorpus:  80%|████████  | 2.91k/3.63k [01:02<00:15, 46.8doc/s]
  nfcorpus:  80%|████████  | 2.92k/3.63k [01:02<00:15, 46.9doc/s]
  nfcorpus:  80%|████████  | 2.92k/3.63k [01:02<00:15, 47.0doc/s]
  nfcorpus:  81%|████████  | 2.93k/3.63k [01:02<00:14, 47.1doc/s]
  nfcorpus:  81%|████████  | 2.94k/3.63k [01:02<00:14, 47.0doc/s]
  nfcorpus:  81%|████████  | 2.95k/3.63k [01:02<00:14, 46.9doc/s]
  nfcorpus:  81%|████████▏ | 2.96k/3.63k [01:03<00:14, 46.9doc/s]
  nfcorpus:  82%|████████▏ | 2.96k/3.63k [01:03<00:14, 46.8doc/s]
  nfcorpus:  82%|████████▏ | 2.97k/3.63k [01:03<00:14, 46.7doc/s]
  nfcorpus:  82%|████████▏ | 2.98k/3.63k [01:03<00:13, 46.9doc/s]
  nfcorpus:  82%|████████▏ | 2.99k/3.63k [01:03<00:13, 46.9doc/s]
  nfcorpus:  82%|████████▏ | 3.00k/3.63k [01:03<00:13, 46.8doc/s]
  nfcorpus:  83%|████████▎ | 3.00k/3.63k [01:04<00:13, 46.8doc/s]
  nfcorpus:  83%|████████▎ | 3.01k/3.63k [01:04<00:13, 46.7doc/s]
  nfcorpus:  83%|████████▎ | 3.02k/3.63k [01:04<00:13, 46.8doc/s]
  nfcorpus:  83%|████████▎ | 3.03k/3.63k [01:04<00:12, 46.7doc/s]
  nfcorpus:  84%|████████▎ | 3.04k/3.63k [01:04<00:12, 46.8doc/s]
  nfcorpus:  84%|████████▍ | 3.04k/3.63k [01:04<00:12, 46.9doc/s]
  nfcorpus:  84%|████████▍ | 3.05k/3.63k [01:05<00:12, 46.9doc/s]
  nfcorpus:  84%|████████▍ | 3.06k/3.63k [01:05<00:12, 46.9doc/s]
  nfcorpus:  84%|████████▍ | 3.07k/3.63k [01:05<00:12, 46.6doc/s]
  nfcorpus:  85%|████████▍ | 3.08k/3.63k [01:05<00:11, 46.6doc/s]
  nfcorpus:  85%|████████▍ | 3.08k/3.63k [01:05<00:11, 46.7doc/s]
  nfcorpus:  85%|████████▌ | 3.09k/3.63k [01:05<00:11, 46.5doc/s]
  nfcorpus:  85%|████████▌ | 3.10k/3.63k [01:06<00:11, 46.6doc/s]
  nfcorpus:  86%|████████▌ | 3.11k/3.63k [01:06<00:11, 46.7doc/s]
  nfcorpus:  86%|████████▌ | 3.12k/3.63k [01:06<00:11, 46.7doc/s]
  nfcorpus:  86%|████████▌ | 3.12k/3.63k [01:06<00:10, 46.9doc/s]
  nfcorpus:  86%|████████▌ | 3.13k/3.63k [01:06<00:10, 47.0doc/s]
  nfcorpus:  86%|████████▋ | 3.14k/3.63k [01:06<00:10, 47.0doc/s]
  nfcorpus:  87%|████████▋ | 3.15k/3.63k [01:07<00:10, 47.1doc/s]
  nfcorpus:  87%|████████▋ | 3.16k/3.63k [01:07<00:10, 46.9doc/s]
  nfcorpus:  87%|████████▋ | 3.16k/3.63k [01:07<00:10, 46.9doc/s]
  nfcorpus:  87%|████████▋ | 3.17k/3.63k [01:07<00:09, 46.8doc/s]
  nfcorpus:  88%|████████▊ | 3.18k/3.63k [01:07<00:09, 46.9doc/s]
  nfcorpus:  88%|████████▊ | 3.19k/3.63k [01:08<00:09, 46.8doc/s]
  nfcorpus:  88%|████████▊ | 3.20k/3.63k [01:08<00:09, 46.6doc/s]
  nfcorpus:  88%|████████▊ | 3.20k/3.63k [01:08<00:09, 46.6doc/s]
  nfcorpus:  88%|████████▊ | 3.21k/3.63k [01:08<00:09, 46.7doc/s]
  nfcorpus:  89%|████████▊ | 3.22k/3.63k [01:08<00:08, 46.7doc/s]
  nfcorpus:  89%|████████▉ | 3.23k/3.63k [01:08<00:08, 46.8doc/s]
  nfcorpus:  89%|████████▉ | 3.24k/3.63k [01:09<00:08, 46.9doc/s]
  nfcorpus:  89%|████████▉ | 3.24k/3.63k [01:09<00:08, 46.9doc/s]
  nfcorpus:  90%|████████▉ | 3.25k/3.63k [01:09<00:08, 46.8doc/s]
  nfcorpus:  90%|████████▉ | 3.26k/3.63k [01:09<00:07, 46.8doc/s]
  nfcorpus:  90%|████████▉ | 3.27k/3.63k [01:09<00:07, 46.7doc/s]
  nfcorpus:  90%|█████████ | 3.28k/3.63k [01:09<00:07, 46.7doc/s]
  nfcorpus:  90%|█████████ | 3.28k/3.63k [01:10<00:07, 46.6doc/s]
  nfcorpus:  91%|█████████ | 3.29k/3.63k [01:10<00:07, 46.7doc/s]
  nfcorpus:  91%|█████████ | 3.30k/3.63k [01:10<00:07, 46.7doc/s]
  nfcorpus:  91%|█████████ | 3.31k/3.63k [01:10<00:06, 46.7doc/s]
  nfcorpus:  91%|█████████▏| 3.32k/3.63k [01:10<00:06, 46.8doc/s]
  nfcorpus:  91%|█████████▏| 3.32k/3.63k [01:10<00:06, 46.8doc/s]
  nfcorpus:  92%|█████████▏| 3.33k/3.63k [01:11<00:06, 46.7doc/s]
  nfcorpus:  92%|█████████▏| 3.34k/3.63k [01:11<00:06, 46.7doc/s]
  nfcorpus:  92%|█████████▏| 3.35k/3.63k [01:11<00:06, 46.7doc/s]
  nfcorpus:  92%|█████████▏| 3.36k/3.63k [01:11<00:05, 46.7doc/s]
  nfcorpus:  93%|█████████▎| 3.36k/3.63k [01:11<00:05, 46.6doc/s]
  nfcorpus:  93%|█████████▎| 3.37k/3.63k [01:11<00:05, 46.7doc/s]
  nfcorpus:  93%|█████████▎| 3.38k/3.63k [01:12<00:05, 46.7doc/s]
  nfcorpus:  93%|█████████▎| 3.39k/3.63k [01:12<00:05, 46.7doc/s]
  nfcorpus:  93%|█████████▎| 3.40k/3.63k [01:12<00:05, 46.7doc/s]
  nfcorpus:  94%|█████████▎| 3.40k/3.63k [01:12<00:04, 46.6doc/s]
  nfcorpus:  94%|█████████▍| 3.41k/3.63k [01:12<00:04, 46.7doc/s]
  nfcorpus:  94%|█████████▍| 3.42k/3.63k [01:12<00:04, 46.8doc/s]
  nfcorpus:  94%|█████████▍| 3.43k/3.63k [01:13<00:04, 46.7doc/s]
  nfcorpus:  95%|█████████▍| 3.44k/3.63k [01:13<00:04, 46.8doc/s]
  nfcorpus:  95%|█████████▍| 3.44k/3.63k [01:13<00:04, 46.8doc/s]
  nfcorpus:  95%|█████████▌| 3.45k/3.63k [01:13<00:03, 46.8doc/s]
  nfcorpus:  95%|█████████▌| 3.46k/3.63k [01:13<00:03, 46.7doc/s]
  nfcorpus:  95%|█████████▌| 3.47k/3.63k [01:13<00:03, 46.7doc/s]
  nfcorpus:  96%|█████████▌| 3.48k/3.63k [01:14<00:03, 46.8doc/s]
  nfcorpus:  96%|█████████▌| 3.48k/3.63k [01:14<00:03, 47.0doc/s]
  nfcorpus:  96%|█████████▌| 3.49k/3.63k [01:14<00:02, 47.0doc/s]
  nfcorpus:  96%|█████████▋| 3.50k/3.63k [01:14<00:02, 46.9doc/s]
  nfcorpus:  97%|█████████▋| 3.51k/3.63k [01:14<00:02, 47.0doc/s]
  nfcorpus:  97%|█████████▋| 3.52k/3.63k [01:15<00:02, 47.1doc/s]
  nfcorpus:  97%|█████████▋| 3.52k/3.63k [01:15<00:02, 46.9doc/s]
  nfcorpus:  97%|█████████▋| 3.53k/3.63k [01:15<00:02, 46.8doc/s]
  nfcorpus:  97%|█████████▋| 3.54k/3.63k [01:15<00:01, 46.9doc/s]
  nfcorpus:  98%|█████████▊| 3.55k/3.63k [01:15<00:01, 46.6doc/s]
  nfcorpus:  98%|█████████▊| 3.56k/3.63k [01:15<00:01, 46.7doc/s]
  nfcorpus:  98%|█████████▊| 3.56k/3.63k [01:16<00:01, 46.7doc/s]
  nfcorpus:  98%|█████████▊| 3.57k/3.63k [01:16<00:01, 46.8doc/s]
  nfcorpus:  99%|█████████▊| 3.58k/3.63k [01:16<00:01, 46.7doc/s]
  nfcorpus:  99%|█████████▉| 3.59k/3.63k [01:16<00:00, 46.6doc/s]
  nfcorpus:  99%|█████████▉| 3.60k/3.63k [01:16<00:00, 46.9doc/s]
  nfcorpus:  99%|█████████▉| 3.60k/3.63k [01:16<00:00, 46.8doc/s]
  nfcorpus:  99%|█████████▉| 3.61k/3.63k [01:17<00:00, 46.9doc/s]
  nfcorpus: 100%|█████████▉| 3.62k/3.63k [01:17<00:00, 46.9doc/s]
  nfcorpus: 100%|█████████▉| 3.63k/3.63k [01:17<00:00, 46.8doc/s]
  nfcorpus: 100%|██████████| 3.63k/3.63k [01:17<00:00, 44.3doc/s]
  nfcorpus: 100%|██████████| 3.63k/3.63k [01:17<00:00, 46.8doc/s]
  Done. 3,633 docs indexed. Avg 1705.4 nonzero terms/doc. 1.3 min.

============================================================
[scifact]
  Loading corpus from BeIR/scifact ...
  5,183 documents

  scifact:   0%|          | 0.00/5.18k [00:00<?, ?doc/s]
  scifact:   0%|          | 8.00/5.18k [00:00<01:53, 45.7doc/s]
  scifact:   0%|          | 16.0/5.18k [00:00<01:52, 46.1doc/s]
  scifact:   0%|          | 24.0/5.18k [00:00<01:50, 46.7doc/s]
  scifact:   1%|          | 32.0/5.18k [00:00<01:50, 46.8doc/s]
  scifact:   1%|          | 40.0/5.18k [00:00<01:49, 47.0doc/s]
  scifact:   1%|          | 48.0/5.18k [00:01<01:49, 47.1doc/s]
  scifact:   1%|          | 56.0/5.18k [00:01<01:49, 46.9doc/s]
  scifact:   1%|          | 64.0/5.18k [00:01<01:49, 46.9doc/s]
  scifact:   1%|▏         | 72.0/5.18k [00:01<01:48, 46.9doc/s]
  scifact:   2%|▏         | 80.0/5.18k [00:01<01:48, 46.9doc/s]
  scifact:   2%|▏         | 88.0/5.18k [00:01<01:48, 46.9doc/s]
  scifact:   2%|▏         | 96.0/5.18k [00:02<01:48, 46.9doc/s]
  scifact:   2%|▏         | 104/5.18k [00:02<01:48, 46.8doc/s] 
  scifact:   2%|▏         | 112/5.18k [00:02<01:48, 46.6doc/s]
  scifact:   2%|▏         | 120/5.18k [00:02<01:48, 46.6doc/s]
  scifact:   2%|▏         | 128/5.18k [00:02<01:48, 46.7doc/s]
  scifact:   3%|▎         | 136/5.18k [00:02<01:47, 46.8doc/s]
  scifact:   3%|▎         | 144/5.18k [00:03<01:47, 46.9doc/s]
  scifact:   3%|▎         | 152/5.18k [00:03<01:47, 46.9doc/s]
  scifact:   3%|▎         | 160/5.18k [00:03<01:47, 46.9doc/s]
  scifact:   3%|▎         | 168/5.18k [00:03<01:46, 47.0doc/s]
  scifact:   3%|▎         | 176/5.18k [00:03<01:46, 47.0doc/s]
  scifact:   4%|▎         | 184/5.18k [00:03<01:46, 46.8doc/s]
  scifact:   4%|▎         | 192/5.18k [00:04<01:46, 46.8doc/s]
  scifact:   4%|▍         | 200/5.18k [00:04<01:46, 46.8doc/s]
  scifact:   4%|▍         | 208/5.18k [00:04<01:46, 46.8doc/s]
  scifact:   4%|▍         | 216/5.18k [00:04<01:46, 46.8doc/s]
  scifact:   4%|▍         | 224/5.18k [00:04<01:45, 46.9doc/s]
  scifact:   4%|▍         | 232/5.18k [00:04<01:45, 46.7doc/s]
  scifact:   5%|▍         | 240/5.18k [00:05<01:45, 46.8doc/s]
  scifact:   5%|▍         | 248/5.18k [00:05<01:45, 46.8doc/s]
  scifact:   5%|▍         | 256/5.18k [00:05<01:45, 46.9doc/s]
  scifact:   5%|▌         | 264/5.18k [00:05<01:44, 46.9doc/s]
  scifact:   5%|▌         | 272/5.18k [00:05<01:45, 46.8doc/s]
  scifact:   5%|▌         | 280/5.18k [00:05<01:45, 46.5doc/s]
  scifact:   6%|▌         | 288/5.18k [00:06<01:45, 46.6doc/s]
  scifact:   6%|▌         | 296/5.18k [00:06<01:44, 46.6doc/s]
  scifact:   6%|▌         | 304/5.18k [00:06<01:44, 46.7doc/s]
  scifact:   6%|▌         | 312/5.18k [00:06<01:44, 46.8doc/s]
  scifact:   6%|▌         | 320/5.18k [00:06<01:43, 46.8doc/s]
  scifact:   6%|▋         | 328/5.18k [00:07<01:43, 46.8doc/s]
  scifact:   6%|▋         | 336/5.18k [00:07<01:43, 46.7doc/s]
  scifact:   7%|▋         | 344/5.18k [00:07<01:43, 46.8doc/s]
  scifact:   7%|▋         | 352/5.18k [00:07<01:43, 46.8doc/s]
  scifact:   7%|▋         | 360/5.18k [00:07<01:42, 46.9doc/s]
  scifact:   7%|▋         | 368/5.18k [00:07<01:42, 46.9doc/s]
  scifact:   7%|▋         | 376/5.18k [00:08<01:42, 46.9doc/s]
  scifact:   7%|▋         | 384/5.18k [00:08<01:42, 46.9doc/s]
  scifact:   8%|▊         | 392/5.18k [00:08<01:42, 46.9doc/s]
  scifact:   8%|▊         | 400/5.18k [00:08<01:42, 46.9doc/s]
  scifact:   8%|▊         | 408/5.18k [00:08<01:41, 46.9doc/s]
  scifact:   8%|▊         | 416/5.18k [00:08<01:41, 46.9doc/s]
  scifact:   8%|▊         | 424/5.18k [00:09<01:41, 46.8doc/s]
  scifact:   8%|▊         | 432/5.18k [00:09<01:41, 46.8doc/s]
  scifact:   8%|▊         | 440/5.18k [00:09<01:41, 46.7doc/s]
  scifact:   9%|▊         | 448/5.18k [00:09<01:40, 46.9doc/s]
  scifact:   9%|▉         | 456/5.18k [00:09<01:40, 47.0doc/s]
  scifact:   9%|▉         | 464/5.18k [00:09<01:40, 46.8doc/s]
  scifact:   9%|▉         | 472/5.18k [00:10<01:40, 46.8doc/s]
  scifact:   9%|▉         | 480/5.18k [00:10<01:40, 46.8doc/s]
  scifact:   9%|▉         | 488/5.18k [00:10<01:39, 47.0doc/s]
  scifact:  10%|▉         | 496/5.18k [00:10<01:39, 46.9doc/s]
  scifact:  10%|▉         | 504/5.18k [00:10<01:39, 47.0doc/s]
  scifact:  10%|▉         | 512/5.18k [00:10<01:40, 46.7doc/s]
  scifact:  10%|█         | 520/5.18k [00:11<01:39, 46.8doc/s]
  scifact:  10%|█         | 528/5.18k [00:11<01:39, 46.7doc/s]
  scifact:  10%|█         | 536/5.18k [00:11<01:39, 46.9doc/s]
  scifact:  10%|█         | 544/5.18k [00:11<01:38, 47.0doc/s]
  scifact:  11%|█         | 552/5.18k [00:11<01:38, 46.9doc/s]
  scifact:  11%|█         | 560/5.18k [00:11<01:38, 46.7doc/s]
  scifact:  11%|█         | 568/5.18k [00:12<01:38, 46.9doc/s]
  scifact:  11%|█         | 576/5.18k [00:12<01:38, 47.0doc/s]
  scifact:  11%|█▏        | 584/5.18k [00:12<01:37, 47.0doc/s]
  scifact:  11%|█▏        | 592/5.18k [00:12<01:37, 47.0doc/s]
  scifact:  12%|█▏        | 600/5.18k [00:12<01:38, 46.7doc/s]
  scifact:  12%|█▏        | 608/5.18k [00:12<01:37, 46.7doc/s]
  scifact:  12%|█▏        | 616/5.18k [00:13<01:37, 46.6doc/s]
  scifact:  12%|█▏        | 624/5.18k [00:13<01:37, 46.7doc/s]
  scifact:  12%|█▏        | 632/5.18k [00:13<01:37, 46.7doc/s]
  scifact:  12%|█▏        | 640/5.18k [00:13<01:37, 46.8doc/s]
  scifact:  13%|█▎        | 648/5.18k [00:13<01:37, 46.7doc/s]
  scifact:  13%|█▎        | 656/5.18k [00:14<01:36, 46.7doc/s]
  scifact:  13%|█▎        | 664/5.18k [00:14<01:36, 46.8doc/s]
  scifact:  13%|█▎        | 672/5.18k [00:14<01:36, 46.9doc/s]
  scifact:  13%|█▎        | 680/5.18k [00:14<01:36, 46.8doc/s]
  scifact:  13%|█▎        | 688/5.18k [00:14<01:35, 46.8doc/s]
  scifact:  13%|█▎        | 696/5.18k [00:14<01:35, 47.0doc/s]
  scifact:  14%|█▎        | 704/5.18k [00:15<01:35, 46.8doc/s]
  scifact:  14%|█▎        | 712/5.18k [00:15<01:35, 46.8doc/s]
  scifact:  14%|█▍        | 720/5.18k [00:15<01:35, 46.8doc/s]
  scifact:  14%|█▍        | 728/5.18k [00:15<01:35, 46.9doc/s]
  scifact:  14%|█▍        | 736/5.18k [00:15<01:35, 46.8doc/s]
  scifact:  14%|█▍        | 744/5.18k [00:15<01:34, 46.8doc/s]
  scifact:  15%|█▍        | 752/5.18k [00:16<01:34, 46.7doc/s]
  scifact:  15%|█▍        | 760/5.18k [00:16<01:34, 46.8doc/s]
  scifact:  15%|█▍        | 768/5.18k [00:16<01:34, 46.8doc/s]
  scifact:  15%|█▍        | 776/5.18k [00:16<01:34, 46.8doc/s]
  scifact:  15%|█▌        | 784/5.18k [00:16<01:34, 46.8doc/s]
  scifact:  15%|█▌        | 792/5.18k [00:16<01:34, 46.7doc/s]
  scifact:  15%|█▌        | 800/5.18k [00:17<01:33, 46.7doc/s]
  scifact:  16%|█▌        | 808/5.18k [00:17<01:33, 46.8doc/s]
  scifact:  16%|█▌        | 816/5.18k [00:17<01:33, 46.8doc/s]
  scifact:  16%|█▌        | 824/5.18k [00:17<01:33, 46.8doc/s]
  scifact:  16%|█▌        | 832/5.18k [00:17<01:32, 46.8doc/s]
  scifact:  16%|█▌        | 840/5.18k [00:17<01:32, 46.8doc/s]
  scifact:  16%|█▋        | 848/5.18k [00:18<01:32, 46.7doc/s]
  scifact:  17%|█▋        | 856/5.18k [00:18<01:32, 46.7doc/s]
  scifact:  17%|█▋        | 864/5.18k [00:18<01:32, 46.7doc/s]
  scifact:  17%|█▋        | 872/5.18k [00:18<01:32, 46.7doc/s]
  scifact:  17%|█▋        | 880/5.18k [00:18<01:31, 46.8doc/s]
  scifact:  17%|█▋        | 888/5.18k [00:18<01:31, 46.8doc/s]
  scifact:  17%|█▋        | 896/5.18k [00:19<01:31, 46.9doc/s]
  scifact:  17%|█▋        | 904/5.18k [00:19<01:30, 47.0doc/s]
  scifact:  18%|█▊        | 912/5.18k [00:19<01:31, 46.9doc/s]
  scifact:  18%|█▊        | 920/5.18k [00:19<01:30, 46.9doc/s]
  scifact:  18%|█▊        | 928/5.18k [00:19<01:31, 46.7doc/s]
  scifact:  18%|█▊        | 936/5.18k [00:19<01:30, 46.8doc/s]
  scifact:  18%|█▊        | 944/5.18k [00:20<01:30, 46.7doc/s]
  scifact:  18%|█▊        | 952/5.18k [00:20<01:30, 46.9doc/s]
  scifact:  19%|█▊        | 960/5.18k [00:20<01:29, 47.0doc/s]
  scifact:  19%|█▊        | 968/5.18k [00:20<01:29, 47.0doc/s]
  scifact:  19%|█▉        | 976/5.18k [00:20<01:29, 46.9doc/s]
  scifact:  19%|█▉        | 984/5.18k [00:21<01:30, 46.6doc/s]
  scifact:  19%|█▉        | 992/5.18k [00:21<01:30, 46.5doc/s]
  scifact:  19%|█▉        | 1.00k/5.18k [00:21<01:29, 46.5doc/s]
  scifact:  19%|█▉        | 1.01k/5.18k [00:21<01:29, 46.5doc/s]
  scifact:  20%|█▉        | 1.02k/5.18k [00:21<01:29, 46.8doc/s]
  scifact:  20%|█▉        | 1.02k/5.18k [00:21<01:28, 46.9doc/s]
  scifact:  20%|█▉        | 1.03k/5.18k [00:22<01:28, 46.8doc/s]
  scifact:  20%|██        | 1.04k/5.18k [00:22<01:28, 46.7doc/s]
  scifact:  20%|██        | 1.05k/5.18k [00:22<01:28, 46.7doc/s]
  scifact:  20%|██        | 1.06k/5.18k [00:22<01:28, 46.7doc/s]
  scifact:  21%|██        | 1.06k/5.18k [00:22<01:28, 46.7doc/s]
  scifact:  21%|██        | 1.07k/5.18k [00:22<01:27, 46.8doc/s]
  scifact:  21%|██        | 1.08k/5.18k [00:23<01:27, 46.7doc/s]
  scifact:  21%|██        | 1.09k/5.18k [00:23<01:27, 46.6doc/s]
  scifact:  21%|██        | 1.10k/5.18k [00:23<01:27, 46.6doc/s]
  scifact:  21%|██▏       | 1.10k/5.18k [00:23<01:27, 46.7doc/s]
  scifact:  21%|██▏       | 1.11k/5.18k [00:23<01:27, 46.7doc/s]
  scifact:  22%|██▏       | 1.12k/5.18k [00:23<01:27, 46.7doc/s]
  scifact:  22%|██▏       | 1.13k/5.18k [00:24<01:26, 46.7doc/s]
  scifact:  22%|██▏       | 1.14k/5.18k [00:24<01:26, 46.7doc/s]
  scifact:  22%|██▏       | 1.14k/5.18k [00:24<01:26, 46.7doc/s]
  scifact:  22%|██▏       | 1.15k/5.18k [00:24<01:26, 46.7doc/s]
  scifact:  22%|██▏       | 1.16k/5.18k [00:24<01:26, 46.7doc/s]
  scifact:  23%|██▎       | 1.17k/5.18k [00:24<01:25, 46.8doc/s]
  scifact:  23%|██▎       | 1.18k/5.18k [00:25<01:25, 46.7doc/s]
  scifact:  23%|██▎       | 1.18k/5.18k [00:25<01:25, 46.7doc/s]
  scifact:  23%|██▎       | 1.19k/5.18k [00:25<01:25, 46.7doc/s]
  scifact:  23%|██▎       | 1.20k/5.18k [00:25<01:25, 46.8doc/s]
  scifact:  23%|██▎       | 1.21k/5.18k [00:25<01:24, 46.9doc/s]
  scifact:  23%|██▎       | 1.22k/5.18k [00:25<01:25, 46.6doc/s]
  scifact:  24%|██▎       | 1.22k/5.18k [00:26<01:24, 46.6doc/s]
  scifact:  24%|██▍       | 1.23k/5.18k [00:26<01:24, 46.5doc/s]
  scifact:  24%|██▍       | 1.24k/5.18k [00:26<01:24, 46.6doc/s]
  scifact:  24%|██▍       | 1.25k/5.18k [00:26<01:24, 46.7doc/s]
  scifact:  24%|██▍       | 1.26k/5.18k [00:26<01:23, 46.9doc/s]
  scifact:  24%|██▍       | 1.26k/5.18k [00:27<01:23, 46.9doc/s]
  scifact:  25%|██▍       | 1.27k/5.18k [00:27<01:23, 46.8doc/s]
  scifact:  25%|██▍       | 1.28k/5.18k [00:27<01:23, 46.8doc/s]
  scifact:  25%|██▍       | 1.29k/5.18k [00:27<01:23, 46.9doc/s]
  scifact:  25%|██▌       | 1.30k/5.18k [00:27<01:23, 46.8doc/s]
  scifact:  25%|██▌       | 1.30k/5.18k [00:27<01:23, 46.7doc/s]
  scifact:  25%|██▌       | 1.31k/5.18k [00:28<01:22, 46.8doc/s]
  scifact:  25%|██▌       | 1.32k/5.18k [00:28<01:22, 46.7doc/s]
  scifact:  26%|██▌       | 1.33k/5.18k [00:28<01:22, 46.7doc/s]
  scifact:  26%|██▌       | 1.34k/5.18k [00:28<01:22, 46.8doc/s]
  scifact:  26%|██▌       | 1.34k/5.18k [00:28<01:21, 46.9doc/s]
  scifact:  26%|██▌       | 1.35k/5.18k [00:28<01:21, 46.8doc/s]
  scifact:  26%|██▌       | 1.36k/5.18k [00:29<01:21, 46.9doc/s]
  scifact:  26%|██▋       | 1.37k/5.18k [00:29<01:21, 46.7doc/s]
  scifact:  27%|██▋       | 1.38k/5.18k [00:29<01:21, 46.7doc/s]
  scifact:  27%|██▋       | 1.38k/5.18k [00:29<01:21, 46.7doc/s]
  scifact:  27%|██▋       | 1.39k/5.18k [00:29<01:21, 46.7doc/s]
  scifact:  27%|██▋       | 1.40k/5.18k [00:29<01:20, 46.8doc/s]
  scifact:  27%|██▋       | 1.41k/5.18k [00:30<01:20, 46.7doc/s]
  scifact:  27%|██▋       | 1.42k/5.18k [00:30<01:20, 46.8doc/s]
  scifact:  27%|██▋       | 1.42k/5.18k [00:30<01:20, 46.9doc/s]
  scifact:  28%|██▊       | 1.43k/5.18k [00:30<01:20, 46.7doc/s]
  scifact:  28%|██▊       | 1.44k/5.18k [00:30<01:20, 46.8doc/s]
  scifact:  28%|██▊       | 1.45k/5.18k [00:30<01:19, 46.7doc/s]
  scifact:  28%|██▊       | 1.46k/5.18k [00:31<01:19, 46.7doc/s]
  scifact:  28%|██▊       | 1.46k/5.18k [00:31<01:19, 46.5doc/s]
  scifact:  28%|██▊       | 1.47k/5.18k [00:31<01:19, 46.5doc/s]
  scifact:  29%|██▊       | 1.48k/5.18k [00:31<01:19, 46.6doc/s]
  scifact:  29%|██▊       | 1.49k/5.18k [00:31<01:19, 46.6doc/s]
  scifact:  29%|██▉       | 1.50k/5.18k [00:31<01:19, 46.6doc/s]
  scifact:  29%|██▉       | 1.50k/5.18k [00:32<01:18, 46.7doc/s]
  scifact:  29%|██▉       | 1.51k/5.18k [00:32<01:18, 46.8doc/s]
  scifact:  29%|██▉       | 1.52k/5.18k [00:32<01:18, 46.7doc/s]
  scifact:  29%|██▉       | 1.53k/5.18k [00:32<01:18, 46.7doc/s]
  scifact:  30%|██▉       | 1.54k/5.18k [00:32<01:18, 46.7doc/s]
  scifact:  30%|██▉       | 1.54k/5.18k [00:33<01:17, 46.9doc/s]
  scifact:  30%|██▉       | 1.55k/5.18k [00:33<01:17, 46.9doc/s]
  scifact:  30%|███       | 1.56k/5.18k [00:33<01:17, 46.8doc/s]
  scifact:  30%|███       | 1.57k/5.18k [00:33<01:17, 46.7doc/s]
  scifact:  30%|███       | 1.58k/5.18k [00:33<01:17, 46.7doc/s]
  scifact:  31%|███       | 1.58k/5.18k [00:33<01:16, 46.8doc/s]
  scifact:  31%|███       | 1.59k/5.18k [00:34<01:16, 46.7doc/s]
  scifact:  31%|███       | 1.60k/5.18k [00:34<01:16, 46.8doc/s]
  scifact:  31%|███       | 1.61k/5.18k [00:34<01:16, 46.8doc/s]
  scifact:  31%|███       | 1.62k/5.18k [00:34<01:16, 46.8doc/s]
  scifact:  31%|███▏      | 1.62k/5.18k [00:34<01:16, 46.7doc/s]
  scifact:  31%|███▏      | 1.63k/5.18k [00:34<01:16, 46.7doc/s]
  scifact:  32%|███▏      | 1.64k/5.18k [00:35<01:16, 46.6doc/s]
  scifact:  32%|███▏      | 1.65k/5.18k [00:35<01:15, 46.6doc/s]
  scifact:  32%|███▏      | 1.66k/5.18k [00:35<01:15, 46.7doc/s]
  scifact:  32%|███▏      | 1.66k/5.18k [00:35<01:15, 46.8doc/s]
  scifact:  32%|███▏      | 1.67k/5.18k [00:35<01:15, 46.8doc/s]
  scifact:  32%|███▏      | 1.68k/5.18k [00:35<01:14, 46.8doc/s]
  scifact:  33%|███▎      | 1.69k/5.18k [00:36<01:14, 46.7doc/s]
  scifact:  33%|███▎      | 1.70k/5.18k [00:36<01:14, 46.8doc/s]
  scifact:  33%|███▎      | 1.70k/5.18k [00:36<01:14, 46.8doc/s]
  scifact:  33%|███▎      | 1.71k/5.18k [00:36<01:14, 46.8doc/s]
  scifact:  33%|███▎      | 1.72k/5.18k [00:36<01:14, 46.8doc/s]
  scifact:  33%|███▎      | 1.73k/5.18k [00:36<01:13, 46.8doc/s]
  scifact:  33%|███▎      | 1.74k/5.18k [00:37<01:13, 46.7doc/s]
  scifact:  34%|███▎      | 1.74k/5.18k [00:37<01:13, 46.6doc/s]
  scifact:  34%|███▍      | 1.75k/5.18k [00:37<01:13, 46.6doc/s]
  scifact:  34%|███▍      | 1.76k/5.18k [00:37<01:13, 46.6doc/s]
  scifact:  34%|███▍      | 1.77k/5.18k [00:37<01:13, 46.8doc/s]
  scifact:  34%|███▍      | 1.78k/5.18k [00:37<01:13, 46.6doc/s]
  scifact:  34%|███▍      | 1.78k/5.18k [00:38<01:12, 46.6doc/s]
  scifact:  35%|███▍      | 1.79k/5.18k [00:38<01:12, 46.7doc/s]
  scifact:  35%|███▍      | 1.80k/5.18k [00:38<01:12, 46.7doc/s]
  scifact:  35%|███▍      | 1.81k/5.18k [00:38<01:12, 46.7doc/s]
  scifact:  35%|███▌      | 1.82k/5.18k [00:38<01:12, 46.7doc/s]
  scifact:  35%|███▌      | 1.82k/5.18k [00:39<01:11, 46.8doc/s]
  scifact:  35%|███▌      | 1.83k/5.18k [00:39<01:11, 46.7doc/s]
  scifact:  36%|███▌      | 1.84k/5.18k [00:39<01:12, 46.2doc/s]
  scifact:  36%|███▌      | 1.85k/5.18k [00:39<01:11, 46.4doc/s]
  scifact:  36%|███▌      | 1.86k/5.18k [00:39<01:11, 46.5doc/s]
  scifact:  36%|███▌      | 1.86k/5.18k [00:39<01:11, 46.6doc/s]
  scifact:  36%|███▌      | 1.87k/5.18k [00:40<01:11, 46.6doc/s]
  scifact:  36%|███▋      | 1.88k/5.18k [00:40<01:10, 46.6doc/s]
  scifact:  36%|███▋      | 1.89k/5.18k [00:40<01:10, 46.8doc/s]
  scifact:  37%|███▋      | 1.90k/5.18k [00:40<01:10, 46.8doc/s]
  scifact:  37%|███▋      | 1.90k/5.18k [00:40<01:09, 46.9doc/s]
  scifact:  37%|███▋      | 1.91k/5.18k [00:40<01:09, 46.8doc/s]
  scifact:  37%|███▋      | 1.92k/5.18k [00:41<01:09, 46.9doc/s]
  scifact:  37%|███▋      | 1.93k/5.18k [00:41<01:09, 47.0doc/s]
  scifact:  37%|███▋      | 1.94k/5.18k [00:41<01:09, 47.0doc/s]
  scifact:  38%|███▊      | 1.94k/5.18k [00:41<01:09, 46.8doc/s]
  scifact:  38%|███▊      | 1.95k/5.18k [00:41<01:09, 46.5doc/s]
  scifact:  38%|███▊      | 1.96k/5.18k [00:41<01:09, 46.7doc/s]
  scifact:  38%|███▊      | 1.97k/5.18k [00:42<01:08, 46.7doc/s]
  scifact:  38%|███▊      | 1.98k/5.18k [00:42<01:08, 46.6doc/s]
  scifact:  38%|███▊      | 1.98k/5.18k [00:42<01:08, 46.6doc/s]
  scifact:  38%|███▊      | 1.99k/5.18k [00:42<01:08, 46.5doc/s]
  scifact:  39%|███▊      | 2.00k/5.18k [00:42<01:08, 46.5doc/s]
  scifact:  39%|███▊      | 2.01k/5.18k [00:42<01:08, 46.5doc/s]
  scifact:  39%|███▉      | 2.02k/5.18k [00:43<01:07, 46.7doc/s]
  scifact:  39%|███▉      | 2.02k/5.18k [00:43<01:07, 46.7doc/s]
  scifact:  39%|███▉      | 2.03k/5.18k [00:43<01:07, 46.7doc/s]
  scifact:  39%|███▉      | 2.04k/5.18k [00:43<01:07, 46.7doc/s]
  scifact:  40%|███▉      | 2.05k/5.18k [00:43<01:07, 46.8doc/s]
  scifact:  40%|███▉      | 2.06k/5.18k [00:43<01:07, 46.6doc/s]
  scifact:  40%|███▉      | 2.06k/5.18k [00:44<01:06, 46.6doc/s]
  scifact:  40%|███▉      | 2.07k/5.18k [00:44<01:06, 46.6doc/s]
  scifact:  40%|████      | 2.08k/5.18k [00:44<01:06, 46.6doc/s]
  scifact:  40%|████      | 2.09k/5.18k [00:44<01:06, 46.7doc/s]
  scifact:  40%|████      | 2.10k/5.18k [00:44<01:06, 46.5doc/s]
  scifact:  41%|████      | 2.10k/5.18k [00:45<01:06, 46.4doc/s]
  scifact:  41%|████      | 2.11k/5.18k [00:45<01:06, 46.5doc/s]
  scifact:  41%|████      | 2.12k/5.18k [00:45<01:05, 46.6doc/s]
  scifact:  41%|████      | 2.13k/5.18k [00:45<01:05, 46.7doc/s]
  scifact:  41%|████      | 2.14k/5.18k [00:45<01:05, 46.8doc/s]
  scifact:  41%|████▏     | 2.14k/5.18k [00:45<01:04, 46.8doc/s]
  scifact:  42%|████▏     | 2.15k/5.18k [00:46<01:04, 46.7doc/s]
  scifact:  42%|████▏     | 2.16k/5.18k [00:46<01:04, 46.6doc/s]
  scifact:  42%|████▏     | 2.17k/5.18k [00:46<01:04, 46.6doc/s]
  scifact:  42%|████▏     | 2.18k/5.18k [00:46<01:04, 46.6doc/s]
  scifact:  42%|████▏     | 2.18k/5.18k [00:46<01:04, 46.7doc/s]
  scifact:  42%|████▏     | 2.19k/5.18k [00:46<01:03, 46.8doc/s]
  scifact:  42%|████▏     | 2.20k/5.18k [00:47<01:03, 46.9doc/s]
  scifact:  43%|████▎     | 2.21k/5.18k [00:47<01:03, 46.7doc/s]
  scifact:  43%|████▎     | 2.22k/5.18k [00:47<01:03, 46.7doc/s]
  scifact:  43%|████▎     | 2.22k/5.18k [00:47<01:03, 46.7doc/s]
  scifact:  43%|████▎     | 2.23k/5.18k [00:47<01:03, 46.6doc/s]
  scifact:  43%|████▎     | 2.24k/5.18k [00:47<01:03, 46.6doc/s]
  scifact:  43%|████▎     | 2.25k/5.18k [00:48<01:03, 46.5doc/s]
  scifact:  44%|████▎     | 2.26k/5.18k [00:48<01:02, 46.5doc/s]
  scifact:  44%|████▎     | 2.26k/5.18k [00:48<01:02, 46.5doc/s]
  scifact:  44%|████▍     | 2.27k/5.18k [00:48<01:02, 46.6doc/s]
  scifact:  44%|████▍     | 2.28k/5.18k [00:48<01:02, 46.6doc/s]
  scifact:  44%|████▍     | 2.29k/5.18k [00:48<01:02, 46.5doc/s]
  scifact:  44%|████▍     | 2.30k/5.18k [00:49<01:02, 46.5doc/s]
  scifact:  44%|████▍     | 2.30k/5.18k [00:49<01:01, 46.5doc/s]
  scifact:  45%|████▍     | 2.31k/5.18k [00:49<01:01, 46.5doc/s]
  scifact:  45%|████▍     | 2.32k/5.18k [00:49<01:01, 46.5doc/s]
  scifact:  45%|████▍     | 2.33k/5.18k [00:49<01:01, 46.7doc/s]
  scifact:  45%|████▌     | 2.34k/5.18k [00:49<01:01, 46.7doc/s]
  scifact:  45%|████▌     | 2.34k/5.18k [00:50<01:00, 46.6doc/s]
  scifact:  45%|████▌     | 2.35k/5.18k [00:50<01:00, 46.8doc/s]
  scifact:  46%|████▌     | 2.36k/5.18k [00:50<01:00, 46.9doc/s]
  scifact:  46%|████▌     | 2.37k/5.18k [00:50<01:00, 46.8doc/s]
  scifact:  46%|████▌     | 2.38k/5.18k [00:50<01:00, 46.8doc/s]
  scifact:  46%|████▌     | 2.38k/5.18k [00:51<00:59, 46.8doc/s]
  scifact:  46%|████▌     | 2.39k/5.18k [00:51<00:59, 46.6doc/s]
  scifact:  46%|████▋     | 2.40k/5.18k [00:51<00:59, 46.5doc/s]
  scifact:  46%|████▋     | 2.41k/5.18k [00:51<00:59, 46.3doc/s]
  scifact:  47%|████▋     | 2.42k/5.18k [00:51<00:59, 46.2doc/s]
  scifact:  47%|████▋     | 2.42k/5.18k [00:51<00:59, 46.1doc/s]
  scifact:  47%|████▋     | 2.43k/5.18k [00:52<00:59, 46.2doc/s]
  scifact:  47%|████▋     | 2.44k/5.18k [00:52<00:59, 46.1doc/s]
  scifact:  47%|████▋     | 2.45k/5.18k [00:52<00:59, 46.0doc/s]
  scifact:  47%|████▋     | 2.46k/5.18k [00:52<00:59, 46.2doc/s]
  scifact:  48%|████▊     | 2.46k/5.18k [00:52<00:59, 45.9doc/s]
  scifact:  48%|████▊     | 2.47k/5.18k [00:52<00:59, 45.9doc/s]
  scifact:  48%|████▊     | 2.48k/5.18k [00:53<00:58, 45.9doc/s]
  scifact:  48%|████▊     | 2.49k/5.18k [00:53<00:58, 46.0doc/s]
  scifact:  48%|████▊     | 2.50k/5.18k [00:53<00:58, 46.1doc/s]
  scifact:  48%|████▊     | 2.50k/5.18k [00:53<00:58, 46.2doc/s]
  scifact:  48%|████▊     | 2.51k/5.18k [00:53<00:57, 46.1doc/s]
  scifact:  49%|████▊     | 2.52k/5.18k [00:53<00:57, 46.3doc/s]
  scifact:  49%|████▉     | 2.53k/5.18k [00:54<00:57, 46.2doc/s]
  scifact:  49%|████▉     | 2.54k/5.18k [00:54<00:57, 45.9doc/s]
  scifact:  49%|████▉     | 2.54k/5.18k [00:54<00:57, 46.0doc/s]
  scifact:  49%|████▉     | 2.55k/5.18k [00:54<00:56, 46.2doc/s]
  scifact:  49%|████▉     | 2.56k/5.18k [00:54<00:56, 46.4doc/s]
  scifact:  50%|████▉     | 2.57k/5.18k [00:54<00:56, 46.5doc/s]
  scifact:  50%|████▉     | 2.58k/5.18k [00:55<00:55, 46.6doc/s]
  scifact:  50%|████▉     | 2.58k/5.18k [00:55<00:55, 46.6doc/s]
  scifact:  50%|█████     | 2.59k/5.18k [00:55<00:55, 46.6doc/s]
  scifact:  50%|█████     | 2.60k/5.18k [00:55<00:55, 46.6doc/s]
  scifact:  50%|█████     | 2.61k/5.18k [00:55<00:55, 46.2doc/s]
  scifact:  50%|█████     | 2.62k/5.18k [00:56<00:55, 46.1doc/s]
  scifact:  51%|█████     | 2.62k/5.18k [00:56<00:55, 46.1doc/s]
  scifact:  51%|█████     | 2.63k/5.18k [00:56<00:55, 46.2doc/s]
  scifact:  51%|█████     | 2.64k/5.18k [00:56<00:54, 46.3doc/s]
  scifact:  51%|█████     | 2.65k/5.18k [00:56<00:54, 46.4doc/s]
  scifact:  51%|█████     | 2.66k/5.18k [00:56<00:54, 46.4doc/s]
  scifact:  51%|█████▏    | 2.66k/5.18k [00:57<00:54, 46.4doc/s]
  scifact:  52%|█████▏    | 2.67k/5.18k [00:57<00:54, 45.8doc/s]
  scifact:  52%|█████▏    | 2.68k/5.18k [00:57<00:55, 45.5doc/s]
  scifact:  52%|█████▏    | 2.69k/5.18k [00:57<00:54, 45.8doc/s]
  scifact:  52%|█████▏    | 2.70k/5.18k [00:57<00:54, 46.0doc/s]
  scifact:  52%|█████▏    | 2.70k/5.18k [00:57<00:53, 46.1doc/s]
  scifact:  52%|█████▏    | 2.71k/5.18k [00:58<00:53, 46.1doc/s]
  scifact:  52%|█████▏    | 2.72k/5.18k [00:58<00:53, 46.1doc/s]
  scifact:  53%|█████▎    | 2.73k/5.18k [00:58<00:53, 46.1doc/s]
  scifact:  53%|█████▎    | 2.74k/5.18k [00:58<00:52, 46.2doc/s]
  scifact:  53%|█████▎    | 2.74k/5.18k [00:58<00:52, 46.4doc/s]
  scifact:  53%|█████▎    | 2.75k/5.18k [00:58<00:52, 46.4doc/s]
  scifact:  53%|█████▎    | 2.76k/5.18k [00:59<00:52, 46.3doc/s]
  scifact:  53%|█████▎    | 2.77k/5.18k [00:59<00:52, 46.3doc/s]
  scifact:  54%|█████▎    | 2.78k/5.18k [00:59<00:52, 46.3doc/s]
  scifact:  54%|█████▎    | 2.78k/5.18k [00:59<00:51, 46.3doc/s]
  scifact:  54%|█████▍    | 2.79k/5.18k [00:59<00:51, 46.3doc/s]
  scifact:  54%|█████▍    | 2.80k/5.18k [01:00<00:51, 46.4doc/s]
  scifact:  54%|█████▍    | 2.81k/5.18k [01:00<00:51, 46.4doc/s]
  scifact:  54%|█████▍    | 2.82k/5.18k [01:00<00:51, 46.2doc/s]
  scifact:  54%|█████▍    | 2.82k/5.18k [01:00<00:51, 46.0doc/s]
  scifact:  55%|█████▍    | 2.83k/5.18k [01:00<00:51, 45.9doc/s]
  scifact:  55%|█████▍    | 2.84k/5.18k [01:00<00:50, 46.0doc/s]
  scifact:  55%|█████▍    | 2.85k/5.18k [01:01<00:50, 46.0doc/s]
  scifact:  55%|█████▌    | 2.86k/5.18k [01:01<00:50, 46.1doc/s]
  scifact:  55%|█████▌    | 2.86k/5.18k [01:01<00:50, 46.2doc/s]
  scifact:  55%|█████▌    | 2.87k/5.18k [01:01<00:49, 46.6doc/s]
  scifact:  56%|█████▌    | 2.88k/5.18k [01:01<00:49, 46.6doc/s]
  scifact:  56%|█████▌    | 2.89k/5.18k [01:01<00:49, 46.6doc/s]
  scifact:  56%|█████▌    | 2.90k/5.18k [01:02<00:49, 46.5doc/s]
  scifact:  56%|█████▌    | 2.90k/5.18k [01:02<00:49, 46.5doc/s]
  scifact:  56%|█████▌    | 2.91k/5.18k [01:02<00:48, 46.4doc/s]
  scifact:  56%|█████▋    | 2.92k/5.18k [01:02<00:49, 45.9doc/s]
  scifact:  56%|█████▋    | 2.93k/5.18k [01:02<00:49, 45.6doc/s]
  scifact:  57%|█████▋    | 2.94k/5.18k [01:02<00:49, 45.6doc/s]
  scifact:  57%|█████▋    | 2.94k/5.18k [01:03<00:49, 45.7doc/s]
  scifact:  57%|█████▋    | 2.95k/5.18k [01:03<00:48, 45.7doc/s]
  scifact:  57%|█████▋    | 2.96k/5.18k [01:03<00:48, 45.7doc/s]
  scifact:  57%|█████▋    | 2.97k/5.18k [01:03<00:48, 45.9doc/s]
  scifact:  57%|█████▋    | 2.98k/5.18k [01:03<00:48, 45.9doc/s]
  scifact:  58%|█████▊    | 2.98k/5.18k [01:04<00:48, 45.8doc/s]
  scifact:  58%|█████▊    | 2.99k/5.18k [01:04<00:48, 45.6doc/s]
  scifact:  58%|█████▊    | 3.00k/5.18k [01:04<00:47, 45.6doc/s]
  scifact:  58%|█████▊    | 3.01k/5.18k [01:04<00:47, 45.6doc/s]
  scifact:  58%|█████▊    | 3.02k/5.18k [01:04<00:47, 45.7doc/s]
  scifact:  58%|█████▊    | 3.02k/5.18k [01:04<00:47, 45.7doc/s]
  scifact:  58%|█████▊    | 3.03k/5.18k [01:05<00:46, 46.0doc/s]
  scifact:  59%|█████▊    | 3.04k/5.18k [01:05<00:46, 46.0doc/s]
  scifact:  59%|█████▉    | 3.05k/5.18k [01:05<00:46, 46.0doc/s]
  scifact:  59%|█████▉    | 3.06k/5.18k [01:05<00:46, 46.1doc/s]
  scifact:  59%|█████▉    | 3.06k/5.18k [01:05<00:45, 46.3doc/s]
  scifact:  59%|█████▉    | 3.07k/5.18k [01:05<00:45, 46.5doc/s]
  scifact:  59%|█████▉    | 3.08k/5.18k [01:06<00:45, 46.7doc/s]
  scifact:  60%|█████▉    | 3.09k/5.18k [01:06<00:46, 45.5doc/s]
  scifact:  60%|█████▉    | 3.10k/5.18k [01:06<00:46, 44.8doc/s]
  scifact:  60%|█████▉    | 3.10k/5.18k [01:06<00:46, 44.7doc/s]
  scifact:  60%|██████    | 3.11k/5.18k [01:06<00:46, 44.9doc/s]
  scifact:  60%|██████    | 3.12k/5.18k [01:06<00:45, 45.3doc/s]
  scifact:  60%|██████    | 3.13k/5.18k [01:07<00:45, 45.4doc/s]
  scifact:  61%|██████    | 3.14k/5.18k [01:07<00:44, 45.7doc/s]
  scifact:  61%|██████    | 3.14k/5.18k [01:07<00:44, 46.0doc/s]
  scifact:  61%|██████    | 3.15k/5.18k [01:07<00:44, 46.1doc/s]
  scifact:  61%|██████    | 3.16k/5.18k [01:07<00:43, 46.2doc/s]
  scifact:  61%|██████    | 3.17k/5.18k [01:08<00:43, 46.3doc/s]
  scifact:  61%|██████▏   | 3.18k/5.18k [01:08<00:43, 46.4doc/s]
  scifact:  61%|██████▏   | 3.18k/5.18k [01:08<00:43, 46.3doc/s]
  scifact:  62%|██████▏   | 3.19k/5.18k [01:08<00:43, 46.2doc/s]
  scifact:  62%|██████▏   | 3.20k/5.18k [01:08<00:42, 46.3doc/s]
  scifact:  62%|██████▏   | 3.21k/5.18k [01:08<00:42, 46.2doc/s]
  scifact:  62%|██████▏   | 3.22k/5.18k [01:09<00:42, 46.3doc/s]
  scifact:  62%|██████▏   | 3.22k/5.18k [01:09<00:42, 46.5doc/s]
  scifact:  62%|██████▏   | 3.23k/5.18k [01:09<00:41, 46.6doc/s]
  scifact:  63%|██████▎   | 3.24k/5.18k [01:09<00:41, 46.6doc/s]
  scifact:  63%|██████▎   | 3.25k/5.18k [01:09<00:42, 45.4doc/s]
  scifact:  63%|██████▎   | 3.26k/5.18k [01:09<00:43, 44.7doc/s]
  scifact:  63%|██████▎   | 3.26k/5.18k [01:10<00:43, 44.5doc/s]
  scifact:  63%|██████▎   | 3.27k/5.18k [01:10<00:42, 44.7doc/s]
  scifact:  63%|██████▎   | 3.28k/5.18k [01:10<00:42, 45.0doc/s]
  scifact:  63%|██████▎   | 3.29k/5.18k [01:10<00:41, 45.5doc/s]
  scifact:  64%|██████▎   | 3.30k/5.18k [01:10<00:41, 45.8doc/s]
  scifact:  64%|██████▎   | 3.30k/5.18k [01:11<00:40, 46.0doc/s]
  scifact:  64%|██████▍   | 3.31k/5.18k [01:11<00:40, 46.0doc/s]
  scifact:  64%|██████▍   | 3.32k/5.18k [01:11<00:40, 45.6doc/s]
  scifact:  64%|██████▍   | 3.33k/5.18k [01:11<00:40, 45.7doc/s]
  scifact:  64%|██████▍   | 3.34k/5.18k [01:11<00:40, 45.9doc/s]
  scifact:  65%|██████▍   | 3.34k/5.18k [01:11<00:39, 46.1doc/s]
  scifact:  65%|██████▍   | 3.35k/5.18k [01:12<00:39, 46.1doc/s]
  scifact:  65%|██████▍   | 3.36k/5.18k [01:12<00:39, 46.2doc/s]
  scifact:  65%|██████▍   | 3.37k/5.18k [01:12<00:39, 46.4doc/s]
  scifact:  65%|██████▌   | 3.38k/5.18k [01:12<00:38, 46.4doc/s]
  scifact:  65%|██████▌   | 3.38k/5.18k [01:12<00:39, 46.0doc/s]
  scifact:  65%|██████▌   | 3.39k/5.18k [01:12<00:39, 45.8doc/s]
  scifact:  66%|██████▌   | 3.40k/5.18k [01:13<00:39, 45.5doc/s]
  scifact:  66%|██████▌   | 3.41k/5.18k [01:13<00:39, 45.4doc/s]
  scifact:  66%|██████▌   | 3.42k/5.18k [01:13<00:38, 45.6doc/s]
  scifact:  66%|██████▌   | 3.42k/5.18k [01:13<00:38, 45.8doc/s]
  scifact:  66%|██████▌   | 3.43k/5.18k [01:13<00:38, 45.9doc/s]
  scifact:  66%|██████▋   | 3.44k/5.18k [01:13<00:38, 45.7doc/s]
  scifact:  67%|██████▋   | 3.45k/5.18k [01:14<00:38, 45.6doc/s]
  scifact:  67%|██████▋   | 3.46k/5.18k [01:14<00:37, 45.7doc/s]
  scifact:  67%|██████▋   | 3.46k/5.18k [01:14<00:37, 45.6doc/s]
  scifact:  67%|██████▋   | 3.47k/5.18k [01:14<00:37, 45.5doc/s]
  scifact:  67%|██████▋   | 3.48k/5.18k [01:14<00:37, 45.5doc/s]
  scifact:  67%|██████▋   | 3.49k/5.18k [01:15<00:37, 45.4doc/s]
  scifact:  67%|██████▋   | 3.50k/5.18k [01:15<00:37, 45.5doc/s]
  scifact:  68%|██████▊   | 3.50k/5.18k [01:15<00:36, 45.8doc/s]
  scifact:  68%|██████▊   | 3.51k/5.18k [01:15<00:36, 45.9doc/s]
  scifact:  68%|██████▊   | 3.52k/5.18k [01:15<00:36, 45.9doc/s]
  scifact:  68%|██████▊   | 3.53k/5.18k [01:15<00:36, 45.9doc/s]
  scifact:  68%|██████▊   | 3.54k/5.18k [01:16<00:35, 45.8doc/s]
  scifact:  68%|██████▊   | 3.54k/5.18k [01:16<00:35, 45.8doc/s]
  scifact:  69%|██████▊   | 3.55k/5.18k [01:16<00:35, 45.8doc/s]
  scifact:  69%|██████▊   | 3.56k/5.18k [01:16<00:35, 45.9doc/s]
  scifact:  69%|██████▉   | 3.57k/5.18k [01:16<00:35, 45.8doc/s]
  scifact:  69%|██████▉   | 3.58k/5.18k [01:16<00:34, 46.0doc/s]
  scifact:  69%|██████▉   | 3.58k/5.18k [01:17<00:34, 46.3doc/s]
  scifact:  69%|██████▉   | 3.59k/5.18k [01:17<00:34, 46.2doc/s]
  scifact:  69%|██████▉   | 3.60k/5.18k [01:17<00:34, 46.0doc/s]
  scifact:  70%|██████▉   | 3.61k/5.18k [01:17<00:34, 46.0doc/s]
  scifact:  70%|██████▉   | 3.62k/5.18k [01:17<00:34, 46.0doc/s]
  scifact:  70%|██████▉   | 3.62k/5.18k [01:17<00:33, 45.9doc/s]
  scifact:  70%|███████   | 3.63k/5.18k [01:18<00:33, 46.0doc/s]
  scifact:  70%|███████   | 3.64k/5.18k [01:18<00:33, 46.0doc/s]
  scifact:  70%|███████   | 3.65k/5.18k [01:18<00:33, 46.0doc/s]
  scifact:  71%|███████   | 3.66k/5.18k [01:18<00:33, 46.1doc/s]
  scifact:  71%|███████   | 3.66k/5.18k [01:18<00:32, 46.0doc/s]
  scifact:  71%|███████   | 3.67k/5.18k [01:19<00:32, 46.1doc/s]
  scifact:  71%|███████   | 3.68k/5.18k [01:19<00:32, 46.2doc/s]
  scifact:  71%|███████   | 3.69k/5.18k [01:19<00:32, 46.3doc/s]
  scifact:  71%|███████▏  | 3.70k/5.18k [01:19<00:32, 46.3doc/s]
  scifact:  71%|███████▏  | 3.70k/5.18k [01:19<00:31, 46.4doc/s]
  scifact:  72%|███████▏  | 3.71k/5.18k [01:19<00:31, 46.3doc/s]
  scifact:  72%|███████▏  | 3.72k/5.18k [01:20<00:31, 46.1doc/s]
  scifact:  72%|███████▏  | 3.73k/5.18k [01:20<00:31, 46.2doc/s]
  scifact:  72%|███████▏  | 3.74k/5.18k [01:20<00:31, 46.2doc/s]
  scifact:  72%|███████▏  | 3.74k/5.18k [01:20<00:31, 46.3doc/s]
  scifact:  72%|███████▏  | 3.75k/5.18k [01:20<00:30, 46.2doc/s]
  scifact:  73%|███████▎  | 3.76k/5.18k [01:20<00:30, 46.2doc/s]
  scifact:  73%|███████▎  | 3.77k/5.18k [01:21<00:30, 46.0doc/s]
  scifact:  73%|███████▎  | 3.78k/5.18k [01:21<00:30, 46.0doc/s]
  scifact:  73%|███████▎  | 3.78k/5.18k [01:21<00:30, 45.9doc/s]
  scifact:  73%|███████▎  | 3.79k/5.18k [01:21<00:31, 44.8doc/s]
  scifact:  73%|███████▎  | 3.80k/5.18k [01:21<00:31, 44.0doc/s]
  scifact:  73%|███████▎  | 3.81k/5.18k [01:22<00:31, 43.9doc/s]
  scifact:  74%|███████▎  | 3.82k/5.18k [01:22<00:30, 44.2doc/s]
  scifact:  74%|███████▍  | 3.82k/5.18k [01:22<00:30, 44.8doc/s]
  scifact:  74%|███████▍  | 3.83k/5.18k [01:22<00:29, 45.4doc/s]
  scifact:  74%|███████▍  | 3.84k/5.18k [01:22<00:29, 45.7doc/s]
  scifact:  74%|███████▍  | 3.85k/5.18k [01:22<00:29, 45.9doc/s]
  scifact:  74%|███████▍  | 3.86k/5.18k [01:23<00:28, 46.0doc/s]
  scifact:  75%|███████▍  | 3.86k/5.18k [01:23<00:28, 46.2doc/s]
  scifact:  75%|███████▍  | 3.87k/5.18k [01:23<00:28, 46.0doc/s]
  scifact:  75%|███████▍  | 3.88k/5.18k [01:23<00:28, 46.1doc/s]
  scifact:  75%|███████▌  | 3.89k/5.18k [01:23<00:28, 46.1doc/s]
  scifact:  75%|███████▌  | 3.90k/5.18k [01:23<00:28, 45.8doc/s]
  scifact:  75%|███████▌  | 3.90k/5.18k [01:24<00:28, 45.5doc/s]
  scifact:  75%|███████▌  | 3.91k/5.18k [01:24<00:27, 45.4doc/s]
  scifact:  76%|███████▌  | 3.92k/5.18k [01:24<00:27, 45.2doc/s]
  scifact:  76%|███████▌  | 3.93k/5.18k [01:24<00:27, 45.3doc/s]
  scifact:  76%|███████▌  | 3.94k/5.18k [01:24<00:27, 45.5doc/s]
  scifact:  76%|███████▌  | 3.94k/5.18k [01:24<00:27, 45.5doc/s]
  scifact:  76%|███████▌  | 3.95k/5.18k [01:25<00:27, 45.5doc/s]
  scifact:  76%|███████▋  | 3.96k/5.18k [01:25<00:26, 45.7doc/s]
  scifact:  77%|███████▋  | 3.97k/5.18k [01:25<00:26, 45.9doc/s]
  scifact:  77%|███████▋  | 3.98k/5.18k [01:25<00:26, 46.0doc/s]
  scifact:  77%|███████▋  | 3.98k/5.18k [01:25<00:26, 46.1doc/s]
  scifact:  77%|███████▋  | 3.99k/5.18k [01:26<00:25, 46.0doc/s]
  scifact:  77%|███████▋  | 4.00k/5.18k [01:26<00:25, 45.9doc/s]
  scifact:  77%|███████▋  | 4.01k/5.18k [01:26<00:25, 45.5doc/s]
  scifact:  77%|███████▋  | 4.02k/5.18k [01:26<00:25, 45.1doc/s]
  scifact:  78%|███████▊  | 4.02k/5.18k [01:26<00:25, 45.0doc/s]
  scifact:  78%|███████▊  | 4.03k/5.18k [01:26<00:25, 45.3doc/s]
  scifact:  78%|███████▊  | 4.04k/5.18k [01:27<00:25, 45.5doc/s]
  scifact:  78%|███████▊  | 4.05k/5.18k [01:27<00:24, 45.9doc/s]
  scifact:  78%|███████▊  | 4.06k/5.18k [01:27<00:24, 45.9doc/s]
  scifact:  78%|███████▊  | 4.06k/5.18k [01:27<00:24, 46.0doc/s]
  scifact:  79%|███████▊  | 4.07k/5.18k [01:27<00:24, 46.0doc/s]
  scifact:  79%|███████▊  | 4.08k/5.18k [01:27<00:23, 46.0doc/s]
  scifact:  79%|███████▉  | 4.09k/5.18k [01:28<00:23, 46.1doc/s]
  scifact:  79%|███████▉  | 4.10k/5.18k [01:28<00:23, 45.8doc/s]
  scifact:  79%|███████▉  | 4.10k/5.18k [01:28<00:24, 44.4doc/s]
  scifact:  79%|███████▉  | 4.11k/5.18k [01:28<00:24, 43.7doc/s]
  scifact:  79%|███████▉  | 4.12k/5.18k [01:28<00:24, 43.5doc/s]
  scifact:  80%|███████▉  | 4.13k/5.18k [01:29<00:24, 43.9doc/s]
  scifact:  80%|███████▉  | 4.14k/5.18k [01:29<00:23, 44.4doc/s]
  scifact:  80%|███████▉  | 4.14k/5.18k [01:29<00:23, 45.0doc/s]
  scifact:  80%|████████  | 4.15k/5.18k [01:29<00:22, 45.4doc/s]
  scifact:  80%|████████  | 4.16k/5.18k [01:29<00:22, 45.5doc/s]
  scifact:  80%|████████  | 4.17k/5.18k [01:29<00:22, 45.8doc/s]
  scifact:  81%|████████  | 4.18k/5.18k [01:30<00:22, 45.8doc/s]
  scifact:  81%|████████  | 4.18k/5.18k [01:30<00:21, 45.5doc/s]
  scifact:  81%|████████  | 4.19k/5.18k [01:30<00:21, 45.4doc/s]
  scifact:  81%|████████  | 4.20k/5.18k [01:30<00:21, 45.4doc/s]
  scifact:  81%|████████  | 4.21k/5.18k [01:30<00:21, 45.4doc/s]
  scifact:  81%|████████▏ | 4.22k/5.18k [01:30<00:21, 45.5doc/s]
  scifact:  81%|████████▏ | 4.22k/5.18k [01:31<00:21, 45.5doc/s]
  scifact:  82%|████████▏ | 4.23k/5.18k [01:31<00:20, 45.5doc/s]
  scifact:  82%|████████▏ | 4.24k/5.18k [01:31<00:20, 45.6doc/s]
  scifact:  82%|████████▏ | 4.25k/5.18k [01:31<00:20, 45.8doc/s]
  scifact:  82%|████████▏ | 4.26k/5.18k [01:31<00:20, 45.8doc/s]
  scifact:  82%|████████▏ | 4.26k/5.18k [01:32<00:20, 45.8doc/s]
  scifact:  82%|████████▏ | 4.27k/5.18k [01:32<00:19, 45.8doc/s]
  scifact:  83%|████████▎ | 4.28k/5.18k [01:32<00:19, 45.7doc/s]
  scifact:  83%|████████▎ | 4.29k/5.18k [01:32<00:19, 45.8doc/s]
  scifact:  83%|████████▎ | 4.30k/5.18k [01:32<00:19, 46.2doc/s]
  scifact:  83%|████████▎ | 4.30k/5.18k [01:32<00:18, 46.5doc/s]
  scifact:  83%|████████▎ | 4.31k/5.18k [01:33<00:18, 46.4doc/s]
  scifact:  83%|████████▎ | 4.32k/5.18k [01:33<00:18, 46.2doc/s]
  scifact:  84%|████████▎ | 4.33k/5.18k [01:33<00:18, 45.9doc/s]
  scifact:  84%|████████▎ | 4.34k/5.18k [01:33<00:18, 45.9doc/s]
  scifact:  84%|████████▍ | 4.34k/5.18k [01:33<00:18, 45.7doc/s]
  scifact:  84%|████████▍ | 4.35k/5.18k [01:33<00:18, 46.0doc/s]
  scifact:  84%|████████▍ | 4.36k/5.18k [01:34<00:17, 46.1doc/s]
  scifact:  84%|████████▍ | 4.37k/5.18k [01:34<00:17, 46.0doc/s]
  scifact:  84%|████████▍ | 4.38k/5.18k [01:34<00:17, 45.4doc/s]
  scifact:  85%|████████▍ | 4.38k/5.18k [01:34<00:17, 45.4doc/s]
  scifact:  85%|████████▍ | 4.39k/5.18k [01:34<00:17, 45.3doc/s]
  scifact:  85%|████████▍ | 4.40k/5.18k [01:34<00:17, 45.4doc/s]
  scifact:  85%|████████▌ | 4.41k/5.18k [01:35<00:16, 45.6doc/s]
  scifact:  85%|████████▌ | 4.42k/5.18k [01:35<00:16, 45.7doc/s]
  scifact:  85%|████████▌ | 4.42k/5.18k [01:35<00:16, 46.0doc/s]
  scifact:  86%|████████▌ | 4.43k/5.18k [01:35<00:16, 46.0doc/s]
  scifact:  86%|████████▌ | 4.44k/5.18k [01:35<00:16, 46.0doc/s]
  scifact:  86%|████████▌ | 4.45k/5.18k [01:36<00:16, 45.9doc/s]
  scifact:  86%|████████▌ | 4.46k/5.18k [01:36<00:16, 45.4doc/s]
  scifact:  86%|████████▌ | 4.46k/5.18k [01:36<00:15, 45.2doc/s]
  scifact:  86%|████████▋ | 4.47k/5.18k [01:36<00:15, 45.2doc/s]
  scifact:  86%|████████▋ | 4.48k/5.18k [01:36<00:15, 45.3doc/s]
  scifact:  87%|████████▋ | 4.49k/5.18k [01:36<00:15, 45.5doc/s]
  scifact:  87%|████████▋ | 4.50k/5.18k [01:37<00:15, 45.7doc/s]
  scifact:  87%|████████▋ | 4.50k/5.18k [01:37<00:14, 45.8doc/s]
  scifact:  87%|████████▋ | 4.51k/5.18k [01:37<00:14, 45.9doc/s]
  scifact:  87%|████████▋ | 4.52k/5.18k [01:37<00:14, 45.3doc/s]
  scifact:  87%|████████▋ | 4.53k/5.18k [01:37<00:14, 44.9doc/s]
  scifact:  88%|████████▊ | 4.54k/5.18k [01:37<00:14, 44.9doc/s]
  scifact:  88%|████████▊ | 4.54k/5.18k [01:38<00:14, 44.9doc/s]
  scifact:  88%|████████▊ | 4.55k/5.18k [01:38<00:13, 45.2doc/s]
  scifact:  88%|████████▊ | 4.56k/5.18k [01:38<00:13, 45.2doc/s]
  scifact:  88%|████████▊ | 4.57k/5.18k [01:38<00:13, 45.3doc/s]
  scifact:  88%|████████▊ | 4.58k/5.18k [01:38<00:13, 45.5doc/s]
  scifact:  88%|████████▊ | 4.58k/5.18k [01:39<00:13, 45.6doc/s]
  scifact:  89%|████████▊ | 4.59k/5.18k [01:39<00:12, 45.8doc/s]
  scifact:  89%|████████▉ | 4.60k/5.18k [01:39<00:12, 45.7doc/s]
  scifact:  89%|████████▉ | 4.61k/5.18k [01:39<00:12, 46.0doc/s]
  scifact:  89%|████████▉ | 4.62k/5.18k [01:39<00:12, 46.3doc/s]
  scifact:  89%|████████▉ | 4.62k/5.18k [01:39<00:12, 46.1doc/s]
  scifact:  89%|████████▉ | 4.63k/5.18k [01:40<00:11, 46.1doc/s]
  scifact:  90%|████████▉ | 4.64k/5.18k [01:40<00:11, 46.2doc/s]
  scifact:  90%|████████▉ | 4.65k/5.18k [01:40<00:11, 46.0doc/s]
  scifact:  90%|████████▉ | 4.66k/5.18k [01:40<00:11, 45.5doc/s]
  scifact:  90%|████████▉ | 4.66k/5.18k [01:40<00:11, 45.5doc/s]
  scifact:  90%|█████████ | 4.67k/5.18k [01:40<00:11, 45.5doc/s]
  scifact:  90%|█████████ | 4.68k/5.18k [01:41<00:11, 45.5doc/s]
  scifact:  90%|█████████ | 4.69k/5.18k [01:41<00:10, 45.7doc/s]
  scifact:  91%|█████████ | 4.70k/5.18k [01:41<00:10, 45.9doc/s]
  scifact:  91%|█████████ | 4.70k/5.18k [01:41<00:10, 46.0doc/s]
  scifact:  91%|█████████ | 4.71k/5.18k [01:41<00:10, 45.8doc/s]
  scifact:  91%|█████████ | 4.72k/5.18k [01:42<00:10, 45.1doc/s]
  scifact:  91%|█████████ | 4.73k/5.18k [01:42<00:10, 44.6doc/s]
  scifact:  91%|█████████▏| 4.74k/5.18k [01:42<00:09, 44.8doc/s]
  scifact:  92%|█████████▏| 4.74k/5.18k [01:42<00:09, 45.1doc/s]
  scifact:  92%|█████████▏| 4.75k/5.18k [01:42<00:09, 44.4doc/s]
  scifact:  92%|█████████▏| 4.76k/5.18k [01:42<00:09, 43.8doc/s]
  scifact:  92%|█████████▏| 4.77k/5.18k [01:43<00:09, 43.8doc/s]
  scifact:  92%|█████████▏| 4.78k/5.18k [01:43<00:09, 44.2doc/s]
  scifact:  92%|█████████▏| 4.78k/5.18k [01:43<00:08, 44.7doc/s]
  scifact:  92%|█████████▏| 4.79k/5.18k [01:43<00:08, 45.0doc/s]
  scifact:  93%|█████████▎| 4.80k/5.18k [01:43<00:08, 45.3doc/s]
  scifact:  93%|█████████▎| 4.81k/5.18k [01:43<00:08, 45.7doc/s]
  scifact:  93%|█████████▎| 4.82k/5.18k [01:44<00:07, 45.9doc/s]
  scifact:  93%|█████████▎| 4.82k/5.18k [01:44<00:07, 45.9doc/s]
  scifact:  93%|█████████▎| 4.83k/5.18k [01:44<00:07, 45.8doc/s]
  scifact:  93%|█████████▎| 4.84k/5.18k [01:44<00:07, 45.8doc/s]
  scifact:  94%|█████████▎| 4.85k/5.18k [01:44<00:07, 45.7doc/s]
  scifact:  94%|█████████▎| 4.86k/5.18k [01:45<00:07, 45.7doc/s]
  scifact:  94%|█████████▍| 4.86k/5.18k [01:45<00:06, 45.8doc/s]
  scifact:  94%|█████████▍| 4.87k/5.18k [01:45<00:06, 45.7doc/s]
  scifact:  94%|█████████▍| 4.88k/5.18k [01:45<00:06, 45.7doc/s]
  scifact:  94%|█████████▍| 4.89k/5.18k [01:45<00:06, 45.7doc/s]
  scifact:  94%|█████████▍| 4.90k/5.18k [01:45<00:06, 45.7doc/s]
  scifact:  95%|█████████▍| 4.90k/5.18k [01:46<00:06, 45.7doc/s]
  scifact:  95%|█████████▍| 4.91k/5.18k [01:46<00:05, 45.7doc/s]
  scifact:  95%|█████████▍| 4.92k/5.18k [01:46<00:05, 45.5doc/s]
  scifact:  95%|█████████▌| 4.93k/5.18k [01:46<00:05, 45.3doc/s]
  scifact:  95%|█████████▌| 4.94k/5.18k [01:46<00:05, 45.3doc/s]
  scifact:  95%|█████████▌| 4.94k/5.18k [01:46<00:05, 45.2doc/s]
  scifact:  96%|█████████▌| 4.95k/5.18k [01:47<00:05, 45.6doc/s]
  scifact:  96%|█████████▌| 4.96k/5.18k [01:47<00:04, 45.6doc/s]
  scifact:  96%|█████████▌| 4.97k/5.18k [01:47<00:04, 45.7doc/s]
  scifact:  96%|█████████▌| 4.98k/5.18k [01:47<00:04, 45.9doc/s]
  scifact:  96%|█████████▌| 4.98k/5.18k [01:47<00:04, 45.7doc/s]
  scifact:  96%|█████████▋| 4.99k/5.18k [01:47<00:04, 45.8doc/s]
  scifact:  96%|█████████▋| 5.00k/5.18k [01:48<00:03, 45.8doc/s]
  scifact:  97%|█████████▋| 5.01k/5.18k [01:48<00:03, 45.7doc/s]
  scifact:  97%|█████████▋| 5.02k/5.18k [01:48<00:03, 45.6doc/s]
  scifact:  97%|█████████▋| 5.02k/5.18k [01:48<00:03, 45.5doc/s]
  scifact:  97%|█████████▋| 5.03k/5.18k [01:48<00:03, 45.4doc/s]
  scifact:  97%|█████████▋| 5.04k/5.18k [01:49<00:03, 45.4doc/s]
  scifact:  97%|█████████▋| 5.05k/5.18k [01:49<00:02, 45.5doc/s]
  scifact:  98%|█████████▊| 5.06k/5.18k [01:49<00:02, 45.6doc/s]
  scifact:  98%|█████████▊| 5.06k/5.18k [01:49<00:02, 45.5doc/s]
  scifact:  98%|█████████▊| 5.07k/5.18k [01:49<00:02, 45.6doc/s]
  scifact:  98%|█████████▊| 5.08k/5.18k [01:49<00:02, 45.5doc/s]
  scifact:  98%|█████████▊| 5.09k/5.18k [01:50<00:02, 45.8doc/s]
  scifact:  98%|█████████▊| 5.10k/5.18k [01:50<00:01, 45.9doc/s]
  scifact:  98%|█████████▊| 5.10k/5.18k [01:50<00:01, 45.8doc/s]
  scifact:  99%|█████████▊| 5.11k/5.18k [01:50<00:01, 45.5doc/s]
  scifact:  99%|█████████▉| 5.12k/5.18k [01:50<00:01, 45.5doc/s]
  scifact:  99%|█████████▉| 5.13k/5.18k [01:50<00:01, 45.4doc/s]
  scifact:  99%|█████████▉| 5.14k/5.18k [01:51<00:01, 45.3doc/s]
  scifact:  99%|█████████▉| 5.14k/5.18k [01:51<00:00, 45.3doc/s]
  scifact:  99%|█████████▉| 5.15k/5.18k [01:51<00:00, 45.3doc/s]
  scifact: 100%|█████████▉| 5.16k/5.18k [01:51<00:00, 45.3doc/s]
  scifact: 100%|█████████▉| 5.17k/5.18k [01:51<00:00, 45.3doc/s]
  scifact: 100%|█████████▉| 5.18k/5.18k [01:52<00:00, 45.6doc/s]
  scifact: 100%|██████████| 5.18k/5.18k [01:52<00:00, 45.2doc/s]
  scifact: 100%|██████████| 5.18k/5.18k [01:52<00:00, 46.2doc/s]
  Done. 5,183 docs indexed. Avg 1914.9 nonzero terms/doc. 1.9 min.

============================================================
[arguana]
  Loading corpus from BeIR/arguana ...
  8,674 documents

  arguana:   0%|          | 0.00/8.67k [00:00<?, ?doc/s]
  arguana:   0%|          | 8.00/8.67k [00:00<03:09, 45.6doc/s]
  arguana:   0%|          | 16.0/8.67k [00:00<03:06, 46.4doc/s]
  arguana:   0%|          | 24.0/8.67k [00:00<03:05, 46.7doc/s]
  arguana:   0%|          | 32.0/8.67k [00:00<03:04, 46.9doc/s]
  arguana:   0%|          | 40.0/8.67k [00:00<03:04, 46.8doc/s]
  arguana:   1%|          | 48.0/8.67k [00:01<03:04, 46.7doc/s]
  arguana:   1%|          | 56.0/8.67k [00:01<03:05, 46.4doc/s]
  arguana:   1%|          | 64.0/8.67k [00:01<03:05, 46.5doc/s]
  arguana:   1%|          | 72.0/8.67k [00:01<03:05, 46.4doc/s]
  arguana:   1%|          | 80.0/8.67k [00:01<03:04, 46.5doc/s]
  arguana:   1%|          | 88.0/8.67k [00:01<03:03, 46.7doc/s]
  arguana:   1%|          | 96.0/8.67k [00:02<03:04, 46.5doc/s]
  arguana:   1%|          | 104/8.67k [00:02<03:07, 45.8doc/s] 
  arguana:   1%|▏         | 112/8.67k [00:02<03:09, 45.1doc/s]
  arguana:   1%|▏         | 120/8.67k [00:02<03:09, 45.1doc/s]
  arguana:   1%|▏         | 128/8.67k [00:02<03:08, 45.3doc/s]
  arguana:   2%|▏         | 136/8.67k [00:02<03:08, 45.3doc/s]
  arguana:   2%|▏         | 144/8.67k [00:03<03:07, 45.6doc/s]
  arguana:   2%|▏         | 152/8.67k [00:03<03:06, 45.8doc/s]
  arguana:   2%|▏         | 160/8.67k [00:03<03:05, 46.0doc/s]
  arguana:   2%|▏         | 168/8.67k [00:03<03:04, 46.2doc/s]
  arguana:   2%|▏         | 176/8.67k [00:03<03:04, 46.2doc/s]
  arguana:   2%|▏         | 184/8.67k [00:03<03:02, 46.4doc/s]
  arguana:   2%|▏         | 192/8.67k [00:04<03:03, 46.3doc/s]
  arguana:   2%|▏         | 200/8.67k [00:04<03:03, 46.3doc/s]
  arguana:   2%|▏         | 208/8.67k [00:04<03:04, 46.0doc/s]
  arguana:   2%|▏         | 216/8.67k [00:04<03:04, 45.9doc/s]
  arguana:   3%|▎         | 224/8.67k [00:04<03:02, 46.3doc/s]
  arguana:   3%|▎         | 232/8.67k [00:05<03:02, 46.3doc/s]
  arguana:   3%|▎         | 240/8.67k [00:05<03:02, 46.2doc/s]
  arguana:   3%|▎         | 248/8.67k [00:05<03:02, 46.1doc/s]
  arguana:   3%|▎         | 256/8.67k [00:05<03:03, 46.0doc/s]
  arguana:   3%|▎         | 264/8.67k [00:05<03:03, 45.9doc/s]
  arguana:   3%|▎         | 272/8.67k [00:05<03:03, 45.9doc/s]
  arguana:   3%|▎         | 280/8.67k [00:06<03:02, 46.0doc/s]
  arguana:   3%|▎         | 288/8.67k [00:06<03:01, 46.2doc/s]
  arguana:   3%|▎         | 296/8.67k [00:06<03:03, 45.8doc/s]
  arguana:   4%|▎         | 304/8.67k [00:06<03:03, 45.7doc/s]
  arguana:   4%|▎         | 312/8.67k [00:06<03:02, 45.8doc/s]
  arguana:   4%|▎         | 320/8.67k [00:06<03:02, 45.7doc/s]
  arguana:   4%|▍         | 328/8.67k [00:07<03:02, 45.8doc/s]
  arguana:   4%|▍         | 336/8.67k [00:07<03:01, 45.9doc/s]
  arguana:   4%|▍         | 344/8.67k [00:07<03:01, 46.0doc/s]
  arguana:   4%|▍         | 352/8.67k [00:07<03:01, 45.8doc/s]
  arguana:   4%|▍         | 360/8.67k [00:07<03:02, 45.7doc/s]
  arguana:   4%|▍         | 368/8.67k [00:07<03:01, 45.8doc/s]
  arguana:   4%|▍         | 376/8.67k [00:08<03:00, 45.9doc/s]
  arguana:   4%|▍         | 384/8.67k [00:08<03:00, 46.0doc/s]
  arguana:   5%|▍         | 392/8.67k [00:08<02:59, 46.1doc/s]
  arguana:   5%|▍         | 400/8.67k [00:08<02:58, 46.3doc/s]
  arguana:   5%|▍         | 408/8.67k [00:08<02:58, 46.4doc/s]
  arguana:   5%|▍         | 416/8.67k [00:09<02:58, 46.2doc/s]
  arguana:   5%|▍         | 424/8.67k [00:09<02:59, 46.1doc/s]
  arguana:   5%|▍         | 432/8.67k [00:09<02:58, 46.1doc/s]
  arguana:   5%|▌         | 440/8.67k [00:09<02:58, 46.1doc/s]
  arguana:   5%|▌         | 448/8.67k [00:09<02:59, 45.9doc/s]
  arguana:   5%|▌         | 456/8.67k [00:09<03:02, 44.9doc/s]
  arguana:   5%|▌         | 464/8.67k [00:10<03:03, 44.7doc/s]
  arguana:   5%|▌         | 472/8.67k [00:10<03:03, 44.8doc/s]
  arguana:   6%|▌         | 480/8.67k [00:10<03:01, 45.2doc/s]
  arguana:   6%|▌         | 488/8.67k [00:10<03:00, 45.4doc/s]
  arguana:   6%|▌         | 496/8.67k [00:10<02:59, 45.4doc/s]
  arguana:   6%|▌         | 504/8.67k [00:10<03:01, 45.1doc/s]
  arguana:   6%|▌         | 512/8.67k [00:11<03:00, 45.2doc/s]
  arguana:   6%|▌         | 520/8.67k [00:11<02:59, 45.4doc/s]
  arguana:   6%|▌         | 528/8.67k [00:11<02:58, 45.5doc/s]
  arguana:   6%|▌         | 536/8.67k [00:11<02:58, 45.6doc/s]
  arguana:   6%|▋         | 544/8.67k [00:11<02:57, 45.8doc/s]
  arguana:   6%|▋         | 552/8.67k [00:12<02:56, 45.9doc/s]
  arguana:   6%|▋         | 560/8.67k [00:12<02:57, 45.8doc/s]
  arguana:   7%|▋         | 568/8.67k [00:12<02:57, 45.7doc/s]
  arguana:   7%|▋         | 576/8.67k [00:12<02:57, 45.7doc/s]
  arguana:   7%|▋         | 584/8.67k [00:12<02:56, 45.7doc/s]
  arguana:   7%|▋         | 592/8.67k [00:12<02:56, 45.8doc/s]
  arguana:   7%|▋         | 600/8.67k [00:13<02:56, 45.8doc/s]
  arguana:   7%|▋         | 608/8.67k [00:13<02:56, 45.6doc/s]
  arguana:   7%|▋         | 616/8.67k [00:13<02:57, 45.3doc/s]
  arguana:   7%|▋         | 624/8.67k [00:13<02:57, 45.3doc/s]
  arguana:   7%|▋         | 632/8.67k [00:13<02:57, 45.2doc/s]
  arguana:   7%|▋         | 640/8.67k [00:13<02:56, 45.4doc/s]
  arguana:   7%|▋         | 648/8.67k [00:14<02:56, 45.4doc/s]
  arguana:   8%|▊         | 656/8.67k [00:14<02:56, 45.4doc/s]
  arguana:   8%|▊         | 664/8.67k [00:14<02:56, 45.4doc/s]
  arguana:   8%|▊         | 672/8.67k [00:14<02:56, 45.3doc/s]
  arguana:   8%|▊         | 680/8.67k [00:14<02:56, 45.4doc/s]
  arguana:   8%|▊         | 688/8.67k [00:15<02:54, 45.7doc/s]
  arguana:   8%|▊         | 696/8.67k [00:15<02:54, 45.8doc/s]
  arguana:   8%|▊         | 704/8.67k [00:15<02:53, 45.9doc/s]
  arguana:   8%|▊         | 712/8.67k [00:15<02:53, 46.0doc/s]
  arguana:   8%|▊         | 720/8.67k [00:15<02:53, 45.9doc/s]
  arguana:   8%|▊         | 728/8.67k [00:15<02:54, 45.6doc/s]
  arguana:   8%|▊         | 736/8.67k [00:16<02:55, 45.3doc/s]
  arguana:   9%|▊         | 744/8.67k [00:16<02:55, 45.3doc/s]
  arguana:   9%|▊         | 752/8.67k [00:16<02:53, 45.6doc/s]
  arguana:   9%|▉         | 760/8.67k [00:16<02:53, 45.7doc/s]
  arguana:   9%|▉         | 768/8.67k [00:16<02:53, 45.7doc/s]
  arguana:   9%|▉         | 776/8.67k [00:16<02:53, 45.6doc/s]
  arguana:   9%|▉         | 784/8.67k [00:17<02:53, 45.4doc/s]
  arguana:   9%|▉         | 792/8.67k [00:17<02:54, 45.2doc/s]
  arguana:   9%|▉         | 800/8.67k [00:17<02:54, 45.0doc/s]
  arguana:   9%|▉         | 808/8.67k [00:17<02:55, 44.8doc/s]
  arguana:   9%|▉         | 816/8.67k [00:17<02:54, 45.1doc/s]
  arguana:   9%|▉         | 824/8.67k [00:18<02:55, 44.8doc/s]
  arguana:  10%|▉         | 832/8.67k [00:18<02:54, 44.9doc/s]
  arguana:  10%|▉         | 840/8.67k [00:18<02:54, 45.0doc/s]
  arguana:  10%|▉         | 848/8.67k [00:18<02:53, 45.1doc/s]
  arguana:  10%|▉         | 856/8.67k [00:18<02:53, 45.1doc/s]
  arguana:  10%|▉         | 864/8.67k [00:18<02:53, 45.1doc/s]
  arguana:  10%|█         | 872/8.67k [00:19<02:52, 45.3doc/s]
  arguana:  10%|█         | 880/8.67k [00:19<02:52, 45.2doc/s]
  arguana:  10%|█         | 888/8.67k [00:19<02:52, 45.2doc/s]
  arguana:  10%|█         | 896/8.67k [00:19<02:52, 45.1doc/s]
  arguana:  10%|█         | 904/8.67k [00:19<02:51, 45.2doc/s]
  arguana:  11%|█         | 912/8.67k [00:19<02:51, 45.3doc/s]
  arguana:  11%|█         | 920/8.67k [00:20<02:50, 45.5doc/s]
  arguana:  11%|█         | 928/8.67k [00:20<02:50, 45.4doc/s]
  arguana:  11%|█         | 936/8.67k [00:20<02:50, 45.3doc/s]
  arguana:  11%|█         | 944/8.67k [00:20<02:51, 45.2doc/s]
  arguana:  11%|█         | 952/8.67k [00:20<02:51, 45.1doc/s]
  arguana:  11%|█         | 960/8.67k [00:21<02:50, 45.1doc/s]
  arguana:  11%|█         | 968/8.67k [00:21<02:50, 45.3doc/s]
  arguana:  11%|█▏        | 976/8.67k [00:21<02:49, 45.4doc/s]
  arguana:  11%|█▏        | 984/8.67k [00:21<02:48, 45.6doc/s]
  arguana:  11%|█▏        | 992/8.67k [00:21<02:48, 45.6doc/s]
  arguana:  12%|█▏        | 1.00k/8.67k [00:21<02:48, 45.4doc/s]
  arguana:  12%|█▏        | 1.01k/8.67k [00:22<02:50, 45.1doc/s]
  arguana:  12%|█▏        | 1.02k/8.67k [00:22<02:49, 45.1doc/s]
  arguana:  12%|█▏        | 1.02k/8.67k [00:22<02:48, 45.3doc/s]
  arguana:  12%|█▏        | 1.03k/8.67k [00:22<02:47, 45.5doc/s]
  arguana:  12%|█▏        | 1.04k/8.67k [00:22<02:47, 45.5doc/s]
  arguana:  12%|█▏        | 1.05k/8.67k [00:22<02:47, 45.6doc/s]
  arguana:  12%|█▏        | 1.06k/8.67k [00:23<02:48, 45.2doc/s]
  arguana:  12%|█▏        | 1.06k/8.67k [00:23<02:50, 44.6doc/s]
  arguana:  12%|█▏        | 1.07k/8.67k [00:23<02:50, 44.5doc/s]
  arguana:  12%|█▏        | 1.08k/8.67k [00:23<02:50, 44.6doc/s]
  arguana:  13%|█▎        | 1.09k/8.67k [00:23<02:49, 44.9doc/s]
  arguana:  13%|█▎        | 1.10k/8.67k [00:24<02:48, 44.9doc/s]
  arguana:  13%|█▎        | 1.10k/8.67k [00:24<02:47, 45.2doc/s]
  arguana:  13%|█▎        | 1.11k/8.67k [00:24<02:46, 45.5doc/s]
  arguana:  13%|█▎        | 1.12k/8.67k [00:24<02:45, 45.6doc/s]
  arguana:  13%|█▎        | 1.13k/8.67k [00:24<02:45, 45.7doc/s]
  arguana:  13%|█▎        | 1.14k/8.67k [00:24<02:44, 45.8doc/s]
  arguana:  13%|█▎        | 1.14k/8.67k [00:25<02:45, 45.6doc/s]
  arguana:  13%|█▎        | 1.15k/8.67k [00:25<02:44, 45.6doc/s]
  arguana:  13%|█▎        | 1.16k/8.67k [00:25<02:44, 45.7doc/s]
  arguana:  13%|█▎        | 1.17k/8.67k [00:25<02:43, 45.8doc/s]
  arguana:  14%|█▎        | 1.18k/8.67k [00:25<02:43, 45.9doc/s]
  arguana:  14%|█▎        | 1.18k/8.67k [00:25<02:44, 45.6doc/s]
  arguana:  14%|█▎        | 1.19k/8.67k [00:26<02:45, 45.2doc/s]
  arguana:  14%|█▍        | 1.20k/8.67k [00:26<02:45, 45.1doc/s]
  arguana:  14%|█▍        | 1.21k/8.67k [00:26<02:45, 45.1doc/s]
  arguana:  14%|█▍        | 1.22k/8.67k [00:26<02:46, 44.9doc/s]
  arguana:  14%|█▍        | 1.22k/8.67k [00:26<02:44, 45.2doc/s]
  arguana:  14%|█▍        | 1.23k/8.67k [00:27<02:43, 45.4doc/s]
  arguana:  14%|█▍        | 1.24k/8.67k [00:27<02:43, 45.5doc/s]
  arguana:  14%|█▍        | 1.25k/8.67k [00:27<02:42, 45.6doc/s]
  arguana:  14%|█▍        | 1.26k/8.67k [00:27<02:42, 45.8doc/s]
  arguana:  15%|█▍        | 1.26k/8.67k [00:27<02:42, 45.5doc/s]
  arguana:  15%|█▍        | 1.27k/8.67k [00:27<02:43, 45.2doc/s]
  arguana:  15%|█▍        | 1.28k/8.67k [00:28<02:43, 45.3doc/s]
  arguana:  15%|█▍        | 1.29k/8.67k [00:28<02:46, 44.3doc/s]
  arguana:  15%|█▍        | 1.30k/8.67k [00:28<02:49, 43.7doc/s]
  arguana:  15%|█▌        | 1.30k/8.67k [00:28<02:49, 43.6doc/s]
  arguana:  15%|█▌        | 1.31k/8.67k [00:28<02:47, 43.9doc/s]
  arguana:  15%|█▌        | 1.32k/8.67k [00:28<02:45, 44.4doc/s]
  arguana:  15%|█▌        | 1.33k/8.67k [00:29<02:43, 44.8doc/s]
  arguana:  15%|█▌        | 1.34k/8.67k [00:29<02:42, 45.1doc/s]
  arguana:  15%|█▌        | 1.34k/8.67k [00:29<02:42, 45.1doc/s]
  arguana:  16%|█▌        | 1.35k/8.67k [00:29<02:42, 45.2doc/s]
  arguana:  16%|█▌        | 1.36k/8.67k [00:29<02:42, 45.1doc/s]
  arguana:  16%|█▌        | 1.37k/8.67k [00:30<02:41, 45.2doc/s]
  arguana:  16%|█▌        | 1.38k/8.67k [00:30<02:41, 45.2doc/s]
  arguana:  16%|█▌        | 1.38k/8.67k [00:30<02:41, 45.2doc/s]
  arguana:  16%|█▌        | 1.39k/8.67k [00:30<02:41, 45.2doc/s]
  arguana:  16%|█▌        | 1.40k/8.67k [00:30<02:41, 45.0doc/s]
  arguana:  16%|█▌        | 1.41k/8.67k [00:30<02:40, 45.3doc/s]
  arguana:  16%|█▋        | 1.42k/8.67k [00:31<02:40, 45.3doc/s]
  arguana:  16%|█▋        | 1.42k/8.67k [00:31<02:39, 45.5doc/s]
  arguana:  17%|█▋        | 1.43k/8.67k [00:31<02:39, 45.4doc/s]
  arguana:  17%|█▋        | 1.44k/8.67k [00:31<02:39, 45.4doc/s]
  arguana:  17%|█▋        | 1.45k/8.67k [00:31<02:39, 45.2doc/s]
  arguana:  17%|█▋        | 1.46k/8.67k [00:32<02:39, 45.1doc/s]
  arguana:  17%|█▋        | 1.46k/8.67k [00:32<02:38, 45.4doc/s]
  arguana:  17%|█▋        | 1.47k/8.67k [00:32<02:42, 44.3doc/s]
  arguana:  17%|█▋        | 1.48k/8.67k [00:32<02:44, 43.7doc/s]
  arguana:  17%|█▋        | 1.49k/8.67k [00:32<02:44, 43.7doc/s]
  arguana:  17%|█▋        | 1.50k/8.67k [00:32<02:43, 44.0doc/s]
  arguana:  17%|█▋        | 1.50k/8.67k [00:33<02:42, 44.1doc/s]
  arguana:  17%|█▋        | 1.51k/8.67k [00:33<02:40, 44.6doc/s]
  arguana:  18%|█▊        | 1.52k/8.67k [00:33<02:39, 44.9doc/s]
  arguana:  18%|█▊        | 1.53k/8.67k [00:33<02:38, 44.9doc/s]
  arguana:  18%|█▊        | 1.54k/8.67k [00:33<02:37, 45.2doc/s]
  arguana:  18%|█▊        | 1.54k/8.67k [00:33<02:37, 45.4doc/s]
  arguana:  18%|█▊        | 1.55k/8.67k [00:34<02:37, 45.3doc/s]
  arguana:  18%|█▊        | 1.56k/8.67k [00:34<02:37, 45.2doc/s]
  arguana:  18%|█▊        | 1.57k/8.67k [00:34<02:37, 45.0doc/s]
  arguana:  18%|█▊        | 1.58k/8.67k [00:34<02:37, 45.1doc/s]
  arguana:  18%|█▊        | 1.58k/8.67k [00:34<02:37, 45.1doc/s]
  arguana:  18%|█▊        | 1.59k/8.67k [00:35<02:36, 45.2doc/s]
  arguana:  18%|█▊        | 1.60k/8.67k [00:35<02:35, 45.6doc/s]
  arguana:  19%|█▊        | 1.61k/8.67k [00:35<02:34, 45.7doc/s]
  arguana:  19%|█▊        | 1.62k/8.67k [00:35<02:34, 45.6doc/s]
  arguana:  19%|█▊        | 1.62k/8.67k [00:35<02:34, 45.7doc/s]
  arguana:  19%|█▉        | 1.63k/8.67k [00:35<02:33, 45.8doc/s]
  arguana:  19%|█▉        | 1.64k/8.67k [00:36<02:33, 45.7doc/s]
  arguana:  19%|█▉        | 1.65k/8.67k [00:36<02:34, 45.6doc/s]
  arguana:  19%|█▉        | 1.66k/8.67k [00:36<02:33, 45.7doc/s]
  arguana:  19%|█▉        | 1.66k/8.67k [00:36<02:33, 45.6doc/s]
  arguana:  19%|█▉        | 1.67k/8.67k [00:36<02:33, 45.6doc/s]
  arguana:  19%|█▉        | 1.68k/8.67k [00:36<02:33, 45.5doc/s]
  arguana:  19%|█▉        | 1.69k/8.67k [00:37<02:33, 45.4doc/s]
  arguana:  20%|█▉        | 1.70k/8.67k [00:37<02:32, 45.6doc/s]
  arguana:  20%|█▉        | 1.70k/8.67k [00:37<02:33, 45.6doc/s]
  arguana:  20%|█▉        | 1.71k/8.67k [00:37<02:32, 45.7doc/s]
  arguana:  20%|█▉        | 1.72k/8.67k [00:37<02:33, 45.4doc/s]
  arguana:  20%|█▉        | 1.73k/8.67k [00:38<02:34, 45.0doc/s]
  arguana:  20%|██        | 1.74k/8.67k [00:38<02:34, 44.8doc/s]
  arguana:  20%|██        | 1.74k/8.67k [00:38<02:38, 43.8doc/s]
  arguana:  20%|██        | 1.75k/8.67k [00:38<02:38, 43.7doc/s]
  arguana:  20%|██        | 1.76k/8.67k [00:38<02:37, 43.9doc/s]
  arguana:  20%|██        | 1.77k/8.67k [00:38<02:36, 44.2doc/s]
  arguana:  20%|██        | 1.78k/8.67k [00:39<02:35, 44.4doc/s]
  arguana:  21%|██        | 1.78k/8.67k [00:39<02:34, 44.7doc/s]
  arguana:  21%|██        | 1.79k/8.67k [00:39<02:33, 44.7doc/s]
  arguana:  21%|██        | 1.80k/8.67k [00:39<02:34, 44.4doc/s]
  arguana:  21%|██        | 1.81k/8.67k [00:39<02:33, 44.6doc/s]
  arguana:  21%|██        | 1.82k/8.67k [00:40<02:32, 44.8doc/s]
  arguana:  21%|██        | 1.82k/8.67k [00:40<02:32, 44.9doc/s]
  arguana:  21%|██        | 1.83k/8.67k [00:40<02:31, 45.3doc/s]
  arguana:  21%|██        | 1.84k/8.67k [00:40<02:30, 45.5doc/s]
  arguana:  21%|██▏       | 1.85k/8.67k [00:40<02:29, 45.7doc/s]
  arguana:  21%|██▏       | 1.86k/8.67k [00:40<02:29, 45.6doc/s]
  arguana:  21%|██▏       | 1.86k/8.67k [00:41<02:29, 45.6doc/s]
  arguana:  22%|██▏       | 1.87k/8.67k [00:41<02:29, 45.5doc/s]
  arguana:  22%|██▏       | 1.88k/8.67k [00:41<02:28, 45.7doc/s]
  arguana:  22%|██▏       | 1.89k/8.67k [00:41<02:28, 45.7doc/s]
  arguana:  22%|██▏       | 1.90k/8.67k [00:41<02:28, 45.5doc/s]
  arguana:  22%|██▏       | 1.90k/8.67k [00:41<02:28, 45.5doc/s]
  arguana:  22%|██▏       | 1.91k/8.67k [00:42<02:28, 45.6doc/s]
  arguana:  22%|██▏       | 1.92k/8.67k [00:42<02:28, 45.6doc/s]
  arguana:  22%|██▏       | 1.93k/8.67k [00:42<02:27, 45.8doc/s]
  arguana:  22%|██▏       | 1.94k/8.67k [00:42<02:27, 45.7doc/s]
  arguana:  22%|██▏       | 1.94k/8.67k [00:42<02:27, 45.6doc/s]
  arguana:  23%|██▎       | 1.95k/8.67k [00:42<02:27, 45.7doc/s]
  arguana:  23%|██▎       | 1.96k/8.67k [00:43<02:27, 45.5doc/s]
  arguana:  23%|██▎       | 1.97k/8.67k [00:43<02:27, 45.5doc/s]
  arguana:  23%|██▎       | 1.98k/8.67k [00:43<02:27, 45.4doc/s]
  arguana:  23%|██▎       | 1.98k/8.67k [00:43<02:27, 45.4doc/s]
  arguana:  23%|██▎       | 1.99k/8.67k [00:43<02:27, 45.2doc/s]
  arguana:  23%|██▎       | 2.00k/8.67k [00:44<02:26, 45.5doc/s]
  arguana:  23%|██▎       | 2.01k/8.67k [00:44<02:26, 45.4doc/s]
  arguana:  23%|██▎       | 2.02k/8.67k [00:44<02:26, 45.3doc/s]
  arguana:  23%|██▎       | 2.02k/8.67k [00:44<02:26, 45.4doc/s]
  arguana:  23%|██▎       | 2.03k/8.67k [00:44<02:25, 45.6doc/s]
  arguana:  24%|██▎       | 2.04k/8.67k [00:44<02:25, 45.7doc/s]
  arguana:  24%|██▎       | 2.05k/8.67k [00:45<02:25, 45.4doc/s]
  arguana:  24%|██▎       | 2.06k/8.67k [00:45<02:26, 45.3doc/s]
  arguana:  24%|██▍       | 2.06k/8.67k [00:45<02:25, 45.4doc/s]
  arguana:  24%|██▍       | 2.07k/8.67k [00:45<02:25, 45.3doc/s]
  arguana:  24%|██▍       | 2.08k/8.67k [00:45<02:25, 45.4doc/s]
  arguana:  24%|██▍       | 2.09k/8.67k [00:45<02:24, 45.6doc/s]
  arguana:  24%|██▍       | 2.10k/8.67k [00:46<02:24, 45.6doc/s]
  arguana:  24%|██▍       | 2.10k/8.67k [00:46<02:23, 45.6doc/s]
  arguana:  24%|██▍       | 2.11k/8.67k [00:46<02:23, 45.8doc/s]
  arguana:  24%|██▍       | 2.12k/8.67k [00:46<02:25, 45.0doc/s]
  arguana:  25%|██▍       | 2.13k/8.67k [00:46<02:28, 44.1doc/s]
  arguana:  25%|██▍       | 2.14k/8.67k [00:47<02:29, 43.8doc/s]
  arguana:  25%|██▍       | 2.14k/8.67k [00:47<02:28, 43.9doc/s]
  arguana:  25%|██▍       | 2.15k/8.67k [00:47<02:27, 44.3doc/s]
  arguana:  25%|██▍       | 2.16k/8.67k [00:47<02:25, 44.6doc/s]
  arguana:  25%|██▍       | 2.17k/8.67k [00:47<02:25, 44.7doc/s]
  arguana:  25%|██▌       | 2.18k/8.67k [00:47<02:25, 44.6doc/s]
  arguana:  25%|██▌       | 2.18k/8.67k [00:48<02:25, 44.6doc/s]
  arguana:  25%|██▌       | 2.19k/8.67k [00:48<02:25, 44.5doc/s]
  arguana:  25%|██▌       | 2.20k/8.67k [00:48<02:25, 44.5doc/s]
  arguana:  25%|██▌       | 2.21k/8.67k [00:48<02:24, 44.8doc/s]
  arguana:  26%|██▌       | 2.22k/8.67k [00:48<02:23, 45.0doc/s]
  arguana:  26%|██▌       | 2.22k/8.67k [00:49<02:22, 45.4doc/s]
  arguana:  26%|██▌       | 2.23k/8.67k [00:49<02:22, 45.3doc/s]
  arguana:  26%|██▌       | 2.24k/8.67k [00:49<02:21, 45.6doc/s]
  arguana:  26%|██▌       | 2.25k/8.67k [00:49<02:21, 45.4doc/s]
  arguana:  26%|██▌       | 2.26k/8.67k [00:49<02:22, 44.9doc/s]
  arguana:  26%|██▌       | 2.26k/8.67k [00:49<02:23, 44.7doc/s]
  arguana:  26%|██▌       | 2.27k/8.67k [00:50<02:23, 44.6doc/s]
  arguana:  26%|██▋       | 2.28k/8.67k [00:50<02:23, 44.7doc/s]
  arguana:  26%|██▋       | 2.29k/8.67k [00:50<02:22, 44.8doc/s]
  arguana:  26%|██▋       | 2.30k/8.67k [00:50<02:22, 44.8doc/s]
  arguana:  27%|██▋       | 2.30k/8.67k [00:50<02:21, 45.0doc/s]
  arguana:  27%|██▋       | 2.31k/8.67k [00:50<02:23, 44.5doc/s]
  arguana:  27%|██▋       | 2.32k/8.67k [00:51<02:23, 44.2doc/s]
  arguana:  27%|██▋       | 2.33k/8.67k [00:51<02:23, 44.3doc/s]
  arguana:  27%|██▋       | 2.34k/8.67k [00:51<02:22, 44.4doc/s]
  arguana:  27%|██▋       | 2.34k/8.67k [00:51<02:21, 44.7doc/s]
  arguana:  27%|██▋       | 2.35k/8.67k [00:51<02:21, 44.7doc/s]
  arguana:  27%|██▋       | 2.36k/8.67k [00:52<02:21, 44.8doc/s]
  arguana:  27%|██▋       | 2.37k/8.67k [00:52<02:19, 45.1doc/s]
  arguana:  27%|██▋       | 2.38k/8.67k [00:52<02:18, 45.4doc/s]
  arguana:  27%|██▋       | 2.38k/8.67k [00:52<02:17, 45.6doc/s]
  arguana:  28%|██▊       | 2.39k/8.67k [00:52<02:17, 45.6doc/s]
  arguana:  28%|██▊       | 2.40k/8.67k [00:52<02:17, 45.5doc/s]
  arguana:  28%|██▊       | 2.41k/8.67k [00:53<02:18, 45.3doc/s]
  arguana:  28%|██▊       | 2.42k/8.67k [00:53<02:18, 45.1doc/s]
  arguana:  28%|██▊       | 2.42k/8.67k [00:53<02:18, 45.1doc/s]
  arguana:  28%|██▊       | 2.43k/8.67k [00:53<02:17, 45.3doc/s]
  arguana:  28%|██▊       | 2.44k/8.67k [00:53<02:18, 45.1doc/s]
  arguana:  28%|██▊       | 2.45k/8.67k [00:54<02:18, 44.9doc/s]
  arguana:  28%|██▊       | 2.46k/8.67k [00:54<02:18, 44.9doc/s]
  arguana:  28%|██▊       | 2.46k/8.67k [00:54<02:17, 45.0doc/s]
  arguana:  28%|██▊       | 2.47k/8.67k [00:54<02:17, 45.1doc/s]
  arguana:  29%|██▊       | 2.48k/8.67k [00:54<02:18, 44.8doc/s]
  arguana:  29%|██▊       | 2.49k/8.67k [00:54<02:17, 44.9doc/s]
  arguana:  29%|██▉       | 2.50k/8.67k [00:55<02:17, 45.0doc/s]
  arguana:  29%|██▉       | 2.50k/8.67k [00:55<02:16, 45.1doc/s]
  arguana:  29%|██▉       | 2.51k/8.67k [00:55<02:16, 45.1doc/s]
  arguana:  29%|██▉       | 2.52k/8.67k [00:55<02:17, 44.9doc/s]
  arguana:  29%|██▉       | 2.53k/8.67k [00:55<02:13, 46.1doc/s]
  arguana:  29%|██▉       | 2.54k/8.67k [00:55<02:14, 45.5doc/s]
  arguana:  29%|██▉       | 2.54k/8.67k [00:56<02:14, 45.5doc/s]
  arguana:  29%|██▉       | 2.55k/8.67k [00:56<02:14, 45.7doc/s]
  arguana:  30%|██▉       | 2.56k/8.67k [00:56<02:14, 45.4doc/s]
  arguana:  30%|██▉       | 2.57k/8.67k [00:56<02:14, 45.5doc/s]
  arguana:  30%|██▉       | 2.58k/8.67k [00:56<02:13, 45.6doc/s]
  arguana:  30%|██▉       | 2.58k/8.67k [00:57<02:13, 45.6doc/s]
  arguana:  30%|██▉       | 2.59k/8.67k [00:57<02:14, 45.2doc/s]
  arguana:  30%|██▉       | 2.60k/8.67k [00:57<02:14, 45.1doc/s]
  arguana:  30%|███       | 2.61k/8.67k [00:57<02:14, 45.2doc/s]
  arguana:  30%|███       | 2.62k/8.67k [00:57<02:13, 45.3doc/s]
  arguana:  30%|███       | 2.62k/8.67k [00:57<02:13, 45.3doc/s]
  arguana:  30%|███       | 2.63k/8.67k [00:58<02:12, 45.6doc/s]
  arguana:  30%|███       | 2.64k/8.67k [00:58<02:11, 45.8doc/s]
  arguana:  31%|███       | 2.65k/8.67k [00:58<02:11, 45.7doc/s]
  arguana:  31%|███       | 2.66k/8.67k [00:58<02:11, 45.8doc/s]
  arguana:  31%|███       | 2.66k/8.67k [00:58<02:11, 45.7doc/s]
  arguana:  31%|███       | 2.67k/8.67k [00:58<02:11, 45.7doc/s]
  arguana:  31%|███       | 2.68k/8.67k [00:59<02:10, 45.8doc/s]
  arguana:  31%|███       | 2.69k/8.67k [00:59<02:10, 45.8doc/s]
  arguana:  31%|███       | 2.70k/8.67k [00:59<02:10, 45.8doc/s]
  arguana:  31%|███       | 2.70k/8.67k [00:59<02:11, 45.3doc/s]
  arguana:  31%|███▏      | 2.71k/8.67k [00:59<02:12, 45.1doc/s]
  arguana:  31%|███▏      | 2.72k/8.67k [00:59<02:11, 45.1doc/s]
  arguana:  31%|███▏      | 2.73k/8.67k [01:00<02:11, 45.2doc/s]
  arguana:  32%|███▏      | 2.74k/8.67k [01:00<02:12, 44.9doc/s]
  arguana:  32%|███▏      | 2.74k/8.67k [01:00<02:11, 45.0doc/s]
  arguana:  32%|███▏      | 2.75k/8.67k [01:00<02:11, 44.9doc/s]
  arguana:  32%|███▏      | 2.76k/8.67k [01:00<02:12, 44.7doc/s]
  arguana:  32%|███▏      | 2.77k/8.67k [01:01<02:11, 44.8doc/s]
  arguana:  32%|███▏      | 2.78k/8.67k [01:01<02:11, 44.7doc/s]
  arguana:  32%|███▏      | 2.78k/8.67k [01:01<02:12, 44.6doc/s]
  arguana:  32%|███▏      | 2.79k/8.67k [01:01<02:11, 44.6doc/s]
  arguana:  32%|███▏      | 2.80k/8.67k [01:01<02:11, 44.8doc/s]
  arguana:  32%|███▏      | 2.81k/8.67k [01:01<02:11, 44.7doc/s]
  arguana:  32%|███▏      | 2.82k/8.67k [01:02<02:11, 44.5doc/s]
  arguana:  33%|███▎      | 2.82k/8.67k [01:02<02:11, 44.5doc/s]
  arguana:  33%|███▎      | 2.83k/8.67k [01:02<02:10, 44.7doc/s]
  arguana:  33%|███▎      | 2.84k/8.67k [01:02<02:10, 44.8doc/s]
  arguana:  33%|███▎      | 2.85k/8.67k [01:02<02:10, 44.7doc/s]
  arguana:  33%|███▎      | 2.86k/8.67k [01:03<02:10, 44.6doc/s]
  arguana:  33%|███▎      | 2.86k/8.67k [01:03<02:09, 44.7doc/s]
  arguana:  33%|███▎      | 2.87k/8.67k [01:03<02:09, 45.0doc/s]
  arguana:  33%|███▎      | 2.88k/8.67k [01:03<02:11, 44.2doc/s]
  arguana:  33%|███▎      | 2.89k/8.67k [01:03<02:11, 44.0doc/s]
  arguana:  33%|███▎      | 2.90k/8.67k [01:03<02:10, 44.1doc/s]
  arguana:  33%|███▎      | 2.90k/8.67k [01:04<02:09, 44.5doc/s]
  arguana:  34%|███▎      | 2.91k/8.67k [01:04<02:10, 44.2doc/s]
  arguana:  34%|███▎      | 2.92k/8.67k [01:04<02:12, 43.5doc/s]
  arguana:  34%|███▍      | 2.93k/8.67k [01:04<02:12, 43.3doc/s]
  arguana:  34%|███▍      | 2.94k/8.67k [01:04<02:12, 43.4doc/s]
  arguana:  34%|███▍      | 2.94k/8.67k [01:05<02:11, 43.6doc/s]
  arguana:  34%|███▍      | 2.95k/8.67k [01:05<02:09, 44.1doc/s]
  arguana:  34%|███▍      | 2.96k/8.67k [01:05<02:08, 44.4doc/s]
  arguana:  34%|███▍      | 2.97k/8.67k [01:05<02:07, 44.8doc/s]
  arguana:  34%|███▍      | 2.98k/8.67k [01:05<02:06, 44.9doc/s]
  arguana:  34%|███▍      | 2.98k/8.67k [01:05<02:05, 45.2doc/s]
  arguana:  34%|███▍      | 2.99k/8.67k [01:06<02:05, 45.3doc/s]
  arguana:  35%|███▍      | 3.00k/8.67k [01:06<02:05, 45.3doc/s]
  arguana:  35%|███▍      | 3.01k/8.67k [01:06<02:05, 45.3doc/s]
  arguana:  35%|███▍      | 3.02k/8.67k [01:06<02:04, 45.4doc/s]
  arguana:  35%|███▍      | 3.02k/8.67k [01:06<02:04, 45.3doc/s]
  arguana:  35%|███▍      | 3.03k/8.67k [01:06<02:04, 45.4doc/s]
  arguana:  35%|███▌      | 3.04k/8.67k [01:07<02:05, 45.0doc/s]
  arguana:  35%|███▌      | 3.05k/8.67k [01:07<02:06, 44.6doc/s]
  arguana:  35%|███▌      | 3.06k/8.67k [01:07<02:06, 44.3doc/s]
  arguana:  35%|███▌      | 3.06k/8.67k [01:07<02:06, 44.5doc/s]
  arguana:  35%|███▌      | 3.07k/8.67k [01:07<02:05, 44.6doc/s]
  arguana:  36%|███▌      | 3.08k/8.67k [01:08<02:05, 44.7doc/s]
  arguana:  36%|███▌      | 3.09k/8.67k [01:08<02:05, 44.6doc/s]
  arguana:  36%|███▌      | 3.10k/8.67k [01:08<02:04, 44.8doc/s]
  arguana:  36%|███▌      | 3.10k/8.67k [01:08<02:06, 44.0doc/s]
  arguana:  36%|███▌      | 3.11k/8.67k [01:08<02:08, 43.3doc/s]
  arguana:  36%|███▌      | 3.12k/8.67k [01:08<02:08, 43.1doc/s]
  arguana:  36%|███▌      | 3.13k/8.67k [01:09<02:07, 43.4doc/s]
  arguana:  36%|███▌      | 3.14k/8.67k [01:09<02:06, 43.9doc/s]
  arguana:  36%|███▌      | 3.14k/8.67k [01:09<02:03, 44.6doc/s]
  arguana:  36%|███▋      | 3.15k/8.67k [01:09<02:02, 44.9doc/s]
  arguana:  36%|███▋      | 3.16k/8.67k [01:09<02:02, 44.9doc/s]
  arguana:  37%|███▋      | 3.17k/8.67k [01:10<02:02, 45.0doc/s]
  arguana:  37%|███▋      | 3.18k/8.67k [01:10<02:01, 45.2doc/s]
  arguana:  37%|███▋      | 3.18k/8.67k [01:10<02:01, 45.1doc/s]
  arguana:  37%|███▋      | 3.19k/8.67k [01:10<02:01, 45.0doc/s]
  arguana:  37%|███▋      | 3.20k/8.67k [01:10<02:01, 45.1doc/s]
  arguana:  37%|███▋      | 3.21k/8.67k [01:10<02:01, 44.9doc/s]
  arguana:  37%|███▋      | 3.22k/8.67k [01:11<02:01, 44.9doc/s]
  arguana:  37%|███▋      | 3.22k/8.67k [01:11<02:01, 44.7doc/s]
  arguana:  37%|███▋      | 3.23k/8.67k [01:11<02:01, 44.8doc/s]
  arguana:  37%|███▋      | 3.24k/8.67k [01:11<02:01, 44.9doc/s]
  arguana:  37%|███▋      | 3.25k/8.67k [01:11<02:01, 44.8doc/s]
  arguana:  38%|███▊      | 3.26k/8.67k [01:12<02:01, 44.7doc/s]
  arguana:  38%|███▊      | 3.26k/8.67k [01:12<02:00, 45.1doc/s]
  arguana:  38%|███▊      | 3.27k/8.67k [01:12<02:00, 45.0doc/s]
  arguana:  38%|███▊      | 3.28k/8.67k [01:12<01:59, 45.1doc/s]
  arguana:  38%|███▊      | 3.29k/8.67k [01:12<01:58, 45.5doc/s]
  arguana:  38%|███▊      | 3.30k/8.67k [01:12<01:59, 45.0doc/s]
  arguana:  38%|███▊      | 3.30k/8.67k [01:13<02:01, 44.2doc/s]
  arguana:  38%|███▊      | 3.31k/8.67k [01:13<02:01, 44.1doc/s]
  arguana:  38%|███▊      | 3.32k/8.67k [01:13<02:00, 44.4doc/s]
  arguana:  38%|███▊      | 3.33k/8.67k [01:13<01:59, 44.8doc/s]
  arguana:  38%|███▊      | 3.34k/8.67k [01:13<01:58, 44.9doc/s]
  arguana:  39%|███▊      | 3.34k/8.67k [01:13<01:59, 44.6doc/s]
  arguana:  39%|███▊      | 3.35k/8.67k [01:14<01:59, 44.6doc/s]
  arguana:  39%|███▊      | 3.36k/8.67k [01:14<01:58, 44.7doc/s]
  arguana:  39%|███▉      | 3.37k/8.67k [01:14<01:58, 44.8doc/s]
  arguana:  39%|███▉      | 3.38k/8.67k [01:14<01:58, 44.7doc/s]
  arguana:  39%|███▉      | 3.38k/8.67k [01:14<01:59, 44.3doc/s]
  arguana:  39%|███▉      | 3.39k/8.67k [01:15<01:59, 44.3doc/s]
  arguana:  39%|███▉      | 3.40k/8.67k [01:15<01:58, 44.4doc/s]
  arguana:  39%|███▉      | 3.41k/8.67k [01:15<01:59, 44.2doc/s]
  arguana:  39%|███▉      | 3.42k/8.67k [01:15<01:58, 44.2doc/s]
  arguana:  39%|███▉      | 3.42k/8.67k [01:15<01:58, 44.3doc/s]
  arguana:  40%|███▉      | 3.43k/8.67k [01:15<01:58, 44.3doc/s]
  arguana:  40%|███▉      | 3.44k/8.67k [01:16<01:58, 44.2doc/s]
  arguana:  40%|███▉      | 3.45k/8.67k [01:16<01:57, 44.4doc/s]
  arguana:  40%|███▉      | 3.46k/8.67k [01:16<01:56, 44.6doc/s]
  arguana:  40%|███▉      | 3.46k/8.67k [01:16<01:58, 44.1doc/s]
  arguana:  40%|████      | 3.47k/8.67k [01:16<01:58, 44.0doc/s]
  arguana:  40%|████      | 3.48k/8.67k [01:17<01:58, 43.9doc/s]
  arguana:  40%|████      | 3.49k/8.67k [01:17<01:57, 44.1doc/s]
  arguana:  40%|████      | 3.50k/8.67k [01:17<01:57, 44.1doc/s]
  arguana:  40%|████      | 3.50k/8.67k [01:17<01:56, 44.2doc/s]
  arguana:  40%|████      | 3.51k/8.67k [01:17<01:56, 44.4doc/s]
  arguana:  41%|████      | 3.52k/8.67k [01:17<01:55, 44.5doc/s]
  arguana:  41%|████      | 3.53k/8.67k [01:18<01:55, 44.4doc/s]
  arguana:  41%|████      | 3.54k/8.67k [01:18<01:55, 44.5doc/s]
  arguana:  41%|████      | 3.54k/8.67k [01:18<01:55, 44.6doc/s]
  arguana:  41%|████      | 3.55k/8.67k [01:18<01:54, 44.7doc/s]
  arguana:  41%|████      | 3.56k/8.67k [01:18<01:54, 44.5doc/s]
  arguana:  41%|████      | 3.57k/8.67k [01:19<01:54, 44.5doc/s]
  arguana:  41%|████      | 3.58k/8.67k [01:19<01:54, 44.4doc/s]
  arguana:  41%|████▏     | 3.58k/8.67k [01:19<01:53, 44.8doc/s]
  arguana:  41%|████▏     | 3.59k/8.67k [01:19<01:52, 45.0doc/s]
  arguana:  42%|████▏     | 3.60k/8.67k [01:19<01:53, 44.6doc/s]
  arguana:  42%|████▏     | 3.61k/8.67k [01:19<01:54, 44.3doc/s]
  arguana:  42%|████▏     | 3.62k/8.67k [01:20<01:55, 44.0doc/s]
  arguana:  42%|████▏     | 3.62k/8.67k [01:20<01:54, 44.0doc/s]
  arguana:  42%|████▏     | 3.63k/8.67k [01:20<01:54, 44.1doc/s]
  arguana:  42%|████▏     | 3.64k/8.67k [01:20<01:53, 44.2doc/s]
  arguana:  42%|████▏     | 3.65k/8.67k [01:20<01:53, 44.3doc/s]
  arguana:  42%|████▏     | 3.66k/8.67k [01:21<01:52, 44.5doc/s]
  arguana:  42%|████▏     | 3.66k/8.67k [01:21<01:52, 44.6doc/s]
  arguana:  42%|████▏     | 3.67k/8.67k [01:21<01:51, 44.7doc/s]
  arguana:  42%|████▏     | 3.68k/8.67k [01:21<01:51, 44.7doc/s]
  arguana:  43%|████▎     | 3.69k/8.67k [01:21<01:51, 44.8doc/s]
  arguana:  43%|████▎     | 3.70k/8.67k [01:21<01:50, 45.0doc/s]
  arguana:  43%|████▎     | 3.70k/8.67k [01:22<01:49, 45.2doc/s]
  arguana:  43%|████▎     | 3.71k/8.67k [01:22<01:49, 45.1doc/s]
  arguana:  43%|████▎     | 3.72k/8.67k [01:22<01:49, 45.2doc/s]
  arguana:  43%|████▎     | 3.73k/8.67k [01:22<01:49, 45.1doc/s]
  arguana:  43%|████▎     | 3.74k/8.67k [01:22<01:49, 44.9doc/s]
  arguana:  43%|████▎     | 3.74k/8.67k [01:22<01:49, 44.9doc/s]
  arguana:  43%|████▎     | 3.75k/8.67k [01:23<01:49, 44.9doc/s]
  arguana:  43%|████▎     | 3.76k/8.67k [01:23<01:49, 44.7doc/s]
  arguana:  43%|████▎     | 3.77k/8.67k [01:23<01:50, 44.5doc/s]
  arguana:  44%|████▎     | 3.78k/8.67k [01:23<01:49, 44.6doc/s]
  arguana:  44%|████▎     | 3.78k/8.67k [01:23<01:49, 44.8doc/s]
  arguana:  44%|████▎     | 3.79k/8.67k [01:24<01:48, 44.8doc/s]
  arguana:  44%|████▍     | 3.80k/8.67k [01:24<01:48, 44.8doc/s]
  arguana:  44%|████▍     | 3.81k/8.67k [01:24<01:47, 45.1doc/s]
  arguana:  44%|████▍     | 3.82k/8.67k [01:24<01:48, 44.7doc/s]
  arguana:  44%|████▍     | 3.82k/8.67k [01:24<01:50, 44.1doc/s]
  arguana:  44%|████▍     | 3.83k/8.67k [01:24<01:50, 43.9doc/s]
  arguana:  44%|████▍     | 3.84k/8.67k [01:25<01:49, 44.0doc/s]
  arguana:  44%|████▍     | 3.85k/8.67k [01:25<01:48, 44.5doc/s]
  arguana:  44%|████▍     | 3.86k/8.67k [01:25<01:47, 44.8doc/s]
  arguana:  45%|████▍     | 3.86k/8.67k [01:25<01:47, 44.7doc/s]
  arguana:  45%|████▍     | 3.87k/8.67k [01:25<01:47, 44.6doc/s]
  arguana:  45%|████▍     | 3.88k/8.67k [01:26<01:47, 44.7doc/s]
  arguana:  45%|████▍     | 3.89k/8.67k [01:26<01:47, 44.6doc/s]
  arguana:  45%|████▍     | 3.90k/8.67k [01:26<01:46, 44.7doc/s]
  arguana:  45%|████▌     | 3.90k/8.67k [01:26<01:46, 44.7doc/s]
  arguana:  45%|████▌     | 3.91k/8.67k [01:26<01:46, 44.7doc/s]
  arguana:  45%|████▌     | 3.92k/8.67k [01:26<01:46, 44.7doc/s]
  arguana:  45%|████▌     | 3.93k/8.67k [01:27<01:46, 44.7doc/s]
  arguana:  45%|████▌     | 3.94k/8.67k [01:27<01:46, 44.7doc/s]
  arguana:  45%|████▌     | 3.94k/8.67k [01:27<01:45, 44.7doc/s]
  arguana:  46%|████▌     | 3.95k/8.67k [01:27<01:45, 44.6doc/s]
  arguana:  46%|████▌     | 3.96k/8.67k [01:27<01:45, 44.5doc/s]
  arguana:  46%|████▌     | 3.97k/8.67k [01:27<01:45, 44.7doc/s]
  arguana:  46%|████▌     | 3.98k/8.67k [01:28<01:44, 44.8doc/s]
  arguana:  46%|████▌     | 3.98k/8.67k [01:28<01:44, 45.0doc/s]
  arguana:  46%|████▌     | 3.99k/8.67k [01:28<01:44, 44.8doc/s]
  arguana:  46%|████▌     | 4.00k/8.67k [01:28<01:44, 44.6doc/s]
  arguana:  46%|████▌     | 4.01k/8.67k [01:28<01:46, 43.7doc/s]
  arguana:  46%|████▋     | 4.02k/8.67k [01:29<01:48, 42.8doc/s]
  arguana:  46%|████▋     | 4.02k/8.67k [01:29<01:49, 42.5doc/s]
  arguana:  46%|████▋     | 4.03k/8.67k [01:29<01:48, 42.9doc/s]
  arguana:  47%|████▋     | 4.04k/8.67k [01:29<01:46, 43.4doc/s]
  arguana:  47%|████▋     | 4.05k/8.67k [01:29<01:45, 44.0doc/s]
  arguana:  47%|████▋     | 4.06k/8.67k [01:29<01:43, 44.5doc/s]
  arguana:  47%|████▋     | 4.06k/8.67k [01:30<01:42, 44.9doc/s]
  arguana:  47%|████▋     | 4.07k/8.67k [01:30<01:42, 44.7doc/s]
  arguana:  47%|████▋     | 4.08k/8.67k [01:30<01:42, 44.9doc/s]
  arguana:  47%|████▋     | 4.09k/8.67k [01:30<01:42, 44.6doc/s]
  arguana:  47%|████▋     | 4.10k/8.67k [01:30<01:43, 44.4doc/s]
  arguana:  47%|████▋     | 4.10k/8.67k [01:31<01:42, 44.4doc/s]
  arguana:  47%|████▋     | 4.11k/8.67k [01:31<01:43, 44.3doc/s]
  arguana:  47%|████▋     | 4.12k/8.67k [01:31<01:43, 44.2doc/s]
  arguana:  48%|████▊     | 4.13k/8.67k [01:31<01:42, 44.2doc/s]
  arguana:  48%|████▊     | 4.14k/8.67k [01:31<01:42, 44.2doc/s]
  arguana:  48%|████▊     | 4.14k/8.67k [01:31<01:42, 44.4doc/s]
  arguana:  48%|████▊     | 4.15k/8.67k [01:32<01:43, 43.8doc/s]
  arguana:  48%|████▊     | 4.16k/8.67k [01:32<01:44, 43.1doc/s]
  arguana:  48%|████▊     | 4.17k/8.67k [01:32<01:44, 43.2doc/s]
  arguana:  48%|████▊     | 4.18k/8.67k [01:32<01:43, 43.4doc/s]
  arguana:  48%|████▊     | 4.18k/8.67k [01:32<01:42, 43.9doc/s]
  arguana:  48%|████▊     | 4.19k/8.67k [01:33<01:40, 44.5doc/s]
  arguana:  48%|████▊     | 4.20k/8.67k [01:33<01:39, 44.9doc/s]
  arguana:  49%|████▊     | 4.21k/8.67k [01:33<01:39, 45.0doc/s]
  arguana:  49%|████▊     | 4.22k/8.67k [01:33<01:38, 45.1doc/s]
  arguana:  49%|████▊     | 4.22k/8.67k [01:33<01:38, 45.0doc/s]
  arguana:  49%|████▉     | 4.23k/8.67k [01:33<01:39, 44.8doc/s]
  arguana:  49%|████▉     | 4.24k/8.67k [01:34<01:38, 44.9doc/s]
  arguana:  49%|████▉     | 4.25k/8.67k [01:34<01:38, 45.0doc/s]
  arguana:  49%|████▉     | 4.26k/8.67k [01:34<01:39, 44.6doc/s]
  arguana:  49%|████▉     | 4.26k/8.67k [01:34<01:39, 44.3doc/s]
  arguana:  49%|████▉     | 4.27k/8.67k [01:34<01:39, 44.0doc/s]
  arguana:  49%|████▉     | 4.28k/8.67k [01:35<01:39, 44.2doc/s]
  arguana:  49%|████▉     | 4.29k/8.67k [01:35<01:38, 44.4doc/s]
  arguana:  50%|████▉     | 4.30k/8.67k [01:35<01:38, 44.5doc/s]
  arguana:  50%|████▉     | 4.30k/8.67k [01:35<01:38, 44.6doc/s]
  arguana:  50%|████▉     | 4.31k/8.67k [01:35<01:38, 44.5doc/s]
  arguana:  50%|████▉     | 4.32k/8.67k [01:35<01:38, 44.3doc/s]
  arguana:  50%|████▉     | 4.33k/8.67k [01:36<01:38, 44.1doc/s]
  arguana:  50%|████▉     | 4.34k/8.67k [01:36<01:38, 44.0doc/s]
  arguana:  50%|█████     | 4.34k/8.67k [01:36<01:38, 43.9doc/s]
  arguana:  50%|█████     | 4.35k/8.67k [01:36<01:37, 44.1doc/s]
  arguana:  50%|█████     | 4.36k/8.67k [01:36<01:36, 44.6doc/s]
  arguana:  50%|█████     | 4.37k/8.67k [01:37<01:35, 44.9doc/s]
  arguana:  50%|█████     | 4.38k/8.67k [01:37<01:35, 45.0doc/s]
  arguana:  51%|█████     | 4.38k/8.67k [01:37<01:35, 45.1doc/s]
  arguana:  51%|█████     | 4.39k/8.67k [01:37<01:37, 44.0doc/s]
  arguana:  51%|█████     | 4.40k/8.67k [01:37<01:37, 43.8doc/s]
  arguana:  51%|█████     | 4.41k/8.67k [01:37<01:36, 44.2doc/s]
  arguana:  51%|█████     | 4.42k/8.67k [01:38<01:35, 44.5doc/s]
  arguana:  51%|█████     | 4.42k/8.67k [01:38<01:35, 44.6doc/s]
  arguana:  51%|█████     | 4.43k/8.67k [01:38<01:35, 44.6doc/s]
  arguana:  51%|█████     | 4.44k/8.67k [01:38<01:34, 44.7doc/s]
  arguana:  51%|█████▏    | 4.45k/8.67k [01:38<01:34, 44.9doc/s]
  arguana:  51%|█████▏    | 4.46k/8.67k [01:39<01:35, 44.0doc/s]
  arguana:  51%|█████▏    | 4.46k/8.67k [01:39<01:36, 43.7doc/s]
  arguana:  52%|█████▏    | 4.47k/8.67k [01:39<01:35, 44.0doc/s]
  arguana:  52%|█████▏    | 4.48k/8.67k [01:39<01:34, 44.5doc/s]
  arguana:  52%|█████▏    | 4.49k/8.67k [01:39<01:34, 44.4doc/s]
  arguana:  52%|█████▏    | 4.50k/8.67k [01:39<01:35, 43.9doc/s]
  arguana:  52%|█████▏    | 4.50k/8.67k [01:40<01:35, 43.6doc/s]
  arguana:  52%|█████▏    | 4.51k/8.67k [01:40<01:34, 43.9doc/s]
  arguana:  52%|█████▏    | 4.52k/8.67k [01:40<01:34, 44.2doc/s]
  arguana:  52%|█████▏    | 4.53k/8.67k [01:40<01:33, 44.5doc/s]
  arguana:  52%|█████▏    | 4.54k/8.67k [01:40<01:32, 44.7doc/s]
  arguana:  52%|█████▏    | 4.54k/8.67k [01:41<01:33, 44.4doc/s]
  arguana:  52%|█████▏    | 4.55k/8.67k [01:41<01:32, 44.4doc/s]
  arguana:  53%|█████▎    | 4.56k/8.67k [01:41<01:32, 44.5doc/s]
  arguana:  53%|█████▎    | 4.57k/8.67k [01:41<01:32, 44.4doc/s]
  arguana:  53%|█████▎    | 4.58k/8.67k [01:41<01:32, 44.4doc/s]
  arguana:  53%|█████▎    | 4.58k/8.67k [01:41<01:32, 44.3doc/s]
  arguana:  53%|█████▎    | 4.59k/8.67k [01:42<01:32, 44.3doc/s]
  arguana:  53%|█████▎    | 4.60k/8.67k [01:42<01:31, 44.4doc/s]
  arguana:  53%|█████▎    | 4.61k/8.67k [01:42<01:31, 44.4doc/s]
  arguana:  53%|█████▎    | 4.62k/8.67k [01:42<01:30, 44.7doc/s]
  arguana:  53%|█████▎    | 4.62k/8.67k [01:42<01:30, 45.0doc/s]
  arguana:  53%|█████▎    | 4.63k/8.67k [01:42<01:29, 45.2doc/s]
  arguana:  53%|█████▎    | 4.64k/8.67k [01:43<01:29, 45.1doc/s]
  arguana:  54%|█████▎    | 4.65k/8.67k [01:43<01:29, 45.2doc/s]
  arguana:  54%|█████▎    | 4.66k/8.67k [01:43<01:28, 45.2doc/s]
  arguana:  54%|█████▍    | 4.66k/8.67k [01:43<01:28, 45.3doc/s]
  arguana:  54%|█████▍    | 4.67k/8.67k [01:43<01:28, 45.2doc/s]
  arguana:  54%|█████▍    | 4.68k/8.67k [01:44<01:29, 44.4doc/s]
  arguana:  54%|█████▍    | 4.69k/8.67k [01:44<01:32, 43.3doc/s]
  arguana:  54%|█████▍    | 4.70k/8.67k [01:44<01:32, 43.0doc/s]
  arguana:  54%|█████▍    | 4.70k/8.67k [01:44<01:31, 43.3doc/s]
  arguana:  54%|█████▍    | 4.71k/8.67k [01:44<01:30, 43.8doc/s]
  arguana:  54%|█████▍    | 4.72k/8.67k [01:44<01:28, 44.5doc/s]
  arguana:  55%|█████▍    | 4.73k/8.67k [01:45<01:28, 44.7doc/s]
  arguana:  55%|█████▍    | 4.74k/8.67k [01:45<01:27, 44.9doc/s]
  arguana:  55%|█████▍    | 4.74k/8.67k [01:45<01:27, 44.9doc/s]
  arguana:  55%|█████▍    | 4.75k/8.67k [01:45<01:28, 44.1doc/s]
  arguana:  55%|█████▍    | 4.76k/8.67k [01:45<01:30, 43.4doc/s]
  arguana:  55%|█████▍    | 4.77k/8.67k [01:46<01:30, 43.2doc/s]
  arguana:  55%|█████▌    | 4.78k/8.67k [01:46<01:29, 43.5doc/s]
  arguana:  55%|█████▌    | 4.78k/8.67k [01:46<01:28, 43.9doc/s]
  arguana:  55%|█████▌    | 4.79k/8.67k [01:46<01:28, 44.1doc/s]
  arguana:  55%|█████▌    | 4.80k/8.67k [01:46<01:27, 44.3doc/s]
  arguana:  55%|█████▌    | 4.81k/8.67k [01:46<01:26, 44.4doc/s]
  arguana:  56%|█████▌    | 4.82k/8.67k [01:47<01:26, 44.7doc/s]
  arguana:  56%|█████▌    | 4.82k/8.67k [01:47<01:27, 43.9doc/s]
  arguana:  56%|█████▌    | 4.83k/8.67k [01:47<01:28, 43.2doc/s]
  arguana:  56%|█████▌    | 4.84k/8.67k [01:47<01:29, 43.1doc/s]
  arguana:  56%|█████▌    | 4.85k/8.67k [01:47<01:27, 43.5doc/s]
  arguana:  56%|█████▌    | 4.86k/8.67k [01:48<01:26, 44.0doc/s]
  arguana:  56%|█████▌    | 4.86k/8.67k [01:48<01:26, 44.3doc/s]
  arguana:  56%|█████▌    | 4.87k/8.67k [01:48<01:25, 44.5doc/s]
  arguana:  56%|█████▋    | 4.88k/8.67k [01:48<01:25, 44.5doc/s]
  arguana:  56%|█████▋    | 4.89k/8.67k [01:48<01:24, 44.7doc/s]
  arguana:  56%|█████▋    | 4.90k/8.67k [01:48<01:25, 44.1doc/s]
  arguana:  57%|█████▋    | 4.90k/8.67k [01:49<01:26, 43.4doc/s]
  arguana:  57%|█████▋    | 4.91k/8.67k [01:49<01:26, 43.3doc/s]
  arguana:  57%|█████▋    | 4.92k/8.67k [01:49<01:26, 43.4doc/s]
  arguana:  57%|█████▋    | 4.93k/8.67k [01:49<01:25, 43.7doc/s]
  arguana:  57%|█████▋    | 4.94k/8.67k [01:49<01:24, 44.2doc/s]
  arguana:  57%|█████▋    | 4.94k/8.67k [01:50<01:24, 44.0doc/s]
  arguana:  57%|█████▋    | 4.95k/8.67k [01:50<01:24, 43.9doc/s]
  arguana:  57%|█████▋    | 4.96k/8.67k [01:50<01:25, 43.7doc/s]
  arguana:  57%|█████▋    | 4.97k/8.67k [01:50<01:24, 44.0doc/s]
  arguana:  57%|█████▋    | 4.98k/8.67k [01:50<01:23, 44.2doc/s]
  arguana:  57%|█████▋    | 4.98k/8.67k [01:50<01:23, 44.5doc/s]
  arguana:  58%|█████▊    | 4.99k/8.67k [01:51<01:22, 44.5doc/s]
  arguana:  58%|█████▊    | 5.00k/8.67k [01:51<01:22, 44.4doc/s]
  arguana:  58%|█████▊    | 5.01k/8.67k [01:51<01:24, 43.5doc/s]
  arguana:  58%|█████▊    | 5.02k/8.67k [01:51<01:24, 43.3doc/s]
  arguana:  58%|█████▊    | 5.02k/8.67k [01:51<01:24, 43.2doc/s]
  arguana:  58%|█████▊    | 5.03k/8.67k [01:52<01:23, 43.5doc/s]
  arguana:  58%|█████▊    | 5.04k/8.67k [01:52<01:22, 44.1doc/s]
  arguana:  58%|█████▊    | 5.05k/8.67k [01:52<01:21, 44.2doc/s]
  arguana:  58%|█████▊    | 5.06k/8.67k [01:52<01:21, 44.3doc/s]
  arguana:  58%|█████▊    | 5.06k/8.67k [01:52<01:20, 44.7doc/s]
  arguana:  58%|█████▊    | 5.07k/8.67k [01:52<01:20, 45.0doc/s]
  arguana:  59%|█████▊    | 5.08k/8.67k [01:53<01:20, 44.7doc/s]
  arguana:  59%|█████▊    | 5.09k/8.67k [01:53<01:21, 44.2doc/s]
  arguana:  59%|█████▉    | 5.10k/8.67k [01:53<01:21, 44.0doc/s]
  arguana:  59%|█████▉    | 5.10k/8.67k [01:53<01:21, 44.0doc/s]
  arguana:  59%|█████▉    | 5.11k/8.67k [01:53<01:20, 44.3doc/s]
  arguana:  59%|█████▉    | 5.12k/8.67k [01:54<01:19, 44.4doc/s]
  arguana:  59%|█████▉    | 5.13k/8.67k [01:54<01:19, 44.7doc/s]
  arguana:  59%|█████▉    | 5.14k/8.67k [01:54<01:18, 45.0doc/s]
  arguana:  59%|█████▉    | 5.14k/8.67k [01:54<01:18, 44.9doc/s]
  arguana:  59%|█████▉    | 5.15k/8.67k [01:54<01:18, 45.0doc/s]
  arguana:  59%|█████▉    | 5.16k/8.67k [01:54<01:18, 45.0doc/s]
  arguana:  60%|█████▉    | 5.17k/8.67k [01:55<01:18, 44.7doc/s]
  arguana:  60%|█████▉    | 5.18k/8.67k [01:55<01:18, 44.5doc/s]
  arguana:  60%|█████▉    | 5.18k/8.67k [01:55<01:18, 44.5doc/s]
  arguana:  60%|█████▉    | 5.19k/8.67k [01:55<01:18, 44.5doc/s]
  arguana:  60%|█████▉    | 5.20k/8.67k [01:55<01:18, 44.5doc/s]
  arguana:  60%|██████    | 5.21k/8.67k [01:56<01:18, 44.4doc/s]
  arguana:  60%|██████    | 5.22k/8.67k [01:56<01:17, 44.4doc/s]
  arguana:  60%|██████    | 5.22k/8.67k [01:56<01:17, 44.3doc/s]
  arguana:  60%|██████    | 5.23k/8.67k [01:56<01:17, 44.4doc/s]
  arguana:  60%|██████    | 5.24k/8.67k [01:56<01:18, 43.6doc/s]
  arguana:  61%|██████    | 5.25k/8.67k [01:56<01:20, 42.8doc/s]
  arguana:  61%|██████    | 5.26k/8.67k [01:57<01:19, 42.8doc/s]
  arguana:  61%|██████    | 5.26k/8.67k [01:57<01:19, 43.1doc/s]
  arguana:  61%|██████    | 5.27k/8.67k [01:57<01:17, 43.6doc/s]
  arguana:  61%|██████    | 5.28k/8.67k [01:57<01:16, 44.2doc/s]
  arguana:  61%|██████    | 5.29k/8.67k [01:57<01:15, 44.6doc/s]
  arguana:  61%|██████    | 5.30k/8.67k [01:58<01:15, 44.9doc/s]
  arguana:  61%|██████    | 5.30k/8.67k [01:58<01:14, 45.2doc/s]
  arguana:  61%|██████    | 5.31k/8.67k [01:58<01:15, 44.5doc/s]
  arguana:  61%|██████▏   | 5.32k/8.67k [01:58<01:16, 43.7doc/s]
  arguana:  61%|██████▏   | 5.33k/8.67k [01:58<01:17, 43.4doc/s]
  arguana:  62%|██████▏   | 5.34k/8.67k [01:58<01:16, 43.7doc/s]
  arguana:  62%|██████▏   | 5.34k/8.67k [01:59<01:15, 43.9doc/s]
  arguana:  62%|██████▏   | 5.35k/8.67k [01:59<01:15, 44.1doc/s]
  arguana:  62%|██████▏   | 5.36k/8.67k [01:59<01:14, 44.4doc/s]
  arguana:  62%|██████▏   | 5.37k/8.67k [01:59<01:14, 44.3doc/s]
  arguana:  62%|██████▏   | 5.38k/8.67k [01:59<01:14, 44.6doc/s]
  arguana:  62%|██████▏   | 5.38k/8.67k [02:00<01:14, 43.9doc/s]
  arguana:  62%|██████▏   | 5.39k/8.67k [02:00<01:16, 43.1doc/s]
  arguana:  62%|██████▏   | 5.40k/8.67k [02:00<01:16, 43.0doc/s]
  arguana:  62%|██████▏   | 5.41k/8.67k [02:00<01:15, 43.3doc/s]
  arguana:  62%|██████▏   | 5.42k/8.67k [02:00<01:14, 43.8doc/s]
  arguana:  63%|██████▎   | 5.42k/8.67k [02:00<01:13, 44.1doc/s]
  arguana:  63%|██████▎   | 5.43k/8.67k [02:01<01:13, 44.3doc/s]
  arguana:  63%|██████▎   | 5.44k/8.67k [02:01<01:13, 44.3doc/s]
  arguana:  63%|██████▎   | 5.45k/8.67k [02:01<01:12, 44.5doc/s]
  arguana:  63%|██████▎   | 5.46k/8.67k [02:01<01:12, 44.6doc/s]
  arguana:  63%|██████▎   | 5.46k/8.67k [02:01<01:12, 44.4doc/s]
  arguana:  63%|██████▎   | 5.47k/8.67k [02:02<01:12, 44.4doc/s]
  arguana:  63%|██████▎   | 5.48k/8.67k [02:02<01:11, 44.5doc/s]
  arguana:  63%|██████▎   | 5.49k/8.67k [02:02<01:11, 44.7doc/s]
  arguana:  63%|██████▎   | 5.50k/8.67k [02:02<01:11, 44.7doc/s]
  arguana:  63%|██████▎   | 5.50k/8.67k [02:02<01:11, 44.6doc/s]
  arguana:  64%|██████▎   | 5.51k/8.67k [02:02<01:10, 44.6doc/s]
  arguana:  64%|██████▎   | 5.52k/8.67k [02:03<01:11, 44.3doc/s]
  arguana:  64%|██████▎   | 5.53k/8.67k [02:03<01:11, 44.1doc/s]
  arguana:  64%|██████▍   | 5.54k/8.67k [02:03<01:11, 44.0doc/s]
  arguana:  64%|██████▍   | 5.54k/8.67k [02:03<01:11, 44.1doc/s]
  arguana:  64%|██████▍   | 5.55k/8.67k [02:03<01:10, 44.2doc/s]
  arguana:  64%|██████▍   | 5.56k/8.67k [02:03<01:10, 44.2doc/s]
  arguana:  64%|██████▍   | 5.57k/8.67k [02:04<01:10, 44.3doc/s]
  arguana:  64%|██████▍   | 5.58k/8.67k [02:04<01:09, 44.4doc/s]
  arguana:  64%|██████▍   | 5.58k/8.67k [02:04<01:09, 44.5doc/s]
  arguana:  64%|██████▍   | 5.59k/8.67k [02:04<01:08, 44.9doc/s]
  arguana:  65%|██████▍   | 5.60k/8.67k [02:04<01:08, 45.0doc/s]
  arguana:  65%|██████▍   | 5.61k/8.67k [02:05<01:08, 45.0doc/s]
  arguana:  65%|██████▍   | 5.62k/8.67k [02:05<01:07, 45.0doc/s]
  arguana:  65%|██████▍   | 5.62k/8.67k [02:05<01:07, 45.0doc/s]
  arguana:  65%|██████▍   | 5.63k/8.67k [02:05<01:07, 45.0doc/s]
  arguana:  65%|██████▌   | 5.64k/8.67k [02:05<01:08, 44.6doc/s]
  arguana:  65%|██████▌   | 5.65k/8.67k [02:05<01:08, 44.3doc/s]
  arguana:  65%|██████▌   | 5.66k/8.67k [02:06<01:08, 43.8doc/s]
  arguana:  65%|██████▌   | 5.66k/8.67k [02:06<01:08, 43.8doc/s]
  arguana:  65%|██████▌   | 5.67k/8.67k [02:06<01:08, 43.9doc/s]
  arguana:  65%|██████▌   | 5.68k/8.67k [02:06<01:08, 44.0doc/s]
  arguana:  66%|██████▌   | 5.69k/8.67k [02:06<01:07, 44.0doc/s]
  arguana:  66%|██████▌   | 5.70k/8.67k [02:07<01:07, 44.3doc/s]
  arguana:  66%|██████▌   | 5.70k/8.67k [02:07<01:06, 44.4doc/s]
  arguana:  66%|██████▌   | 5.71k/8.67k [02:07<01:06, 44.5doc/s]
  arguana:  66%|██████▌   | 5.72k/8.67k [02:07<01:06, 44.6doc/s]
  arguana:  66%|██████▌   | 5.73k/8.67k [02:07<01:06, 44.5doc/s]
  arguana:  66%|██████▌   | 5.74k/8.67k [02:07<01:05, 44.5doc/s]
  arguana:  66%|██████▌   | 5.74k/8.67k [02:08<01:05, 44.8doc/s]
  arguana:  66%|██████▋   | 5.75k/8.67k [02:08<01:04, 45.0doc/s]
  arguana:  66%|██████▋   | 5.76k/8.67k [02:08<01:04, 44.9doc/s]
  arguana:  66%|██████▋   | 5.77k/8.67k [02:08<01:04, 44.8doc/s]
  arguana:  67%|██████▋   | 5.78k/8.67k [02:08<01:04, 44.7doc/s]
  arguana:  67%|██████▋   | 5.78k/8.67k [02:09<01:04, 44.7doc/s]
  arguana:  67%|██████▋   | 5.79k/8.67k [02:09<01:04, 44.6doc/s]
  arguana:  67%|██████▋   | 5.80k/8.67k [02:09<01:04, 44.6doc/s]
  arguana:  67%|██████▋   | 5.81k/8.67k [02:09<01:04, 44.4doc/s]
  arguana:  67%|██████▋   | 5.82k/8.67k [02:09<01:04, 44.3doc/s]
  arguana:  67%|██████▋   | 5.82k/8.67k [02:09<01:04, 44.1doc/s]
  arguana:  67%|██████▋   | 5.83k/8.67k [02:10<01:04, 44.1doc/s]
  arguana:  67%|██████▋   | 5.84k/8.67k [02:10<01:04, 43.8doc/s]
  arguana:  67%|██████▋   | 5.85k/8.67k [02:10<01:04, 44.1doc/s]
  arguana:  68%|██████▊   | 5.86k/8.67k [02:10<01:03, 44.3doc/s]
  arguana:  68%|██████▊   | 5.86k/8.67k [02:10<01:03, 44.3doc/s]
  arguana:  68%|██████▊   | 5.87k/8.67k [02:11<01:02, 44.6doc/s]
  arguana:  68%|██████▊   | 5.88k/8.67k [02:11<01:02, 44.7doc/s]
  arguana:  68%|██████▊   | 5.89k/8.67k [02:11<01:02, 44.3doc/s]
  arguana:  68%|██████▊   | 5.90k/8.67k [02:11<01:02, 44.1doc/s]
  arguana:  68%|██████▊   | 5.90k/8.67k [02:11<01:03, 43.9doc/s]
  arguana:  68%|██████▊   | 5.91k/8.67k [02:11<01:02, 44.3doc/s]
  arguana:  68%|██████▊   | 5.92k/8.67k [02:12<01:02, 44.4doc/s]
  arguana:  68%|██████▊   | 5.93k/8.67k [02:12<01:01, 44.6doc/s]
  arguana:  68%|██████▊   | 5.94k/8.67k [02:12<01:01, 44.8doc/s]
  arguana:  69%|██████▊   | 5.94k/8.67k [02:12<01:01, 44.7doc/s]
  arguana:  69%|██████▊   | 5.95k/8.67k [02:12<01:01, 44.6doc/s]
  arguana:  69%|██████▊   | 5.96k/8.67k [02:12<01:00, 44.6doc/s]
  arguana:  69%|██████▉   | 5.97k/8.67k [02:13<01:00, 44.5doc/s]
  arguana:  69%|██████▉   | 5.98k/8.67k [02:13<01:00, 44.4doc/s]
  arguana:  69%|██████▉   | 5.98k/8.67k [02:13<01:00, 44.3doc/s]
  arguana:  69%|██████▉   | 5.99k/8.67k [02:13<01:00, 44.3doc/s]
  arguana:  69%|██████▉   | 6.00k/8.67k [02:13<01:00, 44.2doc/s]
  arguana:  69%|██████▉   | 6.01k/8.67k [02:14<01:00, 44.3doc/s]
  arguana:  69%|██████▉   | 6.02k/8.67k [02:14<00:59, 44.3doc/s]
  arguana:  69%|██████▉   | 6.02k/8.67k [02:14<01:01, 43.3doc/s]
  arguana:  70%|██████▉   | 6.03k/8.67k [02:14<01:01, 43.3doc/s]
  arguana:  70%|██████▉   | 6.04k/8.67k [02:14<01:00, 43.4doc/s]
  arguana:  70%|██████▉   | 6.05k/8.67k [02:15<01:00, 43.5doc/s]
  arguana:  70%|██████▉   | 6.06k/8.67k [02:15<00:59, 44.0doc/s]
  arguana:  70%|██████▉   | 6.06k/8.67k [02:15<00:58, 44.5doc/s]
  arguana:  70%|███████   | 6.07k/8.67k [02:15<00:58, 44.6doc/s]
  arguana:  70%|███████   | 6.08k/8.67k [02:15<00:58, 44.7doc/s]
  arguana:  70%|███████   | 6.09k/8.67k [02:15<00:58, 44.5doc/s]
  arguana:  70%|███████   | 6.10k/8.67k [02:16<00:59, 43.6doc/s]
  arguana:  70%|███████   | 6.10k/8.67k [02:16<00:59, 43.3doc/s]
  arguana:  70%|███████   | 6.11k/8.67k [02:16<00:59, 43.0doc/s]
  arguana:  71%|███████   | 6.12k/8.67k [02:16<00:58, 43.4doc/s]
  arguana:  71%|███████   | 6.13k/8.67k [02:16<00:58, 43.8doc/s]
  arguana:  71%|███████   | 6.14k/8.67k [02:16<00:57, 44.1doc/s]
  arguana:  71%|███████   | 6.14k/8.67k [02:17<00:57, 44.1doc/s]
  arguana:  71%|███████   | 6.15k/8.67k [02:17<00:57, 44.1doc/s]
  arguana:  71%|███████   | 6.16k/8.67k [02:17<00:56, 44.3doc/s]
  arguana:  71%|███████   | 6.17k/8.67k [02:17<00:56, 44.2doc/s]
  arguana:  71%|███████   | 6.18k/8.67k [02:17<00:56, 44.1doc/s]
  arguana:  71%|███████▏  | 6.18k/8.67k [02:18<00:56, 44.2doc/s]
  arguana:  71%|███████▏  | 6.19k/8.67k [02:18<00:56, 44.1doc/s]
  arguana:  71%|███████▏  | 6.20k/8.67k [02:18<00:56, 44.1doc/s]
  arguana:  72%|███████▏  | 6.21k/8.67k [02:18<00:55, 44.1doc/s]
  arguana:  72%|███████▏  | 6.22k/8.67k [02:18<00:55, 44.3doc/s]
  arguana:  72%|███████▏  | 6.22k/8.67k [02:18<00:55, 44.4doc/s]
  arguana:  72%|███████▏  | 6.23k/8.67k [02:19<00:54, 44.5doc/s]
  arguana:  72%|███████▏  | 6.24k/8.67k [02:19<00:55, 43.8doc/s]
  arguana:  72%|███████▏  | 6.25k/8.67k [02:19<00:55, 43.3doc/s]
  arguana:  72%|███████▏  | 6.26k/8.67k [02:19<00:55, 43.5doc/s]
  arguana:  72%|███████▏  | 6.26k/8.67k [02:19<00:55, 43.8doc/s]
  arguana:  72%|███████▏  | 6.27k/8.67k [02:20<00:54, 44.4doc/s]
  arguana:  72%|███████▏  | 6.28k/8.67k [02:20<00:53, 44.5doc/s]
  arguana:  72%|███████▏  | 6.29k/8.67k [02:20<00:53, 44.4doc/s]
  arguana:  73%|███████▎  | 6.30k/8.67k [02:20<00:54, 43.9doc/s]
  arguana:  73%|███████▎  | 6.30k/8.67k [02:20<00:53, 43.9doc/s]
  arguana:  73%|███████▎  | 6.31k/8.67k [02:20<00:53, 43.8doc/s]
  arguana:  73%|███████▎  | 6.32k/8.67k [02:21<00:53, 43.9doc/s]
  arguana:  73%|███████▎  | 6.33k/8.67k [02:21<00:53, 44.0doc/s]
  arguana:  73%|███████▎  | 6.34k/8.67k [02:21<00:52, 44.2doc/s]
  arguana:  73%|███████▎  | 6.34k/8.67k [02:21<00:52, 44.4doc/s]
  arguana:  73%|███████▎  | 6.35k/8.67k [02:21<00:52, 44.2doc/s]
  arguana:  73%|███████▎  | 6.36k/8.67k [02:22<00:52, 44.0doc/s]
  arguana:  73%|███████▎  | 6.37k/8.67k [02:22<00:52, 44.2doc/s]
  arguana:  74%|███████▎  | 6.38k/8.67k [02:22<00:52, 44.2doc/s]
  arguana:  74%|███████▎  | 6.38k/8.67k [02:22<00:51, 44.3doc/s]
  arguana:  74%|███████▎  | 6.39k/8.67k [02:22<00:51, 44.1doc/s]
  arguana:  74%|███████▍  | 6.40k/8.67k [02:22<00:51, 44.1doc/s]
  arguana:  74%|███████▍  | 6.41k/8.67k [02:23<00:51, 44.3doc/s]
  arguana:  74%|███████▍  | 6.42k/8.67k [02:23<00:50, 44.7doc/s]
  arguana:  74%|███████▍  | 6.42k/8.67k [02:23<00:50, 44.9doc/s]
  arguana:  74%|███████▍  | 6.43k/8.67k [02:23<00:50, 44.8doc/s]
  arguana:  74%|███████▍  | 6.44k/8.67k [02:23<00:49, 44.8doc/s]
  arguana:  74%|███████▍  | 6.45k/8.67k [02:24<00:49, 44.8doc/s]
  arguana:  74%|███████▍  | 6.46k/8.67k [02:24<00:49, 44.6doc/s]
  arguana:  75%|███████▍  | 6.46k/8.67k [02:24<00:49, 44.6doc/s]
  arguana:  75%|███████▍  | 6.47k/8.67k [02:24<00:49, 44.5doc/s]
  arguana:  75%|███████▍  | 6.48k/8.67k [02:24<00:49, 44.5doc/s]
  arguana:  75%|███████▍  | 6.49k/8.67k [02:24<00:49, 44.5doc/s]
  arguana:  75%|███████▍  | 6.50k/8.67k [02:25<00:48, 44.6doc/s]
  arguana:  75%|███████▍  | 6.50k/8.67k [02:25<00:48, 44.8doc/s]
  arguana:  75%|███████▌  | 6.51k/8.67k [02:25<00:47, 45.0doc/s]
  arguana:  75%|███████▌  | 6.52k/8.67k [02:25<00:47, 45.1doc/s]
  arguana:  75%|███████▌  | 6.53k/8.67k [02:25<00:47, 45.3doc/s]
  arguana:  75%|███████▌  | 6.54k/8.67k [02:26<00:48, 44.2doc/s]
  arguana:  75%|███████▌  | 6.54k/8.67k [02:26<00:49, 43.3doc/s]
  arguana:  76%|███████▌  | 6.55k/8.67k [02:26<00:49, 42.7doc/s]
  arguana:  76%|███████▌  | 6.56k/8.67k [02:26<00:49, 42.5doc/s]
  arguana:  76%|███████▌  | 6.57k/8.67k [02:26<00:49, 42.9doc/s]
  arguana:  76%|███████▌  | 6.58k/8.67k [02:26<00:48, 43.5doc/s]
  arguana:  76%|███████▌  | 6.58k/8.67k [02:27<00:47, 44.0doc/s]
  arguana:  76%|███████▌  | 6.59k/8.67k [02:27<00:47, 44.3doc/s]
  arguana:  76%|███████▌  | 6.60k/8.67k [02:27<00:46, 44.5doc/s]
  arguana:  76%|███████▌  | 6.61k/8.67k [02:27<00:46, 44.6doc/s]
  arguana:  76%|███████▋  | 6.62k/8.67k [02:27<00:46, 44.6doc/s]
  arguana:  76%|███████▋  | 6.62k/8.67k [02:28<00:46, 44.5doc/s]
  arguana:  76%|███████▋  | 6.63k/8.67k [02:28<00:45, 44.6doc/s]
  arguana:  77%|███████▋  | 6.64k/8.67k [02:28<00:45, 44.6doc/s]
  arguana:  77%|███████▋  | 6.65k/8.67k [02:28<00:45, 44.6doc/s]
  arguana:  77%|███████▋  | 6.66k/8.67k [02:28<00:45, 44.5doc/s]
  arguana:  77%|███████▋  | 6.66k/8.67k [02:28<00:45, 44.4doc/s]
  arguana:  77%|███████▋  | 6.67k/8.67k [02:29<00:44, 44.6doc/s]
  arguana:  77%|███████▋  | 6.68k/8.67k [02:29<00:44, 44.6doc/s]
  arguana:  77%|███████▋  | 6.69k/8.67k [02:29<00:44, 44.7doc/s]
  arguana:  77%|███████▋  | 6.70k/8.67k [02:29<00:44, 44.6doc/s]
  arguana:  77%|███████▋  | 6.70k/8.67k [02:29<00:44, 44.3doc/s]
  arguana:  77%|███████▋  | 6.71k/8.67k [02:30<00:44, 44.0doc/s]
  arguana:  77%|███████▋  | 6.72k/8.67k [02:30<00:44, 43.7doc/s]
  arguana:  78%|███████▊  | 6.73k/8.67k [02:30<00:44, 43.9doc/s]
  arguana:  78%|███████▊  | 6.74k/8.67k [02:30<00:43, 44.1doc/s]
  arguana:  78%|███████▊  | 6.74k/8.67k [02:30<00:43, 44.1doc/s]
  arguana:  78%|███████▊  | 6.75k/8.67k [02:30<00:43, 44.3doc/s]
  arguana:  78%|███████▊  | 6.76k/8.67k [02:31<00:43, 44.3doc/s]
  arguana:  78%|███████▊  | 6.77k/8.67k [02:31<00:42, 44.5doc/s]
  arguana:  78%|███████▊  | 6.78k/8.67k [02:31<00:42, 44.4doc/s]
  arguana:  78%|███████▊  | 6.78k/8.67k [02:31<00:42, 44.0doc/s]
  arguana:  78%|███████▊  | 6.79k/8.67k [02:31<00:43, 43.7doc/s]
  arguana:  78%|███████▊  | 6.80k/8.67k [02:32<00:43, 43.4doc/s]
  arguana:  78%|███████▊  | 6.81k/8.67k [02:32<00:42, 43.4doc/s]
  arguana:  79%|███████▊  | 6.82k/8.67k [02:32<00:42, 43.8doc/s]
  arguana:  79%|███████▊  | 6.82k/8.67k [02:32<00:42, 43.8doc/s]
  arguana:  79%|███████▉  | 6.83k/8.67k [02:32<00:41, 44.0doc/s]
  arguana:  79%|███████▉  | 6.84k/8.67k [02:32<00:41, 44.3doc/s]
  arguana:  79%|███████▉  | 6.85k/8.67k [02:33<00:41, 44.3doc/s]
  arguana:  79%|███████▉  | 6.86k/8.67k [02:33<00:41, 44.2doc/s]
  arguana:  79%|███████▉  | 6.86k/8.67k [02:33<00:40, 44.2doc/s]
  arguana:  79%|███████▉  | 6.87k/8.67k [02:33<00:40, 44.4doc/s]
  arguana:  79%|███████▉  | 6.88k/8.67k [02:33<00:40, 44.7doc/s]
  arguana:  79%|███████▉  | 6.89k/8.67k [02:33<00:39, 44.9doc/s]
  arguana:  80%|███████▉  | 6.90k/8.67k [02:34<00:39, 45.0doc/s]
  arguana:  80%|███████▉  | 6.90k/8.67k [02:34<00:39, 45.0doc/s]
  arguana:  80%|███████▉  | 6.91k/8.67k [02:34<00:39, 44.8doc/s]
  arguana:  80%|███████▉  | 6.92k/8.67k [02:34<00:39, 43.9doc/s]
  arguana:  80%|███████▉  | 6.93k/8.67k [02:34<00:40, 43.4doc/s]
  arguana:  80%|███████▉  | 6.94k/8.67k [02:35<00:39, 43.6doc/s]
  arguana:  80%|████████  | 6.94k/8.67k [02:35<00:39, 43.8doc/s]
  arguana:  80%|████████  | 6.95k/8.67k [02:35<00:39, 44.0doc/s]
  arguana:  80%|████████  | 6.96k/8.67k [02:35<00:38, 44.0doc/s]
  arguana:  80%|████████  | 6.97k/8.67k [02:35<00:38, 44.0doc/s]
  arguana:  80%|████████  | 6.98k/8.67k [02:36<00:38, 44.0doc/s]
  arguana:  81%|████████  | 6.98k/8.67k [02:36<00:38, 44.4doc/s]
  arguana:  81%|████████  | 6.99k/8.67k [02:36<00:37, 44.7doc/s]
  arguana:  81%|████████  | 7.00k/8.67k [02:36<00:37, 45.0doc/s]
  arguana:  81%|████████  | 7.01k/8.67k [02:36<00:37, 44.7doc/s]
  arguana:  81%|████████  | 7.02k/8.67k [02:36<00:37, 44.4doc/s]
  arguana:  81%|████████  | 7.02k/8.67k [02:37<00:37, 44.2doc/s]
  arguana:  81%|████████  | 7.03k/8.67k [02:37<00:37, 44.2doc/s]
  arguana:  81%|████████  | 7.04k/8.67k [02:37<00:37, 44.1doc/s]
  arguana:  81%|████████▏ | 7.05k/8.67k [02:37<00:36, 44.2doc/s]
  arguana:  81%|████████▏ | 7.06k/8.67k [02:37<00:36, 44.3doc/s]
  arguana:  81%|████████▏ | 7.06k/8.67k [02:37<00:36, 44.0doc/s]
  arguana:  82%|████████▏ | 7.07k/8.67k [02:38<00:36, 43.7doc/s]
  arguana:  82%|████████▏ | 7.08k/8.67k [02:38<00:36, 43.7doc/s]
  arguana:  82%|████████▏ | 7.09k/8.67k [02:38<00:35, 44.2doc/s]
  arguana:  82%|████████▏ | 7.10k/8.67k [02:38<00:35, 44.0doc/s]
  arguana:  82%|████████▏ | 7.10k/8.67k [02:38<00:35, 43.6doc/s]
  arguana:  82%|████████▏ | 7.11k/8.67k [02:39<00:35, 43.5doc/s]
  arguana:  82%|████████▏ | 7.12k/8.67k [02:39<00:35, 43.8doc/s]
  arguana:  82%|████████▏ | 7.13k/8.67k [02:39<00:35, 44.1doc/s]
  arguana:  82%|████████▏ | 7.14k/8.67k [02:39<00:35, 43.3doc/s]
  arguana:  82%|████████▏ | 7.14k/8.67k [02:39<00:35, 43.2doc/s]
  arguana:  82%|████████▏ | 7.15k/8.67k [02:40<00:34, 43.7doc/s]
  arguana:  83%|████████▎ | 7.16k/8.67k [02:40<00:34, 44.4doc/s]
  arguana:  83%|████████▎ | 7.17k/8.67k [02:40<00:34, 43.9doc/s]
  arguana:  83%|████████▎ | 7.18k/8.67k [02:40<00:34, 43.2doc/s]
  arguana:  83%|████████▎ | 7.18k/8.67k [02:40<00:34, 43.1doc/s]
  arguana:  83%|████████▎ | 7.19k/8.67k [02:40<00:34, 43.3doc/s]
  arguana:  83%|████████▎ | 7.20k/8.67k [02:41<00:33, 43.6doc/s]
  arguana:  83%|████████▎ | 7.21k/8.67k [02:41<00:33, 43.9doc/s]
  arguana:  83%|████████▎ | 7.22k/8.67k [02:41<00:32, 44.3doc/s]
  arguana:  83%|████████▎ | 7.22k/8.67k [02:41<00:32, 44.6doc/s]
  arguana:  83%|████████▎ | 7.23k/8.67k [02:41<00:32, 44.9doc/s]
  arguana:  83%|████████▎ | 7.24k/8.67k [02:42<00:32, 44.1doc/s]
  arguana:  84%|████████▎ | 7.25k/8.67k [02:42<00:32, 43.5doc/s]
  arguana:  84%|████████▎ | 7.26k/8.67k [02:42<00:32, 43.5doc/s]
  arguana:  84%|████████▎ | 7.26k/8.67k [02:42<00:32, 43.5doc/s]
  arguana:  84%|████████▍ | 7.27k/8.67k [02:42<00:31, 43.8doc/s]
  arguana:  84%|████████▍ | 7.28k/8.67k [02:42<00:31, 44.3doc/s]
  arguana:  84%|████████▍ | 7.29k/8.67k [02:43<00:31, 44.3doc/s]
  arguana:  84%|████████▍ | 7.30k/8.67k [02:43<00:31, 44.0doc/s]
  arguana:  84%|████████▍ | 7.30k/8.67k [02:43<00:31, 44.1doc/s]
  arguana:  84%|████████▍ | 7.31k/8.67k [02:43<00:30, 44.3doc/s]
  arguana:  84%|████████▍ | 7.32k/8.67k [02:43<00:30, 44.3doc/s]
  arguana:  84%|████████▍ | 7.33k/8.67k [02:43<00:30, 44.6doc/s]
  arguana:  85%|████████▍ | 7.34k/8.67k [02:44<00:29, 44.8doc/s]
  arguana:  85%|████████▍ | 7.34k/8.67k [02:44<00:29, 45.0doc/s]
  arguana:  85%|████████▍ | 7.35k/8.67k [02:44<00:29, 45.1doc/s]
  arguana:  85%|████████▍ | 7.36k/8.67k [02:44<00:29, 45.0doc/s]
  arguana:  85%|████████▍ | 7.37k/8.67k [02:44<00:28, 45.1doc/s]
  arguana:  85%|████████▌ | 7.38k/8.67k [02:45<00:28, 45.0doc/s]
  arguana:  85%|████████▌ | 7.38k/8.67k [02:45<00:28, 44.9doc/s]
  arguana:  85%|████████▌ | 7.39k/8.67k [02:45<00:28, 44.5doc/s]
  arguana:  85%|████████▌ | 7.40k/8.67k [02:45<00:28, 44.6doc/s]
  arguana:  85%|████████▌ | 7.41k/8.67k [02:45<00:28, 44.2doc/s]
  arguana:  85%|████████▌ | 7.42k/8.67k [02:45<00:28, 44.1doc/s]
  arguana:  86%|████████▌ | 7.42k/8.67k [02:46<00:28, 44.0doc/s]
  arguana:  86%|████████▌ | 7.43k/8.67k [02:46<00:28, 43.9doc/s]
  arguana:  86%|████████▌ | 7.44k/8.67k [02:46<00:28, 43.8doc/s]
  arguana:  86%|████████▌ | 7.45k/8.67k [02:46<00:27, 43.8doc/s]
  arguana:  86%|████████▌ | 7.46k/8.67k [02:46<00:27, 44.0doc/s]
  arguana:  86%|████████▌ | 7.46k/8.67k [02:47<00:27, 43.9doc/s]
  arguana:  86%|████████▌ | 7.47k/8.67k [02:47<00:27, 44.0doc/s]
  arguana:  86%|████████▌ | 7.48k/8.67k [02:47<00:27, 43.8doc/s]
  arguana:  86%|████████▋ | 7.49k/8.67k [02:47<00:27, 43.9doc/s]
  arguana:  86%|████████▋ | 7.50k/8.67k [02:47<00:26, 43.7doc/s]
  arguana:  87%|████████▋ | 7.50k/8.67k [02:47<00:26, 43.7doc/s]
  arguana:  87%|████████▋ | 7.51k/8.67k [02:48<00:26, 44.1doc/s]
  arguana:  87%|████████▋ | 7.52k/8.67k [02:48<00:26, 44.2doc/s]
  arguana:  87%|████████▋ | 7.53k/8.67k [02:48<00:25, 44.4doc/s]
  arguana:  87%|████████▋ | 7.54k/8.67k [02:48<00:25, 44.5doc/s]
  arguana:  87%|████████▋ | 7.54k/8.67k [02:48<00:25, 44.4doc/s]
  arguana:  87%|████████▋ | 7.55k/8.67k [02:49<00:25, 44.4doc/s]
  arguana:  87%|████████▋ | 7.56k/8.67k [02:49<00:25, 44.3doc/s]
  arguana:  87%|████████▋ | 7.57k/8.67k [02:49<00:24, 44.4doc/s]
  arguana:  87%|████████▋ | 7.58k/8.67k [02:49<00:24, 44.5doc/s]
  arguana:  87%|████████▋ | 7.58k/8.67k [02:49<00:24, 44.4doc/s]
  arguana:  88%|████████▊ | 7.59k/8.67k [02:49<00:24, 44.4doc/s]
  arguana:  88%|████████▊ | 7.60k/8.67k [02:50<00:24, 44.4doc/s]
  arguana:  88%|████████▊ | 7.61k/8.67k [02:50<00:23, 44.4doc/s]
  arguana:  88%|████████▊ | 7.62k/8.67k [02:50<00:23, 44.3doc/s]
  arguana:  88%|████████▊ | 7.62k/8.67k [02:50<00:23, 44.2doc/s]
  arguana:  88%|████████▊ | 7.63k/8.67k [02:50<00:23, 44.2doc/s]
  arguana:  88%|████████▊ | 7.64k/8.67k [02:51<00:23, 44.1doc/s]
  arguana:  88%|████████▊ | 7.65k/8.67k [02:51<00:23, 44.1doc/s]
  arguana:  88%|████████▊ | 7.66k/8.67k [02:51<00:23, 44.2doc/s]
  arguana:  88%|████████▊ | 7.66k/8.67k [02:51<00:22, 44.1doc/s]
  arguana:  88%|████████▊ | 7.67k/8.67k [02:51<00:22, 44.1doc/s]
  arguana:  89%|████████▊ | 7.68k/8.67k [02:51<00:22, 44.1doc/s]
  arguana:  89%|████████▊ | 7.69k/8.67k [02:52<00:22, 44.0doc/s]
  arguana:  89%|████████▊ | 7.70k/8.67k [02:52<00:22, 44.2doc/s]
  arguana:  89%|████████▉ | 7.70k/8.67k [02:52<00:22, 44.0doc/s]
  arguana:  89%|████████▉ | 7.71k/8.67k [02:52<00:21, 44.1doc/s]
  arguana:  89%|████████▉ | 7.72k/8.67k [02:52<00:21, 44.2doc/s]
  arguana:  89%|████████▉ | 7.73k/8.67k [02:53<00:21, 44.2doc/s]
  arguana:  89%|████████▉ | 7.74k/8.67k [02:53<00:21, 44.0doc/s]
  arguana:  89%|████████▉ | 7.74k/8.67k [02:53<00:21, 44.0doc/s]
  arguana:  89%|████████▉ | 7.75k/8.67k [02:53<00:20, 44.1doc/s]
  arguana:  89%|████████▉ | 7.76k/8.67k [02:53<00:21, 43.5doc/s]
  arguana:  90%|████████▉ | 7.77k/8.67k [02:53<00:20, 43.4doc/s]
  arguana:  90%|████████▉ | 7.78k/8.67k [02:54<00:20, 43.4doc/s]
  arguana:  90%|████████▉ | 7.78k/8.67k [02:54<00:20, 43.4doc/s]
  arguana:  90%|████████▉ | 7.79k/8.67k [02:54<00:20, 43.8doc/s]
  arguana:  90%|████████▉ | 7.80k/8.67k [02:54<00:19, 44.1doc/s]
  arguana:  90%|█████████ | 7.81k/8.67k [02:54<00:19, 44.2doc/s]
  arguana:  90%|█████████ | 7.82k/8.67k [02:55<00:19, 44.3doc/s]
  arguana:  90%|█████████ | 7.82k/8.67k [02:55<00:19, 44.1doc/s]
  arguana:  90%|█████████ | 7.83k/8.67k [02:55<00:19, 43.0doc/s]
  arguana:  90%|█████████ | 7.84k/8.67k [02:55<00:19, 42.6doc/s]
  arguana:  90%|█████████ | 7.85k/8.67k [02:55<00:19, 42.7doc/s]
  arguana:  91%|█████████ | 7.86k/8.67k [02:55<00:18, 43.3doc/s]
  arguana:  91%|█████████ | 7.86k/8.67k [02:56<00:18, 43.7doc/s]
  arguana:  91%|█████████ | 7.87k/8.67k [02:56<00:18, 44.1doc/s]
  arguana:  91%|█████████ | 7.88k/8.67k [02:56<00:17, 44.1doc/s]
  arguana:  91%|█████████ | 7.89k/8.67k [02:56<00:17, 44.3doc/s]
  arguana:  91%|█████████ | 7.90k/8.67k [02:56<00:17, 44.4doc/s]
  arguana:  91%|█████████ | 7.90k/8.67k [02:57<00:17, 44.5doc/s]
  arguana:  91%|█████████ | 7.91k/8.67k [02:57<00:17, 44.3doc/s]
  arguana:  91%|█████████▏| 7.92k/8.67k [02:57<00:17, 44.3doc/s]
  arguana:  91%|█████████▏| 7.93k/8.67k [02:57<00:16, 44.2doc/s]
  arguana:  91%|█████████▏| 7.94k/8.67k [02:57<00:16, 44.1doc/s]
  arguana:  92%|█████████▏| 7.94k/8.67k [02:57<00:16, 44.0doc/s]
  arguana:  92%|█████████▏| 7.95k/8.67k [02:58<00:16, 44.0doc/s]
  arguana:  92%|█████████▏| 7.96k/8.67k [02:58<00:16, 44.0doc/s]
  arguana:  92%|█████████▏| 7.97k/8.67k [02:58<00:16, 43.9doc/s]
  arguana:  92%|█████████▏| 7.98k/8.67k [02:58<00:15, 43.9doc/s]
  arguana:  92%|█████████▏| 7.98k/8.67k [02:58<00:15, 43.9doc/s]
  arguana:  92%|█████████▏| 7.99k/8.67k [02:59<00:15, 44.1doc/s]
  arguana:  92%|█████████▏| 8.00k/8.67k [02:59<00:15, 44.1doc/s]
  arguana:  92%|█████████▏| 8.01k/8.67k [02:59<00:15, 44.2doc/s]
  arguana:  92%|█████████▏| 8.02k/8.67k [02:59<00:14, 44.1doc/s]
  arguana:  93%|█████████▎| 8.02k/8.67k [02:59<00:14, 44.0doc/s]
  arguana:  93%|█████████▎| 8.03k/8.67k [02:59<00:14, 43.8doc/s]
  arguana:  93%|█████████▎| 8.04k/8.67k [03:00<00:14, 44.0doc/s]
  arguana:  93%|█████████▎| 8.05k/8.67k [03:00<00:14, 44.1doc/s]
  arguana:  93%|█████████▎| 8.06k/8.67k [03:00<00:13, 44.2doc/s]
  arguana:  93%|█████████▎| 8.06k/8.67k [03:00<00:13, 44.3doc/s]
  arguana:  93%|█████████▎| 8.07k/8.67k [03:00<00:13, 44.5doc/s]
  arguana:  93%|█████████▎| 8.08k/8.67k [03:01<00:13, 44.1doc/s]
  arguana:  93%|█████████▎| 8.09k/8.67k [03:01<00:13, 43.9doc/s]
  arguana:  93%|█████████▎| 8.10k/8.67k [03:01<00:13, 43.7doc/s]
  arguana:  93%|█████████▎| 8.10k/8.67k [03:01<00:13, 43.6doc/s]
  arguana:  94%|█████████▎| 8.11k/8.67k [03:01<00:12, 44.0doc/s]
  arguana:  94%|█████████▎| 8.12k/8.67k [03:01<00:12, 44.3doc/s]
  arguana:  94%|█████████▎| 8.13k/8.67k [03:02<00:12, 44.3doc/s]
  arguana:  94%|█████████▍| 8.14k/8.67k [03:02<00:12, 44.3doc/s]
  arguana:  94%|█████████▍| 8.14k/8.67k [03:02<00:11, 44.3doc/s]
  arguana:  94%|█████████▍| 8.15k/8.67k [03:02<00:11, 44.2doc/s]
  arguana:  94%|█████████▍| 8.16k/8.67k [03:02<00:11, 44.1doc/s]
  arguana:  94%|█████████▍| 8.17k/8.67k [03:03<00:11, 44.1doc/s]
  arguana:  94%|█████████▍| 8.18k/8.67k [03:03<00:11, 44.1doc/s]
  arguana:  94%|█████████▍| 8.18k/8.67k [03:03<00:11, 44.2doc/s]
  arguana:  94%|█████████▍| 8.19k/8.67k [03:03<00:10, 44.1doc/s]
  arguana:  95%|█████████▍| 8.20k/8.67k [03:03<00:10, 45.6doc/s]
  arguana:  95%|█████████▍| 8.21k/8.67k [03:03<00:09, 47.9doc/s]
  arguana:  95%|█████████▍| 8.22k/8.67k [03:04<00:09, 46.8doc/s]
  arguana:  95%|█████████▍| 8.22k/8.67k [03:04<00:09, 45.9doc/s]
  arguana:  95%|█████████▍| 8.23k/8.67k [03:04<00:09, 45.4doc/s]
  arguana:  95%|█████████▍| 8.24k/8.67k [03:04<00:09, 44.1doc/s]
  arguana:  95%|█████████▌| 8.25k/8.67k [03:04<00:09, 43.6doc/s]
  arguana:  95%|█████████▌| 8.26k/8.67k [03:05<00:09, 43.7doc/s]
  arguana:  95%|█████████▌| 8.26k/8.67k [03:05<00:09, 43.7doc/s]
  arguana:  95%|█████████▌| 8.27k/8.67k [03:05<00:09, 44.0doc/s]
  arguana:  95%|█████████▌| 8.28k/8.67k [03:05<00:09, 43.4doc/s]
  arguana:  96%|█████████▌| 8.29k/8.67k [03:05<00:08, 43.0doc/s]
  arguana:  96%|█████████▌| 8.30k/8.67k [03:05<00:08, 43.2doc/s]
  arguana:  96%|█████████▌| 8.30k/8.67k [03:06<00:08, 43.6doc/s]
  arguana:  96%|█████████▌| 8.31k/8.67k [03:06<00:08, 43.9doc/s]
  arguana:  96%|█████████▌| 8.32k/8.67k [03:06<00:08, 43.9doc/s]
  arguana:  96%|█████████▌| 8.33k/8.67k [03:06<00:07, 44.0doc/s]
  arguana:  96%|█████████▌| 8.34k/8.67k [03:06<00:07, 44.1doc/s]
  arguana:  96%|█████████▌| 8.34k/8.67k [03:07<00:07, 44.0doc/s]
  arguana:  96%|█████████▋| 8.35k/8.67k [03:07<00:07, 43.9doc/s]
  arguana:  96%|█████████▋| 8.36k/8.67k [03:07<00:07, 43.9doc/s]
  arguana:  96%|█████████▋| 8.37k/8.67k [03:07<00:06, 43.9doc/s]
  arguana:  97%|█████████▋| 8.38k/8.67k [03:07<00:06, 43.9doc/s]
  arguana:  97%|█████████▋| 8.38k/8.67k [03:07<00:06, 44.2doc/s]
  arguana:  97%|█████████▋| 8.39k/8.67k [03:08<00:06, 44.2doc/s]
  arguana:  97%|█████████▋| 8.40k/8.67k [03:08<00:06, 44.3doc/s]
  arguana:  97%|█████████▋| 8.41k/8.67k [03:08<00:06, 44.0doc/s]
  arguana:  97%|█████████▋| 8.42k/8.67k [03:08<00:05, 44.3doc/s]
  arguana:  97%|█████████▋| 8.42k/8.67k [03:08<00:05, 43.8doc/s]
  arguana:  97%|█████████▋| 8.43k/8.67k [03:09<00:05, 43.0doc/s]
  arguana:  97%|█████████▋| 8.44k/8.67k [03:09<00:05, 42.9doc/s]
  arguana:  97%|█████████▋| 8.45k/8.67k [03:09<00:05, 43.2doc/s]
  arguana:  97%|█████████▋| 8.46k/8.67k [03:09<00:04, 43.7doc/s]
  arguana:  98%|█████████▊| 8.46k/8.67k [03:09<00:04, 44.1doc/s]
  arguana:  98%|█████████▊| 8.47k/8.67k [03:09<00:04, 43.9doc/s]
  arguana:  98%|█████████▊| 8.48k/8.67k [03:10<00:04, 43.7doc/s]
  arguana:  98%|█████████▊| 8.49k/8.67k [03:10<00:04, 43.7doc/s]
  arguana:  98%|█████████▊| 8.50k/8.67k [03:10<00:04, 43.7doc/s]
  arguana:  98%|█████████▊| 8.50k/8.67k [03:10<00:03, 44.0doc/s]
  arguana:  98%|█████████▊| 8.51k/8.67k [03:10<00:03, 44.2doc/s]
  arguana:  98%|█████████▊| 8.52k/8.67k [03:11<00:03, 44.5doc/s]
  arguana:  98%|█████████▊| 8.53k/8.67k [03:11<00:03, 44.3doc/s]
  arguana:  98%|█████████▊| 8.54k/8.67k [03:11<00:03, 44.0doc/s]
  arguana:  99%|█████████▊| 8.54k/8.67k [03:11<00:02, 43.8doc/s]
  arguana:  99%|█████████▊| 8.55k/8.67k [03:11<00:02, 43.9doc/s]
  arguana:  99%|█████████▊| 8.56k/8.67k [03:11<00:02, 43.9doc/s]
  arguana:  99%|█████████▉| 8.57k/8.67k [03:12<00:02, 44.3doc/s]
  arguana:  99%|█████████▉| 8.58k/8.67k [03:12<00:02, 44.3doc/s]
  arguana:  99%|█████████▉| 8.58k/8.67k [03:12<00:02, 44.2doc/s]
  arguana:  99%|█████████▉| 8.59k/8.67k [03:12<00:01, 44.2doc/s]
  arguana:  99%|█████████▉| 8.60k/8.67k [03:12<00:01, 44.3doc/s]
  arguana:  99%|█████████▉| 8.61k/8.67k [03:13<00:01, 44.3doc/s]
  arguana:  99%|█████████▉| 8.62k/8.67k [03:13<00:01, 44.3doc/s]
  arguana:  99%|█████████▉| 8.62k/8.67k [03:13<00:01, 44.3doc/s]
  arguana: 100%|█████████▉| 8.63k/8.67k [03:13<00:00, 44.5doc/s]
  arguana: 100%|█████████▉| 8.64k/8.67k [03:13<00:00, 44.8doc/s]
  arguana: 100%|█████████▉| 8.65k/8.67k [03:13<00:00, 44.8doc/s]
  arguana: 100%|█████████▉| 8.66k/8.67k [03:14<00:00, 44.6doc/s]
  arguana: 100%|█████████▉| 8.66k/8.67k [03:14<00:00, 44.5doc/s]
  arguana: 100%|█████████▉| 8.67k/8.67k [03:14<00:00, 43.9doc/s]
  arguana: 100%|██████████| 8.67k/8.67k [03:14<00:00, 44.6doc/s]
  Done. 8,674 docs indexed. Avg 1874.9 nonzero terms/doc. 3.2 min.

============================================================
[scidocs]
  Loading corpus from BeIR/scidocs ...
  25,657 documents

  scidocs:   0%|          | 0.00/25.7k [00:00<?, ?doc/s]
  scidocs:   0%|          | 8.00/25.7k [00:00<09:24, 45.4doc/s]
  scidocs:   0%|          | 16.0/25.7k [00:00<09:16, 46.1doc/s]
  scidocs:   0%|          | 24.0/25.7k [00:00<09:09, 46.7doc/s]
  scidocs:   0%|          | 32.0/25.7k [00:00<09:11, 46.4doc/s]
  scidocs:   0%|          | 40.0/25.7k [00:00<09:06, 46.8doc/s]
  scidocs:   0%|          | 48.0/25.7k [00:01<09:06, 46.9doc/s]
  scidocs:   0%|          | 56.0/25.7k [00:01<09:06, 46.9doc/s]
  scidocs:   0%|          | 64.0/25.7k [00:01<09:06, 46.8doc/s]
  scidocs:   0%|          | 72.0/25.7k [00:01<09:07, 46.8doc/s]
  scidocs:   0%|          | 80.0/25.7k [00:01<09:10, 46.5doc/s]
  scidocs:   0%|          | 88.0/25.7k [00:01<09:11, 46.4doc/s]
  scidocs:   0%|          | 96.0/25.7k [00:02<09:10, 46.5doc/s]
  scidocs:   0%|          | 104/25.7k [00:02<09:10, 46.4doc/s] 
  scidocs:   0%|          | 112/25.7k [00:02<09:11, 46.3doc/s]
  scidocs:   0%|          | 120/25.7k [00:02<09:18, 45.7doc/s]
  scidocs:   0%|          | 128/25.7k [00:02<09:22, 45.4doc/s]
  scidocs:   1%|          | 136/25.7k [00:02<09:26, 45.1doc/s]
  scidocs:   1%|          | 144/25.7k [00:03<09:21, 45.4doc/s]
  scidocs:   1%|          | 152/25.7k [00:03<09:18, 45.7doc/s]
  scidocs:   1%|          | 160/25.7k [00:03<09:14, 46.0doc/s]
  scidocs:   1%|          | 168/25.7k [00:03<09:14, 45.9doc/s]
  scidocs:   1%|          | 176/25.7k [00:03<09:18, 45.7doc/s]
  scidocs:   1%|          | 184/25.7k [00:03<09:19, 45.5doc/s]
  scidocs:   1%|          | 192/25.7k [00:04<09:22, 45.3doc/s]
  scidocs:   1%|          | 200/25.7k [00:04<09:22, 45.3doc/s]
  scidocs:   1%|          | 208/25.7k [00:04<09:21, 45.3doc/s]
  scidocs:   1%|          | 216/25.7k [00:04<09:20, 45.4doc/s]
  scidocs:   1%|          | 224/25.7k [00:04<09:18, 45.5doc/s]
  scidocs:   1%|          | 232/25.7k [00:05<09:20, 45.3doc/s]
  scidocs:   1%|          | 240/25.7k [00:05<09:18, 45.5doc/s]
  scidocs:   1%|          | 248/25.7k [00:05<09:17, 45.6doc/s]
  scidocs:   1%|          | 256/25.7k [00:05<09:17, 45.6doc/s]
  scidocs:   1%|          | 264/25.7k [00:05<09:16, 45.7doc/s]
  scidocs:   1%|          | 272/25.7k [00:05<09:14, 45.8doc/s]
  scidocs:   1%|          | 280/25.7k [00:06<09:14, 45.8doc/s]
  scidocs:   1%|          | 288/25.7k [00:06<09:15, 45.6doc/s]
  scidocs:   1%|          | 296/25.7k [00:06<09:15, 45.6doc/s]
  scidocs:   1%|          | 304/25.7k [00:06<09:15, 45.6doc/s]
  scidocs:   1%|          | 312/25.7k [00:06<09:16, 45.6doc/s]
  scidocs:   1%|          | 320/25.7k [00:06<09:18, 45.4doc/s]
  scidocs:   1%|▏         | 328/25.7k [00:07<09:18, 45.4doc/s]
  scidocs:   1%|▏         | 336/25.7k [00:07<09:18, 45.3doc/s]
  scidocs:   1%|▏         | 344/25.7k [00:07<09:18, 45.3doc/s]
  scidocs:   1%|▏         | 352/25.7k [00:07<09:18, 45.3doc/s]
  scidocs:   1%|▏         | 360/25.7k [00:07<09:18, 45.3doc/s]
  scidocs:   1%|▏         | 368/25.7k [00:08<09:22, 44.9doc/s]
  scidocs:   1%|▏         | 376/25.7k [00:08<09:18, 45.2doc/s]
  scidocs:   1%|▏         | 384/25.7k [00:08<09:17, 45.4doc/s]
  scidocs:   2%|▏         | 392/25.7k [00:08<09:12, 45.8doc/s]
  scidocs:   2%|▏         | 400/25.7k [00:08<09:13, 45.7doc/s]
  scidocs:   2%|▏         | 408/25.7k [00:08<09:19, 45.1doc/s]
  scidocs:   2%|▏         | 416/25.7k [00:09<09:23, 44.8doc/s]
  scidocs:   2%|▏         | 424/25.7k [00:09<09:24, 44.7doc/s]
  scidocs:   2%|▏         | 432/25.7k [00:09<09:29, 44.3doc/s]
  scidocs:   2%|▏         | 440/25.7k [00:09<09:24, 44.7doc/s]
  scidocs:   2%|▏         | 448/25.7k [00:09<09:21, 44.9doc/s]
  scidocs:   2%|▏         | 456/25.7k [00:10<09:20, 45.0doc/s]
  scidocs:   2%|▏         | 464/25.7k [00:10<09:18, 45.1doc/s]
  scidocs:   2%|▏         | 472/25.7k [00:10<09:19, 45.0doc/s]
  scidocs:   2%|▏         | 480/25.7k [00:10<09:20, 44.9doc/s]
  scidocs:   2%|▏         | 488/25.7k [00:10<09:19, 45.0doc/s]
  scidocs:   2%|▏         | 496/25.7k [00:10<09:17, 45.1doc/s]
  scidocs:   2%|▏         | 504/25.7k [00:11<09:13, 45.4doc/s]
  scidocs:   2%|▏         | 512/25.7k [00:11<09:14, 45.3doc/s]
  scidocs:   2%|▏         | 520/25.7k [00:11<09:13, 45.5doc/s]
  scidocs:   2%|▏         | 528/25.7k [00:11<09:12, 45.5doc/s]
  scidocs:   2%|▏         | 536/25.7k [00:11<09:13, 45.4doc/s]
  scidocs:   2%|▏         | 544/25.7k [00:11<09:13, 45.4doc/s]
  scidocs:   2%|▏         | 552/25.7k [00:12<09:17, 45.0doc/s]
  scidocs:   2%|▏         | 560/25.7k [00:12<09:17, 45.0doc/s]
  scidocs:   2%|▏         | 568/25.7k [00:12<09:16, 45.1doc/s]
  scidocs:   2%|▏         | 576/25.7k [00:12<09:16, 45.1doc/s]
  scidocs:   2%|▏         | 584/25.7k [00:12<09:17, 45.0doc/s]
  scidocs:   2%|▏         | 592/25.7k [00:13<09:18, 44.9doc/s]
  scidocs:   2%|▏         | 600/25.7k [00:13<09:18, 44.9doc/s]
  scidocs:   2%|▏         | 608/25.7k [00:13<09:18, 44.8doc/s]
  scidocs:   2%|▏         | 616/25.7k [00:13<09:17, 45.0doc/s]
  scidocs:   2%|▏         | 624/25.7k [00:13<09:15, 45.1doc/s]
  scidocs:   2%|▏         | 632/25.7k [00:13<09:16, 44.9doc/s]
  scidocs:   2%|▏         | 640/25.7k [00:14<09:16, 44.9doc/s]
  scidocs:   3%|▎         | 648/25.7k [00:14<09:17, 44.9doc/s]
  scidocs:   3%|▎         | 656/25.7k [00:14<09:15, 45.0doc/s]
  scidocs:   3%|▎         | 664/25.7k [00:14<09:15, 45.0doc/s]
  scidocs:   3%|▎         | 672/25.7k [00:14<09:15, 45.0doc/s]
  scidocs:   3%|▎         | 680/25.7k [00:14<09:14, 45.0doc/s]
  scidocs:   3%|▎         | 688/25.7k [00:15<09:17, 44.8doc/s]
  scidocs:   3%|▎         | 696/25.7k [00:15<09:18, 44.7doc/s]
  scidocs:   3%|▎         | 704/25.7k [00:15<09:17, 44.8doc/s]
  scidocs:   3%|▎         | 712/25.7k [00:15<09:17, 44.8doc/s]
  scidocs:   3%|▎         | 720/25.7k [00:15<09:29, 43.8doc/s]
  scidocs:   3%|▎         | 728/25.7k [00:16<09:30, 43.7doc/s]
  scidocs:   3%|▎         | 736/25.7k [00:16<09:25, 44.1doc/s]
  scidocs:   3%|▎         | 744/25.7k [00:16<09:19, 44.5doc/s]
  scidocs:   3%|▎         | 752/25.7k [00:16<09:27, 43.9doc/s]
  scidocs:   3%|▎         | 760/25.7k [00:16<09:33, 43.4doc/s]
  scidocs:   3%|▎         | 768/25.7k [00:16<09:32, 43.5doc/s]
  scidocs:   3%|▎         | 776/25.7k [00:17<09:27, 43.8doc/s]
  scidocs:   3%|▎         | 784/25.7k [00:17<09:24, 44.0doc/s]
  scidocs:   3%|▎         | 792/25.7k [00:17<09:22, 44.2doc/s]
  scidocs:   3%|▎         | 800/25.7k [00:17<09:19, 44.5doc/s]
  scidocs:   3%|▎         | 808/25.7k [00:17<09:17, 44.6doc/s]
  scidocs:   3%|▎         | 816/25.7k [00:18<09:14, 44.8doc/s]
  scidocs:   3%|▎         | 824/25.7k [00:18<09:13, 44.9doc/s]
  scidocs:   3%|▎         | 832/25.7k [00:18<09:14, 44.8doc/s]
  scidocs:   3%|▎         | 840/25.7k [00:18<09:13, 44.8doc/s]
  scidocs:   3%|▎         | 848/25.7k [00:18<09:12, 44.9doc/s]
  scidocs:   3%|▎         | 856/25.7k [00:18<09:22, 44.1doc/s]
  scidocs:   3%|▎         | 864/25.7k [00:19<09:26, 43.8doc/s]
  scidocs:   3%|▎         | 872/25.7k [00:19<09:21, 44.2doc/s]
  scidocs:   3%|▎         | 880/25.7k [00:19<09:15, 44.6doc/s]
  scidocs:   3%|▎         | 888/25.7k [00:19<09:13, 44.8doc/s]
  scidocs:   3%|▎         | 896/25.7k [00:19<09:14, 44.6doc/s]
  scidocs:   4%|▎         | 904/25.7k [00:20<09:14, 44.6doc/s]
  scidocs:   4%|▎         | 912/25.7k [00:20<09:13, 44.7doc/s]
  scidocs:   4%|▎         | 920/25.7k [00:20<09:12, 44.8doc/s]
  scidocs:   4%|▎         | 928/25.7k [00:20<09:12, 44.8doc/s]
  scidocs:   4%|▎         | 936/25.7k [00:20<09:15, 44.5doc/s]
  scidocs:   4%|▎         | 944/25.7k [00:20<09:11, 44.8doc/s]
  scidocs:   4%|▎         | 952/25.7k [00:21<09:10, 44.9doc/s]
  scidocs:   4%|▎         | 960/25.7k [00:21<09:07, 45.1doc/s]
  scidocs:   4%|▍         | 968/25.7k [00:21<09:05, 45.3doc/s]
  scidocs:   4%|▍         | 976/25.7k [00:21<09:02, 45.5doc/s]
  scidocs:   4%|▍         | 984/25.7k [00:21<09:10, 44.8doc/s]
  scidocs:   4%|▍         | 992/25.7k [00:21<09:12, 44.6doc/s]
  scidocs:   4%|▍         | 1.00k/25.7k [00:22<09:13, 44.6doc/s]
  scidocs:   4%|▍         | 1.01k/25.7k [00:22<09:14, 44.4doc/s]
  scidocs:   4%|▍         | 1.02k/25.7k [00:22<09:16, 44.3doc/s]
  scidocs:   4%|▍         | 1.02k/25.7k [00:22<09:17, 44.2doc/s]
  scidocs:   4%|▍         | 1.03k/25.7k [00:22<09:19, 44.0doc/s]
  scidocs:   4%|▍         | 1.04k/25.7k [00:23<09:19, 44.0doc/s]
  scidocs:   4%|▍         | 1.05k/25.7k [00:23<09:20, 43.9doc/s]
  scidocs:   4%|▍         | 1.06k/25.7k [00:23<09:18, 44.1doc/s]
  scidocs:   4%|▍         | 1.06k/25.7k [00:23<09:18, 44.0doc/s]
  scidocs:   4%|▍         | 1.07k/25.7k [00:23<09:18, 44.0doc/s]
  scidocs:   4%|▍         | 1.08k/25.7k [00:23<09:18, 44.0doc/s]
  scidocs:   4%|▍         | 1.09k/25.7k [00:24<09:16, 44.2doc/s]
  scidocs:   4%|▍         | 1.10k/25.7k [00:24<09:15, 44.2doc/s]
  scidocs:   4%|▍         | 1.10k/25.7k [00:24<09:14, 44.3doc/s]
  scidocs:   4%|▍         | 1.11k/25.7k [00:24<09:10, 44.6doc/s]
  scidocs:   4%|▍         | 1.12k/25.7k [00:24<09:08, 44.7doc/s]
  scidocs:   4%|▍         | 1.13k/25.7k [00:25<09:07, 44.8doc/s]
  scidocs:   4%|▍         | 1.14k/25.7k [00:25<09:13, 44.3doc/s]
  scidocs:   4%|▍         | 1.14k/25.7k [00:25<09:12, 44.3doc/s]
  scidocs:   4%|▍         | 1.15k/25.7k [00:25<09:09, 44.6doc/s]
  scidocs:   5%|▍         | 1.16k/25.7k [00:25<09:07, 44.8doc/s]
  scidocs:   5%|▍         | 1.17k/25.7k [00:25<09:04, 45.0doc/s]
  scidocs:   5%|▍         | 1.18k/25.7k [00:26<09:01, 45.2doc/s]
  scidocs:   5%|▍         | 1.18k/25.7k [00:26<08:59, 45.3doc/s]
  scidocs:   5%|▍         | 1.19k/25.7k [00:26<09:00, 45.3doc/s]
  scidocs:   5%|▍         | 1.20k/25.7k [00:26<08:56, 45.6doc/s]
  scidocs:   5%|▍         | 1.21k/25.7k [00:26<08:59, 45.3doc/s]
  scidocs:   5%|▍         | 1.22k/25.7k [00:27<09:06, 44.7doc/s]
  scidocs:   5%|▍         | 1.22k/25.7k [00:27<09:11, 44.3doc/s]
  scidocs:   5%|▍         | 1.23k/25.7k [00:27<09:16, 43.9doc/s]
  scidocs:   5%|▍         | 1.24k/25.7k [00:27<09:12, 44.2doc/s]
  scidocs:   5%|▍         | 1.25k/25.7k [00:27<09:09, 44.4doc/s]
  scidocs:   5%|▍         | 1.26k/25.7k [00:27<09:07, 44.5doc/s]
  scidocs:   5%|▍         | 1.26k/25.7k [00:28<09:06, 44.7doc/s]
  scidocs:   5%|▍         | 1.27k/25.7k [00:28<09:18, 43.7doc/s]
  scidocs:   5%|▍         | 1.28k/25.7k [00:28<09:28, 42.9doc/s]
  scidocs:   5%|▌         | 1.29k/25.7k [00:28<09:32, 42.5doc/s]
  scidocs:   5%|▌         | 1.30k/25.7k [00:28<09:27, 42.9doc/s]
  scidocs:   5%|▌         | 1.30k/25.7k [00:29<09:24, 43.1doc/s]
  scidocs:   5%|▌         | 1.31k/25.7k [00:29<09:20, 43.4doc/s]
  scidocs:   5%|▌         | 1.32k/25.7k [00:29<09:18, 43.6doc/s]
  scidocs:   5%|▌         | 1.33k/25.7k [00:29<09:15, 43.8doc/s]
  scidocs:   5%|▌         | 1.34k/25.7k [00:29<09:13, 44.0doc/s]
  scidocs:   5%|▌         | 1.34k/25.7k [00:29<09:12, 44.0doc/s]
  scidocs:   5%|▌         | 1.35k/25.7k [00:30<09:11, 44.1doc/s]
  scidocs:   5%|▌         | 1.36k/25.7k [00:30<09:10, 44.2doc/s]
  scidocs:   5%|▌         | 1.37k/25.7k [00:30<09:11, 44.0doc/s]
  scidocs:   5%|▌         | 1.38k/25.7k [00:30<09:11, 44.0doc/s]
  scidocs:   5%|▌         | 1.38k/25.7k [00:30<09:13, 43.9doc/s]
  scidocs:   5%|▌         | 1.39k/25.7k [00:31<09:10, 44.1doc/s]
  scidocs:   5%|▌         | 1.40k/25.7k [00:31<09:12, 43.9doc/s]
  scidocs:   5%|▌         | 1.41k/25.7k [00:31<09:10, 44.0doc/s]
  scidocs:   6%|▌         | 1.42k/25.7k [00:31<09:10, 44.0doc/s]
  scidocs:   6%|▌         | 1.42k/25.7k [00:31<09:10, 44.0doc/s]
  scidocs:   6%|▌         | 1.43k/25.7k [00:31<09:10, 44.0doc/s]
  scidocs:   6%|▌         | 1.44k/25.7k [00:32<09:11, 43.9doc/s]
  scidocs:   6%|▌         | 1.45k/25.7k [00:32<09:11, 43.9doc/s]
  scidocs:   6%|▌         | 1.46k/25.7k [00:32<09:10, 44.0doc/s]
  scidocs:   6%|▌         | 1.46k/25.7k [00:32<09:10, 44.0doc/s]
  scidocs:   6%|▌         | 1.47k/25.7k [00:32<09:08, 44.1doc/s]
  scidocs:   6%|▌         | 1.48k/25.7k [00:33<09:08, 44.1doc/s]
  scidocs:   6%|▌         | 1.49k/25.7k [00:33<09:05, 44.3doc/s]
  scidocs:   6%|▌         | 1.50k/25.7k [00:33<09:14, 43.6doc/s]
  scidocs:   6%|▌         | 1.50k/25.7k [00:33<09:22, 43.0doc/s]
  scidocs:   6%|▌         | 1.51k/25.7k [00:33<09:23, 42.9doc/s]
  scidocs:   6%|▌         | 1.52k/25.7k [00:33<09:19, 43.1doc/s]
  scidocs:   6%|▌         | 1.53k/25.7k [00:34<09:13, 43.6doc/s]
  scidocs:   6%|▌         | 1.54k/25.7k [00:34<09:06, 44.1doc/s]
  scidocs:   6%|▌         | 1.54k/25.7k [00:34<09:03, 44.4doc/s]
  scidocs:   6%|▌         | 1.55k/25.7k [00:34<09:01, 44.5doc/s]
  scidocs:   6%|▌         | 1.56k/25.7k [00:34<08:59, 44.7doc/s]
  scidocs:   6%|▌         | 1.57k/25.7k [00:35<08:57, 44.8doc/s]
  scidocs:   6%|▌         | 1.58k/25.7k [00:35<08:56, 44.9doc/s]
  scidocs:   6%|▌         | 1.58k/25.7k [00:35<08:57, 44.8doc/s]
  scidocs:   6%|▌         | 1.59k/25.7k [00:35<08:57, 44.8doc/s]
  scidocs:   6%|▌         | 1.60k/25.7k [00:35<08:55, 44.9doc/s]
  scidocs:   6%|▋         | 1.61k/25.7k [00:35<08:57, 44.7doc/s]
  scidocs:   6%|▋         | 1.62k/25.7k [00:36<09:03, 44.3doc/s]
  scidocs:   6%|▋         | 1.62k/25.7k [00:36<09:04, 44.2doc/s]
  scidocs:   6%|▋         | 1.63k/25.7k [00:36<09:02, 44.3doc/s]
  scidocs:   6%|▋         | 1.64k/25.7k [00:36<08:58, 44.6doc/s]
  scidocs:   6%|▋         | 1.65k/25.7k [00:36<08:55, 44.9doc/s]
  scidocs:   6%|▋         | 1.66k/25.7k [00:37<08:53, 45.0doc/s]
  scidocs:   6%|▋         | 1.66k/25.7k [00:37<08:57, 44.6doc/s]
  scidocs:   7%|▋         | 1.67k/25.7k [00:37<08:58, 44.6doc/s]
  scidocs:   7%|▋         | 1.68k/25.7k [00:37<08:59, 44.5doc/s]
  scidocs:   7%|▋         | 1.69k/25.7k [00:37<08:57, 44.6doc/s]
  scidocs:   7%|▋         | 1.70k/25.7k [00:37<09:00, 44.3doc/s]
  scidocs:   7%|▋         | 1.70k/25.7k [00:38<09:00, 44.3doc/s]
  scidocs:   7%|▋         | 1.71k/25.7k [00:38<09:00, 44.3doc/s]
  scidocs:   7%|▋         | 1.72k/25.7k [00:38<08:59, 44.3doc/s]
  scidocs:   7%|▋         | 1.73k/25.7k [00:38<08:55, 44.7doc/s]
  scidocs:   7%|▋         | 1.74k/25.7k [00:38<08:53, 44.8doc/s]
  scidocs:   7%|▋         | 1.74k/25.7k [00:38<08:54, 44.8doc/s]
  scidocs:   7%|▋         | 1.75k/25.7k [00:39<08:59, 44.3doc/s]
  scidocs:   7%|▋         | 1.76k/25.7k [00:39<08:56, 44.5doc/s]
  scidocs:   7%|▋         | 1.77k/25.7k [00:39<08:56, 44.5doc/s]
  scidocs:   7%|▋         | 1.78k/25.7k [00:39<08:56, 44.5doc/s]
  scidocs:   7%|▋         | 1.78k/25.7k [00:39<08:57, 44.4doc/s]
  scidocs:   7%|▋         | 1.79k/25.7k [00:40<08:58, 44.3doc/s]
  scidocs:   7%|▋         | 1.80k/25.7k [00:40<08:57, 44.4doc/s]
  scidocs:   7%|▋         | 1.81k/25.7k [00:40<08:58, 44.3doc/s]
  scidocs:   7%|▋         | 1.82k/25.7k [00:40<08:56, 44.4doc/s]
  scidocs:   7%|▋         | 1.82k/25.7k [00:40<08:57, 44.3doc/s]
  scidocs:   7%|▋         | 1.83k/25.7k [00:40<08:56, 44.4doc/s]
  scidocs:   7%|▋         | 1.84k/25.7k [00:41<08:55, 44.4doc/s]
  scidocs:   7%|▋         | 1.85k/25.7k [00:41<08:55, 44.5doc/s]
  scidocs:   7%|▋         | 1.86k/25.7k [00:41<08:55, 44.5doc/s]
  scidocs:   7%|▋         | 1.86k/25.7k [00:41<08:57, 44.2doc/s]
  scidocs:   7%|▋         | 1.87k/25.7k [00:41<08:57, 44.2doc/s]
  scidocs:   7%|▋         | 1.88k/25.7k [00:42<08:58, 44.2doc/s]
  scidocs:   7%|▋         | 1.89k/25.7k [00:42<08:58, 44.1doc/s]
  scidocs:   7%|▋         | 1.90k/25.7k [00:42<08:59, 44.0doc/s]
  scidocs:   7%|▋         | 1.90k/25.7k [00:42<08:59, 44.0doc/s]
  scidocs:   7%|▋         | 1.91k/25.7k [00:42<09:00, 43.9doc/s]
  scidocs:   7%|▋         | 1.92k/25.7k [00:42<09:01, 43.9doc/s]
  scidocs:   8%|▊         | 1.93k/25.7k [00:43<08:58, 44.1doc/s]
  scidocs:   8%|▊         | 1.94k/25.7k [00:43<08:59, 43.9doc/s]
  scidocs:   8%|▊         | 1.94k/25.7k [00:43<08:58, 44.0doc/s]
  scidocs:   8%|▊         | 1.95k/25.7k [00:43<08:57, 44.1doc/s]
  scidocs:   8%|▊         | 1.96k/25.7k [00:43<08:57, 44.1doc/s]
  scidocs:   8%|▊         | 1.97k/25.7k [00:44<08:57, 44.1doc/s]
  scidocs:   8%|▊         | 1.98k/25.7k [00:44<08:58, 44.0doc/s]
  scidocs:   8%|▊         | 1.98k/25.7k [00:44<08:56, 44.1doc/s]
  scidocs:   8%|▊         | 1.99k/25.7k [00:44<08:58, 44.0doc/s]
  scidocs:   8%|▊         | 2.00k/25.7k [00:44<08:56, 44.1doc/s]
  scidocs:   8%|▊         | 2.01k/25.7k [00:44<08:57, 44.0doc/s]
  scidocs:   8%|▊         | 2.02k/25.7k [00:45<08:56, 44.0doc/s]
  scidocs:   8%|▊         | 2.02k/25.7k [00:45<08:56, 44.1doc/s]
  scidocs:   8%|▊         | 2.03k/25.7k [00:45<08:56, 44.0doc/s]
  scidocs:   8%|▊         | 2.04k/25.7k [00:45<08:56, 44.0doc/s]
  scidocs:   8%|▊         | 2.05k/25.7k [00:45<08:57, 43.9doc/s]
  scidocs:   8%|▊         | 2.06k/25.7k [00:46<08:54, 44.1doc/s]
  scidocs:   8%|▊         | 2.06k/25.7k [00:46<08:52, 44.3doc/s]
  scidocs:   8%|▊         | 2.07k/25.7k [00:46<08:53, 44.2doc/s]
  scidocs:   8%|▊         | 2.08k/25.7k [00:46<09:02, 43.5doc/s]
  scidocs:   8%|▊         | 2.09k/25.7k [00:46<09:04, 43.3doc/s]
  scidocs:   8%|▊         | 2.10k/25.7k [00:46<09:00, 43.6doc/s]
  scidocs:   8%|▊         | 2.10k/25.7k [00:47<08:59, 43.7doc/s]
  scidocs:   8%|▊         | 2.11k/25.7k [00:47<08:53, 44.1doc/s]
  scidocs:   8%|▊         | 2.12k/25.7k [00:47<08:48, 44.5doc/s]
  scidocs:   8%|▊         | 2.13k/25.7k [00:47<08:48, 44.5doc/s]
  scidocs:   8%|▊         | 2.14k/25.7k [00:47<08:47, 44.6doc/s]
  scidocs:   8%|▊         | 2.14k/25.7k [00:48<08:43, 44.9doc/s]
  scidocs:   8%|▊         | 2.15k/25.7k [00:48<08:48, 44.5doc/s]
  scidocs:   8%|▊         | 2.16k/25.7k [00:48<08:50, 44.3doc/s]
  scidocs:   8%|▊         | 2.17k/25.7k [00:48<08:53, 44.0doc/s]
  scidocs:   8%|▊         | 2.18k/25.7k [00:48<08:55, 43.9doc/s]
  scidocs:   9%|▊         | 2.18k/25.7k [00:48<08:55, 43.8doc/s]
  scidocs:   9%|▊         | 2.19k/25.7k [00:49<08:54, 43.9doc/s]
  scidocs:   9%|▊         | 2.20k/25.7k [00:49<08:56, 43.7doc/s]
  scidocs:   9%|▊         | 2.21k/25.7k [00:49<08:55, 43.8doc/s]
  scidocs:   9%|▊         | 2.22k/25.7k [00:49<08:53, 43.9doc/s]
  scidocs:   9%|▊         | 2.22k/25.7k [00:49<08:52, 44.0doc/s]
  scidocs:   9%|▊         | 2.23k/25.7k [00:50<08:53, 43.9doc/s]
  scidocs:   9%|▊         | 2.24k/25.7k [00:50<08:53, 43.9doc/s]
  scidocs:   9%|▉         | 2.25k/25.7k [00:50<08:49, 44.2doc/s]
  scidocs:   9%|▉         | 2.26k/25.7k [00:50<08:48, 44.2doc/s]
  scidocs:   9%|▉         | 2.26k/25.7k [00:50<08:47, 44.3doc/s]
  scidocs:   9%|▉         | 2.27k/25.7k [00:50<08:48, 44.3doc/s]
  scidocs:   9%|▉         | 2.28k/25.7k [00:51<08:48, 44.3doc/s]
  scidocs:   9%|▉         | 2.29k/25.7k [00:51<08:49, 44.2doc/s]
  scidocs:   9%|▉         | 2.30k/25.7k [00:51<08:50, 44.0doc/s]
  scidocs:   9%|▉         | 2.30k/25.7k [00:51<08:52, 43.9doc/s]
  scidocs:   9%|▉         | 2.31k/25.7k [00:51<08:52, 43.8doc/s]
  scidocs:   9%|▉         | 2.32k/25.7k [00:52<08:52, 43.8doc/s]
  scidocs:   9%|▉         | 2.33k/25.7k [00:52<08:51, 43.9doc/s]
  scidocs:   9%|▉         | 2.34k/25.7k [00:52<08:52, 43.8doc/s]
  scidocs:   9%|▉         | 2.34k/25.7k [00:52<08:51, 43.9doc/s]
  scidocs:   9%|▉         | 2.35k/25.7k [00:52<08:49, 44.0doc/s]
  scidocs:   9%|▉         | 2.36k/25.7k [00:52<08:45, 44.3doc/s]
  scidocs:   9%|▉         | 2.37k/25.7k [00:53<08:41, 44.6doc/s]
  scidocs:   9%|▉         | 2.38k/25.7k [00:53<08:44, 44.4doc/s]
  scidocs:   9%|▉         | 2.38k/25.7k [00:53<08:44, 44.4doc/s]
  scidocs:   9%|▉         | 2.39k/25.7k [00:53<08:45, 44.3doc/s]
  scidocs:   9%|▉         | 2.40k/25.7k [00:53<08:45, 44.3doc/s]
  scidocs:   9%|▉         | 2.41k/25.7k [00:54<08:46, 44.2doc/s]
  scidocs:   9%|▉         | 2.42k/25.7k [00:54<08:45, 44.2doc/s]
  scidocs:   9%|▉         | 2.42k/25.7k [00:54<08:45, 44.2doc/s]
  scidocs:   9%|▉         | 2.43k/25.7k [00:54<08:55, 43.3doc/s]
  scidocs:  10%|▉         | 2.44k/25.7k [00:54<08:59, 43.0doc/s]
  scidocs:  10%|▉         | 2.45k/25.7k [00:54<08:58, 43.1doc/s]
  scidocs:  10%|▉         | 2.46k/25.7k [00:55<08:53, 43.5doc/s]
  scidocs:  10%|▉         | 2.46k/25.7k [00:55<08:47, 43.9doc/s]
  scidocs:  10%|▉         | 2.47k/25.7k [00:55<08:45, 44.1doc/s]
  scidocs:  10%|▉         | 2.48k/25.7k [00:55<08:44, 44.2doc/s]
  scidocs:  10%|▉         | 2.49k/25.7k [00:55<08:44, 44.2doc/s]
  scidocs:  10%|▉         | 2.50k/25.7k [00:56<08:43, 44.2doc/s]
  scidocs:  10%|▉         | 2.50k/25.7k [00:56<08:43, 44.2doc/s]
  scidocs:  10%|▉         | 2.51k/25.7k [00:56<08:43, 44.2doc/s]
  scidocs:  10%|▉         | 2.52k/25.7k [00:56<08:46, 44.0doc/s]
  scidocs:  10%|▉         | 2.53k/25.7k [00:56<08:46, 44.0doc/s]
  scidocs:  10%|▉         | 2.54k/25.7k [00:56<08:45, 44.0doc/s]
  scidocs:  10%|▉         | 2.54k/25.7k [00:57<08:45, 44.0doc/s]
  scidocs:  10%|▉         | 2.55k/25.7k [00:57<08:44, 44.1doc/s]
  scidocs:  10%|▉         | 2.56k/25.7k [00:57<08:41, 44.3doc/s]
  scidocs:  10%|█         | 2.57k/25.7k [00:57<08:40, 44.4doc/s]
  scidocs:  10%|█         | 2.58k/25.7k [00:57<08:51, 43.4doc/s]
  scidocs:  10%|█         | 2.58k/25.7k [00:58<08:54, 43.2doc/s]
  scidocs:  10%|█         | 2.59k/25.7k [00:58<08:52, 43.3doc/s]
  scidocs:  10%|█         | 2.60k/25.7k [00:58<08:49, 43.6doc/s]
  scidocs:  10%|█         | 2.61k/25.7k [00:58<08:43, 44.0doc/s]
  scidocs:  10%|█         | 2.62k/25.7k [00:58<08:39, 44.4doc/s]
  scidocs:  10%|█         | 2.62k/25.7k [00:58<08:39, 44.3doc/s]
  scidocs:  10%|█         | 2.63k/25.7k [00:59<08:41, 44.2doc/s]
  scidocs:  10%|█         | 2.64k/25.7k [00:59<08:40, 44.3doc/s]
  scidocs:  10%|█         | 2.65k/25.7k [00:59<08:39, 44.3doc/s]
  scidocs:  10%|█         | 2.66k/25.7k [00:59<08:40, 44.2doc/s]
  scidocs:  10%|█         | 2.66k/25.7k [00:59<08:39, 44.2doc/s]
  scidocs:  10%|█         | 2.67k/25.7k [01:00<08:33, 44.7doc/s]
  scidocs:  10%|█         | 2.68k/25.7k [01:00<08:38, 44.3doc/s]
  scidocs:  10%|█         | 2.69k/25.7k [01:00<08:44, 43.8doc/s]
  scidocs:  11%|█         | 2.70k/25.7k [01:00<08:46, 43.6doc/s]
  scidocs:  11%|█         | 2.70k/25.7k [01:00<08:47, 43.5doc/s]
  scidocs:  11%|█         | 2.71k/25.7k [01:00<08:44, 43.8doc/s]
  scidocs:  11%|█         | 2.72k/25.7k [01:01<08:42, 43.9doc/s]
  scidocs:  11%|█         | 2.73k/25.7k [01:01<08:43, 43.8doc/s]
  scidocs:  11%|█         | 2.74k/25.7k [01:01<08:40, 44.0doc/s]
  scidocs:  11%|█         | 2.74k/25.7k [01:01<08:36, 44.4doc/s]
  scidocs:  11%|█         | 2.75k/25.7k [01:01<08:44, 43.7doc/s]
  scidocs:  11%|█         | 2.76k/25.7k [01:02<08:53, 42.9doc/s]
  scidocs:  11%|█         | 2.77k/25.7k [01:02<08:53, 42.9doc/s]
  scidocs:  11%|█         | 2.78k/25.7k [01:02<08:49, 43.2doc/s]
  scidocs:  11%|█         | 2.78k/25.7k [01:02<08:45, 43.5doc/s]
  scidocs:  11%|█         | 2.79k/25.7k [01:02<08:44, 43.6doc/s]
  scidocs:  11%|█         | 2.80k/25.7k [01:02<08:52, 42.9doc/s]
  scidocs:  11%|█         | 2.81k/25.7k [01:03<08:56, 42.6doc/s]
  scidocs:  11%|█         | 2.82k/25.7k [01:03<08:53, 42.8doc/s]
  scidocs:  11%|█         | 2.82k/25.7k [01:03<08:44, 43.5doc/s]
  scidocs:  11%|█         | 2.83k/25.7k [01:03<08:38, 44.0doc/s]
  scidocs:  11%|█         | 2.84k/25.7k [01:03<08:35, 44.3doc/s]
  scidocs:  11%|█         | 2.85k/25.7k [01:04<08:37, 44.1doc/s]
  scidocs:  11%|█         | 2.86k/25.7k [01:04<08:33, 44.4doc/s]
  scidocs:  11%|█         | 2.86k/25.7k [01:04<08:37, 44.0doc/s]
  scidocs:  11%|█         | 2.87k/25.7k [01:04<08:48, 43.1doc/s]
  scidocs:  11%|█         | 2.88k/25.7k [01:04<08:55, 42.5doc/s]
  scidocs:  11%|█▏        | 2.89k/25.7k [01:05<08:55, 42.5doc/s]
  scidocs:  11%|█▏        | 2.90k/25.7k [01:05<08:50, 42.9doc/s]
  scidocs:  11%|█▏        | 2.90k/25.7k [01:05<08:46, 43.2doc/s]
  scidocs:  11%|█▏        | 2.91k/25.7k [01:05<08:42, 43.5doc/s]
  scidocs:  11%|█▏        | 2.92k/25.7k [01:05<08:38, 43.8doc/s]
  scidocs:  11%|█▏        | 2.93k/25.7k [01:05<08:37, 43.9doc/s]
  scidocs:  11%|█▏        | 2.94k/25.7k [01:06<08:37, 43.9doc/s]
  scidocs:  11%|█▏        | 2.94k/25.7k [01:06<08:38, 43.8doc/s]
  scidocs:  12%|█▏        | 2.95k/25.7k [01:06<08:37, 43.9doc/s]
  scidocs:  12%|█▏        | 2.96k/25.7k [01:06<08:35, 44.0doc/s]
  scidocs:  12%|█▏        | 2.97k/25.7k [01:06<08:35, 44.0doc/s]
  scidocs:  12%|█▏        | 2.98k/25.7k [01:07<08:34, 44.1doc/s]
  scidocs:  12%|█▏        | 2.98k/25.7k [01:07<08:36, 43.9doc/s]
  scidocs:  12%|█▏        | 2.99k/25.7k [01:07<08:34, 44.1doc/s]
  scidocs:  12%|█▏        | 3.00k/25.7k [01:07<08:33, 44.2doc/s]
  scidocs:  12%|█▏        | 3.01k/25.7k [01:07<08:31, 44.3doc/s]
  scidocs:  12%|█▏        | 3.02k/25.7k [01:07<08:32, 44.2doc/s]
  scidocs:  12%|█▏        | 3.02k/25.7k [01:08<08:33, 44.1doc/s]
  scidocs:  12%|█▏        | 3.03k/25.7k [01:08<08:32, 44.1doc/s]
  scidocs:  12%|█▏        | 3.04k/25.7k [01:08<08:32, 44.2doc/s]
  scidocs:  12%|█▏        | 3.05k/25.7k [01:08<08:27, 44.5doc/s]
  scidocs:  12%|█▏        | 3.06k/25.7k [01:08<08:26, 44.6doc/s]
  scidocs:  12%|█▏        | 3.06k/25.7k [01:08<08:23, 44.9doc/s]
  scidocs:  12%|█▏        | 3.07k/25.7k [01:09<08:26, 44.6doc/s]
  scidocs:  12%|█▏        | 3.08k/25.7k [01:09<08:31, 44.2doc/s]
  scidocs:  12%|█▏        | 3.09k/25.7k [01:09<08:30, 44.2doc/s]
  scidocs:  12%|█▏        | 3.10k/25.7k [01:09<08:28, 44.4doc/s]
  scidocs:  12%|█▏        | 3.10k/25.7k [01:09<08:29, 44.2doc/s]
  scidocs:  12%|█▏        | 3.11k/25.7k [01:10<08:35, 43.8doc/s]
  scidocs:  12%|█▏        | 3.12k/25.7k [01:10<08:32, 43.9doc/s]
  scidocs:  12%|█▏        | 3.13k/25.7k [01:10<08:35, 43.7doc/s]
  scidocs:  12%|█▏        | 3.14k/25.7k [01:10<08:34, 43.8doc/s]
  scidocs:  12%|█▏        | 3.14k/25.7k [01:10<08:31, 44.1doc/s]
  scidocs:  12%|█▏        | 3.15k/25.7k [01:10<08:29, 44.2doc/s]
  scidocs:  12%|█▏        | 3.16k/25.7k [01:11<08:30, 44.1doc/s]
  scidocs:  12%|█▏        | 3.17k/25.7k [01:11<08:30, 44.1doc/s]
  scidocs:  12%|█▏        | 3.18k/25.7k [01:11<08:29, 44.1doc/s]
  scidocs:  12%|█▏        | 3.18k/25.7k [01:11<08:30, 44.0doc/s]
  scidocs:  12%|█▏        | 3.19k/25.7k [01:11<08:30, 44.0doc/s]
  scidocs:  12%|█▏        | 3.20k/25.7k [01:12<08:31, 43.9doc/s]
  scidocs:  13%|█▎        | 3.21k/25.7k [01:12<08:30, 43.9doc/s]
  scidocs:  13%|█▎        | 3.22k/25.7k [01:12<08:28, 44.1doc/s]
  scidocs:  13%|█▎        | 3.22k/25.7k [01:12<08:26, 44.2doc/s]
  scidocs:  13%|█▎        | 3.23k/25.7k [01:12<08:26, 44.3doc/s]
  scidocs:  13%|█▎        | 3.24k/25.7k [01:12<08:25, 44.3doc/s]
  scidocs:  13%|█▎        | 3.25k/25.7k [01:13<08:26, 44.2doc/s]
  scidocs:  13%|█▎        | 3.26k/25.7k [01:13<08:24, 44.4doc/s]
  scidocs:  13%|█▎        | 3.26k/25.7k [01:13<08:23, 44.5doc/s]
  scidocs:  13%|█▎        | 3.27k/25.7k [01:13<08:26, 44.2doc/s]
  scidocs:  13%|█▎        | 3.28k/25.7k [01:13<08:30, 43.8doc/s]
  scidocs:  13%|█▎        | 3.29k/25.7k [01:14<08:32, 43.7doc/s]
  scidocs:  13%|█▎        | 3.30k/25.7k [01:14<08:27, 44.0doc/s]
  scidocs:  13%|█▎        | 3.30k/25.7k [01:14<08:26, 44.1doc/s]
  scidocs:  13%|█▎        | 3.31k/25.7k [01:14<08:24, 44.3doc/s]
  scidocs:  13%|█▎        | 3.32k/25.7k [01:14<08:29, 43.9doc/s]
  scidocs:  13%|█▎        | 3.33k/25.7k [01:14<08:28, 43.9doc/s]
  scidocs:  13%|█▎        | 3.34k/25.7k [01:15<08:27, 44.0doc/s]
  scidocs:  13%|█▎        | 3.34k/25.7k [01:15<08:28, 43.9doc/s]
  scidocs:  13%|█▎        | 3.35k/25.7k [01:15<08:30, 43.7doc/s]
  scidocs:  13%|█▎        | 3.36k/25.7k [01:15<08:27, 43.9doc/s]
  scidocs:  13%|█▎        | 3.37k/25.7k [01:15<08:24, 44.2doc/s]
  scidocs:  13%|█▎        | 3.38k/25.7k [01:16<08:23, 44.2doc/s]
  scidocs:  13%|█▎        | 3.38k/25.7k [01:16<08:24, 44.1doc/s]
  scidocs:  13%|█▎        | 3.39k/25.7k [01:16<08:25, 44.0doc/s]
  scidocs:  13%|█▎        | 3.40k/25.7k [01:16<08:25, 44.0doc/s]
  scidocs:  13%|█▎        | 3.41k/25.7k [01:16<08:27, 43.9doc/s]
  scidocs:  13%|█▎        | 3.42k/25.7k [01:16<08:29, 43.6doc/s]
  scidocs:  13%|█▎        | 3.42k/25.7k [01:17<08:29, 43.6doc/s]
  scidocs:  13%|█▎        | 3.43k/25.7k [01:17<08:26, 43.9doc/s]
  scidocs:  13%|█▎        | 3.44k/25.7k [01:17<08:25, 44.0doc/s]
  scidocs:  13%|█▎        | 3.45k/25.7k [01:17<08:31, 43.4doc/s]
  scidocs:  13%|█▎        | 3.46k/25.7k [01:17<08:35, 43.1doc/s]
  scidocs:  14%|█▎        | 3.46k/25.7k [01:18<08:33, 43.2doc/s]
  scidocs:  14%|█▎        | 3.47k/25.7k [01:18<08:31, 43.3doc/s]
  scidocs:  14%|█▎        | 3.48k/25.7k [01:18<08:27, 43.7doc/s]
  scidocs:  14%|█▎        | 3.49k/25.7k [01:18<08:21, 44.2doc/s]
  scidocs:  14%|█▎        | 3.50k/25.7k [01:18<08:18, 44.5doc/s]
  scidocs:  14%|█▎        | 3.50k/25.7k [01:18<08:17, 44.5doc/s]
  scidocs:  14%|█▎        | 3.51k/25.7k [01:19<08:18, 44.4doc/s]
  scidocs:  14%|█▎        | 3.52k/25.7k [01:19<08:23, 43.9doc/s]
  scidocs:  14%|█▍        | 3.53k/25.7k [01:19<08:25, 43.8doc/s]
  scidocs:  14%|█▍        | 3.54k/25.7k [01:19<08:28, 43.5doc/s]
  scidocs:  14%|█▍        | 3.54k/25.7k [01:19<08:32, 43.1doc/s]
  scidocs:  14%|█▍        | 3.55k/25.7k [01:20<08:29, 43.4doc/s]
  scidocs:  14%|█▍        | 3.56k/25.7k [01:20<08:27, 43.5doc/s]
  scidocs:  14%|█▍        | 3.57k/25.7k [01:20<08:23, 43.8doc/s]
  scidocs:  14%|█▍        | 3.58k/25.7k [01:20<08:20, 44.1doc/s]
  scidocs:  14%|█▍        | 3.58k/25.7k [01:20<08:21, 44.0doc/s]
  scidocs:  14%|█▍        | 3.59k/25.7k [01:21<08:19, 44.2doc/s]
  scidocs:  14%|█▍        | 3.60k/25.7k [01:21<08:19, 44.1doc/s]
  scidocs:  14%|█▍        | 3.61k/25.7k [01:21<08:23, 43.8doc/s]
  scidocs:  14%|█▍        | 3.62k/25.7k [01:21<08:24, 43.7doc/s]
  scidocs:  14%|█▍        | 3.62k/25.7k [01:21<08:21, 43.9doc/s]
  scidocs:  14%|█▍        | 3.63k/25.7k [01:21<08:17, 44.2doc/s]
  scidocs:  14%|█▍        | 3.64k/25.7k [01:22<08:13, 44.6doc/s]
  scidocs:  14%|█▍        | 3.65k/25.7k [01:22<08:12, 44.7doc/s]
  scidocs:  14%|█▍        | 3.66k/25.7k [01:22<08:09, 44.9doc/s]
  scidocs:  14%|█▍        | 3.66k/25.7k [01:22<08:15, 44.4doc/s]
  scidocs:  14%|█▍        | 3.67k/25.7k [01:22<08:18, 44.1doc/s]
  scidocs:  14%|█▍        | 3.68k/25.7k [01:23<08:21, 43.8doc/s]
  scidocs:  14%|█▍        | 3.69k/25.7k [01:23<08:20, 43.9doc/s]
  scidocs:  14%|█▍        | 3.70k/25.7k [01:23<08:22, 43.7doc/s]
  scidocs:  14%|█▍        | 3.70k/25.7k [01:23<08:24, 43.5doc/s]
  scidocs:  14%|█▍        | 3.71k/25.7k [01:23<08:25, 43.4doc/s]
  scidocs:  14%|█▍        | 3.72k/25.7k [01:23<08:27, 43.2doc/s]
  scidocs:  15%|█▍        | 3.73k/25.7k [01:24<08:26, 43.3doc/s]
  scidocs:  15%|█▍        | 3.74k/25.7k [01:24<08:22, 43.6doc/s]
  scidocs:  15%|█▍        | 3.74k/25.7k [01:24<08:21, 43.7doc/s]
  scidocs:  15%|█▍        | 3.75k/25.7k [01:24<08:19, 43.9doc/s]
  scidocs:  15%|█▍        | 3.76k/25.7k [01:24<08:20, 43.8doc/s]
  scidocs:  15%|█▍        | 3.77k/25.7k [01:25<08:18, 43.9doc/s]
  scidocs:  15%|█▍        | 3.78k/25.7k [01:25<08:20, 43.8doc/s]
  scidocs:  15%|█▍        | 3.78k/25.7k [01:25<08:21, 43.6doc/s]
  scidocs:  15%|█▍        | 3.79k/25.7k [01:25<08:21, 43.6doc/s]
  scidocs:  15%|█▍        | 3.80k/25.7k [01:25<08:20, 43.7doc/s]
  scidocs:  15%|█▍        | 3.81k/25.7k [01:25<08:15, 44.1doc/s]
  scidocs:  15%|█▍        | 3.82k/25.7k [01:26<08:12, 44.3doc/s]
  scidocs:  15%|█▍        | 3.82k/25.7k [01:26<08:15, 44.1doc/s]
  scidocs:  15%|█▍        | 3.83k/25.7k [01:26<08:15, 44.0doc/s]
  scidocs:  15%|█▍        | 3.84k/25.7k [01:26<08:16, 43.9doc/s]
  scidocs:  15%|█▍        | 3.85k/25.7k [01:26<08:17, 43.8doc/s]
  scidocs:  15%|█▌        | 3.86k/25.7k [01:27<08:16, 43.9doc/s]
  scidocs:  15%|█▌        | 3.86k/25.7k [01:27<08:17, 43.8doc/s]
  scidocs:  15%|█▌        | 3.87k/25.7k [01:27<08:16, 43.8doc/s]
  scidocs:  15%|█▌        | 3.88k/25.7k [01:27<08:12, 44.2doc/s]
  scidocs:  15%|█▌        | 3.89k/25.7k [01:27<08:09, 44.5doc/s]
  scidocs:  15%|█▌        | 3.90k/25.7k [01:27<08:06, 44.7doc/s]
  scidocs:  15%|█▌        | 3.90k/25.7k [01:28<08:05, 44.8doc/s]
  scidocs:  15%|█▌        | 3.91k/25.7k [01:28<08:04, 44.9doc/s]
  scidocs:  15%|█▌        | 3.92k/25.7k [01:28<08:03, 45.0doc/s]
  scidocs:  15%|█▌        | 3.93k/25.7k [01:28<08:06, 44.7doc/s]
  scidocs:  15%|█▌        | 3.94k/25.7k [01:28<08:09, 44.4doc/s]
  scidocs:  15%|█▌        | 3.94k/25.7k [01:29<08:10, 44.2doc/s]
  scidocs:  15%|█▌        | 3.95k/25.7k [01:29<08:15, 43.8doc/s]
  scidocs:  15%|█▌        | 3.96k/25.7k [01:29<08:16, 43.7doc/s]
  scidocs:  15%|█▌        | 3.97k/25.7k [01:29<08:14, 43.9doc/s]
  scidocs:  15%|█▌        | 3.98k/25.7k [01:29<08:09, 44.3doc/s]
  scidocs:  16%|█▌        | 3.98k/25.7k [01:29<08:08, 44.4doc/s]
  scidocs:  16%|█▌        | 3.99k/25.7k [01:30<08:07, 44.4doc/s]
  scidocs:  16%|█▌        | 4.00k/25.7k [01:30<08:08, 44.3doc/s]
  scidocs:  16%|█▌        | 4.01k/25.7k [01:30<08:11, 44.0doc/s]
  scidocs:  16%|█▌        | 4.02k/25.7k [01:30<08:10, 44.1doc/s]
  scidocs:  16%|█▌        | 4.02k/25.7k [01:30<08:11, 44.1doc/s]
  scidocs:  16%|█▌        | 4.03k/25.7k [01:30<08:11, 44.0doc/s]
  scidocs:  16%|█▌        | 4.04k/25.7k [01:31<08:09, 44.2doc/s]
  scidocs:  16%|█▌        | 4.05k/25.7k [01:31<08:14, 43.7doc/s]
  scidocs:  16%|█▌        | 4.06k/25.7k [01:31<08:21, 43.0doc/s]
  scidocs:  16%|█▌        | 4.06k/25.7k [01:31<08:23, 42.9doc/s]
  scidocs:  16%|█▌        | 4.07k/25.7k [01:31<08:20, 43.1doc/s]
  scidocs:  16%|█▌        | 4.08k/25.7k [01:32<08:20, 43.1doc/s]
  scidocs:  16%|█▌        | 4.09k/25.7k [01:32<08:16, 43.4doc/s]
  scidocs:  16%|█▌        | 4.10k/25.7k [01:32<08:11, 43.9doc/s]
  scidocs:  16%|█▌        | 4.10k/25.7k [01:32<08:08, 44.1doc/s]
  scidocs:  16%|█▌        | 4.11k/25.7k [01:32<08:10, 43.9doc/s]
  scidocs:  16%|█▌        | 4.12k/25.7k [01:33<08:09, 44.0doc/s]
  scidocs:  16%|█▌        | 4.13k/25.7k [01:33<08:10, 43.9doc/s]
  scidocs:  16%|█▌        | 4.14k/25.7k [01:33<08:07, 44.1doc/s]
  scidocs:  16%|█▌        | 4.14k/25.7k [01:33<08:08, 44.1doc/s]
  scidocs:  16%|█▌        | 4.15k/25.7k [01:33<08:06, 44.2doc/s]
  scidocs:  16%|█▌        | 4.16k/25.7k [01:33<08:07, 44.1doc/s]
  scidocs:  16%|█▌        | 4.17k/25.7k [01:34<08:18, 43.1doc/s]
  scidocs:  16%|█▋        | 4.18k/25.7k [01:34<08:22, 42.7doc/s]
  scidocs:  16%|█▋        | 4.18k/25.7k [01:34<08:20, 42.9doc/s]
  scidocs:  16%|█▋        | 4.19k/25.7k [01:34<08:18, 43.1doc/s]
  scidocs:  16%|█▋        | 4.20k/25.7k [01:34<08:11, 43.6doc/s]
  scidocs:  16%|█▋        | 4.21k/25.7k [01:35<08:07, 44.0doc/s]
  scidocs:  16%|█▋        | 4.22k/25.7k [01:35<08:05, 44.1doc/s]
  scidocs:  16%|█▋        | 4.22k/25.7k [01:35<08:05, 44.2doc/s]
  scidocs:  16%|█▋        | 4.23k/25.7k [01:35<08:03, 44.3doc/s]
  scidocs:  17%|█▋        | 4.24k/25.7k [01:35<08:04, 44.2doc/s]
  scidocs:  17%|█▋        | 4.25k/25.7k [01:35<08:07, 43.9doc/s]
  scidocs:  17%|█▋        | 4.26k/25.7k [01:36<08:07, 43.9doc/s]
  scidocs:  17%|█▋        | 4.26k/25.7k [01:36<08:08, 43.8doc/s]
  scidocs:  17%|█▋        | 4.27k/25.7k [01:36<08:05, 44.1doc/s]
  scidocs:  17%|█▋        | 4.28k/25.7k [01:36<08:02, 44.3doc/s]
  scidocs:  17%|█▋        | 4.29k/25.7k [01:36<08:00, 44.5doc/s]
  scidocs:  17%|█▋        | 4.30k/25.7k [01:37<08:02, 44.3doc/s]
  scidocs:  17%|█▋        | 4.30k/25.7k [01:37<08:07, 43.8doc/s]
  scidocs:  17%|█▋        | 4.31k/25.7k [01:37<08:06, 43.9doc/s]
  scidocs:  17%|█▋        | 4.32k/25.7k [01:37<08:04, 44.0doc/s]
  scidocs:  17%|█▋        | 4.33k/25.7k [01:37<08:06, 43.9doc/s]
  scidocs:  17%|█▋        | 4.34k/25.7k [01:37<08:04, 44.0doc/s]
  scidocs:  17%|█▋        | 4.34k/25.7k [01:38<08:04, 44.0doc/s]
  scidocs:  17%|█▋        | 4.35k/25.7k [01:38<08:04, 44.0doc/s]
  scidocs:  17%|█▋        | 4.36k/25.7k [01:38<08:08, 43.6doc/s]
  scidocs:  17%|█▋        | 4.37k/25.7k [01:38<08:07, 43.7doc/s]
  scidocs:  17%|█▋        | 4.38k/25.7k [01:38<08:06, 43.8doc/s]
  scidocs:  17%|█▋        | 4.38k/25.7k [01:39<08:02, 44.1doc/s]
  scidocs:  17%|█▋        | 4.39k/25.7k [01:39<07:57, 44.5doc/s]
  scidocs:  17%|█▋        | 4.40k/25.7k [01:39<07:55, 44.7doc/s]
  scidocs:  17%|█▋        | 4.41k/25.7k [01:39<07:52, 44.9doc/s]
  scidocs:  17%|█▋        | 4.42k/25.7k [01:39<08:01, 44.1doc/s]
  scidocs:  17%|█▋        | 4.42k/25.7k [01:39<08:12, 43.1doc/s]
  scidocs:  17%|█▋        | 4.43k/25.7k [01:40<08:18, 42.6doc/s]
  scidocs:  17%|█▋        | 4.44k/25.7k [01:40<08:20, 42.4doc/s]
  scidocs:  17%|█▋        | 4.45k/25.7k [01:40<08:16, 42.7doc/s]
  scidocs:  17%|█▋        | 4.46k/25.7k [01:40<08:11, 43.1doc/s]
  scidocs:  17%|█▋        | 4.46k/25.7k [01:40<08:05, 43.6doc/s]
  scidocs:  17%|█▋        | 4.47k/25.7k [01:41<08:04, 43.7doc/s]
  scidocs:  17%|█▋        | 4.48k/25.7k [01:41<08:05, 43.7doc/s]
  scidocs:  17%|█▋        | 4.49k/25.7k [01:41<08:06, 43.5doc/s]
  scidocs:  18%|█▊        | 4.50k/25.7k [01:41<08:02, 43.8doc/s]
  scidocs:  18%|█▊        | 4.50k/25.7k [01:41<08:00, 44.0doc/s]
  scidocs:  18%|█▊        | 4.51k/25.7k [01:41<07:56, 44.4doc/s]
  scidocs:  18%|█▊        | 4.52k/25.7k [01:42<07:54, 44.5doc/s]
  scidocs:  18%|█▊        | 4.53k/25.7k [01:42<07:55, 44.4doc/s]
  scidocs:  18%|█▊        | 4.54k/25.7k [01:42<08:05, 43.5doc/s]
  scidocs:  18%|█▊        | 4.54k/25.7k [01:42<08:10, 43.0doc/s]
  scidocs:  18%|█▊        | 4.55k/25.7k [01:42<08:08, 43.2doc/s]
  scidocs:  18%|█▊        | 4.56k/25.7k [01:43<08:07, 43.3doc/s]
  scidocs:  18%|█▊        | 4.57k/25.7k [01:43<08:02, 43.7doc/s]
  scidocs:  18%|█▊        | 4.58k/25.7k [01:43<07:58, 44.1doc/s]
  scidocs:  18%|█▊        | 4.58k/25.7k [01:43<07:56, 44.3doc/s]
  scidocs:  18%|█▊        | 4.59k/25.7k [01:43<07:57, 44.1doc/s]
  scidocs:  18%|█▊        | 4.60k/25.7k [01:43<08:00, 43.8doc/s]
  scidocs:  18%|█▊        | 4.61k/25.7k [01:44<07:57, 44.1doc/s]
  scidocs:  18%|█▊        | 4.62k/25.7k [01:44<07:59, 43.9doc/s]
  scidocs:  18%|█▊        | 4.62k/25.7k [01:44<07:59, 43.9doc/s]
  scidocs:  18%|█▊        | 4.63k/25.7k [01:44<07:59, 43.8doc/s]
  scidocs:  18%|█▊        | 4.64k/25.7k [01:44<07:56, 44.1doc/s]
  scidocs:  18%|█▊        | 4.65k/25.7k [01:45<07:54, 44.3doc/s]
  scidocs:  18%|█▊        | 4.66k/25.7k [01:45<07:51, 44.5doc/s]
  scidocs:  18%|█▊        | 4.66k/25.7k [01:45<07:51, 44.5doc/s]
  scidocs:  18%|█▊        | 4.67k/25.7k [01:45<07:54, 44.2doc/s]
  scidocs:  18%|█▊        | 4.68k/25.7k [01:45<08:04, 43.3doc/s]
  scidocs:  18%|█▊        | 4.69k/25.7k [01:45<08:10, 42.8doc/s]
  scidocs:  18%|█▊        | 4.70k/25.7k [01:46<08:10, 42.8doc/s]
  scidocs:  18%|█▊        | 4.70k/25.7k [01:46<08:05, 43.1doc/s]
  scidocs:  18%|█▊        | 4.71k/25.7k [01:46<08:02, 43.4doc/s]
  scidocs:  18%|█▊        | 4.72k/25.7k [01:46<08:00, 43.6doc/s]
  scidocs:  18%|█▊        | 4.73k/25.7k [01:46<08:01, 43.5doc/s]
  scidocs:  18%|█▊        | 4.74k/25.7k [01:47<08:01, 43.5doc/s]
  scidocs:  18%|█▊        | 4.74k/25.7k [01:47<08:00, 43.6doc/s]
  scidocs:  19%|█▊        | 4.75k/25.7k [01:47<07:58, 43.7doc/s]
  scidocs:  19%|█▊        | 4.76k/25.7k [01:47<07:53, 44.2doc/s]
  scidocs:  19%|█▊        | 4.77k/25.7k [01:47<07:51, 44.3doc/s]
  scidocs:  19%|█▊        | 4.78k/25.7k [01:47<07:51, 44.3doc/s]
  scidocs:  19%|█▊        | 4.78k/25.7k [01:48<07:50, 44.4doc/s]
  scidocs:  19%|█▊        | 4.79k/25.7k [01:48<07:57, 43.7doc/s]
  scidocs:  19%|█▊        | 4.80k/25.7k [01:48<08:06, 42.9doc/s]
  scidocs:  19%|█▊        | 4.81k/25.7k [01:48<08:09, 42.5doc/s]
  scidocs:  19%|█▉        | 4.82k/25.7k [01:48<08:07, 42.7doc/s]
  scidocs:  19%|█▉        | 4.82k/25.7k [01:49<08:03, 43.1doc/s]
  scidocs:  19%|█▉        | 4.83k/25.7k [01:49<08:01, 43.3doc/s]
  scidocs:  19%|█▉        | 4.84k/25.7k [01:49<08:00, 43.3doc/s]
  scidocs:  19%|█▉        | 4.85k/25.7k [01:49<07:59, 43.4doc/s]
  scidocs:  19%|█▉        | 4.86k/25.7k [01:49<07:58, 43.5doc/s]
  scidocs:  19%|█▉        | 4.86k/25.7k [01:50<07:57, 43.5doc/s]
  scidocs:  19%|█▉        | 4.87k/25.7k [01:50<07:53, 43.9doc/s]
  scidocs:  19%|█▉        | 4.88k/25.7k [01:50<07:50, 44.2doc/s]
  scidocs:  19%|█▉        | 4.89k/25.7k [01:50<07:50, 44.2doc/s]
  scidocs:  19%|█▉        | 4.90k/25.7k [01:50<07:50, 44.1doc/s]
  scidocs:  19%|█▉        | 4.90k/25.7k [01:50<07:54, 43.8doc/s]
  scidocs:  19%|█▉        | 4.91k/25.7k [01:51<07:56, 43.5doc/s]
  scidocs:  19%|█▉        | 4.92k/25.7k [01:51<07:58, 43.3doc/s]
  scidocs:  19%|█▉        | 4.93k/25.7k [01:51<07:59, 43.2doc/s]
  scidocs:  19%|█▉        | 4.94k/25.7k [01:51<07:58, 43.3doc/s]
  scidocs:  19%|█▉        | 4.94k/25.7k [01:51<07:54, 43.6doc/s]
  scidocs:  19%|█▉        | 4.95k/25.7k [01:52<07:54, 43.6doc/s]
  scidocs:  19%|█▉        | 4.96k/25.7k [01:52<07:49, 44.1doc/s]
  scidocs:  19%|█▉        | 4.97k/25.7k [01:52<07:46, 44.3doc/s]
  scidocs:  19%|█▉        | 4.98k/25.7k [01:52<07:46, 44.3doc/s]
  scidocs:  19%|█▉        | 4.98k/25.7k [01:52<07:47, 44.2doc/s]
  scidocs:  19%|█▉        | 4.99k/25.7k [01:52<07:49, 44.0doc/s]
  scidocs:  19%|█▉        | 5.00k/25.7k [01:53<07:50, 43.9doc/s]
  scidocs:  20%|█▉        | 5.01k/25.7k [01:53<07:54, 43.5doc/s]
  scidocs:  20%|█▉        | 5.02k/25.7k [01:53<07:51, 43.7doc/s]
  scidocs:  20%|█▉        | 5.02k/25.7k [01:53<07:54, 43.5doc/s]
  scidocs:  20%|█▉        | 5.03k/25.7k [01:53<07:57, 43.2doc/s]
  scidocs:  20%|█▉        | 5.04k/25.7k [01:54<07:58, 43.1doc/s]
  scidocs:  20%|█▉        | 5.05k/25.7k [01:54<07:57, 43.2doc/s]
  scidocs:  20%|█▉        | 5.06k/25.7k [01:54<07:57, 43.1doc/s]
  scidocs:  20%|█▉        | 5.06k/25.7k [01:54<07:54, 43.4doc/s]
  scidocs:  20%|█▉        | 5.07k/25.7k [01:54<07:51, 43.6doc/s]
  scidocs:  20%|█▉        | 5.08k/25.7k [01:54<07:51, 43.6doc/s]
  scidocs:  20%|█▉        | 5.09k/25.7k [01:55<07:51, 43.6doc/s]
  scidocs:  20%|█▉        | 5.10k/25.7k [01:55<07:50, 43.7doc/s]
  scidocs:  20%|█▉        | 5.10k/25.7k [01:55<07:49, 43.8doc/s]
  scidocs:  20%|█▉        | 5.11k/25.7k [01:55<07:50, 43.7doc/s]
  scidocs:  20%|█▉        | 5.12k/25.7k [01:55<07:49, 43.8doc/s]
  scidocs:  20%|█▉        | 5.13k/25.7k [01:56<07:51, 43.6doc/s]
  scidocs:  20%|██        | 5.14k/25.7k [01:56<07:51, 43.5doc/s]
  scidocs:  20%|██        | 5.14k/25.7k [01:56<07:51, 43.5doc/s]
  scidocs:  20%|██        | 5.15k/25.7k [01:56<07:53, 43.3doc/s]
  scidocs:  20%|██        | 5.16k/25.7k [01:56<07:50, 43.6doc/s]
  scidocs:  20%|██        | 5.17k/25.7k [01:56<07:50, 43.5doc/s]
  scidocs:  20%|██        | 5.18k/25.7k [01:57<07:45, 44.0doc/s]
  scidocs:  20%|██        | 5.18k/25.7k [01:57<07:51, 43.5doc/s]
  scidocs:  20%|██        | 5.19k/25.7k [01:57<07:55, 43.0doc/s]
  scidocs:  20%|██        | 5.20k/25.7k [01:57<07:55, 43.0doc/s]
  scidocs:  20%|██        | 5.21k/25.7k [01:57<07:52, 43.2doc/s]
  scidocs:  20%|██        | 5.22k/25.7k [01:58<07:51, 43.4doc/s]
  scidocs:  20%|██        | 5.22k/25.7k [01:58<07:49, 43.5doc/s]
  scidocs:  20%|██        | 5.23k/25.7k [01:58<07:50, 43.5doc/s]
  scidocs:  20%|██        | 5.24k/25.7k [01:58<07:49, 43.5doc/s]
  scidocs:  20%|██        | 5.25k/25.7k [01:58<07:48, 43.6doc/s]
  scidocs:  20%|██        | 5.26k/25.7k [01:59<07:44, 43.9doc/s]
  scidocs:  21%|██        | 5.26k/25.7k [01:59<07:50, 43.3doc/s]
  scidocs:  21%|██        | 5.27k/25.7k [01:59<07:57, 42.7doc/s]
  scidocs:  21%|██        | 5.28k/25.7k [01:59<07:55, 42.9doc/s]
  scidocs:  21%|██        | 5.29k/25.7k [01:59<07:53, 43.0doc/s]
  scidocs:  21%|██        | 5.30k/25.7k [01:59<07:49, 43.4doc/s]
  scidocs:  21%|██        | 5.30k/25.7k [02:00<07:43, 43.9doc/s]
  scidocs:  21%|██        | 5.31k/25.7k [02:00<07:40, 44.1doc/s]
  scidocs:  21%|██        | 5.32k/25.7k [02:00<07:41, 44.1doc/s]
  scidocs:  21%|██        | 5.33k/25.7k [02:00<07:43, 43.9doc/s]
  scidocs:  21%|██        | 5.34k/25.7k [02:00<07:43, 43.8doc/s]
  scidocs:  21%|██        | 5.34k/25.7k [02:01<07:42, 44.0doc/s]
  scidocs:  21%|██        | 5.35k/25.7k [02:01<07:42, 43.9doc/s]
  scidocs:  21%|██        | 5.36k/25.7k [02:01<07:44, 43.7doc/s]
  scidocs:  21%|██        | 5.37k/25.7k [02:01<07:46, 43.5doc/s]
  scidocs:  21%|██        | 5.38k/25.7k [02:01<07:44, 43.6doc/s]
  scidocs:  21%|██        | 5.38k/25.7k [02:01<07:44, 43.6doc/s]
  scidocs:  21%|██        | 5.39k/25.7k [02:02<07:44, 43.6doc/s]
  scidocs:  21%|██        | 5.40k/25.7k [02:02<07:43, 43.7doc/s]
  scidocs:  21%|██        | 5.41k/25.7k [02:02<07:39, 44.0doc/s]
  scidocs:  21%|██        | 5.42k/25.7k [02:02<07:48, 43.2doc/s]
  scidocs:  21%|██        | 5.42k/25.7k [02:02<07:55, 42.6doc/s]
  scidocs:  21%|██        | 5.43k/25.7k [02:03<07:55, 42.6doc/s]
  scidocs:  21%|██        | 5.44k/25.7k [02:03<07:52, 42.8doc/s]
  scidocs:  21%|██        | 5.45k/25.7k [02:03<07:50, 42.9doc/s]
  scidocs:  21%|██▏       | 5.46k/25.7k [02:03<07:45, 43.4doc/s]
  scidocs:  21%|██▏       | 5.46k/25.7k [02:03<07:40, 43.8doc/s]
  scidocs:  21%|██▏       | 5.47k/25.7k [02:03<07:38, 44.0doc/s]
  scidocs:  21%|██▏       | 5.48k/25.7k [02:04<07:38, 44.0doc/s]
  scidocs:  21%|██▏       | 5.49k/25.7k [02:04<07:34, 44.4doc/s]
  scidocs:  21%|██▏       | 5.50k/25.7k [02:04<07:36, 44.2doc/s]
  scidocs:  21%|██▏       | 5.50k/25.7k [02:04<07:38, 43.9doc/s]
  scidocs:  21%|██▏       | 5.51k/25.7k [02:04<07:43, 43.5doc/s]
  scidocs:  22%|██▏       | 5.52k/25.7k [02:05<07:45, 43.3doc/s]
  scidocs:  22%|██▏       | 5.53k/25.7k [02:05<07:47, 43.1doc/s]
  scidocs:  22%|██▏       | 5.54k/25.7k [02:05<07:43, 43.4doc/s]
  scidocs:  22%|██▏       | 5.54k/25.7k [02:05<07:41, 43.6doc/s]
  scidocs:  22%|██▏       | 5.55k/25.7k [02:05<07:40, 43.6doc/s]
  scidocs:  22%|██▏       | 5.56k/25.7k [02:06<07:39, 43.8doc/s]
  scidocs:  22%|██▏       | 5.57k/25.7k [02:06<07:37, 43.9doc/s]
  scidocs:  22%|██▏       | 5.58k/25.7k [02:06<07:38, 43.8doc/s]
  scidocs:  22%|██▏       | 5.58k/25.7k [02:06<07:38, 43.8doc/s]
  scidocs:  22%|██▏       | 5.59k/25.7k [02:06<07:38, 43.7doc/s]
  scidocs:  22%|██▏       | 5.60k/25.7k [02:06<07:38, 43.8doc/s]
  scidocs:  22%|██▏       | 5.61k/25.7k [02:07<07:34, 44.1doc/s]
  scidocs:  22%|██▏       | 5.62k/25.7k [02:07<07:32, 44.3doc/s]
  scidocs:  22%|██▏       | 5.62k/25.7k [02:07<07:33, 44.2doc/s]
  scidocs:  22%|██▏       | 5.63k/25.7k [02:07<07:37, 43.8doc/s]
  scidocs:  22%|██▏       | 5.64k/25.7k [02:07<07:39, 43.6doc/s]
  scidocs:  22%|██▏       | 5.65k/25.7k [02:08<07:42, 43.3doc/s]
  scidocs:  22%|██▏       | 5.66k/25.7k [02:08<07:44, 43.1doc/s]
  scidocs:  22%|██▏       | 5.66k/25.7k [02:08<07:46, 42.8doc/s]
  scidocs:  22%|██▏       | 5.67k/25.7k [02:08<07:46, 42.8doc/s]
  scidocs:  22%|██▏       | 5.68k/25.7k [02:08<07:45, 43.0doc/s]
  scidocs:  22%|██▏       | 5.69k/25.7k [02:08<07:40, 43.4doc/s]
  scidocs:  22%|██▏       | 5.70k/25.7k [02:09<07:36, 43.7doc/s]
  scidocs:  22%|██▏       | 5.70k/25.7k [02:09<07:35, 43.8doc/s]
  scidocs:  22%|██▏       | 5.71k/25.7k [02:09<07:33, 43.9doc/s]
  scidocs:  22%|██▏       | 5.72k/25.7k [02:09<07:33, 44.0doc/s]
  scidocs:  22%|██▏       | 5.73k/25.7k [02:09<07:35, 43.7doc/s]
  scidocs:  22%|██▏       | 5.74k/25.7k [02:10<07:37, 43.6doc/s]
  scidocs:  22%|██▏       | 5.74k/25.7k [02:10<07:38, 43.5doc/s]
  scidocs:  22%|██▏       | 5.75k/25.7k [02:10<07:36, 43.6doc/s]
  scidocs:  22%|██▏       | 5.76k/25.7k [02:10<07:33, 43.9doc/s]
  scidocs:  22%|██▏       | 5.77k/25.7k [02:10<07:31, 44.1doc/s]
  scidocs:  23%|██▎       | 5.78k/25.7k [02:10<07:28, 44.3doc/s]
  scidocs:  23%|██▎       | 5.78k/25.7k [02:11<07:28, 44.3doc/s]
  scidocs:  23%|██▎       | 5.79k/25.7k [02:11<07:27, 44.4doc/s]
  scidocs:  23%|██▎       | 5.80k/25.7k [02:11<07:26, 44.5doc/s]
  scidocs:  23%|██▎       | 5.81k/25.7k [02:11<07:27, 44.3doc/s]
  scidocs:  23%|██▎       | 5.82k/25.7k [02:11<07:28, 44.2doc/s]
  scidocs:  23%|██▎       | 5.82k/25.7k [02:12<07:33, 43.8doc/s]
  scidocs:  23%|██▎       | 5.83k/25.7k [02:12<07:36, 43.5doc/s]
  scidocs:  23%|██▎       | 5.84k/25.7k [02:12<07:38, 43.2doc/s]
  scidocs:  23%|██▎       | 5.85k/25.7k [02:12<07:39, 43.1doc/s]
  scidocs:  23%|██▎       | 5.86k/25.7k [02:12<07:42, 42.9doc/s]
  scidocs:  23%|██▎       | 5.86k/25.7k [02:12<07:42, 42.8doc/s]
  scidocs:  23%|██▎       | 5.87k/25.7k [02:13<07:40, 42.9doc/s]
  scidocs:  23%|██▎       | 5.88k/25.7k [02:13<07:39, 43.1doc/s]
  scidocs:  23%|██▎       | 5.89k/25.7k [02:13<07:35, 43.4doc/s]
  scidocs:  23%|██▎       | 5.90k/25.7k [02:13<07:33, 43.6doc/s]
  scidocs:  23%|██▎       | 5.90k/25.7k [02:13<07:30, 43.9doc/s]
  scidocs:  23%|██▎       | 5.91k/25.7k [02:14<07:24, 44.4doc/s]
  scidocs:  23%|██▎       | 5.92k/25.7k [02:14<07:23, 44.5doc/s]
  scidocs:  23%|██▎       | 5.93k/25.7k [02:14<07:24, 44.4doc/s]
  scidocs:  23%|██▎       | 5.94k/25.7k [02:14<07:25, 44.2doc/s]
  scidocs:  23%|██▎       | 5.94k/25.7k [02:14<07:25, 44.3doc/s]
  scidocs:  23%|██▎       | 5.95k/25.7k [02:14<07:29, 43.8doc/s]
  scidocs:  23%|██▎       | 5.96k/25.7k [02:15<07:31, 43.7doc/s]
  scidocs:  23%|██▎       | 5.97k/25.7k [02:15<07:33, 43.5doc/s]
  scidocs:  23%|██▎       | 5.98k/25.7k [02:15<07:32, 43.5doc/s]
  scidocs:  23%|██▎       | 5.98k/25.7k [02:15<07:30, 43.7doc/s]
  scidocs:  23%|██▎       | 5.99k/25.7k [02:15<07:34, 43.2doc/s]
  scidocs:  23%|██▎       | 6.00k/25.7k [02:16<07:40, 42.7doc/s]
  scidocs:  23%|██▎       | 6.01k/25.7k [02:16<07:36, 43.0doc/s]
  scidocs:  23%|██▎       | 6.02k/25.7k [02:16<07:34, 43.2doc/s]
  scidocs:  23%|██▎       | 6.02k/25.7k [02:16<07:30, 43.6doc/s]
  scidocs:  24%|██▎       | 6.03k/25.7k [02:16<07:32, 43.3doc/s]
  scidocs:  24%|██▎       | 6.04k/25.7k [02:17<07:36, 43.0doc/s]
  scidocs:  24%|██▎       | 6.05k/25.7k [02:17<07:35, 43.1doc/s]
  scidocs:  24%|██▎       | 6.06k/25.7k [02:17<07:36, 42.9doc/s]
  scidocs:  24%|██▎       | 6.06k/25.7k [02:17<07:34, 43.1doc/s]
  scidocs:  24%|██▎       | 6.07k/25.7k [02:17<07:30, 43.5doc/s]
  scidocs:  24%|██▎       | 6.08k/25.7k [02:17<07:27, 43.8doc/s]
  scidocs:  24%|██▎       | 6.09k/25.7k [02:18<07:26, 43.8doc/s]
  scidocs:  24%|██▍       | 6.10k/25.7k [02:18<07:25, 43.9doc/s]
  scidocs:  24%|██▍       | 6.10k/25.7k [02:18<07:25, 43.9doc/s]
  scidocs:  24%|██▍       | 6.11k/25.7k [02:18<07:31, 43.2doc/s]
  scidocs:  24%|██▍       | 6.12k/25.7k [02:18<07:38, 42.6doc/s]
  scidocs:  24%|██▍       | 6.13k/25.7k [02:19<07:36, 42.7doc/s]
  scidocs:  24%|██▍       | 6.14k/25.7k [02:19<07:33, 43.0doc/s]
  scidocs:  24%|██▍       | 6.14k/25.7k [02:19<07:30, 43.3doc/s]
  scidocs:  24%|██▍       | 6.15k/25.7k [02:19<07:28, 43.5doc/s]
  scidocs:  24%|██▍       | 6.16k/25.7k [02:19<07:29, 43.4doc/s]
  scidocs:  24%|██▍       | 6.17k/25.7k [02:19<07:29, 43.4doc/s]
  scidocs:  24%|██▍       | 6.18k/25.7k [02:20<07:29, 43.4doc/s]
  scidocs:  24%|██▍       | 6.18k/25.7k [02:20<07:24, 43.8doc/s]
  scidocs:  24%|██▍       | 6.19k/25.7k [02:20<07:22, 44.0doc/s]
  scidocs:  24%|██▍       | 6.20k/25.7k [02:20<07:21, 44.1doc/s]
  scidocs:  24%|██▍       | 6.21k/25.7k [02:20<07:24, 43.8doc/s]
  scidocs:  24%|██▍       | 6.22k/25.7k [02:21<07:21, 44.0doc/s]
  scidocs:  24%|██▍       | 6.22k/25.7k [02:21<07:17, 44.5doc/s]
  scidocs:  24%|██▍       | 6.23k/25.7k [02:21<07:21, 44.0doc/s]
  scidocs:  24%|██▍       | 6.24k/25.7k [02:21<07:27, 43.4doc/s]
  scidocs:  24%|██▍       | 6.25k/25.7k [02:21<07:29, 43.2doc/s]
  scidocs:  24%|██▍       | 6.26k/25.7k [02:21<07:26, 43.4doc/s]
  scidocs:  24%|██▍       | 6.26k/25.7k [02:22<07:23, 43.7doc/s]
  scidocs:  24%|██▍       | 6.27k/25.7k [02:22<07:23, 43.7doc/s]
  scidocs:  24%|██▍       | 6.28k/25.7k [02:22<07:26, 43.4doc/s]
  scidocs:  25%|██▍       | 6.29k/25.7k [02:22<07:26, 43.3doc/s]
  scidocs:  25%|██▍       | 6.30k/25.7k [02:22<07:27, 43.3doc/s]
  scidocs:  25%|██▍       | 6.30k/25.7k [02:23<07:22, 43.8doc/s]
  scidocs:  25%|██▍       | 6.31k/25.7k [02:23<07:19, 44.1doc/s]
  scidocs:  25%|██▍       | 6.32k/25.7k [02:23<07:18, 44.1doc/s]
  scidocs:  25%|██▍       | 6.33k/25.7k [02:23<07:20, 43.9doc/s]
  scidocs:  25%|██▍       | 6.34k/25.7k [02:23<07:19, 44.0doc/s]
  scidocs:  25%|██▍       | 6.34k/25.7k [02:23<07:20, 43.8doc/s]
  scidocs:  25%|██▍       | 6.35k/25.7k [02:24<07:21, 43.8doc/s]
  scidocs:  25%|██▍       | 6.36k/25.7k [02:24<07:21, 43.7doc/s]
  scidocs:  25%|██▍       | 6.37k/25.7k [02:24<07:21, 43.7doc/s]
  scidocs:  25%|██▍       | 6.38k/25.7k [02:24<07:20, 43.8doc/s]
  scidocs:  25%|██▍       | 6.38k/25.7k [02:24<07:20, 43.7doc/s]
  scidocs:  25%|██▍       | 6.39k/25.7k [02:25<07:20, 43.8doc/s]
  scidocs:  25%|██▍       | 6.40k/25.7k [02:25<07:21, 43.6doc/s]
  scidocs:  25%|██▍       | 6.41k/25.7k [02:25<07:16, 44.1doc/s]
  scidocs:  25%|██▌       | 6.42k/25.7k [02:25<07:14, 44.3doc/s]
  scidocs:  25%|██▌       | 6.42k/25.7k [02:25<07:13, 44.4doc/s]
  scidocs:  25%|██▌       | 6.43k/25.7k [02:25<07:11, 44.6doc/s]
  scidocs:  25%|██▌       | 6.44k/25.7k [02:26<07:14, 44.3doc/s]
  scidocs:  25%|██▌       | 6.45k/25.7k [02:26<07:15, 44.1doc/s]
  scidocs:  25%|██▌       | 6.46k/25.7k [02:26<07:18, 43.8doc/s]
  scidocs:  25%|██▌       | 6.46k/25.7k [02:26<07:18, 43.7doc/s]
  scidocs:  25%|██▌       | 6.47k/25.7k [02:26<07:19, 43.6doc/s]
  scidocs:  25%|██▌       | 6.48k/25.7k [02:27<07:19, 43.7doc/s]
  scidocs:  25%|██▌       | 6.49k/25.7k [02:27<07:21, 43.5doc/s]
  scidocs:  25%|██▌       | 6.50k/25.7k [02:27<07:21, 43.4doc/s]
  scidocs:  25%|██▌       | 6.50k/25.7k [02:27<07:21, 43.4doc/s]
  scidocs:  25%|██▌       | 6.51k/25.7k [02:27<07:20, 43.5doc/s]
  scidocs:  25%|██▌       | 6.52k/25.7k [02:27<07:16, 43.9doc/s]
  scidocs:  25%|██▌       | 6.53k/25.7k [02:28<07:12, 44.2doc/s]
  scidocs:  25%|██▌       | 6.54k/25.7k [02:28<07:12, 44.2doc/s]
  scidocs:  26%|██▌       | 6.54k/25.7k [02:28<07:16, 43.8doc/s]
  scidocs:  26%|██▌       | 6.55k/25.7k [02:28<07:16, 43.8doc/s]
  scidocs:  26%|██▌       | 6.56k/25.7k [02:28<07:15, 43.8doc/s]
  scidocs:  26%|██▌       | 6.57k/25.7k [02:29<07:16, 43.7doc/s]
  scidocs:  26%|██▌       | 6.58k/25.7k [02:29<07:17, 43.6doc/s]
  scidocs:  26%|██▌       | 6.58k/25.7k [02:29<07:17, 43.6doc/s]
  scidocs:  26%|██▌       | 6.59k/25.7k [02:29<07:17, 43.6doc/s]
  scidocs:  26%|██▌       | 6.60k/25.7k [02:29<07:15, 43.8doc/s]
  scidocs:  26%|██▌       | 6.61k/25.7k [02:30<07:14, 43.8doc/s]
  scidocs:  26%|██▌       | 6.62k/25.7k [02:30<07:14, 43.8doc/s]
  scidocs:  26%|██▌       | 6.62k/25.7k [02:30<07:12, 44.0doc/s]
  scidocs:  26%|██▌       | 6.63k/25.7k [02:30<07:17, 43.5doc/s]
  scidocs:  26%|██▌       | 6.64k/25.7k [02:30<07:22, 43.0doc/s]
  scidocs:  26%|██▌       | 6.65k/25.7k [02:30<07:25, 42.7doc/s]
  scidocs:  26%|██▌       | 6.66k/25.7k [02:31<07:26, 42.5doc/s]
  scidocs:  26%|██▌       | 6.66k/25.7k [02:31<07:27, 42.5doc/s]
  scidocs:  26%|██▌       | 6.67k/25.7k [02:31<07:25, 42.6doc/s]
  scidocs:  26%|██▌       | 6.68k/25.7k [02:31<07:21, 43.0doc/s]
  scidocs:  26%|██▌       | 6.69k/25.7k [02:31<07:21, 43.0doc/s]
  scidocs:  26%|██▌       | 6.70k/25.7k [02:32<07:20, 43.0doc/s]
  scidocs:  26%|██▌       | 6.70k/25.7k [02:32<07:17, 43.3doc/s]
  scidocs:  26%|██▌       | 6.71k/25.7k [02:32<07:15, 43.5doc/s]
  scidocs:  26%|██▌       | 6.72k/25.7k [02:32<07:13, 43.7doc/s]
  scidocs:  26%|██▌       | 6.73k/25.7k [02:32<07:11, 43.8doc/s]
  scidocs:  26%|██▋       | 6.74k/25.7k [02:32<07:11, 43.8doc/s]
  scidocs:  26%|██▋       | 6.74k/25.7k [02:33<07:10, 43.9doc/s]
  scidocs:  26%|██▋       | 6.75k/25.7k [02:33<07:09, 44.0doc/s]
  scidocs:  26%|██▋       | 6.76k/25.7k [02:33<07:08, 44.1doc/s]
  scidocs:  26%|██▋       | 6.77k/25.7k [02:33<07:09, 43.9doc/s]
  scidocs:  26%|██▋       | 6.78k/25.7k [02:33<07:14, 43.5doc/s]
  scidocs:  26%|██▋       | 6.78k/25.7k [02:34<07:13, 43.6doc/s]
  scidocs:  26%|██▋       | 6.79k/25.7k [02:34<07:09, 43.9doc/s]
  scidocs:  27%|██▋       | 6.80k/25.7k [02:34<07:06, 44.2doc/s]
  scidocs:  27%|██▋       | 6.81k/25.7k [02:34<07:05, 44.3doc/s]
  scidocs:  27%|██▋       | 6.82k/25.7k [02:34<07:04, 44.4doc/s]
  scidocs:  27%|██▋       | 6.82k/25.7k [02:34<07:07, 44.1doc/s]
  scidocs:  27%|██▋       | 6.83k/25.7k [02:35<07:14, 43.3doc/s]
  scidocs:  27%|██▋       | 6.84k/25.7k [02:35<07:19, 42.8doc/s]
  scidocs:  27%|██▋       | 6.85k/25.7k [02:35<07:19, 42.8doc/s]
  scidocs:  27%|██▋       | 6.86k/25.7k [02:35<07:17, 42.9doc/s]
  scidocs:  27%|██▋       | 6.86k/25.7k [02:35<07:17, 42.9doc/s]
  scidocs:  27%|██▋       | 6.87k/25.7k [02:36<07:16, 43.0doc/s]
  scidocs:  27%|██▋       | 6.88k/25.7k [02:36<07:17, 43.0doc/s]
  scidocs:  27%|██▋       | 6.89k/25.7k [02:36<07:16, 43.0doc/s]
  scidocs:  27%|██▋       | 6.90k/25.7k [02:36<07:15, 43.1doc/s]
  scidocs:  27%|██▋       | 6.90k/25.7k [02:36<07:13, 43.3doc/s]
  scidocs:  27%|██▋       | 6.91k/25.7k [02:37<07:12, 43.4doc/s]
  scidocs:  27%|██▋       | 6.92k/25.7k [02:37<07:19, 42.6doc/s]
  scidocs:  27%|██▋       | 6.93k/25.7k [02:37<07:23, 42.2doc/s]
  scidocs:  27%|██▋       | 6.94k/25.7k [02:37<07:22, 42.3doc/s]
  scidocs:  27%|██▋       | 6.94k/25.7k [02:37<07:22, 42.3doc/s]
  scidocs:  27%|██▋       | 6.95k/25.7k [02:37<07:15, 42.9doc/s]
  scidocs:  27%|██▋       | 6.96k/25.7k [02:38<07:11, 43.4doc/s]
  scidocs:  27%|██▋       | 6.97k/25.7k [02:38<07:04, 44.0doc/s]
  scidocs:  27%|██▋       | 6.98k/25.7k [02:38<07:01, 44.3doc/s]
  scidocs:  27%|██▋       | 6.98k/25.7k [02:38<06:58, 44.6doc/s]
  scidocs:  27%|██▋       | 6.99k/25.7k [02:38<07:00, 44.3doc/s]
  scidocs:  27%|██▋       | 7.00k/25.7k [02:39<07:11, 43.3doc/s]
  scidocs:  27%|██▋       | 7.01k/25.7k [02:39<07:15, 42.8doc/s]
  scidocs:  27%|██▋       | 7.02k/25.7k [02:39<07:16, 42.7doc/s]
  scidocs:  27%|██▋       | 7.02k/25.7k [02:39<07:14, 42.9doc/s]
  scidocs:  27%|██▋       | 7.03k/25.7k [02:39<07:10, 43.2doc/s]
  scidocs:  27%|██▋       | 7.04k/25.7k [02:39<07:08, 43.4doc/s]
  scidocs:  27%|██▋       | 7.05k/25.7k [02:40<07:05, 43.8doc/s]
  scidocs:  28%|██▊       | 7.06k/25.7k [02:40<07:04, 43.8doc/s]
  scidocs:  28%|██▊       | 7.06k/25.7k [02:40<07:03, 43.9doc/s]
  scidocs:  28%|██▊       | 7.07k/25.7k [02:40<07:03, 43.9doc/s]
  scidocs:  28%|██▊       | 7.08k/25.7k [02:40<07:05, 43.7doc/s]
  scidocs:  28%|██▊       | 7.09k/25.7k [02:41<07:04, 43.7doc/s]
  scidocs:  28%|██▊       | 7.10k/25.7k [02:41<07:03, 43.8doc/s]
  scidocs:  28%|██▊       | 7.10k/25.7k [02:41<07:04, 43.7doc/s]
  scidocs:  28%|██▊       | 7.11k/25.7k [02:41<07:04, 43.7doc/s]
  scidocs:  28%|██▊       | 7.12k/25.7k [02:41<07:05, 43.6doc/s]
  scidocs:  28%|██▊       | 7.13k/25.7k [02:41<07:04, 43.6doc/s]
  scidocs:  28%|██▊       | 7.14k/25.7k [02:42<07:05, 43.6doc/s]
  scidocs:  28%|██▊       | 7.14k/25.7k [02:42<07:04, 43.6doc/s]
  scidocs:  28%|██▊       | 7.15k/25.7k [02:42<07:05, 43.5doc/s]
  scidocs:  28%|██▊       | 7.16k/25.7k [02:42<07:12, 42.8doc/s]
  scidocs:  28%|██▊       | 7.17k/25.7k [02:42<07:15, 42.4doc/s]
  scidocs:  28%|██▊       | 7.18k/25.7k [02:43<07:13, 42.6doc/s]
  scidocs:  28%|██▊       | 7.18k/25.7k [02:43<07:12, 42.7doc/s]
  scidocs:  28%|██▊       | 7.19k/25.7k [02:43<07:11, 42.8doc/s]
  scidocs:  28%|██▊       | 7.20k/25.7k [02:43<07:08, 43.1doc/s]
  scidocs:  28%|██▊       | 7.21k/25.7k [02:43<07:05, 43.3doc/s]
  scidocs:  28%|██▊       | 7.22k/25.7k [02:44<07:02, 43.7doc/s]
  scidocs:  28%|██▊       | 7.22k/25.7k [02:44<07:01, 43.7doc/s]
  scidocs:  28%|██▊       | 7.23k/25.7k [02:44<07:02, 43.6doc/s]
  scidocs:  28%|██▊       | 7.24k/25.7k [02:44<07:01, 43.7doc/s]
  scidocs:  28%|██▊       | 7.25k/25.7k [02:44<07:01, 43.6doc/s]
  scidocs:  28%|██▊       | 7.26k/25.7k [02:44<07:02, 43.6doc/s]
  scidocs:  28%|██▊       | 7.26k/25.7k [02:45<07:01, 43.6doc/s]
  scidocs:  28%|██▊       | 7.27k/25.7k [02:45<07:01, 43.6doc/s]
  scidocs:  28%|██▊       | 7.28k/25.7k [02:45<07:06, 43.1doc/s]
  scidocs:  28%|██▊       | 7.29k/25.7k [02:45<07:10, 42.6doc/s]
  scidocs:  28%|██▊       | 7.30k/25.7k [02:45<07:10, 42.6doc/s]
  scidocs:  28%|██▊       | 7.30k/25.7k [02:46<07:08, 42.8doc/s]
  scidocs:  28%|██▊       | 7.31k/25.7k [02:46<07:05, 43.1doc/s]
  scidocs:  29%|██▊       | 7.32k/25.7k [02:46<07:00, 43.6doc/s]
  scidocs:  29%|██▊       | 7.33k/25.7k [02:46<06:59, 43.7doc/s]
  scidocs:  29%|██▊       | 7.34k/25.7k [02:46<06:56, 44.0doc/s]
  scidocs:  29%|██▊       | 7.34k/25.7k [02:46<06:55, 44.1doc/s]
  scidocs:  29%|██▊       | 7.35k/25.7k [02:47<06:55, 44.1doc/s]
  scidocs:  29%|██▊       | 7.36k/25.7k [02:47<07:01, 43.4doc/s]
  scidocs:  29%|██▊       | 7.37k/25.7k [02:47<07:07, 42.8doc/s]
  scidocs:  29%|██▊       | 7.38k/25.7k [02:47<07:09, 42.5doc/s]
  scidocs:  29%|██▉       | 7.38k/25.7k [02:47<07:08, 42.6doc/s]
  scidocs:  29%|██▉       | 7.39k/25.7k [02:48<07:06, 42.8doc/s]
  scidocs:  29%|██▉       | 7.40k/25.7k [02:48<07:01, 43.3doc/s]
  scidocs:  29%|██▉       | 7.41k/25.7k [02:48<06:57, 43.7doc/s]
  scidocs:  29%|██▉       | 7.42k/25.7k [02:48<06:57, 43.7doc/s]
  scidocs:  29%|██▉       | 7.42k/25.7k [02:48<06:58, 43.6doc/s]
  scidocs:  29%|██▉       | 7.43k/25.7k [02:49<06:58, 43.5doc/s]
  scidocs:  29%|██▉       | 7.44k/25.7k [02:49<06:59, 43.5doc/s]
  scidocs:  29%|██▉       | 7.45k/25.7k [02:49<06:59, 43.4doc/s]
  scidocs:  29%|██▉       | 7.46k/25.7k [02:49<06:58, 43.5doc/s]
  scidocs:  29%|██▉       | 7.46k/25.7k [02:49<06:58, 43.5doc/s]
  scidocs:  29%|██▉       | 7.47k/25.7k [02:49<06:56, 43.6doc/s]
  scidocs:  29%|██▉       | 7.48k/25.7k [02:50<06:53, 44.0doc/s]
  scidocs:  29%|██▉       | 7.49k/25.7k [02:50<06:50, 44.2doc/s]
  scidocs:  29%|██▉       | 7.50k/25.7k [02:50<06:52, 44.0doc/s]
  scidocs:  29%|██▉       | 7.50k/25.7k [02:50<06:58, 43.4doc/s]
  scidocs:  29%|██▉       | 7.51k/25.7k [02:50<06:58, 43.4doc/s]
  scidocs:  29%|██▉       | 7.52k/25.7k [02:51<06:58, 43.3doc/s]
  scidocs:  29%|██▉       | 7.53k/25.7k [02:51<06:57, 43.4doc/s]
  scidocs:  29%|██▉       | 7.54k/25.7k [02:51<06:57, 43.4doc/s]
  scidocs:  29%|██▉       | 7.54k/25.7k [02:51<06:59, 43.2doc/s]
  scidocs:  29%|██▉       | 7.55k/25.7k [02:51<06:58, 43.2doc/s]
  scidocs:  29%|██▉       | 7.56k/25.7k [02:51<06:57, 43.3doc/s]
  scidocs:  29%|██▉       | 7.57k/25.7k [02:52<06:56, 43.4doc/s]
  scidocs:  30%|██▉       | 7.58k/25.7k [02:52<06:55, 43.5doc/s]
  scidocs:  30%|██▉       | 7.58k/25.7k [02:52<06:54, 43.6doc/s]
  scidocs:  30%|██▉       | 7.59k/25.7k [02:52<06:50, 44.0doc/s]
  scidocs:  30%|██▉       | 7.60k/25.7k [02:52<06:53, 43.7doc/s]
  scidocs:  30%|██▉       | 7.61k/25.7k [02:53<06:56, 43.4doc/s]
  scidocs:  30%|██▉       | 7.62k/25.7k [02:53<06:58, 43.1doc/s]
  scidocs:  30%|██▉       | 7.62k/25.7k [02:53<06:59, 43.0doc/s]
  scidocs:  30%|██▉       | 7.63k/25.7k [02:53<06:58, 43.0doc/s]
  scidocs:  30%|██▉       | 7.64k/25.7k [02:53<06:55, 43.4doc/s]
  scidocs:  30%|██▉       | 7.65k/25.7k [02:53<06:53, 43.5doc/s]
  scidocs:  30%|██▉       | 7.66k/25.7k [02:54<06:52, 43.6doc/s]
  scidocs:  30%|██▉       | 7.66k/25.7k [02:54<06:52, 43.6doc/s]
  scidocs:  30%|██▉       | 7.67k/25.7k [02:54<06:50, 43.8doc/s]
  scidocs:  30%|██▉       | 7.68k/25.7k [02:54<06:55, 43.3doc/s]
  scidocs:  30%|██▉       | 7.69k/25.7k [02:54<06:59, 42.8doc/s]
  scidocs:  30%|██▉       | 7.70k/25.7k [02:55<06:58, 42.9doc/s]
  scidocs:  30%|███       | 7.70k/25.7k [02:55<06:58, 42.9doc/s]
  scidocs:  30%|███       | 7.71k/25.7k [02:55<06:55, 43.2doc/s]
  scidocs:  30%|███       | 7.72k/25.7k [02:55<06:51, 43.6doc/s]
  scidocs:  30%|███       | 7.73k/25.7k [02:55<06:58, 42.9doc/s]
  scidocs:  30%|███       | 7.74k/25.7k [02:56<07:00, 42.6doc/s]
  scidocs:  30%|███       | 7.74k/25.7k [02:56<06:59, 42.7doc/s]
  scidocs:  30%|███       | 7.75k/25.7k [02:56<06:56, 43.0doc/s]
  scidocs:  30%|███       | 7.76k/25.7k [02:56<06:51, 43.5doc/s]
  scidocs:  30%|███       | 7.77k/25.7k [02:56<06:50, 43.6doc/s]
  scidocs:  30%|███       | 7.78k/25.7k [02:56<06:49, 43.7doc/s]
  scidocs:  30%|███       | 7.78k/25.7k [02:57<06:49, 43.7doc/s]
  scidocs:  30%|███       | 7.79k/25.7k [02:57<06:47, 43.8doc/s]
  scidocs:  30%|███       | 7.80k/25.7k [02:57<06:44, 44.2doc/s]
  scidocs:  30%|███       | 7.81k/25.7k [02:57<06:43, 44.3doc/s]
  scidocs:  30%|███       | 7.82k/25.7k [02:57<06:42, 44.3doc/s]
  scidocs:  30%|███       | 7.82k/25.7k [02:58<06:45, 43.9doc/s]
  scidocs:  31%|███       | 7.83k/25.7k [02:58<06:46, 43.9doc/s]
  scidocs:  31%|███       | 7.84k/25.7k [02:58<06:45, 44.0doc/s]
  scidocs:  31%|███       | 7.85k/25.7k [02:58<06:44, 44.1doc/s]
  scidocs:  31%|███       | 7.86k/25.7k [02:58<06:46, 43.8doc/s]
  scidocs:  31%|███       | 7.86k/25.7k [02:58<06:46, 43.8doc/s]
  scidocs:  31%|███       | 7.87k/25.7k [02:59<06:42, 44.2doc/s]
  scidocs:  31%|███       | 7.88k/25.7k [02:59<06:40, 44.4doc/s]
  scidocs:  31%|███       | 7.89k/25.7k [02:59<06:41, 44.3doc/s]
  scidocs:  31%|███       | 7.90k/25.7k [02:59<06:46, 43.7doc/s]
  scidocs:  31%|███       | 7.90k/25.7k [02:59<06:48, 43.5doc/s]
  scidocs:  31%|███       | 7.91k/25.7k [03:00<06:48, 43.4doc/s]
  scidocs:  31%|███       | 7.92k/25.7k [03:00<06:49, 43.3doc/s]
  scidocs:  31%|███       | 7.93k/25.7k [03:00<06:47, 43.6doc/s]
  scidocs:  31%|███       | 7.94k/25.7k [03:00<06:44, 43.8doc/s]
  scidocs:  31%|███       | 7.94k/25.7k [03:00<06:40, 44.2doc/s]
  scidocs:  31%|███       | 7.95k/25.7k [03:00<06:40, 44.3doc/s]
  scidocs:  31%|███       | 7.96k/25.7k [03:01<06:39, 44.4doc/s]
  scidocs:  31%|███       | 7.97k/25.7k [03:01<06:41, 44.0doc/s]
  scidocs:  31%|███       | 7.98k/25.7k [03:01<06:43, 43.8doc/s]
  scidocs:  31%|███       | 7.98k/25.7k [03:01<06:44, 43.6doc/s]
  scidocs:  31%|███       | 7.99k/25.7k [03:01<06:45, 43.6doc/s]
  scidocs:  31%|███       | 8.00k/25.7k [03:02<06:46, 43.5doc/s]
  scidocs:  31%|███       | 8.01k/25.7k [03:02<06:45, 43.5doc/s]
  scidocs:  31%|███       | 8.02k/25.7k [03:02<06:45, 43.5doc/s]
  scidocs:  31%|███▏      | 8.02k/25.7k [03:02<06:48, 43.2doc/s]
  scidocs:  31%|███▏      | 8.03k/25.7k [03:02<06:47, 43.2doc/s]
  scidocs:  31%|███▏      | 8.04k/25.7k [03:02<06:47, 43.3doc/s]
  scidocs:  31%|███▏      | 8.05k/25.7k [03:03<06:46, 43.3doc/s]
  scidocs:  31%|███▏      | 8.06k/25.7k [03:03<06:43, 43.6doc/s]
  scidocs:  31%|███▏      | 8.06k/25.7k [03:03<06:41, 43.8doc/s]
  scidocs:  31%|███▏      | 8.07k/25.7k [03:03<06:42, 43.7doc/s]
  scidocs:  31%|███▏      | 8.08k/25.7k [03:03<06:41, 43.8doc/s]
  scidocs:  32%|███▏      | 8.09k/25.7k [03:04<06:42, 43.7doc/s]
  scidocs:  32%|███▏      | 8.10k/25.7k [03:04<06:42, 43.6doc/s]
  scidocs:  32%|███▏      | 8.10k/25.7k [03:04<06:41, 43.7doc/s]
  scidocs:  32%|███▏      | 8.11k/25.7k [03:04<06:40, 43.8doc/s]
  scidocs:  32%|███▏      | 8.12k/25.7k [03:04<06:44, 43.4doc/s]
  scidocs:  32%|███▏      | 8.13k/25.7k [03:04<06:43, 43.5doc/s]
  scidocs:  32%|███▏      | 8.14k/25.7k [03:05<06:41, 43.6doc/s]
  scidocs:  32%|███▏      | 8.14k/25.7k [03:05<06:42, 43.5doc/s]
  scidocs:  32%|███▏      | 8.15k/25.7k [03:05<06:42, 43.5doc/s]
  scidocs:  32%|███▏      | 8.16k/25.7k [03:05<06:40, 43.6doc/s]
  scidocs:  32%|███▏      | 8.17k/25.7k [03:05<06:40, 43.7doc/s]
  scidocs:  32%|███▏      | 8.18k/25.7k [03:06<06:40, 43.7doc/s]
  scidocs:  32%|███▏      | 8.18k/25.7k [03:06<06:40, 43.6doc/s]
  scidocs:  32%|███▏      | 8.19k/25.7k [03:06<06:40, 43.7doc/s]
  scidocs:  32%|███▏      | 8.20k/25.7k [03:06<06:40, 43.6doc/s]
  scidocs:  32%|███▏      | 8.21k/25.7k [03:06<06:38, 43.8doc/s]
  scidocs:  32%|███▏      | 8.22k/25.7k [03:06<06:38, 43.8doc/s]
  scidocs:  32%|███▏      | 8.22k/25.7k [03:07<06:36, 43.9doc/s]
  scidocs:  32%|███▏      | 8.23k/25.7k [03:07<06:37, 43.8doc/s]
  scidocs:  32%|███▏      | 8.24k/25.7k [03:07<06:37, 43.8doc/s]
  scidocs:  32%|███▏      | 8.25k/25.7k [03:07<06:38, 43.6doc/s]
  scidocs:  32%|███▏      | 8.26k/25.7k [03:07<06:37, 43.8doc/s]
  scidocs:  32%|███▏      | 8.26k/25.7k [03:08<06:38, 43.7doc/s]
  scidocs:  32%|███▏      | 8.27k/25.7k [03:08<06:39, 43.5doc/s]
  scidocs:  32%|███▏      | 8.28k/25.7k [03:08<06:37, 43.7doc/s]
  scidocs:  32%|███▏      | 8.29k/25.7k [03:08<06:33, 44.1doc/s]
  scidocs:  32%|███▏      | 8.30k/25.7k [03:08<06:32, 44.2doc/s]
  scidocs:  32%|███▏      | 8.30k/25.7k [03:08<06:32, 44.2doc/s]
  scidocs:  32%|███▏      | 8.31k/25.7k [03:09<06:31, 44.3doc/s]
  scidocs:  32%|███▏      | 8.32k/25.7k [03:09<06:31, 44.3doc/s]
  scidocs:  32%|███▏      | 8.33k/25.7k [03:09<06:32, 44.1doc/s]
  scidocs:  32%|███▏      | 8.34k/25.7k [03:09<06:33, 44.0doc/s]
  scidocs:  33%|███▎      | 8.34k/25.7k [03:09<06:36, 43.7doc/s]
  scidocs:  33%|███▎      | 8.35k/25.7k [03:10<06:35, 43.7doc/s]
  scidocs:  33%|███▎      | 8.36k/25.7k [03:10<06:36, 43.7doc/s]
  scidocs:  33%|███▎      | 8.37k/25.7k [03:10<06:36, 43.6doc/s]
  scidocs:  33%|███▎      | 8.38k/25.7k [03:10<06:36, 43.6doc/s]
  scidocs:  33%|███▎      | 8.38k/25.7k [03:10<06:36, 43.6doc/s]
  scidocs:  33%|███▎      | 8.39k/25.7k [03:11<06:34, 43.8doc/s]
  scidocs:  33%|███▎      | 8.40k/25.7k [03:11<06:32, 44.0doc/s]
  scidocs:  33%|███▎      | 8.41k/25.7k [03:11<06:32, 43.9doc/s]
  scidocs:  33%|███▎      | 8.42k/25.7k [03:11<06:35, 43.6doc/s]
  scidocs:  33%|███▎      | 8.42k/25.7k [03:11<06:35, 43.5doc/s]
  scidocs:  33%|███▎      | 8.43k/25.7k [03:11<06:35, 43.5doc/s]
  scidocs:  33%|███▎      | 8.44k/25.7k [03:12<06:37, 43.3doc/s]
  scidocs:  33%|███▎      | 8.45k/25.7k [03:12<06:36, 43.4doc/s]
  scidocs:  33%|███▎      | 8.46k/25.7k [03:12<06:34, 43.6doc/s]
  scidocs:  33%|███▎      | 8.46k/25.7k [03:12<06:34, 43.6doc/s]
  scidocs:  33%|███▎      | 8.47k/25.7k [03:12<06:32, 43.8doc/s]
  scidocs:  33%|███▎      | 8.48k/25.7k [03:13<06:34, 43.6doc/s]
  scidocs:  33%|███▎      | 8.49k/25.7k [03:13<06:36, 43.3doc/s]
  scidocs:  33%|███▎      | 8.50k/25.7k [03:13<06:34, 43.5doc/s]
  scidocs:  33%|███▎      | 8.50k/25.7k [03:13<06:31, 43.9doc/s]
  scidocs:  33%|███▎      | 8.51k/25.7k [03:13<06:34, 43.5doc/s]
  scidocs:  33%|███▎      | 8.52k/25.7k [03:13<06:36, 43.2doc/s]
  scidocs:  33%|███▎      | 8.53k/25.7k [03:14<06:40, 42.8doc/s]
  scidocs:  33%|███▎      | 8.54k/25.7k [03:14<06:41, 42.6doc/s]
  scidocs:  33%|███▎      | 8.54k/25.7k [03:14<06:38, 42.9doc/s]
  scidocs:  33%|███▎      | 8.55k/25.7k [03:14<06:35, 43.2doc/s]
  scidocs:  33%|███▎      | 8.56k/25.7k [03:14<06:35, 43.2doc/s]
  scidocs:  33%|███▎      | 8.57k/25.7k [03:15<06:34, 43.3doc/s]
  scidocs:  33%|███▎      | 8.58k/25.7k [03:15<06:34, 43.3doc/s]
  scidocs:  33%|███▎      | 8.58k/25.7k [03:15<06:34, 43.3doc/s]
  scidocs:  33%|███▎      | 8.59k/25.7k [03:15<06:31, 43.6doc/s]
  scidocs:  34%|███▎      | 8.60k/25.7k [03:15<06:34, 43.2doc/s]
  scidocs:  34%|███▎      | 8.61k/25.7k [03:15<06:41, 42.5doc/s]
  scidocs:  34%|███▎      | 8.62k/25.7k [03:16<06:41, 42.5doc/s]
  scidocs:  34%|███▎      | 8.62k/25.7k [03:16<06:38, 42.7doc/s]
  scidocs:  34%|███▎      | 8.63k/25.7k [03:16<06:36, 42.9doc/s]
  scidocs:  34%|███▎      | 8.64k/25.7k [03:16<06:31, 43.4doc/s]
  scidocs:  34%|███▎      | 8.65k/25.7k [03:16<06:29, 43.6doc/s]
  scidocs:  34%|███▎      | 8.66k/25.7k [03:17<06:30, 43.6doc/s]
  scidocs:  34%|███▍      | 8.66k/25.7k [03:17<06:31, 43.5doc/s]
  scidocs:  34%|███▍      | 8.67k/25.7k [03:17<06:32, 43.3doc/s]
  scidocs:  34%|███▍      | 8.68k/25.7k [03:17<06:31, 43.4doc/s]
  scidocs:  34%|███▍      | 8.69k/25.7k [03:17<06:30, 43.4doc/s]
  scidocs:  34%|███▍      | 8.70k/25.7k [03:18<06:29, 43.5doc/s]
  scidocs:  34%|███▍      | 8.70k/25.7k [03:18<06:28, 43.6doc/s]
  scidocs:  34%|███▍      | 8.71k/25.7k [03:18<06:28, 43.6doc/s]
  scidocs:  34%|███▍      | 8.72k/25.7k [03:18<06:24, 44.1doc/s]
  scidocs:  34%|███▍      | 8.73k/25.7k [03:18<06:25, 43.9doc/s]
  scidocs:  34%|███▍      | 8.74k/25.7k [03:18<06:26, 43.8doc/s]
  scidocs:  34%|███▍      | 8.74k/25.7k [03:19<06:25, 43.8doc/s]
  scidocs:  34%|███▍      | 8.75k/25.7k [03:19<06:26, 43.7doc/s]
  scidocs:  34%|███▍      | 8.76k/25.7k [03:19<06:25, 43.8doc/s]
  scidocs:  34%|███▍      | 8.77k/25.7k [03:19<06:25, 43.8doc/s]
  scidocs:  34%|███▍      | 8.78k/25.7k [03:19<06:25, 43.8doc/s]
  scidocs:  34%|███▍      | 8.78k/25.7k [03:20<06:26, 43.6doc/s]
  scidocs:  34%|███▍      | 8.79k/25.7k [03:20<06:22, 44.0doc/s]
  scidocs:  34%|███▍      | 8.80k/25.7k [03:20<06:21, 44.2doc/s]
  scidocs:  34%|███▍      | 8.81k/25.7k [03:20<06:22, 44.1doc/s]
  scidocs:  34%|███▍      | 8.82k/25.7k [03:20<06:22, 44.0doc/s]
  scidocs:  34%|███▍      | 8.82k/25.7k [03:20<06:23, 43.9doc/s]
  scidocs:  34%|███▍      | 8.83k/25.7k [03:21<06:27, 43.4doc/s]
  scidocs:  34%|███▍      | 8.84k/25.7k [03:21<06:31, 42.9doc/s]
  scidocs:  34%|███▍      | 8.85k/25.7k [03:21<06:34, 42.6doc/s]
  scidocs:  35%|███▍      | 8.86k/25.7k [03:21<06:33, 42.7doc/s]
  scidocs:  35%|███▍      | 8.86k/25.7k [03:21<06:29, 43.1doc/s]
  scidocs:  35%|███▍      | 8.87k/25.7k [03:22<06:24, 43.7doc/s]
  scidocs:  35%|███▍      | 8.88k/25.7k [03:22<06:23, 43.7doc/s]
  scidocs:  35%|███▍      | 8.89k/25.7k [03:22<06:24, 43.7doc/s]
  scidocs:  35%|███▍      | 8.90k/25.7k [03:22<06:24, 43.6doc/s]
  scidocs:  35%|███▍      | 8.90k/25.7k [03:22<06:23, 43.7doc/s]
  scidocs:  35%|███▍      | 8.91k/25.7k [03:22<06:25, 43.4doc/s]
  scidocs:  35%|███▍      | 8.92k/25.7k [03:23<06:30, 42.9doc/s]
  scidocs:  35%|███▍      | 8.93k/25.7k [03:23<06:30, 42.8doc/s]
  scidocs:  35%|███▍      | 8.94k/25.7k [03:23<06:29, 42.9doc/s]
  scidocs:  35%|███▍      | 8.94k/25.7k [03:23<06:27, 43.2doc/s]
  scidocs:  35%|███▍      | 8.95k/25.7k [03:23<06:23, 43.5doc/s]
  scidocs:  35%|███▍      | 8.96k/25.7k [03:24<06:31, 42.7doc/s]
  scidocs:  35%|███▍      | 8.97k/25.7k [03:24<06:31, 42.6doc/s]
  scidocs:  35%|███▍      | 8.98k/25.7k [03:24<06:33, 42.4doc/s]
  scidocs:  35%|███▌      | 8.98k/25.7k [03:24<06:33, 42.4doc/s]
  scidocs:  35%|███▌      | 8.99k/25.7k [03:24<06:30, 42.7doc/s]
  scidocs:  35%|███▌      | 9.00k/25.7k [03:25<06:25, 43.2doc/s]
  scidocs:  35%|███▌      | 9.01k/25.7k [03:25<06:24, 43.3doc/s]
  scidocs:  35%|███▌      | 9.02k/25.7k [03:25<06:24, 43.3doc/s]
  scidocs:  35%|███▌      | 9.02k/25.7k [03:25<06:24, 43.3doc/s]
  scidocs:  35%|███▌      | 9.03k/25.7k [03:25<06:22, 43.5doc/s]
  scidocs:  35%|███▌      | 9.04k/25.7k [03:25<06:23, 43.4doc/s]
  scidocs:  35%|███▌      | 9.05k/25.7k [03:26<06:29, 42.7doc/s]
  scidocs:  35%|███▌      | 9.06k/25.7k [03:26<06:31, 42.4doc/s]
  scidocs:  35%|███▌      | 9.06k/25.7k [03:26<06:30, 42.5doc/s]
  scidocs:  35%|███▌      | 9.07k/25.7k [03:26<06:32, 42.2doc/s]
  scidocs:  35%|███▌      | 9.08k/25.7k [03:26<06:26, 42.8doc/s]
  scidocs:  35%|███▌      | 9.09k/25.7k [03:27<06:21, 43.4doc/s]
  scidocs:  35%|███▌      | 9.10k/25.7k [03:27<06:21, 43.4doc/s]
  scidocs:  35%|███▌      | 9.10k/25.7k [03:27<06:19, 43.6doc/s]
  scidocs:  36%|███▌      | 9.11k/25.7k [03:27<06:18, 43.7doc/s]
  scidocs:  36%|███▌      | 9.12k/25.7k [03:27<06:18, 43.7doc/s]
  scidocs:  36%|███▌      | 9.13k/25.7k [03:27<06:17, 43.8doc/s]
  scidocs:  36%|███▌      | 9.14k/25.7k [03:28<06:17, 43.8doc/s]
  scidocs:  36%|███▌      | 9.14k/25.7k [03:28<06:17, 43.8doc/s]
  scidocs:  36%|███▌      | 9.15k/25.7k [03:28<06:17, 43.7doc/s]
  scidocs:  36%|███▌      | 9.16k/25.7k [03:28<06:16, 43.8doc/s]
  scidocs:  36%|███▌      | 9.17k/25.7k [03:28<06:15, 43.9doc/s]
  scidocs:  36%|███▌      | 9.18k/25.7k [03:29<06:16, 43.8doc/s]
  scidocs:  36%|███▌      | 9.18k/25.7k [03:29<06:19, 43.4doc/s]
  scidocs:  36%|███▌      | 9.19k/25.7k [03:29<06:16, 43.7doc/s]
  scidocs:  36%|███▌      | 9.20k/25.7k [03:29<06:13, 44.1doc/s]
  scidocs:  36%|███▌      | 9.21k/25.7k [03:29<06:12, 44.2doc/s]
  scidocs:  36%|███▌      | 9.22k/25.7k [03:29<06:13, 44.0doc/s]
  scidocs:  36%|███▌      | 9.22k/25.7k [03:30<06:14, 43.9doc/s]
  scidocs:  36%|███▌      | 9.23k/25.7k [03:30<06:12, 44.1doc/s]
  scidocs:  36%|███▌      | 9.24k/25.7k [03:30<06:11, 44.2doc/s]
  scidocs:  36%|███▌      | 9.25k/25.7k [03:30<06:11, 44.1doc/s]
  scidocs:  36%|███▌      | 9.26k/25.7k [03:30<06:11, 44.1doc/s]
  scidocs:  36%|███▌      | 9.26k/25.7k [03:31<06:13, 43.8doc/s]
  scidocs:  36%|███▌      | 9.27k/25.7k [03:31<06:14, 43.7doc/s]
  scidocs:  36%|███▌      | 9.28k/25.7k [03:31<06:15, 43.6doc/s]
  scidocs:  36%|███▌      | 9.29k/25.7k [03:31<06:14, 43.7doc/s]
  scidocs:  36%|███▌      | 9.30k/25.7k [03:31<06:16, 43.4doc/s]
  scidocs:  36%|███▋      | 9.30k/25.7k [03:32<06:14, 43.6doc/s]
  scidocs:  36%|███▋      | 9.31k/25.7k [03:32<06:12, 43.8doc/s]
  scidocs:  36%|███▋      | 9.32k/25.7k [03:32<06:12, 43.9doc/s]
  scidocs:  36%|███▋      | 9.33k/25.7k [03:32<06:12, 43.8doc/s]
  scidocs:  36%|███▋      | 9.34k/25.7k [03:32<06:10, 44.0doc/s]
  scidocs:  36%|███▋      | 9.34k/25.7k [03:32<06:08, 44.3doc/s]
  scidocs:  36%|███▋      | 9.35k/25.7k [03:33<06:11, 43.8doc/s]
  scidocs:  36%|███▋      | 9.36k/25.7k [03:33<06:14, 43.5doc/s]
  scidocs:  37%|███▋      | 9.37k/25.7k [03:33<06:16, 43.2doc/s]
  scidocs:  37%|███▋      | 9.38k/25.7k [03:33<06:18, 43.0doc/s]
  scidocs:  37%|███▋      | 9.38k/25.7k [03:33<06:16, 43.2doc/s]
  scidocs:  37%|███▋      | 9.39k/25.7k [03:34<06:14, 43.4doc/s]
  scidocs:  37%|███▋      | 9.40k/25.7k [03:34<06:15, 43.3doc/s]
  scidocs:  37%|███▋      | 9.41k/25.7k [03:34<06:15, 43.2doc/s]
  scidocs:  37%|███▋      | 9.42k/25.7k [03:34<06:19, 42.8doc/s]
  scidocs:  37%|███▋      | 9.42k/25.7k [03:34<06:16, 43.1doc/s]
  scidocs:  37%|███▋      | 9.43k/25.7k [03:34<06:17, 43.0doc/s]
  scidocs:  37%|███▋      | 9.44k/25.7k [03:35<06:20, 42.7doc/s]
  scidocs:  37%|███▋      | 9.45k/25.7k [03:35<06:19, 42.7doc/s]
  scidocs:  37%|███▋      | 9.46k/25.7k [03:35<06:19, 42.7doc/s]
  scidocs:  37%|███▋      | 9.46k/25.7k [03:35<06:19, 42.7doc/s]
  scidocs:  37%|███▋      | 9.47k/25.7k [03:35<06:16, 43.0doc/s]
  scidocs:  37%|███▋      | 9.48k/25.7k [03:36<06:19, 42.6doc/s]
  scidocs:  37%|███▋      | 9.49k/25.7k [03:36<06:23, 42.1doc/s]
  scidocs:  37%|███▋      | 9.50k/25.7k [03:36<06:24, 42.0doc/s]
  scidocs:  37%|███▋      | 9.50k/25.7k [03:36<06:21, 42.3doc/s]
  scidocs:  37%|███▋      | 9.51k/25.7k [03:36<06:17, 42.8doc/s]
  scidocs:  37%|███▋      | 9.52k/25.7k [03:37<06:15, 43.0doc/s]
  scidocs:  37%|███▋      | 9.53k/25.7k [03:37<06:12, 43.3doc/s]
  scidocs:  37%|███▋      | 9.54k/25.7k [03:37<06:11, 43.3doc/s]
  scidocs:  37%|███▋      | 9.54k/25.7k [03:37<06:10, 43.5doc/s]
  scidocs:  37%|███▋      | 9.55k/25.7k [03:37<06:08, 43.7doc/s]
  scidocs:  37%|███▋      | 9.56k/25.7k [03:37<06:08, 43.7doc/s]
  scidocs:  37%|███▋      | 9.57k/25.7k [03:38<06:08, 43.6doc/s]
  scidocs:  37%|███▋      | 9.58k/25.7k [03:38<06:08, 43.7doc/s]
  scidocs:  37%|███▋      | 9.58k/25.7k [03:38<06:07, 43.7doc/s]
  scidocs:  37%|███▋      | 9.59k/25.7k [03:38<06:10, 43.4doc/s]
  scidocs:  37%|███▋      | 9.60k/25.7k [03:38<06:08, 43.6doc/s]
  scidocs:  37%|███▋      | 9.61k/25.7k [03:39<06:11, 43.3doc/s]
  scidocs:  37%|███▋      | 9.62k/25.7k [03:39<06:12, 43.0doc/s]
  scidocs:  38%|███▊      | 9.62k/25.7k [03:39<06:15, 42.7doc/s]
  scidocs:  38%|███▊      | 9.63k/25.7k [03:39<06:12, 43.0doc/s]
  scidocs:  38%|███▊      | 9.64k/25.7k [03:39<06:08, 43.5doc/s]
  scidocs:  38%|███▊      | 9.65k/25.7k [03:39<06:07, 43.6doc/s]
  scidocs:  38%|███▊      | 9.66k/25.7k [03:40<06:08, 43.4doc/s]
  scidocs:  38%|███▊      | 9.66k/25.7k [03:40<06:10, 43.2doc/s]
  scidocs:  38%|███▊      | 9.67k/25.7k [03:40<06:11, 43.1doc/s]
  scidocs:  38%|███▊      | 9.68k/25.7k [03:40<06:09, 43.2doc/s]
  scidocs:  38%|███▊      | 9.69k/25.7k [03:40<06:09, 43.2doc/s]
  scidocs:  38%|███▊      | 9.70k/25.7k [03:41<06:16, 42.4doc/s]
  scidocs:  38%|███▊      | 9.70k/25.7k [03:41<06:15, 42.5doc/s]
  scidocs:  38%|███▊      | 9.71k/25.7k [03:41<06:13, 42.7doc/s]
  scidocs:  38%|███▊      | 9.72k/25.7k [03:41<06:11, 42.9doc/s]
  scidocs:  38%|███▊      | 9.73k/25.7k [03:41<06:08, 43.2doc/s]
  scidocs:  38%|███▊      | 9.74k/25.7k [03:42<06:12, 42.7doc/s]
  scidocs:  38%|███▊      | 9.74k/25.7k [03:42<06:15, 42.3doc/s]
  scidocs:  38%|███▊      | 9.75k/25.7k [03:42<06:16, 42.3doc/s]
  scidocs:  38%|███▊      | 9.76k/25.7k [03:42<06:13, 42.6doc/s]
  scidocs:  38%|███▊      | 9.77k/25.7k [03:42<06:09, 43.0doc/s]
  scidocs:  38%|███▊      | 9.78k/25.7k [03:42<06:06, 43.4doc/s]
  scidocs:  38%|███▊      | 9.78k/25.7k [03:43<06:04, 43.5doc/s]
  scidocs:  38%|███▊      | 9.79k/25.7k [03:43<06:03, 43.7doc/s]
  scidocs:  38%|███▊      | 9.80k/25.7k [03:43<06:01, 43.8doc/s]
  scidocs:  38%|███▊      | 9.81k/25.7k [03:43<06:02, 43.7doc/s]
  scidocs:  38%|███▊      | 9.82k/25.7k [03:43<06:03, 43.6doc/s]
  scidocs:  38%|███▊      | 9.82k/25.7k [03:44<06:03, 43.6doc/s]
  scidocs:  38%|███▊      | 9.83k/25.7k [03:44<06:03, 43.5doc/s]
  scidocs:  38%|███▊      | 9.84k/25.7k [03:44<06:03, 43.5doc/s]
  scidocs:  38%|███▊      | 9.85k/25.7k [03:44<06:03, 43.5doc/s]
  scidocs:  38%|███▊      | 9.86k/25.7k [03:44<06:02, 43.6doc/s]
  scidocs:  38%|███▊      | 9.86k/25.7k [03:44<06:03, 43.5doc/s]
  scidocs:  38%|███▊      | 9.87k/25.7k [03:45<06:03, 43.4doc/s]
  scidocs:  39%|███▊      | 9.88k/25.7k [03:45<06:03, 43.4doc/s]
  scidocs:  39%|███▊      | 9.89k/25.7k [03:45<05:59, 43.8doc/s]
  scidocs:  39%|███▊      | 9.90k/25.7k [03:45<05:57, 44.0doc/s]
  scidocs:  39%|███▊      | 9.90k/25.7k [03:45<05:59, 43.8doc/s]
  scidocs:  39%|███▊      | 9.91k/25.7k [03:46<06:01, 43.6doc/s]
  scidocs:  39%|███▊      | 9.92k/25.7k [03:46<05:59, 43.7doc/s]
  scidocs:  39%|███▊      | 9.93k/25.7k [03:46<05:58, 43.9doc/s]
  scidocs:  39%|███▊      | 9.94k/25.7k [03:46<06:03, 43.3doc/s]
  scidocs:  39%|███▉      | 9.94k/25.7k [03:46<06:06, 42.8doc/s]
  scidocs:  39%|███▉      | 9.95k/25.7k [03:46<06:05, 43.0doc/s]
  scidocs:  39%|███▉      | 9.96k/25.7k [03:47<06:03, 43.2doc/s]
  scidocs:  39%|███▉      | 9.97k/25.7k [03:47<05:59, 43.6doc/s]
  scidocs:  39%|███▉      | 9.98k/25.7k [03:47<06:01, 43.4doc/s]
  scidocs:  39%|███▉      | 9.98k/25.7k [03:47<06:04, 43.0doc/s]
  scidocs:  39%|███▉      | 9.99k/25.7k [03:47<06:05, 42.8doc/s]
  scidocs:  39%|███▉      | 10.0k/25.7k [03:48<06:04, 42.9doc/s]
  scidocs:  39%|███▉      | 10.0k/25.7k [03:48<06:03, 43.1doc/s]
  scidocs:  39%|███▉      | 10.0k/25.7k [03:48<05:58, 43.6doc/s]
  scidocs:  39%|███▉      | 10.0k/25.7k [03:48<06:05, 42.8doc/s]
  scidocs:  39%|███▉      | 10.0k/25.7k [03:48<06:08, 42.4doc/s]
  scidocs:  39%|███▉      | 10.0k/25.7k [03:49<06:06, 42.6doc/s]
  scidocs:  39%|███▉      | 10.0k/25.7k [03:49<06:02, 43.1doc/s]
  scidocs:  39%|███▉      | 10.1k/25.7k [03:49<05:57, 43.7doc/s]
  scidocs:  39%|███▉      | 10.1k/25.7k [03:49<06:04, 42.8doc/s]
  scidocs:  39%|███▉      | 10.1k/25.7k [03:49<06:07, 42.4doc/s]
  scidocs:  39%|███▉      | 10.1k/25.7k [03:49<06:10, 42.0doc/s]
  scidocs:  39%|███▉      | 10.1k/25.7k [03:50<06:11, 41.9doc/s]
  scidocs:  39%|███▉      | 10.1k/25.7k [03:50<06:08, 42.3doc/s]
  scidocs:  39%|███▉      | 10.1k/25.7k [03:50<06:04, 42.7doc/s]
  scidocs:  39%|███▉      | 10.1k/25.7k [03:50<06:02, 42.9doc/s]
  scidocs:  39%|███▉      | 10.1k/25.7k [03:50<06:04, 42.6doc/s]
  scidocs:  39%|███▉      | 10.1k/25.7k [03:51<06:06, 42.4doc/s]
  scidocs:  40%|███▉      | 10.1k/25.7k [03:51<06:02, 42.8doc/s]
  scidocs:  40%|███▉      | 10.1k/25.7k [03:51<05:59, 43.2doc/s]
  scidocs:  40%|███▉      | 10.2k/25.7k [03:51<05:53, 43.9doc/s]
  scidocs:  40%|███▉      | 10.2k/25.7k [03:51<05:49, 44.3doc/s]
  scidocs:  40%|███▉      | 10.2k/25.7k [03:52<05:47, 44.6doc/s]
  scidocs:  40%|███▉      | 10.2k/25.7k [03:52<05:47, 44.6doc/s]
  scidocs:  40%|███▉      | 10.2k/25.7k [03:52<05:47, 44.6doc/s]
  scidocs:  40%|███▉      | 10.2k/25.7k [03:52<05:52, 43.9doc/s]
  scidocs:  40%|███▉      | 10.2k/25.7k [03:52<05:54, 43.6doc/s]
  scidocs:  40%|███▉      | 10.2k/25.7k [03:52<05:55, 43.5doc/s]
  scidocs:  40%|███▉      | 10.2k/25.7k [03:53<05:55, 43.4doc/s]
  scidocs:  40%|███▉      | 10.2k/25.7k [03:53<05:53, 43.7doc/s]
  scidocs:  40%|███▉      | 10.2k/25.7k [03:53<05:52, 43.8doc/s]
  scidocs:  40%|███▉      | 10.2k/25.7k [03:53<05:51, 43.9doc/s]
  scidocs:  40%|███▉      | 10.2k/25.7k [03:53<05:51, 43.8doc/s]
  scidocs:  40%|███▉      | 10.3k/25.7k [03:54<05:55, 43.3doc/s]
  scidocs:  40%|████      | 10.3k/25.7k [03:54<05:55, 43.3doc/s]
  scidocs:  40%|████      | 10.3k/25.7k [03:54<05:55, 43.3doc/s]
  scidocs:  40%|████      | 10.3k/25.7k [03:54<05:53, 43.5doc/s]
  scidocs:  40%|████      | 10.3k/25.7k [03:54<05:54, 43.4doc/s]
  scidocs:  40%|████      | 10.3k/25.7k [03:54<05:53, 43.4doc/s]
  scidocs:  40%|████      | 10.3k/25.7k [03:55<05:52, 43.6doc/s]
  scidocs:  40%|████      | 10.3k/25.7k [03:55<05:51, 43.6doc/s]
  scidocs:  40%|████      | 10.3k/25.7k [03:55<05:51, 43.6doc/s]
  scidocs:  40%|████      | 10.3k/25.7k [03:55<05:52, 43.5doc/s]
  scidocs:  40%|████      | 10.3k/25.7k [03:55<05:51, 43.6doc/s]
  scidocs:  40%|████      | 10.3k/25.7k [03:56<05:48, 44.0doc/s]
  scidocs:  40%|████      | 10.4k/25.7k [03:56<05:50, 43.7doc/s]
  scidocs:  40%|████      | 10.4k/25.7k [03:56<05:50, 43.6doc/s]
  scidocs:  40%|████      | 10.4k/25.7k [03:56<05:50, 43.7doc/s]
  scidocs:  40%|████      | 10.4k/25.7k [03:56<05:47, 44.0doc/s]
  scidocs:  40%|████      | 10.4k/25.7k [03:56<05:52, 43.4doc/s]
  scidocs:  41%|████      | 10.4k/25.7k [03:57<05:55, 43.0doc/s]
  scidocs:  41%|████      | 10.4k/25.7k [03:57<05:55, 43.0doc/s]
  scidocs:  41%|████      | 10.4k/25.7k [03:57<05:52, 43.2doc/s]
  scidocs:  41%|████      | 10.4k/25.7k [03:57<05:51, 43.3doc/s]
  scidocs:  41%|████      | 10.4k/25.7k [03:57<05:47, 43.9doc/s]
  scidocs:  41%|████      | 10.4k/25.7k [03:58<05:49, 43.6doc/s]
  scidocs:  41%|████      | 10.4k/25.7k [03:58<05:50, 43.4doc/s]
  scidocs:  41%|████      | 10.4k/25.7k [03:58<05:53, 43.0doc/s]
  scidocs:  41%|████      | 10.5k/25.7k [03:58<05:49, 43.5doc/s]
  scidocs:  41%|████      | 10.5k/25.7k [03:58<05:49, 43.5doc/s]
  scidocs:  41%|████      | 10.5k/25.7k [03:58<05:49, 43.4doc/s]
  scidocs:  41%|████      | 10.5k/25.7k [03:59<05:48, 43.6doc/s]
  scidocs:  41%|████      | 10.5k/25.7k [03:59<05:47, 43.6doc/s]
  scidocs:  41%|████      | 10.5k/25.7k [03:59<05:47, 43.7doc/s]
  scidocs:  41%|████      | 10.5k/25.7k [03:59<05:46, 43.7doc/s]
  scidocs:  41%|████      | 10.5k/25.7k [03:59<05:46, 43.7doc/s]
  scidocs:  41%|████      | 10.5k/25.7k [04:00<05:46, 43.6doc/s]
  scidocs:  41%|████      | 10.5k/25.7k [04:00<05:46, 43.6doc/s]
  scidocs:  41%|████      | 10.5k/25.7k [04:00<05:47, 43.5doc/s]
  scidocs:  41%|████      | 10.5k/25.7k [04:00<05:46, 43.6doc/s]
  scidocs:  41%|████      | 10.6k/25.7k [04:00<05:46, 43.6doc/s]
  scidocs:  41%|████      | 10.6k/25.7k [04:01<05:46, 43.6doc/s]
  scidocs:  41%|████      | 10.6k/25.7k [04:01<05:46, 43.5doc/s]
  scidocs:  41%|████      | 10.6k/25.7k [04:01<05:42, 44.0doc/s]
  scidocs:  41%|████▏     | 10.6k/25.7k [04:01<05:41, 44.2doc/s]
  scidocs:  41%|████▏     | 10.6k/25.7k [04:01<05:40, 44.3doc/s]
  scidocs:  41%|████▏     | 10.6k/25.7k [04:01<05:43, 43.9doc/s]
  scidocs:  41%|████▏     | 10.6k/25.7k [04:02<05:44, 43.7doc/s]
  scidocs:  41%|████▏     | 10.6k/25.7k [04:02<05:45, 43.5doc/s]
  scidocs:  41%|████▏     | 10.6k/25.7k [04:02<05:48, 43.1doc/s]
  scidocs:  41%|████▏     | 10.6k/25.7k [04:02<05:48, 43.1doc/s]
  scidocs:  41%|████▏     | 10.6k/25.7k [04:02<05:47, 43.2doc/s]
  scidocs:  42%|████▏     | 10.6k/25.7k [04:03<05:47, 43.2doc/s]
  scidocs:  42%|████▏     | 10.7k/25.7k [04:03<05:45, 43.4doc/s]
  scidocs:  42%|████▏     | 10.7k/25.7k [04:03<05:45, 43.3doc/s]
  scidocs:  42%|████▏     | 10.7k/25.7k [04:03<05:45, 43.4doc/s]
  scidocs:  42%|████▏     | 10.7k/25.7k [04:03<05:46, 43.2doc/s]
  scidocs:  42%|████▏     | 10.7k/25.7k [04:03<05:45, 43.4doc/s]
  scidocs:  42%|████▏     | 10.7k/25.7k [04:04<05:42, 43.7doc/s]
  scidocs:  42%|████▏     | 10.7k/25.7k [04:04<05:42, 43.6doc/s]
  scidocs:  42%|████▏     | 10.7k/25.7k [04:04<05:42, 43.7doc/s]
  scidocs:  42%|████▏     | 10.7k/25.7k [04:04<05:42, 43.6doc/s]
  scidocs:  42%|████▏     | 10.7k/25.7k [04:04<05:41, 43.8doc/s]
  scidocs:  42%|████▏     | 10.7k/25.7k [04:05<05:40, 43.8doc/s]
  scidocs:  42%|████▏     | 10.7k/25.7k [04:05<05:41, 43.7doc/s]
  scidocs:  42%|████▏     | 10.8k/25.7k [04:05<05:43, 43.4doc/s]
  scidocs:  42%|████▏     | 10.8k/25.7k [04:05<05:43, 43.4doc/s]
  scidocs:  42%|████▏     | 10.8k/25.7k [04:05<05:41, 43.6doc/s]
  scidocs:  42%|████▏     | 10.8k/25.7k [04:05<05:41, 43.5doc/s]
  scidocs:  42%|████▏     | 10.8k/25.7k [04:06<05:40, 43.7doc/s]
  scidocs:  42%|████▏     | 10.8k/25.7k [04:06<05:39, 43.7doc/s]
  scidocs:  42%|████▏     | 10.8k/25.7k [04:06<05:38, 43.9doc/s]
  scidocs:  42%|████▏     | 10.8k/25.7k [04:06<05:34, 44.4doc/s]
  scidocs:  42%|████▏     | 10.8k/25.7k [04:06<05:35, 44.3doc/s]
  scidocs:  42%|████▏     | 10.8k/25.7k [04:07<05:36, 44.0doc/s]
  scidocs:  42%|████▏     | 10.8k/25.7k [04:07<05:40, 43.5doc/s]
  scidocs:  42%|████▏     | 10.8k/25.7k [04:07<05:39, 43.6doc/s]
  scidocs:  42%|████▏     | 10.8k/25.7k [04:07<05:40, 43.5doc/s]
  scidocs:  42%|████▏     | 10.9k/25.7k [04:07<05:39, 43.6doc/s]
  scidocs:  42%|████▏     | 10.9k/25.7k [04:07<05:39, 43.6doc/s]
  scidocs:  42%|████▏     | 10.9k/25.7k [04:08<05:38, 43.6doc/s]
  scidocs:  42%|████▏     | 10.9k/25.7k [04:08<05:37, 43.8doc/s]
  scidocs:  42%|████▏     | 10.9k/25.7k [04:08<05:41, 43.2doc/s]
  scidocs:  42%|████▏     | 10.9k/25.7k [04:08<05:45, 42.8doc/s]
  scidocs:  42%|████▏     | 10.9k/25.7k [04:08<05:43, 43.0doc/s]
  scidocs:  43%|████▎     | 10.9k/25.7k [04:09<05:38, 43.5doc/s]
  scidocs:  43%|████▎     | 10.9k/25.7k [04:09<05:36, 43.8doc/s]
  scidocs:  43%|████▎     | 10.9k/25.7k [04:09<05:38, 43.6doc/s]
  scidocs:  43%|████▎     | 10.9k/25.7k [04:09<05:40, 43.3doc/s]
  scidocs:  43%|████▎     | 10.9k/25.7k [04:09<05:41, 43.1doc/s]
  scidocs:  43%|████▎     | 11.0k/25.7k [04:10<05:42, 42.9doc/s]
  scidocs:  43%|████▎     | 11.0k/25.7k [04:10<05:41, 43.0doc/s]
  scidocs:  43%|████▎     | 11.0k/25.7k [04:10<05:38, 43.4doc/s]
  scidocs:  43%|████▎     | 11.0k/25.7k [04:10<05:36, 43.6doc/s]
  scidocs:  43%|████▎     | 11.0k/25.7k [04:10<05:38, 43.3doc/s]
  scidocs:  43%|████▎     | 11.0k/25.7k [04:10<05:37, 43.4doc/s]
  scidocs:  43%|████▎     | 11.0k/25.7k [04:11<05:35, 43.6doc/s]
  scidocs:  43%|████▎     | 11.0k/25.7k [04:11<05:38, 43.3doc/s]
  scidocs:  43%|████▎     | 11.0k/25.7k [04:11<05:41, 42.9doc/s]
  scidocs:  43%|████▎     | 11.0k/25.7k [04:11<05:42, 42.7doc/s]
  scidocs:  43%|████▎     | 11.0k/25.7k [04:11<05:41, 42.8doc/s]
  scidocs:  43%|████▎     | 11.0k/25.7k [04:12<05:41, 42.8doc/s]
  scidocs:  43%|████▎     | 11.0k/25.7k [04:12<05:39, 43.0doc/s]
  scidocs:  43%|████▎     | 11.1k/25.7k [04:12<05:38, 43.2doc/s]
  scidocs:  43%|████▎     | 11.1k/25.7k [04:12<05:38, 43.1doc/s]
  scidocs:  43%|████▎     | 11.1k/25.7k [04:12<05:38, 43.1doc/s]
  scidocs:  43%|████▎     | 11.1k/25.7k [04:12<05:38, 43.1doc/s]
  scidocs:  43%|████▎     | 11.1k/25.7k [04:13<05:35, 43.5doc/s]
  scidocs:  43%|████▎     | 11.1k/25.7k [04:13<05:31, 43.9doc/s]
  scidocs:  43%|████▎     | 11.1k/25.7k [04:13<05:29, 44.1doc/s]
  scidocs:  43%|████▎     | 11.1k/25.7k [04:13<05:31, 43.9doc/s]
  scidocs:  43%|████▎     | 11.1k/25.7k [04:13<05:32, 43.7doc/s]
  scidocs:  43%|████▎     | 11.1k/25.7k [04:14<05:32, 43.8doc/s]
  scidocs:  43%|████▎     | 11.1k/25.7k [04:14<05:32, 43.7doc/s]
  scidocs:  43%|████▎     | 11.1k/25.7k [04:14<05:33, 43.6doc/s]
  scidocs:  43%|████▎     | 11.2k/25.7k [04:14<05:33, 43.5doc/s]
  scidocs:  43%|████▎     | 11.2k/25.7k [04:14<05:29, 43.9doc/s]
  scidocs:  44%|████▎     | 11.2k/25.7k [04:14<05:27, 44.2doc/s]
  scidocs:  44%|████▎     | 11.2k/25.7k [04:15<05:28, 44.1doc/s]
  scidocs:  44%|████▎     | 11.2k/25.7k [04:15<05:29, 44.0doc/s]
  scidocs:  44%|████▎     | 11.2k/25.7k [04:15<05:29, 43.9doc/s]
  scidocs:  44%|████▎     | 11.2k/25.7k [04:15<05:26, 44.2doc/s]
  scidocs:  44%|████▎     | 11.2k/25.7k [04:15<05:25, 44.4doc/s]
  scidocs:  44%|████▎     | 11.2k/25.7k [04:16<05:26, 44.3doc/s]
  scidocs:  44%|████▎     | 11.2k/25.7k [04:16<05:28, 44.0doc/s]
  scidocs:  44%|████▍     | 11.2k/25.7k [04:16<05:30, 43.7doc/s]
  scidocs:  44%|████▍     | 11.2k/25.7k [04:16<05:31, 43.5doc/s]
  scidocs:  44%|████▍     | 11.2k/25.7k [04:16<05:33, 43.2doc/s]
  scidocs:  44%|████▍     | 11.3k/25.7k [04:16<05:33, 43.2doc/s]
  scidocs:  44%|████▍     | 11.3k/25.7k [04:17<05:33, 43.2doc/s]
  scidocs:  44%|████▍     | 11.3k/25.7k [04:17<05:33, 43.1doc/s]
  scidocs:  44%|████▍     | 11.3k/25.7k [04:17<05:32, 43.2doc/s]
  scidocs:  44%|████▍     | 11.3k/25.7k [04:17<05:32, 43.2doc/s]
  scidocs:  44%|████▍     | 11.3k/25.7k [04:17<05:32, 43.2doc/s]
  scidocs:  44%|████▍     | 11.3k/25.7k [04:18<05:33, 43.0doc/s]
  scidocs:  44%|████▍     | 11.3k/25.7k [04:18<05:32, 43.2doc/s]
  scidocs:  44%|████▍     | 11.3k/25.7k [04:18<05:32, 43.1doc/s]
  scidocs:  44%|████▍     | 11.3k/25.7k [04:18<05:32, 43.1doc/s]
  scidocs:  44%|████▍     | 11.3k/25.7k [04:18<05:32, 43.1doc/s]
  scidocs:  44%|████▍     | 11.3k/25.7k [04:19<05:31, 43.1doc/s]
  scidocs:  44%|████▍     | 11.4k/25.7k [04:19<05:32, 43.0doc/s]
  scidocs:  44%|████▍     | 11.4k/25.7k [04:19<05:32, 43.0doc/s]
  scidocs:  44%|████▍     | 11.4k/25.7k [04:19<05:29, 43.4doc/s]
  scidocs:  44%|████▍     | 11.4k/25.7k [04:19<05:28, 43.5doc/s]
  scidocs:  44%|████▍     | 11.4k/25.7k [04:19<05:26, 43.7doc/s]
  scidocs:  44%|████▍     | 11.4k/25.7k [04:20<05:26, 43.7doc/s]
  scidocs:  44%|████▍     | 11.4k/25.7k [04:20<05:27, 43.6doc/s]
  scidocs:  44%|████▍     | 11.4k/25.7k [04:20<05:28, 43.3doc/s]
  scidocs:  44%|████▍     | 11.4k/25.7k [04:20<05:31, 43.0doc/s]
  scidocs:  45%|████▍     | 11.4k/25.7k [04:20<05:32, 42.8doc/s]
  scidocs:  45%|████▍     | 11.4k/25.7k [04:21<05:32, 42.8doc/s]
  scidocs:  45%|████▍     | 11.4k/25.7k [04:21<05:28, 43.3doc/s]
  scidocs:  45%|████▍     | 11.4k/25.7k [04:21<05:27, 43.4doc/s]
  scidocs:  45%|████▍     | 11.5k/25.7k [04:21<05:27, 43.4doc/s]
  scidocs:  45%|████▍     | 11.5k/25.7k [04:21<05:27, 43.3doc/s]
  scidocs:  45%|████▍     | 11.5k/25.7k [04:21<05:28, 43.2doc/s]
  scidocs:  45%|████▍     | 11.5k/25.7k [04:22<05:26, 43.5doc/s]
  scidocs:  45%|████▍     | 11.5k/25.7k [04:22<05:31, 42.8doc/s]
  scidocs:  45%|████▍     | 11.5k/25.7k [04:22<05:35, 42.2doc/s]
  scidocs:  45%|████▍     | 11.5k/25.7k [04:22<05:35, 42.1doc/s]
  scidocs:  45%|████▍     | 11.5k/25.7k [04:22<05:34, 42.3doc/s]
  scidocs:  45%|████▍     | 11.5k/25.7k [04:23<05:30, 42.8doc/s]
  scidocs:  45%|████▍     | 11.5k/25.7k [04:23<05:28, 43.0doc/s]
  scidocs:  45%|████▍     | 11.5k/25.7k [04:23<05:26, 43.3doc/s]
  scidocs:  45%|████▍     | 11.5k/25.7k [04:23<05:25, 43.3doc/s]
  scidocs:  45%|████▌     | 11.6k/25.7k [04:23<05:26, 43.2doc/s]
  scidocs:  45%|████▌     | 11.6k/25.7k [04:24<05:24, 43.4doc/s]
  scidocs:  45%|████▌     | 11.6k/25.7k [04:24<05:22, 43.8doc/s]
  scidocs:  45%|████▌     | 11.6k/25.7k [04:24<05:25, 43.2doc/s]
  scidocs:  45%|████▌     | 11.6k/25.7k [04:24<05:29, 42.7doc/s]
  scidocs:  45%|████▌     | 11.6k/25.7k [04:24<05:30, 42.6doc/s]
  scidocs:  45%|████▌     | 11.6k/25.7k [04:24<05:28, 42.8doc/s]
  scidocs:  45%|████▌     | 11.6k/25.7k [04:25<05:27, 42.9doc/s]
  scidocs:  45%|████▌     | 11.6k/25.7k [04:25<05:26, 43.0doc/s]
  scidocs:  45%|████▌     | 11.6k/25.7k [04:25<05:25, 43.1doc/s]
  scidocs:  45%|████▌     | 11.6k/25.7k [04:25<05:25, 43.1doc/s]
  scidocs:  45%|████▌     | 11.6k/25.7k [04:25<05:25, 43.0doc/s]
  scidocs:  45%|████▌     | 11.6k/25.7k [04:26<05:24, 43.1doc/s]
  scidocs:  45%|████▌     | 11.7k/25.7k [04:26<05:22, 43.4doc/s]
  scidocs:  45%|████▌     | 11.7k/25.7k [04:26<05:21, 43.6doc/s]
  scidocs:  45%|████▌     | 11.7k/25.7k [04:26<05:19, 43.7doc/s]
  scidocs:  46%|████▌     | 11.7k/25.7k [04:26<05:19, 43.8doc/s]
  scidocs:  46%|████▌     | 11.7k/25.7k [04:27<05:18, 43.9doc/s]
  scidocs:  46%|████▌     | 11.7k/25.7k [04:27<05:18, 43.9doc/s]
  scidocs:  46%|████▌     | 11.7k/25.7k [04:27<05:25, 42.9doc/s]
  scidocs:  46%|████▌     | 11.7k/25.7k [04:27<05:29, 42.3doc/s]
  scidocs:  46%|████▌     | 11.7k/25.7k [04:27<05:31, 42.0doc/s]
  scidocs:  46%|████▌     | 11.7k/25.7k [04:27<05:28, 42.4doc/s]
  scidocs:  46%|████▌     | 11.7k/25.7k [04:28<05:25, 42.8doc/s]
  scidocs:  46%|████▌     | 11.7k/25.7k [04:28<05:20, 43.4doc/s]
  scidocs:  46%|████▌     | 11.8k/25.7k [04:28<05:17, 43.8doc/s]
  scidocs:  46%|████▌     | 11.8k/25.7k [04:28<05:17, 43.8doc/s]
  scidocs:  46%|████▌     | 11.8k/25.7k [04:28<05:17, 43.8doc/s]
  scidocs:  46%|████▌     | 11.8k/25.7k [04:29<05:17, 43.7doc/s]
  scidocs:  46%|████▌     | 11.8k/25.7k [04:29<05:17, 43.7doc/s]
  scidocs:  46%|████▌     | 11.8k/25.7k [04:29<05:16, 43.8doc/s]
  scidocs:  46%|████▌     | 11.8k/25.7k [04:29<05:17, 43.7doc/s]
  scidocs:  46%|████▌     | 11.8k/25.7k [04:29<05:18, 43.5doc/s]
  scidocs:  46%|████▌     | 11.8k/25.7k [04:29<05:14, 44.0doc/s]
  scidocs:  46%|████▌     | 11.8k/25.7k [04:30<05:12, 44.3doc/s]
  scidocs:  46%|████▌     | 11.8k/25.7k [04:30<05:10, 44.6doc/s]
  scidocs:  46%|████▌     | 11.8k/25.7k [04:30<05:11, 44.4doc/s]
  scidocs:  46%|████▌     | 11.8k/25.7k [04:30<05:16, 43.6doc/s]
  scidocs:  46%|████▌     | 11.9k/25.7k [04:30<05:17, 43.5doc/s]
  scidocs:  46%|████▌     | 11.9k/25.7k [04:31<05:18, 43.3doc/s]
  scidocs:  46%|████▋     | 11.9k/25.7k [04:31<05:18, 43.2doc/s]
  scidocs:  46%|████▋     | 11.9k/25.7k [04:31<05:20, 43.0doc/s]
  scidocs:  46%|████▋     | 11.9k/25.7k [04:31<05:21, 42.9doc/s]
  scidocs:  46%|████▋     | 11.9k/25.7k [04:31<05:17, 43.3doc/s]
  scidocs:  46%|████▋     | 11.9k/25.7k [04:31<05:15, 43.6doc/s]
  scidocs:  46%|████▋     | 11.9k/25.7k [04:32<05:14, 43.6doc/s]
  scidocs:  46%|████▋     | 11.9k/25.7k [04:32<05:16, 43.4doc/s]
  scidocs:  46%|████▋     | 11.9k/25.7k [04:32<05:14, 43.7doc/s]
  scidocs:  47%|████▋     | 11.9k/25.7k [04:32<05:13, 43.8doc/s]
  scidocs:  47%|████▋     | 11.9k/25.7k [04:32<05:11, 44.0doc/s]
  scidocs:  47%|████▋     | 12.0k/25.7k [04:33<05:10, 44.1doc/s]
  scidocs:  47%|████▋     | 12.0k/25.7k [04:33<05:12, 43.9doc/s]
  scidocs:  47%|████▋     | 12.0k/25.7k [04:33<05:12, 43.8doc/s]
  scidocs:  47%|████▋     | 12.0k/25.7k [04:33<05:11, 43.9doc/s]
  scidocs:  47%|████▋     | 12.0k/25.7k [04:33<05:10, 44.1doc/s]
  scidocs:  47%|████▋     | 12.0k/25.7k [04:33<05:11, 43.9doc/s]
  scidocs:  47%|████▋     | 12.0k/25.7k [04:34<05:12, 43.7doc/s]
  scidocs:  47%|████▋     | 12.0k/25.7k [04:34<05:11, 43.8doc/s]
  scidocs:  47%|████▋     | 12.0k/25.7k [04:34<05:13, 43.5doc/s]
  scidocs:  47%|████▋     | 12.0k/25.7k [04:34<05:13, 43.4doc/s]
  scidocs:  47%|████▋     | 12.0k/25.7k [04:34<05:14, 43.4doc/s]
  scidocs:  47%|████▋     | 12.0k/25.7k [04:35<05:14, 43.3doc/s]
  scidocs:  47%|████▋     | 12.0k/25.7k [04:35<05:13, 43.4doc/s]
  scidocs:  47%|████▋     | 12.1k/25.7k [04:35<05:12, 43.5doc/s]
  scidocs:  47%|████▋     | 12.1k/25.7k [04:35<05:14, 43.3doc/s]
  scidocs:  47%|████▋     | 12.1k/25.7k [04:35<05:14, 43.2doc/s]
  scidocs:  47%|████▋     | 12.1k/25.7k [04:36<05:13, 43.4doc/s]
  scidocs:  47%|████▋     | 12.1k/25.7k [04:36<05:12, 43.4doc/s]
  scidocs:  47%|████▋     | 12.1k/25.7k [04:36<05:17, 42.7doc/s]
  scidocs:  47%|████▋     | 12.1k/25.7k [04:36<05:16, 42.8doc/s]
  scidocs:  47%|████▋     | 12.1k/25.7k [04:36<05:14, 43.0doc/s]
  scidocs:  47%|████▋     | 12.1k/25.7k [04:36<05:14, 43.1doc/s]
  scidocs:  47%|████▋     | 12.1k/25.7k [04:37<05:10, 43.6doc/s]
  scidocs:  47%|████▋     | 12.1k/25.7k [04:37<05:12, 43.2doc/s]
  scidocs:  47%|████▋     | 12.1k/25.7k [04:37<05:16, 42.6doc/s]
  scidocs:  47%|████▋     | 12.2k/25.7k [04:37<05:18, 42.4doc/s]
  scidocs:  47%|████▋     | 12.2k/25.7k [04:37<05:17, 42.5doc/s]
  scidocs:  47%|████▋     | 12.2k/25.7k [04:38<05:17, 42.5doc/s]
  scidocs:  47%|████▋     | 12.2k/25.7k [04:38<05:16, 42.6doc/s]
  scidocs:  47%|████▋     | 12.2k/25.7k [04:38<05:13, 42.9doc/s]
  scidocs:  48%|████▊     | 12.2k/25.7k [04:38<05:12, 43.1doc/s]
  scidocs:  48%|████▊     | 12.2k/25.7k [04:38<05:10, 43.3doc/s]
  scidocs:  48%|████▊     | 12.2k/25.7k [04:38<05:09, 43.5doc/s]
  scidocs:  48%|████▊     | 12.2k/25.7k [04:39<05:06, 43.8doc/s]
  scidocs:  48%|████▊     | 12.2k/25.7k [04:39<05:03, 44.2doc/s]
  scidocs:  48%|████▊     | 12.2k/25.7k [04:39<05:02, 44.3doc/s]
  scidocs:  48%|████▊     | 12.2k/25.7k [04:39<05:05, 43.9doc/s]
  scidocs:  48%|████▊     | 12.2k/25.7k [04:39<05:08, 43.5doc/s]
  scidocs:  48%|████▊     | 12.3k/25.7k [04:40<05:08, 43.4doc/s]
  scidocs:  48%|████▊     | 12.3k/25.7k [04:40<05:08, 43.5doc/s]
  scidocs:  48%|████▊     | 12.3k/25.7k [04:40<05:09, 43.3doc/s]
  scidocs:  48%|████▊     | 12.3k/25.7k [04:40<05:08, 43.4doc/s]
  scidocs:  48%|████▊     | 12.3k/25.7k [04:40<05:08, 43.4doc/s]
  scidocs:  48%|████▊     | 12.3k/25.7k [04:41<05:07, 43.5doc/s]
  scidocs:  48%|████▊     | 12.3k/25.7k [04:41<05:05, 43.7doc/s]
  scidocs:  48%|████▊     | 12.3k/25.7k [04:41<05:04, 43.8doc/s]
  scidocs:  48%|████▊     | 12.3k/25.7k [04:41<05:05, 43.7doc/s]
  scidocs:  48%|████▊     | 12.3k/25.7k [04:41<05:04, 43.7doc/s]
  scidocs:  48%|████▊     | 12.3k/25.7k [04:41<05:05, 43.6doc/s]
  scidocs:  48%|████▊     | 12.3k/25.7k [04:42<05:06, 43.5doc/s]
  scidocs:  48%|████▊     | 12.4k/25.7k [04:42<05:05, 43.6doc/s]
  scidocs:  48%|████▊     | 12.4k/25.7k [04:42<05:05, 43.5doc/s]
  scidocs:  48%|████▊     | 12.4k/25.7k [04:42<05:02, 43.9doc/s]
  scidocs:  48%|████▊     | 12.4k/25.7k [04:42<05:01, 44.1doc/s]
  scidocs:  48%|████▊     | 12.4k/25.7k [04:43<04:59, 44.3doc/s]
  scidocs:  48%|████▊     | 12.4k/25.7k [04:43<05:01, 43.9doc/s]
  scidocs:  48%|████▊     | 12.4k/25.7k [04:43<05:02, 43.8doc/s]
  scidocs:  48%|████▊     | 12.4k/25.7k [04:43<05:01, 44.0doc/s]
  scidocs:  48%|████▊     | 12.4k/25.7k [04:43<05:01, 44.0doc/s]
  scidocs:  48%|████▊     | 12.4k/25.7k [04:43<05:01, 43.9doc/s]
  scidocs:  48%|████▊     | 12.4k/25.7k [04:44<05:02, 43.7doc/s]
  scidocs:  48%|████▊     | 12.4k/25.7k [04:44<05:00, 44.0doc/s]
  scidocs:  49%|████▊     | 12.4k/25.7k [04:44<04:58, 44.3doc/s]
  scidocs:  49%|████▊     | 12.5k/25.7k [04:44<04:58, 44.2doc/s]
  scidocs:  49%|████▊     | 12.5k/25.7k [04:44<05:00, 44.0doc/s]
  scidocs:  49%|████▊     | 12.5k/25.7k [04:45<05:04, 43.3doc/s]
  scidocs:  49%|████▊     | 12.5k/25.7k [04:45<05:02, 43.5doc/s]
  scidocs:  49%|████▊     | 12.5k/25.7k [04:45<05:01, 43.7doc/s]
  scidocs:  49%|████▊     | 12.5k/25.7k [04:45<05:00, 43.7doc/s]
  scidocs:  49%|████▊     | 12.5k/25.7k [04:45<05:00, 43.8doc/s]
  scidocs:  49%|████▉     | 12.5k/25.7k [04:45<04:57, 44.2doc/s]
  scidocs:  49%|████▉     | 12.5k/25.7k [04:46<04:56, 44.3doc/s]
  scidocs:  49%|████▉     | 12.5k/25.7k [04:46<04:56, 44.2doc/s]
  scidocs:  49%|████▉     | 12.5k/25.7k [04:46<04:59, 43.9doc/s]
  scidocs:  49%|████▉     | 12.5k/25.7k [04:46<05:00, 43.7doc/s]
  scidocs:  49%|████▉     | 12.6k/25.7k [04:46<04:59, 43.8doc/s]
  scidocs:  49%|████▉     | 12.6k/25.7k [04:47<04:59, 43.8doc/s]
  scidocs:  49%|████▉     | 12.6k/25.7k [04:47<04:59, 43.7doc/s]
  scidocs:  49%|████▉     | 12.6k/25.7k [04:47<04:59, 43.6doc/s]
  scidocs:  49%|████▉     | 12.6k/25.7k [04:47<04:56, 44.1doc/s]
  scidocs:  49%|████▉     | 12.6k/25.7k [04:47<04:55, 44.2doc/s]
  scidocs:  49%|████▉     | 12.6k/25.7k [04:47<04:53, 44.5doc/s]
  scidocs:  49%|████▉     | 12.6k/25.7k [04:48<04:54, 44.3doc/s]
  scidocs:  49%|████▉     | 12.6k/25.7k [04:48<04:56, 43.9doc/s]
  scidocs:  49%|████▉     | 12.6k/25.7k [04:48<04:58, 43.7doc/s]
  scidocs:  49%|████▉     | 12.6k/25.7k [04:48<04:57, 43.7doc/s]
  scidocs:  49%|████▉     | 12.6k/25.7k [04:48<04:58, 43.6doc/s]
  scidocs:  49%|████▉     | 12.6k/25.7k [04:49<05:00, 43.3doc/s]
  scidocs:  49%|████▉     | 12.7k/25.7k [04:49<05:01, 43.2doc/s]
  scidocs:  49%|████▉     | 12.7k/25.7k [04:49<05:01, 43.1doc/s]
  scidocs:  49%|████▉     | 12.7k/25.7k [04:49<05:00, 43.3doc/s]
  scidocs:  49%|████▉     | 12.7k/25.7k [04:49<04:58, 43.4doc/s]
  scidocs:  49%|████▉     | 12.7k/25.7k [04:49<04:59, 43.3doc/s]
  scidocs:  49%|████▉     | 12.7k/25.7k [04:50<05:00, 43.1doc/s]
  scidocs:  50%|████▉     | 12.7k/25.7k [04:50<05:00, 43.1doc/s]
  scidocs:  50%|████▉     | 12.7k/25.7k [04:50<04:59, 43.2doc/s]
  scidocs:  50%|████▉     | 12.7k/25.7k [04:50<04:58, 43.3doc/s]
  scidocs:  50%|████▉     | 12.7k/25.7k [04:50<04:58, 43.4doc/s]
  scidocs:  50%|████▉     | 12.7k/25.7k [04:51<04:58, 43.2doc/s]
  scidocs:  50%|████▉     | 12.7k/25.7k [04:51<04:56, 43.6doc/s]
  scidocs:  50%|████▉     | 12.8k/25.7k [04:51<04:54, 43.9doc/s]
  scidocs:  50%|████▉     | 12.8k/25.7k [04:51<04:54, 43.8doc/s]
  scidocs:  50%|████▉     | 12.8k/25.7k [04:51<04:55, 43.6doc/s]
  scidocs:  50%|████▉     | 12.8k/25.7k [04:51<04:58, 43.2doc/s]
  scidocs:  50%|████▉     | 12.8k/25.7k [04:52<04:56, 43.4doc/s]
  scidocs:  50%|████▉     | 12.8k/25.7k [04:52<04:54, 43.7doc/s]
  scidocs:  50%|████▉     | 12.8k/25.7k [04:52<04:54, 43.6doc/s]
  scidocs:  50%|████▉     | 12.8k/25.7k [04:52<04:55, 43.5doc/s]
  scidocs:  50%|████▉     | 12.8k/25.7k [04:52<04:56, 43.2doc/s]
  scidocs:  50%|████▉     | 12.8k/25.7k [04:53<04:59, 42.9doc/s]
  scidocs:  50%|█████     | 12.8k/25.7k [04:53<04:59, 42.8doc/s]
  scidocs:  50%|█████     | 12.8k/25.7k [04:53<04:58, 42.9doc/s]
  scidocs:  50%|█████     | 12.8k/25.7k [04:53<04:57, 43.1doc/s]
  scidocs:  50%|█████     | 12.9k/25.7k [04:53<04:56, 43.1doc/s]
  scidocs:  50%|█████     | 12.9k/25.7k [04:54<04:55, 43.2doc/s]
  scidocs:  50%|█████     | 12.9k/25.7k [04:54<04:55, 43.2doc/s]
  scidocs:  50%|█████     | 12.9k/25.7k [04:54<04:54, 43.5doc/s]
  scidocs:  50%|█████     | 12.9k/25.7k [04:54<04:53, 43.5doc/s]
  scidocs:  50%|█████     | 12.9k/25.7k [04:54<04:53, 43.5doc/s]
  scidocs:  50%|█████     | 12.9k/25.7k [04:54<04:51, 43.7doc/s]
  scidocs:  50%|█████     | 12.9k/25.7k [04:55<04:53, 43.4doc/s]
  scidocs:  50%|█████     | 12.9k/25.7k [04:55<04:59, 42.6doc/s]
  scidocs:  50%|█████     | 12.9k/25.7k [04:55<05:00, 42.3doc/s]
  scidocs:  50%|█████     | 12.9k/25.7k [04:55<04:59, 42.4doc/s]
  scidocs:  50%|█████     | 12.9k/25.7k [04:55<05:00, 42.4doc/s]
  scidocs:  50%|█████     | 13.0k/25.7k [04:56<04:58, 42.6doc/s]
  scidocs:  51%|█████     | 13.0k/25.7k [04:56<04:54, 43.1doc/s]
  scidocs:  51%|█████     | 13.0k/25.7k [04:56<04:54, 43.0doc/s]
  scidocs:  51%|█████     | 13.0k/25.7k [04:56<04:53, 43.2doc/s]
  scidocs:  51%|█████     | 13.0k/25.7k [04:56<04:52, 43.3doc/s]
  scidocs:  51%|█████     | 13.0k/25.7k [04:56<04:49, 43.7doc/s]
  scidocs:  51%|█████     | 13.0k/25.7k [04:57<04:46, 44.1doc/s]
  scidocs:  51%|█████     | 13.0k/25.7k [04:57<04:45, 44.2doc/s]
  scidocs:  51%|█████     | 13.0k/25.7k [04:57<04:47, 43.9doc/s]
  scidocs:  51%|█████     | 13.0k/25.7k [04:57<04:48, 43.8doc/s]
  scidocs:  51%|█████     | 13.0k/25.7k [04:57<04:47, 44.0doc/s]
  scidocs:  51%|█████     | 13.0k/25.7k [04:58<04:47, 43.9doc/s]
  scidocs:  51%|█████     | 13.0k/25.7k [04:58<04:48, 43.7doc/s]
  scidocs:  51%|█████     | 13.1k/25.7k [04:58<04:50, 43.4doc/s]
  scidocs:  51%|█████     | 13.1k/25.7k [04:58<04:49, 43.5doc/s]
  scidocs:  51%|█████     | 13.1k/25.7k [04:58<04:50, 43.4doc/s]
  scidocs:  51%|█████     | 13.1k/25.7k [04:59<04:50, 43.3doc/s]
  scidocs:  51%|█████     | 13.1k/25.7k [04:59<04:50, 43.3doc/s]
  scidocs:  51%|█████     | 13.1k/25.7k [04:59<04:50, 43.2doc/s]
  scidocs:  51%|█████     | 13.1k/25.7k [04:59<04:50, 43.2doc/s]
  scidocs:  51%|█████     | 13.1k/25.7k [04:59<04:49, 43.4doc/s]
  scidocs:  51%|█████     | 13.1k/25.7k [04:59<04:51, 43.0doc/s]
  scidocs:  51%|█████     | 13.1k/25.7k [05:00<04:54, 42.6doc/s]
  scidocs:  51%|█████     | 13.1k/25.7k [05:00<04:54, 42.4doc/s]
  scidocs:  51%|█████     | 13.1k/25.7k [05:00<04:53, 42.7doc/s]
  scidocs:  51%|█████▏    | 13.2k/25.7k [05:00<04:49, 43.2doc/s]
  scidocs:  51%|█████▏    | 13.2k/25.7k [05:00<04:52, 42.7doc/s]
  scidocs:  51%|█████▏    | 13.2k/25.7k [05:01<04:55, 42.3doc/s]
  scidocs:  51%|█████▏    | 13.2k/25.7k [05:01<04:54, 42.3doc/s]
  scidocs:  51%|█████▏    | 13.2k/25.7k [05:01<04:52, 42.6doc/s]
  scidocs:  51%|█████▏    | 13.2k/25.7k [05:01<04:51, 42.7doc/s]
  scidocs:  51%|█████▏    | 13.2k/25.7k [05:01<04:51, 42.8doc/s]
  scidocs:  51%|█████▏    | 13.2k/25.7k [05:01<04:48, 43.1doc/s]
  scidocs:  52%|█████▏    | 13.2k/25.7k [05:02<04:53, 42.4doc/s]
  scidocs:  52%|█████▏    | 13.2k/25.7k [05:02<04:54, 42.2doc/s]
  scidocs:  52%|█████▏    | 13.2k/25.7k [05:02<04:54, 42.2doc/s]
  scidocs:  52%|█████▏    | 13.2k/25.7k [05:02<04:52, 42.4doc/s]
  scidocs:  52%|█████▏    | 13.2k/25.7k [05:02<04:51, 42.6doc/s]
  scidocs:  52%|█████▏    | 13.3k/25.7k [05:03<04:48, 42.9doc/s]
  scidocs:  52%|█████▏    | 13.3k/25.7k [05:03<04:46, 43.3doc/s]
  scidocs:  52%|█████▏    | 13.3k/25.7k [05:03<04:47, 43.1doc/s]
  scidocs:  52%|█████▏    | 13.3k/25.7k [05:03<04:47, 43.0doc/s]
  scidocs:  52%|█████▏    | 13.3k/25.7k [05:03<04:45, 43.3doc/s]
  scidocs:  52%|█████▏    | 13.3k/25.7k [05:04<04:43, 43.6doc/s]
  scidocs:  52%|█████▏    | 13.3k/25.7k [05:04<04:48, 42.8doc/s]
  scidocs:  52%|█████▏    | 13.3k/25.7k [05:04<04:53, 42.1doc/s]
  scidocs:  52%|█████▏    | 13.3k/25.7k [05:04<04:52, 42.2doc/s]
  scidocs:  52%|█████▏    | 13.3k/25.7k [05:04<04:50, 42.4doc/s]
  scidocs:  52%|█████▏    | 13.3k/25.7k [05:05<04:49, 42.6doc/s]
  scidocs:  52%|█████▏    | 13.3k/25.7k [05:05<04:45, 43.1doc/s]
  scidocs:  52%|█████▏    | 13.4k/25.7k [05:05<04:48, 42.7doc/s]
  scidocs:  52%|█████▏    | 13.4k/25.7k [05:05<04:50, 42.4doc/s]
  scidocs:  52%|█████▏    | 13.4k/25.7k [05:05<04:51, 42.2doc/s]
  scidocs:  52%|█████▏    | 13.4k/25.7k [05:05<04:48, 42.5doc/s]
  scidocs:  52%|█████▏    | 13.4k/25.7k [05:06<04:46, 42.8doc/s]
  scidocs:  52%|█████▏    | 13.4k/25.7k [05:06<04:44, 43.0doc/s]
  scidocs:  52%|█████▏    | 13.4k/25.7k [05:06<04:45, 42.9doc/s]
  scidocs:  52%|█████▏    | 13.4k/25.7k [05:06<04:44, 43.1doc/s]
  scidocs:  52%|█████▏    | 13.4k/25.7k [05:06<04:42, 43.3doc/s]
  scidocs:  52%|█████▏    | 13.4k/25.7k [05:07<04:42, 43.3doc/s]
  scidocs:  52%|█████▏    | 13.4k/25.7k [05:07<04:41, 43.5doc/s]
  scidocs:  52%|█████▏    | 13.4k/25.7k [05:07<04:41, 43.5doc/s]
  scidocs:  52%|█████▏    | 13.4k/25.7k [05:07<04:40, 43.5doc/s]
  scidocs:  52%|█████▏    | 13.5k/25.7k [05:07<04:40, 43.6doc/s]
  scidocs:  52%|█████▏    | 13.5k/25.7k [05:07<04:39, 43.7doc/s]
  scidocs:  53%|█████▎    | 13.5k/25.7k [05:08<04:38, 43.8doc/s]
  scidocs:  53%|█████▎    | 13.5k/25.7k [05:08<04:42, 43.1doc/s]
  scidocs:  53%|█████▎    | 13.5k/25.7k [05:08<04:46, 42.5doc/s]
  scidocs:  53%|█████▎    | 13.5k/25.7k [05:08<04:44, 42.7doc/s]
  scidocs:  53%|█████▎    | 13.5k/25.7k [05:08<04:44, 42.7doc/s]
  scidocs:  53%|█████▎    | 13.5k/25.7k [05:09<04:43, 42.8doc/s]
  scidocs:  53%|█████▎    | 13.5k/25.7k [05:09<04:42, 43.0doc/s]
  scidocs:  53%|█████▎    | 13.5k/25.7k [05:09<04:39, 43.3doc/s]
  scidocs:  53%|█████▎    | 13.5k/25.7k [05:09<04:39, 43.3doc/s]
  scidocs:  53%|█████▎    | 13.5k/25.7k [05:09<04:38, 43.5doc/s]
  scidocs:  53%|█████▎    | 13.6k/25.7k [05:10<04:38, 43.5doc/s]
  scidocs:  53%|█████▎    | 13.6k/25.7k [05:10<04:38, 43.4doc/s]
  scidocs:  53%|█████▎    | 13.6k/25.7k [05:10<04:38, 43.4doc/s]
  scidocs:  53%|█████▎    | 13.6k/25.7k [05:10<04:38, 43.5doc/s]
  scidocs:  53%|█████▎    | 13.6k/25.7k [05:10<04:38, 43.4doc/s]
  scidocs:  53%|█████▎    | 13.6k/25.7k [05:10<04:38, 43.3doc/s]
  scidocs:  53%|█████▎    | 13.6k/25.7k [05:11<04:36, 43.5doc/s]
  scidocs:  53%|█████▎    | 13.6k/25.7k [05:11<04:37, 43.4doc/s]
  scidocs:  53%|█████▎    | 13.6k/25.7k [05:11<04:36, 43.5doc/s]
  scidocs:  53%|█████▎    | 13.6k/25.7k [05:11<04:36, 43.5doc/s]
  scidocs:  53%|█████▎    | 13.6k/25.7k [05:11<04:35, 43.6doc/s]
  scidocs:  53%|█████▎    | 13.6k/25.7k [05:12<04:33, 44.0doc/s]
  scidocs:  53%|█████▎    | 13.6k/25.7k [05:12<04:33, 43.9doc/s]
  scidocs:  53%|█████▎    | 13.7k/25.7k [05:12<04:34, 43.6doc/s]
  scidocs:  53%|█████▎    | 13.7k/25.7k [05:12<04:35, 43.6doc/s]
  scidocs:  53%|█████▎    | 13.7k/25.7k [05:12<04:33, 43.8doc/s]
  scidocs:  53%|█████▎    | 13.7k/25.7k [05:12<04:35, 43.4doc/s]
  scidocs:  53%|█████▎    | 13.7k/25.7k [05:13<04:39, 42.8doc/s]
  scidocs:  53%|█████▎    | 13.7k/25.7k [05:13<04:40, 42.6doc/s]
  scidocs:  53%|█████▎    | 13.7k/25.7k [05:13<04:40, 42.7doc/s]
  scidocs:  53%|█████▎    | 13.7k/25.7k [05:13<04:36, 43.2doc/s]
  scidocs:  53%|█████▎    | 13.7k/25.7k [05:13<04:32, 43.7doc/s]
  scidocs:  54%|█████▎    | 13.7k/25.7k [05:14<04:31, 44.0doc/s]
  scidocs:  54%|█████▎    | 13.7k/25.7k [05:14<04:31, 44.0doc/s]
  scidocs:  54%|█████▎    | 13.7k/25.7k [05:14<04:33, 43.6doc/s]
  scidocs:  54%|█████▎    | 13.8k/25.7k [05:14<04:33, 43.6doc/s]
  scidocs:  54%|█████▎    | 13.8k/25.7k [05:14<04:35, 43.2doc/s]
  scidocs:  54%|█████▎    | 13.8k/25.7k [05:14<04:37, 42.9doc/s]
  scidocs:  54%|█████▎    | 13.8k/25.7k [05:15<04:39, 42.5doc/s]
  scidocs:  54%|█████▎    | 13.8k/25.7k [05:15<04:40, 42.3doc/s]
  scidocs:  54%|█████▍    | 13.8k/25.7k [05:15<04:39, 42.4doc/s]
  scidocs:  54%|█████▍    | 13.8k/25.7k [05:15<04:39, 42.5doc/s]
  scidocs:  54%|█████▍    | 13.8k/25.7k [05:15<04:37, 42.7doc/s]
  scidocs:  54%|█████▍    | 13.8k/25.7k [05:16<04:35, 43.0doc/s]
  scidocs:  54%|█████▍    | 13.8k/25.7k [05:16<04:34, 43.1doc/s]
  scidocs:  54%|█████▍    | 13.8k/25.7k [05:16<04:34, 43.1doc/s]
  scidocs:  54%|█████▍    | 13.8k/25.7k [05:16<04:33, 43.2doc/s]
  scidocs:  54%|█████▍    | 13.8k/25.7k [05:16<04:32, 43.3doc/s]
  scidocs:  54%|█████▍    | 13.9k/25.7k [05:17<04:31, 43.4doc/s]
  scidocs:  54%|█████▍    | 13.9k/25.7k [05:17<04:31, 43.5doc/s]
  scidocs:  54%|█████▍    | 13.9k/25.7k [05:17<04:32, 43.3doc/s]
  scidocs:  54%|█████▍    | 13.9k/25.7k [05:17<04:31, 43.4doc/s]
  scidocs:  54%|█████▍    | 13.9k/25.7k [05:17<04:29, 43.6doc/s]
  scidocs:  54%|█████▍    | 13.9k/25.7k [05:17<04:34, 42.8doc/s]
  scidocs:  54%|█████▍    | 13.9k/25.7k [05:18<04:36, 42.6doc/s]
  scidocs:  54%|█████▍    | 13.9k/25.7k [05:18<04:33, 42.9doc/s]
  scidocs:  54%|█████▍    | 13.9k/25.7k [05:18<04:32, 43.1doc/s]
  scidocs:  54%|█████▍    | 13.9k/25.7k [05:18<04:29, 43.6doc/s]
  scidocs:  54%|█████▍    | 13.9k/25.7k [05:18<04:32, 43.0doc/s]
  scidocs:  54%|█████▍    | 13.9k/25.7k [05:19<04:34, 42.6doc/s]
  scidocs:  54%|█████▍    | 14.0k/25.7k [05:19<04:34, 42.6doc/s]
  scidocs:  54%|█████▍    | 14.0k/25.7k [05:19<04:32, 42.9doc/s]
  scidocs:  54%|█████▍    | 14.0k/25.7k [05:19<04:30, 43.2doc/s]
  scidocs:  54%|█████▍    | 14.0k/25.7k [05:19<04:28, 43.5doc/s]
  scidocs:  55%|█████▍    | 14.0k/25.7k [05:20<04:29, 43.4doc/s]
  scidocs:  55%|█████▍    | 14.0k/25.7k [05:20<04:29, 43.3doc/s]
  scidocs:  55%|█████▍    | 14.0k/25.7k [05:20<04:28, 43.4doc/s]
  scidocs:  55%|█████▍    | 14.0k/25.7k [05:20<04:29, 43.3doc/s]
  scidocs:  55%|█████▍    | 14.0k/25.7k [05:20<04:28, 43.4doc/s]
  scidocs:  55%|█████▍    | 14.0k/25.7k [05:20<04:27, 43.5doc/s]
  scidocs:  55%|█████▍    | 14.0k/25.7k [05:21<04:27, 43.4doc/s]
  scidocs:  55%|█████▍    | 14.0k/25.7k [05:21<04:26, 43.6doc/s]
  scidocs:  55%|█████▍    | 14.0k/25.7k [05:21<04:26, 43.6doc/s]
  scidocs:  55%|█████▍    | 14.1k/25.7k [05:21<04:23, 44.0doc/s]
  scidocs:  55%|█████▍    | 14.1k/25.7k [05:21<04:22, 44.1doc/s]
  scidocs:  55%|█████▍    | 14.1k/25.7k [05:22<04:21, 44.4doc/s]
  scidocs:  55%|█████▍    | 14.1k/25.7k [05:22<04:22, 44.1doc/s]
  scidocs:  55%|█████▍    | 14.1k/25.7k [05:22<04:23, 43.9doc/s]
  scidocs:  55%|█████▍    | 14.1k/25.7k [05:22<04:23, 43.8doc/s]
  scidocs:  55%|█████▍    | 14.1k/25.7k [05:22<04:23, 43.8doc/s]
  scidocs:  55%|█████▌    | 14.1k/25.7k [05:22<04:24, 43.6doc/s]
  scidocs:  55%|█████▌    | 14.1k/25.7k [05:23<04:24, 43.6doc/s]
  scidocs:  55%|█████▌    | 14.1k/25.7k [05:23<04:22, 43.9doc/s]
  scidocs:  55%|█████▌    | 14.1k/25.7k [05:23<04:23, 43.8doc/s]
  scidocs:  55%|█████▌    | 14.1k/25.7k [05:23<04:22, 43.9doc/s]
  scidocs:  55%|█████▌    | 14.2k/25.7k [05:23<04:22, 43.7doc/s]
  scidocs:  55%|█████▌    | 14.2k/25.7k [05:24<04:21, 43.9doc/s]
  scidocs:  55%|█████▌    | 14.2k/25.7k [05:24<04:19, 44.3doc/s]
  scidocs:  55%|█████▌    | 14.2k/25.7k [05:24<04:19, 44.2doc/s]
  scidocs:  55%|█████▌    | 14.2k/25.7k [05:24<04:21, 43.9doc/s]
  scidocs:  55%|█████▌    | 14.2k/25.7k [05:24<04:21, 43.8doc/s]
  scidocs:  55%|█████▌    | 14.2k/25.7k [05:24<04:22, 43.6doc/s]
  scidocs:  55%|█████▌    | 14.2k/25.7k [05:25<04:23, 43.4doc/s]
  scidocs:  55%|█████▌    | 14.2k/25.7k [05:25<04:23, 43.4doc/s]
  scidocs:  55%|█████▌    | 14.2k/25.7k [05:25<04:24, 43.2doc/s]
  scidocs:  55%|█████▌    | 14.2k/25.7k [05:25<04:23, 43.3doc/s]
  scidocs:  56%|█████▌    | 14.2k/25.7k [05:25<04:23, 43.3doc/s]
  scidocs:  56%|█████▌    | 14.2k/25.7k [05:26<04:24, 43.2doc/s]
  scidocs:  56%|█████▌    | 14.3k/25.7k [05:26<04:24, 43.0doc/s]
  scidocs:  56%|█████▌    | 14.3k/25.7k [05:26<04:25, 43.0doc/s]
  scidocs:  56%|█████▌    | 14.3k/25.7k [05:26<04:25, 42.9doc/s]
  scidocs:  56%|█████▌    | 14.3k/25.7k [05:26<04:24, 43.0doc/s]
  scidocs:  56%|█████▌    | 14.3k/25.7k [05:26<04:24, 43.0doc/s]
  scidocs:  56%|█████▌    | 14.3k/25.7k [05:27<04:23, 43.1doc/s]
  scidocs:  56%|█████▌    | 14.3k/25.7k [05:27<04:23, 43.1doc/s]
  scidocs:  56%|█████▌    | 14.3k/25.7k [05:27<04:23, 43.1doc/s]
  scidocs:  56%|█████▌    | 14.3k/25.7k [05:27<04:23, 43.1doc/s]
  scidocs:  56%|█████▌    | 14.3k/25.7k [05:27<04:23, 43.0doc/s]
  scidocs:  56%|█████▌    | 14.3k/25.7k [05:28<04:23, 42.9doc/s]
  scidocs:  56%|█████▌    | 14.3k/25.7k [05:28<04:23, 42.9doc/s]
  scidocs:  56%|█████▌    | 14.4k/25.7k [05:28<04:23, 42.9doc/s]
  scidocs:  56%|█████▌    | 14.4k/25.7k [05:28<04:23, 42.9doc/s]
  scidocs:  56%|█████▌    | 14.4k/25.7k [05:28<04:22, 42.9doc/s]
  scidocs:  56%|█████▌    | 14.4k/25.7k [05:29<04:23, 42.9doc/s]
  scidocs:  56%|█████▌    | 14.4k/25.7k [05:29<04:23, 42.8doc/s]
  scidocs:  56%|█████▌    | 14.4k/25.7k [05:29<04:23, 42.7doc/s]
  scidocs:  56%|█████▌    | 14.4k/25.7k [05:29<04:23, 42.7doc/s]
  scidocs:  56%|█████▌    | 14.4k/25.7k [05:29<04:21, 42.9doc/s]
  scidocs:  56%|█████▌    | 14.4k/25.7k [05:29<04:20, 43.1doc/s]
  scidocs:  56%|█████▌    | 14.4k/25.7k [05:30<04:21, 43.0doc/s]
  scidocs:  56%|█████▌    | 14.4k/25.7k [05:30<04:21, 43.0doc/s]
  scidocs:  56%|█████▋    | 14.4k/25.7k [05:30<04:20, 43.0doc/s]
  scidocs:  56%|█████▋    | 14.4k/25.7k [05:30<04:19, 43.2doc/s]
  scidocs:  56%|█████▋    | 14.5k/25.7k [05:30<04:17, 43.5doc/s]
  scidocs:  56%|█████▋    | 14.5k/25.7k [05:31<04:15, 43.8doc/s]
  scidocs:  56%|█████▋    | 14.5k/25.7k [05:31<04:14, 44.0doc/s]
  scidocs:  56%|█████▋    | 14.5k/25.7k [05:31<04:15, 43.8doc/s]
  scidocs:  56%|█████▋    | 14.5k/25.7k [05:31<04:13, 44.1doc/s]
  scidocs:  56%|█████▋    | 14.5k/25.7k [05:31<04:15, 43.7doc/s]
  scidocs:  57%|█████▋    | 14.5k/25.7k [05:31<04:18, 43.1doc/s]
  scidocs:  57%|█████▋    | 14.5k/25.7k [05:32<04:21, 42.7doc/s]
  scidocs:  57%|█████▋    | 14.5k/25.7k [05:32<04:21, 42.6doc/s]
  scidocs:  57%|█████▋    | 14.5k/25.7k [05:32<04:19, 42.9doc/s]
  scidocs:  57%|█████▋    | 14.5k/25.7k [05:32<04:18, 43.1doc/s]
  scidocs:  57%|█████▋    | 14.5k/25.7k [05:32<04:17, 43.2doc/s]
  scidocs:  57%|█████▋    | 14.6k/25.7k [05:33<04:17, 43.1doc/s]
  scidocs:  57%|█████▋    | 14.6k/25.7k [05:33<04:17, 43.1doc/s]
  scidocs:  57%|█████▋    | 14.6k/25.7k [05:33<04:16, 43.2doc/s]
  scidocs:  57%|█████▋    | 14.6k/25.7k [05:33<04:14, 43.6doc/s]
  scidocs:  57%|█████▋    | 14.6k/25.7k [05:33<04:17, 43.1doc/s]
  scidocs:  57%|█████▋    | 14.6k/25.7k [05:34<04:21, 42.3doc/s]
  scidocs:  57%|█████▋    | 14.6k/25.7k [05:34<04:21, 42.2doc/s]
  scidocs:  57%|█████▋    | 14.6k/25.7k [05:34<04:20, 42.4doc/s]
  scidocs:  57%|█████▋    | 14.6k/25.7k [05:34<04:20, 42.3doc/s]
  scidocs:  57%|█████▋    | 14.6k/25.7k [05:34<04:18, 42.6doc/s]
  scidocs:  57%|█████▋    | 14.6k/25.7k [05:34<04:15, 43.1doc/s]
  scidocs:  57%|█████▋    | 14.6k/25.7k [05:35<04:12, 43.6doc/s]
  scidocs:  57%|█████▋    | 14.6k/25.7k [05:35<04:12, 43.6doc/s]
  scidocs:  57%|█████▋    | 14.7k/25.7k [05:35<04:11, 43.7doc/s]
  scidocs:  57%|█████▋    | 14.7k/25.7k [05:35<04:11, 43.7doc/s]
  scidocs:  57%|█████▋    | 14.7k/25.7k [05:35<04:12, 43.5doc/s]
  scidocs:  57%|█████▋    | 14.7k/25.7k [05:36<04:12, 43.5doc/s]
  scidocs:  57%|█████▋    | 14.7k/25.7k [05:36<04:11, 43.6doc/s]
  scidocs:  57%|█████▋    | 14.7k/25.7k [05:36<04:11, 43.7doc/s]
  scidocs:  57%|█████▋    | 14.7k/25.7k [05:36<04:11, 43.5doc/s]
  scidocs:  57%|█████▋    | 14.7k/25.7k [05:36<04:12, 43.4doc/s]
  scidocs:  57%|█████▋    | 14.7k/25.7k [05:36<04:11, 43.4doc/s]
  scidocs:  57%|█████▋    | 14.7k/25.7k [05:37<04:11, 43.4doc/s]
  scidocs:  57%|█████▋    | 14.7k/25.7k [05:37<04:11, 43.5doc/s]
  scidocs:  57%|█████▋    | 14.7k/25.7k [05:37<04:10, 43.5doc/s]
  scidocs:  57%|█████▋    | 14.8k/25.7k [05:37<04:08, 43.9doc/s]
  scidocs:  58%|█████▊    | 14.8k/25.7k [05:37<04:07, 43.9doc/s]
  scidocs:  58%|█████▊    | 14.8k/25.7k [05:38<04:09, 43.7doc/s]
  scidocs:  58%|█████▊    | 14.8k/25.7k [05:38<04:08, 43.8doc/s]
  scidocs:  58%|█████▊    | 14.8k/25.7k [05:38<04:07, 44.0doc/s]
  scidocs:  58%|█████▊    | 14.8k/25.7k [05:38<04:06, 44.1doc/s]
  scidocs:  58%|█████▊    | 14.8k/25.7k [05:38<04:05, 44.2doc/s]
  scidocs:  58%|█████▊    | 14.8k/25.7k [05:38<04:07, 43.9doc/s]
  scidocs:  58%|█████▊    | 14.8k/25.7k [05:39<04:08, 43.7doc/s]
  scidocs:  58%|█████▊    | 14.8k/25.7k [05:39<04:08, 43.6doc/s]
  scidocs:  58%|█████▊    | 14.8k/25.7k [05:39<04:09, 43.4doc/s]
  scidocs:  58%|█████▊    | 14.8k/25.7k [05:39<04:10, 43.2doc/s]
  scidocs:  58%|█████▊    | 14.8k/25.7k [05:39<04:10, 43.1doc/s]
  scidocs:  58%|█████▊    | 14.9k/25.7k [05:40<04:09, 43.2doc/s]
  scidocs:  58%|█████▊    | 14.9k/25.7k [05:40<04:09, 43.3doc/s]
  scidocs:  58%|█████▊    | 14.9k/25.7k [05:40<04:09, 43.3doc/s]
  scidocs:  58%|█████▊    | 14.9k/25.7k [05:40<04:08, 43.4doc/s]
  scidocs:  58%|█████▊    | 14.9k/25.7k [05:40<04:07, 43.5doc/s]
  scidocs:  58%|█████▊    | 14.9k/25.7k [05:41<04:05, 43.9doc/s]
  scidocs:  58%|█████▊    | 14.9k/25.7k [05:41<04:08, 43.4doc/s]
  scidocs:  58%|█████▊    | 14.9k/25.7k [05:41<04:10, 43.0doc/s]
  scidocs:  58%|█████▊    | 14.9k/25.7k [05:41<04:11, 42.7doc/s]
  scidocs:  58%|█████▊    | 14.9k/25.7k [05:41<04:09, 43.0doc/s]
  scidocs:  58%|█████▊    | 14.9k/25.7k [05:41<04:07, 43.3doc/s]
  scidocs:  58%|█████▊    | 14.9k/25.7k [05:42<04:06, 43.5doc/s]
  scidocs:  58%|█████▊    | 15.0k/25.7k [05:42<04:11, 42.6doc/s]
  scidocs:  58%|█████▊    | 15.0k/25.7k [05:42<04:10, 42.7doc/s]
  scidocs:  58%|█████▊    | 15.0k/25.7k [05:42<04:10, 42.7doc/s]
  scidocs:  58%|█████▊    | 15.0k/25.7k [05:42<04:08, 42.9doc/s]
  scidocs:  58%|█████▊    | 15.0k/25.7k [05:43<04:05, 43.6doc/s]
  scidocs:  58%|█████▊    | 15.0k/25.7k [05:43<04:04, 43.6doc/s]
  scidocs:  58%|█████▊    | 15.0k/25.7k [05:43<04:06, 43.2doc/s]
  scidocs:  58%|█████▊    | 15.0k/25.7k [05:43<04:08, 42.9doc/s]
  scidocs:  59%|█████▊    | 15.0k/25.7k [05:43<04:08, 42.8doc/s]
  scidocs:  59%|█████▊    | 15.0k/25.7k [05:44<04:07, 42.9doc/s]
  scidocs:  59%|█████▊    | 15.0k/25.7k [05:44<04:06, 43.2doc/s]
  scidocs:  59%|█████▊    | 15.0k/25.7k [05:44<04:04, 43.4doc/s]
  scidocs:  59%|█████▊    | 15.0k/25.7k [05:44<04:03, 43.7doc/s]
  scidocs:  59%|█████▊    | 15.1k/25.7k [05:44<04:03, 43.5doc/s]
  scidocs:  59%|█████▊    | 15.1k/25.7k [05:44<04:02, 43.7doc/s]
  scidocs:  59%|█████▊    | 15.1k/25.7k [05:45<04:01, 43.8doc/s]
  scidocs:  59%|█████▉    | 15.1k/25.7k [05:45<04:01, 43.7doc/s]
  scidocs:  59%|█████▉    | 15.1k/25.7k [05:45<04:01, 43.7doc/s]
  scidocs:  59%|█████▉    | 15.1k/25.7k [05:45<04:01, 43.8doc/s]
  scidocs:  59%|█████▉    | 15.1k/25.7k [05:45<03:58, 44.2doc/s]
  scidocs:  59%|█████▉    | 15.1k/25.7k [05:46<03:57, 44.4doc/s]
  scidocs:  59%|█████▉    | 15.1k/25.7k [05:46<03:57, 44.4doc/s]
  scidocs:  59%|█████▉    | 15.1k/25.7k [05:46<03:58, 44.2doc/s]
  scidocs:  59%|█████▉    | 15.1k/25.7k [05:46<03:59, 43.9doc/s]
  scidocs:  59%|█████▉    | 15.1k/25.7k [05:46<03:59, 43.8doc/s]
  scidocs:  59%|█████▉    | 15.2k/25.7k [05:46<04:01, 43.5doc/s]
  scidocs:  59%|█████▉    | 15.2k/25.7k [05:47<04:01, 43.4doc/s]
  scidocs:  59%|█████▉    | 15.2k/25.7k [05:47<04:02, 43.3doc/s]
  scidocs:  59%|█████▉    | 15.2k/25.7k [05:47<04:03, 43.1doc/s]
  scidocs:  59%|█████▉    | 15.2k/25.7k [05:47<04:03, 43.1doc/s]
  scidocs:  59%|█████▉    | 15.2k/25.7k [05:47<04:02, 43.2doc/s]
  scidocs:  59%|█████▉    | 15.2k/25.7k [05:48<04:01, 43.3doc/s]
  scidocs:  59%|█████▉    | 15.2k/25.7k [05:48<04:02, 43.2doc/s]
  scidocs:  59%|█████▉    | 15.2k/25.7k [05:48<03:59, 43.6doc/s]
  scidocs:  59%|█████▉    | 15.2k/25.7k [05:48<03:59, 43.6doc/s]
  scidocs:  59%|█████▉    | 15.2k/25.7k [05:48<03:59, 43.6doc/s]
  scidocs:  59%|█████▉    | 15.2k/25.7k [05:48<03:59, 43.5doc/s]
  scidocs:  59%|█████▉    | 15.2k/25.7k [05:49<03:57, 43.8doc/s]
  scidocs:  59%|█████▉    | 15.3k/25.7k [05:49<03:56, 43.9doc/s]
  scidocs:  59%|█████▉    | 15.3k/25.7k [05:49<03:59, 43.5doc/s]
  scidocs:  60%|█████▉    | 15.3k/25.7k [05:49<04:00, 43.1doc/s]
  scidocs:  60%|█████▉    | 15.3k/25.7k [05:49<04:01, 43.0doc/s]
  scidocs:  60%|█████▉    | 15.3k/25.7k [05:50<03:59, 43.3doc/s]
  scidocs:  60%|█████▉    | 15.3k/25.7k [05:50<03:56, 43.8doc/s]
  scidocs:  60%|█████▉    | 15.3k/25.7k [05:50<03:55, 44.0doc/s]
  scidocs:  60%|█████▉    | 15.3k/25.7k [05:50<03:54, 44.0doc/s]
  scidocs:  60%|█████▉    | 15.3k/25.7k [05:50<03:55, 43.9doc/s]
  scidocs:  60%|█████▉    | 15.3k/25.7k [05:50<03:57, 43.6doc/s]
  scidocs:  60%|█████▉    | 15.3k/25.7k [05:51<03:56, 43.7doc/s]
  scidocs:  60%|█████▉    | 15.3k/25.7k [05:51<03:56, 43.6doc/s]
  scidocs:  60%|█████▉    | 15.4k/25.7k [05:51<03:56, 43.6doc/s]
  scidocs:  60%|█████▉    | 15.4k/25.7k [05:51<03:57, 43.4doc/s]
  scidocs:  60%|█████▉    | 15.4k/25.7k [05:51<03:56, 43.5doc/s]
  scidocs:  60%|█████▉    | 15.4k/25.7k [05:52<03:56, 43.4doc/s]
  scidocs:  60%|█████▉    | 15.4k/25.7k [05:52<03:57, 43.3doc/s]
  scidocs:  60%|█████▉    | 15.4k/25.7k [05:52<03:56, 43.4doc/s]
  scidocs:  60%|██████    | 15.4k/25.7k [05:52<03:56, 43.4doc/s]
  scidocs:  60%|██████    | 15.4k/25.7k [05:52<03:56, 43.3doc/s]
  scidocs:  60%|██████    | 15.4k/25.7k [05:52<03:55, 43.4doc/s]
  scidocs:  60%|██████    | 15.4k/25.7k [05:53<03:56, 43.3doc/s]
  scidocs:  60%|██████    | 15.4k/25.7k [05:53<03:56, 43.3doc/s]
  scidocs:  60%|██████    | 15.4k/25.7k [05:53<03:56, 43.3doc/s]
  scidocs:  60%|██████    | 15.4k/25.7k [05:53<03:55, 43.3doc/s]
  scidocs:  60%|██████    | 15.5k/25.7k [05:53<03:54, 43.4doc/s]
  scidocs:  60%|██████    | 15.5k/25.7k [05:54<03:55, 43.4doc/s]
  scidocs:  60%|██████    | 15.5k/25.7k [05:54<03:55, 43.2doc/s]
  scidocs:  60%|██████    | 15.5k/25.7k [05:54<03:54, 43.5doc/s]
  scidocs:  60%|██████    | 15.5k/25.7k [05:54<03:54, 43.4doc/s]
  scidocs:  60%|██████    | 15.5k/25.7k [05:54<03:53, 43.6doc/s]
  scidocs:  60%|██████    | 15.5k/25.7k [05:55<03:56, 43.0doc/s]
  scidocs:  60%|██████    | 15.5k/25.7k [05:55<03:56, 42.8doc/s]
  scidocs:  60%|██████    | 15.5k/25.7k [05:55<03:57, 42.7doc/s]
  scidocs:  61%|██████    | 15.5k/25.7k [05:55<03:56, 42.9doc/s]
  scidocs:  61%|██████    | 15.5k/25.7k [05:55<03:53, 43.3doc/s]
  scidocs:  61%|██████    | 15.5k/25.7k [05:55<03:50, 43.9doc/s]
  scidocs:  61%|██████    | 15.6k/25.7k [05:56<03:48, 44.1doc/s]
  scidocs:  61%|██████    | 15.6k/25.7k [05:56<03:49, 43.9doc/s]
  scidocs:  61%|██████    | 15.6k/25.7k [05:56<03:52, 43.4doc/s]
  scidocs:  61%|██████    | 15.6k/25.7k [05:56<03:52, 43.3doc/s]
  scidocs:  61%|██████    | 15.6k/25.7k [05:56<03:52, 43.2doc/s]
  scidocs:  61%|██████    | 15.6k/25.7k [05:57<03:52, 43.3doc/s]
  scidocs:  61%|██████    | 15.6k/25.7k [05:57<03:51, 43.4doc/s]
  scidocs:  61%|██████    | 15.6k/25.7k [05:57<03:50, 43.5doc/s]
  scidocs:  61%|██████    | 15.6k/25.7k [05:57<03:50, 43.5doc/s]
  scidocs:  61%|██████    | 15.6k/25.7k [05:57<03:50, 43.5doc/s]
  scidocs:  61%|██████    | 15.6k/25.7k [05:57<03:51, 43.3doc/s]
  scidocs:  61%|██████    | 15.6k/25.7k [05:58<03:50, 43.4doc/s]
  scidocs:  61%|██████    | 15.6k/25.7k [05:58<03:51, 43.3doc/s]
  scidocs:  61%|██████    | 15.7k/25.7k [05:58<03:50, 43.4doc/s]
  scidocs:  61%|██████    | 15.7k/25.7k [05:58<03:52, 43.0doc/s]
  scidocs:  61%|██████    | 15.7k/25.7k [05:58<03:53, 42.7doc/s]
  scidocs:  61%|██████    | 15.7k/25.7k [05:59<03:55, 42.4doc/s]
  scidocs:  61%|██████    | 15.7k/25.7k [05:59<03:52, 42.8doc/s]
  scidocs:  61%|██████    | 15.7k/25.7k [05:59<03:49, 43.4doc/s]
  scidocs:  61%|██████    | 15.7k/25.7k [05:59<03:50, 43.1doc/s]
  scidocs:  61%|██████    | 15.7k/25.7k [05:59<03:53, 42.6doc/s]
  scidocs:  61%|██████▏   | 15.7k/25.7k [06:00<03:54, 42.3doc/s]
  scidocs:  61%|██████▏   | 15.7k/25.7k [06:00<03:54, 42.4doc/s]
  scidocs:  61%|██████▏   | 15.7k/25.7k [06:00<03:52, 42.6doc/s]
  scidocs:  61%|██████▏   | 15.7k/25.7k [06:00<03:51, 42.8doc/s]
  scidocs:  61%|██████▏   | 15.8k/25.7k [06:00<03:50, 43.0doc/s]
  scidocs:  61%|██████▏   | 15.8k/25.7k [06:00<03:53, 42.4doc/s]
  scidocs:  61%|██████▏   | 15.8k/25.7k [06:01<03:54, 42.2doc/s]
  scidocs:  61%|██████▏   | 15.8k/25.7k [06:01<03:54, 42.2doc/s]
  scidocs:  62%|██████▏   | 15.8k/25.7k [06:01<03:51, 42.7doc/s]
  scidocs:  62%|██████▏   | 15.8k/25.7k [06:01<03:49, 42.9doc/s]
  scidocs:  62%|██████▏   | 15.8k/25.7k [06:01<03:47, 43.3doc/s]
  scidocs:  62%|██████▏   | 15.8k/25.7k [06:02<03:47, 43.3doc/s]
  scidocs:  62%|██████▏   | 15.8k/25.7k [06:02<03:48, 43.1doc/s]
  scidocs:  62%|██████▏   | 15.8k/25.7k [06:02<03:47, 43.2doc/s]
  scidocs:  62%|██████▏   | 15.8k/25.7k [06:02<03:46, 43.4doc/s]
  scidocs:  62%|██████▏   | 15.8k/25.7k [06:02<03:44, 43.7doc/s]
  scidocs:  62%|██████▏   | 15.8k/25.7k [06:02<03:43, 43.9doc/s]
  scidocs:  62%|██████▏   | 15.9k/25.7k [06:03<03:44, 43.7doc/s]
  scidocs:  62%|██████▏   | 15.9k/25.7k [06:03<03:43, 43.7doc/s]
  scidocs:  62%|██████▏   | 15.9k/25.7k [06:03<03:44, 43.6doc/s]
  scidocs:  62%|██████▏   | 15.9k/25.7k [06:03<03:44, 43.6doc/s]
  scidocs:  62%|██████▏   | 15.9k/25.7k [06:03<03:45, 43.3doc/s]
  scidocs:  62%|██████▏   | 15.9k/25.7k [06:04<03:45, 43.3doc/s]
  scidocs:  62%|██████▏   | 15.9k/25.7k [06:04<03:45, 43.3doc/s]
  scidocs:  62%|██████▏   | 15.9k/25.7k [06:04<03:44, 43.4doc/s]
  scidocs:  62%|██████▏   | 15.9k/25.7k [06:04<03:45, 43.3doc/s]
  scidocs:  62%|██████▏   | 15.9k/25.7k [06:04<03:44, 43.3doc/s]
  scidocs:  62%|██████▏   | 15.9k/25.7k [06:05<03:44, 43.2doc/s]
  scidocs:  62%|██████▏   | 15.9k/25.7k [06:05<03:46, 42.9doc/s]
  scidocs:  62%|██████▏   | 16.0k/25.7k [06:05<03:46, 42.9doc/s]
  scidocs:  62%|██████▏   | 16.0k/25.7k [06:05<03:45, 43.0doc/s]
  scidocs:  62%|██████▏   | 16.0k/25.7k [06:05<03:44, 43.2doc/s]
  scidocs:  62%|██████▏   | 16.0k/25.7k [06:05<03:44, 43.0doc/s]
  scidocs:  62%|██████▏   | 16.0k/25.7k [06:06<03:45, 42.8doc/s]
  scidocs:  62%|██████▏   | 16.0k/25.7k [06:06<03:44, 43.0doc/s]
  scidocs:  62%|██████▏   | 16.0k/25.7k [06:06<03:44, 43.0doc/s]
  scidocs:  62%|██████▏   | 16.0k/25.7k [06:06<03:43, 43.1doc/s]
  scidocs:  62%|██████▏   | 16.0k/25.7k [06:06<03:43, 43.1doc/s]
  scidocs:  62%|██████▏   | 16.0k/25.7k [06:07<03:43, 43.1doc/s]
  scidocs:  62%|██████▏   | 16.0k/25.7k [06:07<03:42, 43.2doc/s]
  scidocs:  63%|██████▎   | 16.0k/25.7k [06:07<03:40, 43.6doc/s]
  scidocs:  63%|██████▎   | 16.0k/25.7k [06:07<03:43, 42.9doc/s]
  scidocs:  63%|██████▎   | 16.1k/25.7k [06:07<03:46, 42.4doc/s]
  scidocs:  63%|██████▎   | 16.1k/25.7k [06:08<03:46, 42.3doc/s]
  scidocs:  63%|██████▎   | 16.1k/25.7k [06:08<03:45, 42.4doc/s]
  scidocs:  63%|██████▎   | 16.1k/25.7k [06:08<03:45, 42.5doc/s]
  scidocs:  63%|██████▎   | 16.1k/25.7k [06:08<03:44, 42.6doc/s]
  scidocs:  63%|██████▎   | 16.1k/25.7k [06:08<03:42, 42.9doc/s]
  scidocs:  63%|██████▎   | 16.1k/25.7k [06:08<03:40, 43.3doc/s]
  scidocs:  63%|██████▎   | 16.1k/25.7k [06:09<03:40, 43.2doc/s]
  scidocs:  63%|██████▎   | 16.1k/25.7k [06:09<03:39, 43.4doc/s]
  scidocs:  63%|██████▎   | 16.1k/25.7k [06:09<03:37, 43.8doc/s]
  scidocs:  63%|██████▎   | 16.1k/25.7k [06:09<03:40, 43.2doc/s]
  scidocs:  63%|██████▎   | 16.1k/25.7k [06:09<03:42, 42.7doc/s]
  scidocs:  63%|██████▎   | 16.2k/25.7k [06:10<03:44, 42.4doc/s]
  scidocs:  63%|██████▎   | 16.2k/25.7k [06:10<03:43, 42.4doc/s]
  scidocs:  63%|██████▎   | 16.2k/25.7k [06:10<03:42, 42.7doc/s]
  scidocs:  63%|██████▎   | 16.2k/25.7k [06:10<03:40, 43.0doc/s]
  scidocs:  63%|██████▎   | 16.2k/25.7k [06:10<03:39, 43.1doc/s]
  scidocs:  63%|██████▎   | 16.2k/25.7k [06:11<03:42, 42.5doc/s]
  scidocs:  63%|██████▎   | 16.2k/25.7k [06:11<03:45, 42.0doc/s]
  scidocs:  63%|██████▎   | 16.2k/25.7k [06:11<03:42, 42.4doc/s]
  scidocs:  63%|██████▎   | 16.2k/25.7k [06:11<03:41, 42.6doc/s]
  scidocs:  63%|██████▎   | 16.2k/25.7k [06:11<03:39, 42.9doc/s]
  scidocs:  63%|██████▎   | 16.2k/25.7k [06:11<03:38, 43.2doc/s]
  scidocs:  63%|██████▎   | 16.2k/25.7k [06:12<03:38, 43.2doc/s]
  scidocs:  63%|██████▎   | 16.2k/25.7k [06:12<03:37, 43.3doc/s]
  scidocs:  63%|██████▎   | 16.3k/25.7k [06:12<03:37, 43.3doc/s]
  scidocs:  63%|██████▎   | 16.3k/25.7k [06:12<03:36, 43.3doc/s]
  scidocs:  63%|██████▎   | 16.3k/25.7k [06:12<03:35, 43.5doc/s]
  scidocs:  63%|██████▎   | 16.3k/25.7k [06:13<03:36, 43.4doc/s]
  scidocs:  63%|██████▎   | 16.3k/25.7k [06:13<03:35, 43.5doc/s]
  scidocs:  64%|██████▎   | 16.3k/25.7k [06:13<03:35, 43.4doc/s]
  scidocs:  64%|██████▎   | 16.3k/25.7k [06:13<03:33, 43.8doc/s]
  scidocs:  64%|██████▎   | 16.3k/25.7k [06:13<03:34, 43.5doc/s]
  scidocs:  64%|██████▎   | 16.3k/25.7k [06:13<03:35, 43.4doc/s]
  scidocs:  64%|██████▎   | 16.3k/25.7k [06:14<03:35, 43.2doc/s]
  scidocs:  64%|██████▎   | 16.3k/25.7k [06:14<03:35, 43.3doc/s]
  scidocs:  64%|██████▎   | 16.3k/25.7k [06:14<03:34, 43.4doc/s]
  scidocs:  64%|██████▎   | 16.4k/25.7k [06:14<03:34, 43.3doc/s]
  scidocs:  64%|██████▍   | 16.4k/25.7k [06:14<03:34, 43.4doc/s]
  scidocs:  64%|██████▍   | 16.4k/25.7k [06:15<03:34, 43.3doc/s]
  scidocs:  64%|██████▍   | 16.4k/25.7k [06:15<03:33, 43.5doc/s]
  scidocs:  64%|██████▍   | 16.4k/25.7k [06:15<03:31, 43.8doc/s]
  scidocs:  64%|██████▍   | 16.4k/25.7k [06:15<03:34, 43.3doc/s]
  scidocs:  64%|██████▍   | 16.4k/25.7k [06:15<03:37, 42.6doc/s]
  scidocs:  64%|██████▍   | 16.4k/25.7k [06:16<03:40, 42.0doc/s]
  scidocs:  64%|██████▍   | 16.4k/25.7k [06:16<03:39, 42.1doc/s]
  scidocs:  64%|██████▍   | 16.4k/25.7k [06:16<03:38, 42.3doc/s]
  scidocs:  64%|██████▍   | 16.4k/25.7k [06:16<03:35, 42.8doc/s]
  scidocs:  64%|██████▍   | 16.4k/25.7k [06:16<03:34, 43.0doc/s]
  scidocs:  64%|██████▍   | 16.4k/25.7k [06:16<03:37, 42.3doc/s]
  scidocs:  64%|██████▍   | 16.5k/25.7k [06:17<03:38, 42.1doc/s]
  scidocs:  64%|██████▍   | 16.5k/25.7k [06:17<03:36, 42.4doc/s]
  scidocs:  64%|██████▍   | 16.5k/25.7k [06:17<03:35, 42.7doc/s]
  scidocs:  64%|██████▍   | 16.5k/25.7k [06:17<03:34, 42.8doc/s]
  scidocs:  64%|██████▍   | 16.5k/25.7k [06:17<03:32, 43.1doc/s]
  scidocs:  64%|██████▍   | 16.5k/25.7k [06:18<03:32, 43.2doc/s]
  scidocs:  64%|██████▍   | 16.5k/25.7k [06:18<03:29, 43.6doc/s]
  scidocs:  64%|██████▍   | 16.5k/25.7k [06:18<03:30, 43.5doc/s]
  scidocs:  64%|██████▍   | 16.5k/25.7k [06:18<03:30, 43.4doc/s]
  scidocs:  64%|██████▍   | 16.5k/25.7k [06:18<03:30, 43.4doc/s]
  scidocs:  64%|██████▍   | 16.5k/25.7k [06:18<03:30, 43.3doc/s]
  scidocs:  64%|██████▍   | 16.5k/25.7k [06:19<03:31, 43.0doc/s]
  scidocs:  65%|██████▍   | 16.6k/25.7k [06:19<03:30, 43.3doc/s]
  scidocs:  65%|██████▍   | 16.6k/25.7k [06:19<03:29, 43.5doc/s]
  scidocs:  65%|██████▍   | 16.6k/25.7k [06:19<03:28, 43.6doc/s]
  scidocs:  65%|██████▍   | 16.6k/25.7k [06:19<03:27, 43.7doc/s]
  scidocs:  65%|██████▍   | 16.6k/25.7k [06:20<03:28, 43.4doc/s]
  scidocs:  65%|██████▍   | 16.6k/25.7k [06:20<03:28, 43.5doc/s]
  scidocs:  65%|██████▍   | 16.6k/25.7k [06:20<03:27, 43.6doc/s]
  scidocs:  65%|██████▍   | 16.6k/25.7k [06:20<03:25, 44.1doc/s]
  scidocs:  65%|██████▍   | 16.6k/25.7k [06:20<03:25, 44.1doc/s]
  scidocs:  65%|██████▍   | 16.6k/25.7k [06:20<03:24, 44.2doc/s]
  scidocs:  65%|██████▍   | 16.6k/25.7k [06:21<03:24, 44.2doc/s]
  scidocs:  65%|██████▍   | 16.6k/25.7k [06:21<03:23, 44.2doc/s]
  scidocs:  65%|██████▍   | 16.6k/25.7k [06:21<03:23, 44.3doc/s]
  scidocs:  65%|██████▍   | 16.7k/25.7k [06:21<03:24, 44.0doc/s]
  scidocs:  65%|██████▍   | 16.7k/25.7k [06:21<03:25, 43.7doc/s]
  scidocs:  65%|██████▍   | 16.7k/25.7k [06:22<03:26, 43.5doc/s]
  scidocs:  65%|██████▌   | 16.7k/25.7k [06:22<03:27, 43.2doc/s]
  scidocs:  65%|██████▌   | 16.7k/25.7k [06:22<03:27, 43.3doc/s]
  scidocs:  65%|██████▌   | 16.7k/25.7k [06:22<03:26, 43.3doc/s]
  scidocs:  65%|██████▌   | 16.7k/25.7k [06:22<03:26, 43.3doc/s]
  scidocs:  65%|██████▌   | 16.7k/25.7k [06:23<03:25, 43.6doc/s]
  scidocs:  65%|██████▌   | 16.7k/25.7k [06:23<03:27, 43.1doc/s]
  scidocs:  65%|██████▌   | 16.7k/25.7k [06:23<03:29, 42.6doc/s]
  scidocs:  65%|██████▌   | 16.7k/25.7k [06:23<03:29, 42.6doc/s]
  scidocs:  65%|██████▌   | 16.7k/25.7k [06:23<03:28, 42.8doc/s]
  scidocs:  65%|██████▌   | 16.8k/25.7k [06:23<03:27, 42.9doc/s]
  scidocs:  65%|██████▌   | 16.8k/25.7k [06:24<03:26, 43.1doc/s]
  scidocs:  65%|██████▌   | 16.8k/25.7k [06:24<03:25, 43.2doc/s]
  scidocs:  65%|██████▌   | 16.8k/25.7k [06:24<03:26, 43.1doc/s]
  scidocs:  65%|██████▌   | 16.8k/25.7k [06:24<03:25, 43.2doc/s]
  scidocs:  65%|██████▌   | 16.8k/25.7k [06:24<03:24, 43.3doc/s]
  scidocs:  65%|██████▌   | 16.8k/25.7k [06:25<03:23, 43.6doc/s]
  scidocs:  66%|██████▌   | 16.8k/25.7k [06:25<03:25, 43.0doc/s]
  scidocs:  66%|██████▌   | 16.8k/25.7k [06:25<03:28, 42.4doc/s]
  scidocs:  66%|██████▌   | 16.8k/25.7k [06:25<03:29, 42.2doc/s]
  scidocs:  66%|██████▌   | 16.8k/25.7k [06:25<03:27, 42.5doc/s]
  scidocs:  66%|██████▌   | 16.8k/25.7k [06:26<03:27, 42.5doc/s]
  scidocs:  66%|██████▌   | 16.8k/25.7k [06:26<03:26, 42.7doc/s]
  scidocs:  66%|██████▌   | 16.9k/25.7k [06:26<03:24, 43.1doc/s]
  scidocs:  66%|██████▌   | 16.9k/25.7k [06:26<03:23, 43.3doc/s]
  scidocs:  66%|██████▌   | 16.9k/25.7k [06:26<03:22, 43.3doc/s]
  scidocs:  66%|██████▌   | 16.9k/25.7k [06:26<03:23, 43.2doc/s]
  scidocs:  66%|██████▌   | 16.9k/25.7k [06:27<03:21, 43.5doc/s]
  scidocs:  66%|██████▌   | 16.9k/25.7k [06:27<03:24, 42.9doc/s]
  scidocs:  66%|██████▌   | 16.9k/25.7k [06:27<03:27, 42.2doc/s]
  scidocs:  66%|██████▌   | 16.9k/25.7k [06:27<03:28, 41.9doc/s]
  scidocs:  66%|██████▌   | 16.9k/25.7k [06:27<03:26, 42.3doc/s]
  scidocs:  66%|██████▌   | 16.9k/25.7k [06:28<03:24, 42.7doc/s]
  scidocs:  66%|██████▌   | 16.9k/25.7k [06:28<03:22, 43.1doc/s]
  scidocs:  66%|██████▌   | 16.9k/25.7k [06:28<03:21, 43.3doc/s]
  scidocs:  66%|██████▌   | 17.0k/25.7k [06:28<03:24, 42.7doc/s]
  scidocs:  66%|██████▌   | 17.0k/25.7k [06:28<03:24, 42.4doc/s]
  scidocs:  66%|██████▌   | 17.0k/25.7k [06:29<03:24, 42.5doc/s]
  scidocs:  66%|██████▌   | 17.0k/25.7k [06:29<03:23, 42.7doc/s]
  scidocs:  66%|██████▌   | 17.0k/25.7k [06:29<03:22, 42.8doc/s]
  scidocs:  66%|██████▌   | 17.0k/25.7k [06:29<03:21, 42.9doc/s]
  scidocs:  66%|██████▋   | 17.0k/25.7k [06:29<03:21, 43.0doc/s]
  scidocs:  66%|██████▋   | 17.0k/25.7k [06:29<03:20, 43.1doc/s]
  scidocs:  66%|██████▋   | 17.0k/25.7k [06:30<03:21, 42.9doc/s]
  scidocs:  66%|██████▋   | 17.0k/25.7k [06:30<03:21, 42.9doc/s]
  scidocs:  66%|██████▋   | 17.0k/25.7k [06:30<03:20, 43.0doc/s]
  scidocs:  66%|██████▋   | 17.0k/25.7k [06:30<03:19, 43.1doc/s]
  scidocs:  66%|██████▋   | 17.0k/25.7k [06:30<03:18, 43.4doc/s]
  scidocs:  66%|██████▋   | 17.1k/25.7k [06:31<03:18, 43.3doc/s]
  scidocs:  67%|██████▋   | 17.1k/25.7k [06:31<03:18, 43.3doc/s]
  scidocs:  67%|██████▋   | 17.1k/25.7k [06:31<03:17, 43.5doc/s]
  scidocs:  67%|██████▋   | 17.1k/25.7k [06:31<03:16, 43.5doc/s]
  scidocs:  67%|██████▋   | 17.1k/25.7k [06:31<03:16, 43.5doc/s]
  scidocs:  67%|██████▋   | 17.1k/25.7k [06:31<03:16, 43.5doc/s]
  scidocs:  67%|██████▋   | 17.1k/25.7k [06:32<03:16, 43.6doc/s]
  scidocs:  67%|██████▋   | 17.1k/25.7k [06:32<03:15, 43.8doc/s]
  scidocs:  67%|██████▋   | 17.1k/25.7k [06:32<03:17, 43.2doc/s]
  scidocs:  67%|██████▋   | 17.1k/25.7k [06:32<03:19, 42.7doc/s]
  scidocs:  67%|██████▋   | 17.1k/25.7k [06:32<03:21, 42.2doc/s]
  scidocs:  67%|██████▋   | 17.1k/25.7k [06:33<03:21, 42.3doc/s]
  scidocs:  67%|██████▋   | 17.2k/25.7k [06:33<03:19, 42.7doc/s]
  scidocs:  67%|██████▋   | 17.2k/25.7k [06:33<03:17, 43.0doc/s]
  scidocs:  67%|██████▋   | 17.2k/25.7k [06:33<03:19, 42.6doc/s]
  scidocs:  67%|██████▋   | 17.2k/25.7k [06:33<03:21, 42.2doc/s]
  scidocs:  67%|██████▋   | 17.2k/25.7k [06:34<03:21, 42.1doc/s]
  scidocs:  67%|██████▋   | 17.2k/25.7k [06:34<03:19, 42.4doc/s]
  scidocs:  67%|██████▋   | 17.2k/25.7k [06:34<03:18, 42.5doc/s]
  scidocs:  67%|██████▋   | 17.2k/25.7k [06:34<03:16, 43.0doc/s]
  scidocs:  67%|██████▋   | 17.2k/25.7k [06:34<03:15, 43.2doc/s]
  scidocs:  67%|██████▋   | 17.2k/25.7k [06:34<03:14, 43.3doc/s]
  scidocs:  67%|██████▋   | 17.2k/25.7k [06:35<03:14, 43.3doc/s]
  scidocs:  67%|██████▋   | 17.2k/25.7k [06:35<03:13, 43.5doc/s]
  scidocs:  67%|██████▋   | 17.2k/25.7k [06:35<03:12, 43.6doc/s]
  scidocs:  67%|██████▋   | 17.3k/25.7k [06:35<03:13, 43.4doc/s]
  scidocs:  67%|██████▋   | 17.3k/25.7k [06:35<03:13, 43.5doc/s]
  scidocs:  67%|██████▋   | 17.3k/25.7k [06:36<03:14, 43.2doc/s]
  scidocs:  67%|██████▋   | 17.3k/25.7k [06:36<03:14, 43.1doc/s]
  scidocs:  67%|██████▋   | 17.3k/25.7k [06:36<03:12, 43.6doc/s]
  scidocs:  67%|██████▋   | 17.3k/25.7k [06:36<03:09, 44.0doc/s]
  scidocs:  67%|██████▋   | 17.3k/25.7k [06:36<03:09, 44.2doc/s]
  scidocs:  67%|██████▋   | 17.3k/25.7k [06:36<03:09, 44.0doc/s]
  scidocs:  68%|██████▊   | 17.3k/25.7k [06:37<03:08, 44.2doc/s]
  scidocs:  68%|██████▊   | 17.3k/25.7k [06:37<03:07, 44.3doc/s]
  scidocs:  68%|██████▊   | 17.3k/25.7k [06:37<03:08, 44.2doc/s]
  scidocs:  68%|██████▊   | 17.3k/25.7k [06:37<03:09, 44.0doc/s]
  scidocs:  68%|██████▊   | 17.4k/25.7k [06:37<03:08, 44.0doc/s]
  scidocs:  68%|██████▊   | 17.4k/25.7k [06:38<03:07, 44.3doc/s]
  scidocs:  68%|██████▊   | 17.4k/25.7k [06:38<03:06, 44.4doc/s]
  scidocs:  68%|██████▊   | 17.4k/25.7k [06:38<03:06, 44.5doc/s]
  scidocs:  68%|██████▊   | 17.4k/25.7k [06:38<03:07, 44.0doc/s]
  scidocs:  68%|██████▊   | 17.4k/25.7k [06:38<03:09, 43.7doc/s]
  scidocs:  68%|██████▊   | 17.4k/25.7k [06:38<03:09, 43.5doc/s]
  scidocs:  68%|██████▊   | 17.4k/25.7k [06:39<03:10, 43.4doc/s]
  scidocs:  68%|██████▊   | 17.4k/25.7k [06:39<03:09, 43.4doc/s]
  scidocs:  68%|██████▊   | 17.4k/25.7k [06:39<03:10, 43.2doc/s]
  scidocs:  68%|██████▊   | 17.4k/25.7k [06:39<03:10, 43.2doc/s]
  scidocs:  68%|██████▊   | 17.4k/25.7k [06:39<03:11, 43.0doc/s]
  scidocs:  68%|██████▊   | 17.4k/25.7k [06:40<03:10, 43.0doc/s]
  scidocs:  68%|██████▊   | 17.5k/25.7k [06:40<03:11, 42.9doc/s]
  scidocs:  68%|██████▊   | 17.5k/25.7k [06:40<03:10, 42.9doc/s]
  scidocs:  68%|██████▊   | 17.5k/25.7k [06:40<03:10, 43.0doc/s]
  scidocs:  68%|██████▊   | 17.5k/25.7k [06:40<03:09, 43.2doc/s]
  scidocs:  68%|██████▊   | 17.5k/25.7k [06:41<03:07, 43.6doc/s]
  scidocs:  68%|██████▊   | 17.5k/25.7k [06:41<03:06, 43.6doc/s]
  scidocs:  68%|██████▊   | 17.5k/25.7k [06:41<03:06, 43.7doc/s]
  scidocs:  68%|██████▊   | 17.5k/25.7k [06:41<03:06, 43.7doc/s]
  scidocs:  68%|██████▊   | 17.5k/25.7k [06:41<03:06, 43.7doc/s]
  scidocs:  68%|██████▊   | 17.5k/25.7k [06:41<03:06, 43.7doc/s]
  scidocs:  68%|██████▊   | 17.5k/25.7k [06:42<03:07, 43.3doc/s]
  scidocs:  68%|██████▊   | 17.5k/25.7k [06:42<03:07, 43.2doc/s]
  scidocs:  68%|██████▊   | 17.6k/25.7k [06:42<03:07, 43.2doc/s]
  scidocs:  68%|██████▊   | 17.6k/25.7k [06:42<03:07, 43.2doc/s]
  scidocs:  68%|██████▊   | 17.6k/25.7k [06:42<03:07, 43.1doc/s]
  scidocs:  69%|██████▊   | 17.6k/25.7k [06:43<03:07, 43.2doc/s]
  scidocs:  69%|██████▊   | 17.6k/25.7k [06:43<03:06, 43.2doc/s]
  scidocs:  69%|██████▊   | 17.6k/25.7k [06:43<03:06, 43.3doc/s]
  scidocs:  69%|██████▊   | 17.6k/25.7k [06:43<03:05, 43.4doc/s]
  scidocs:  69%|██████▊   | 17.6k/25.7k [06:43<03:08, 42.7doc/s]
  scidocs:  69%|██████▊   | 17.6k/25.7k [06:43<03:10, 42.2doc/s]
  scidocs:  69%|██████▊   | 17.6k/25.7k [06:44<03:08, 42.6doc/s]
  scidocs:  69%|██████▊   | 17.6k/25.7k [06:44<03:07, 42.8doc/s]
  scidocs:  69%|██████▉   | 17.6k/25.7k [06:44<03:06, 42.9doc/s]
  scidocs:  69%|██████▉   | 17.6k/25.7k [06:44<03:06, 43.0doc/s]
  scidocs:  69%|██████▉   | 17.7k/25.7k [06:44<03:06, 43.0doc/s]
  scidocs:  69%|██████▉   | 17.7k/25.7k [06:45<03:06, 42.9doc/s]
  scidocs:  69%|██████▉   | 17.7k/25.7k [06:45<03:06, 42.9doc/s]
  scidocs:  69%|██████▉   | 17.7k/25.7k [06:45<03:05, 43.0doc/s]
  scidocs:  69%|██████▉   | 17.7k/25.7k [06:45<03:05, 43.0doc/s]
  scidocs:  69%|██████▉   | 17.7k/25.7k [06:45<03:04, 43.2doc/s]
  scidocs:  69%|██████▉   | 17.7k/25.7k [06:46<03:03, 43.2doc/s]
  scidocs:  69%|██████▉   | 17.7k/25.7k [06:46<03:03, 43.2doc/s]
  scidocs:  69%|██████▉   | 17.7k/25.7k [06:46<03:03, 43.2doc/s]
  scidocs:  69%|██████▉   | 17.7k/25.7k [06:46<03:02, 43.6doc/s]
  scidocs:  69%|██████▉   | 17.7k/25.7k [06:46<03:03, 43.1doc/s]
  scidocs:  69%|██████▉   | 17.7k/25.7k [06:46<03:05, 42.7doc/s]
  scidocs:  69%|██████▉   | 17.8k/25.7k [06:47<03:05, 42.6doc/s]
  scidocs:  69%|██████▉   | 17.8k/25.7k [06:47<03:04, 42.7doc/s]
  scidocs:  69%|██████▉   | 17.8k/25.7k [06:47<03:04, 42.8doc/s]
  scidocs:  69%|██████▉   | 17.8k/25.7k [06:47<03:03, 43.0doc/s]
  scidocs:  69%|██████▉   | 17.8k/25.7k [06:47<03:02, 43.1doc/s]
  scidocs:  69%|██████▉   | 17.8k/25.7k [06:48<03:02, 43.2doc/s]
  scidocs:  69%|██████▉   | 17.8k/25.7k [06:48<03:02, 43.2doc/s]
  scidocs:  69%|██████▉   | 17.8k/25.7k [06:48<03:02, 43.1doc/s]
  scidocs:  69%|██████▉   | 17.8k/25.7k [06:48<02:59, 43.6doc/s]
  scidocs:  69%|██████▉   | 17.8k/25.7k [06:48<03:01, 43.0doc/s]
  scidocs:  70%|██████▉   | 17.8k/25.7k [06:48<03:03, 42.6doc/s]
  scidocs:  70%|██████▉   | 17.8k/25.7k [06:49<03:05, 42.2doc/s]
  scidocs:  70%|██████▉   | 17.8k/25.7k [06:49<03:03, 42.5doc/s]
  scidocs:  70%|██████▉   | 17.9k/25.7k [06:49<03:01, 43.0doc/s]
  scidocs:  70%|██████▉   | 17.9k/25.7k [06:49<02:59, 43.4doc/s]
  scidocs:  70%|██████▉   | 17.9k/25.7k [06:49<02:58, 43.6doc/s]
  scidocs:  70%|██████▉   | 17.9k/25.7k [06:50<02:57, 43.7doc/s]
  scidocs:  70%|██████▉   | 17.9k/25.7k [06:50<02:57, 43.8doc/s]
  scidocs:  70%|██████▉   | 17.9k/25.7k [06:50<02:56, 43.9doc/s]
  scidocs:  70%|██████▉   | 17.9k/25.7k [06:50<02:57, 43.8doc/s]
  scidocs:  70%|██████▉   | 17.9k/25.7k [06:50<02:58, 43.5doc/s]
  scidocs:  70%|██████▉   | 17.9k/25.7k [06:51<02:58, 43.4doc/s]
  scidocs:  70%|██████▉   | 17.9k/25.7k [06:51<02:58, 43.3doc/s]
  scidocs:  70%|██████▉   | 17.9k/25.7k [06:51<02:58, 43.3doc/s]
  scidocs:  70%|██████▉   | 17.9k/25.7k [06:51<02:57, 43.5doc/s]
  scidocs:  70%|██████▉   | 18.0k/25.7k [06:51<02:56, 43.6doc/s]
  scidocs:  70%|███████   | 18.0k/25.7k [06:51<02:55, 43.9doc/s]
  scidocs:  70%|███████   | 18.0k/25.7k [06:52<02:56, 43.6doc/s]
  scidocs:  70%|███████   | 18.0k/25.7k [06:52<02:55, 43.7doc/s]
  scidocs:  70%|███████   | 18.0k/25.7k [06:52<02:55, 43.6doc/s]
  scidocs:  70%|███████   | 18.0k/25.7k [06:52<02:56, 43.4doc/s]
  scidocs:  70%|███████   | 18.0k/25.7k [06:52<02:55, 43.5doc/s]
  scidocs:  70%|███████   | 18.0k/25.7k [06:53<02:55, 43.6doc/s]
  scidocs:  70%|███████   | 18.0k/25.7k [06:53<02:55, 43.6doc/s]
  scidocs:  70%|███████   | 18.0k/25.7k [06:53<02:56, 43.3doc/s]
  scidocs:  70%|███████   | 18.0k/25.7k [06:53<02:56, 43.3doc/s]
  scidocs:  70%|███████   | 18.0k/25.7k [06:53<02:56, 43.3doc/s]
  scidocs:  70%|███████   | 18.0k/25.7k [06:53<02:55, 43.3doc/s]
  scidocs:  70%|███████   | 18.1k/25.7k [06:54<02:54, 43.6doc/s]
  scidocs:  70%|███████   | 18.1k/25.7k [06:54<02:57, 42.8doc/s]
  scidocs:  70%|███████   | 18.1k/25.7k [06:54<02:59, 42.2doc/s]
  scidocs:  70%|███████   | 18.1k/25.7k [06:54<03:00, 42.0doc/s]
  scidocs:  70%|███████   | 18.1k/25.7k [06:54<03:00, 42.0doc/s]
  scidocs:  71%|███████   | 18.1k/25.7k [06:55<02:59, 42.2doc/s]
  scidocs:  71%|███████   | 18.1k/25.7k [06:55<02:56, 42.9doc/s]
  scidocs:  71%|███████   | 18.1k/25.7k [06:55<02:54, 43.2doc/s]
  scidocs:  71%|███████   | 18.1k/25.7k [06:55<02:57, 42.4doc/s]
  scidocs:  71%|███████   | 18.1k/25.7k [06:55<02:57, 42.5doc/s]
  scidocs:  71%|███████   | 18.1k/25.7k [06:56<02:57, 42.5doc/s]
  scidocs:  71%|███████   | 18.1k/25.7k [06:56<02:56, 42.7doc/s]
  scidocs:  71%|███████   | 18.2k/25.7k [06:56<02:54, 42.9doc/s]
  scidocs:  71%|███████   | 18.2k/25.7k [06:56<02:53, 43.1doc/s]
  scidocs:  71%|███████   | 18.2k/25.7k [06:56<02:53, 43.2doc/s]
  scidocs:  71%|███████   | 18.2k/25.7k [06:56<02:52, 43.3doc/s]
  scidocs:  71%|███████   | 18.2k/25.7k [06:57<02:52, 43.3doc/s]
  scidocs:  71%|███████   | 18.2k/25.7k [06:57<02:52, 43.3doc/s]
  scidocs:  71%|███████   | 18.2k/25.7k [06:57<02:52, 43.2doc/s]
  scidocs:  71%|███████   | 18.2k/25.7k [06:57<02:51, 43.4doc/s]
  scidocs:  71%|███████   | 18.2k/25.7k [06:57<02:51, 43.4doc/s]
  scidocs:  71%|███████   | 18.2k/25.7k [06:58<02:51, 43.3doc/s]
  scidocs:  71%|███████   | 18.2k/25.7k [06:58<02:50, 43.5doc/s]
  scidocs:  71%|███████   | 18.2k/25.7k [06:58<02:50, 43.5doc/s]
  scidocs:  71%|███████   | 18.2k/25.7k [06:58<02:50, 43.6doc/s]
  scidocs:  71%|███████   | 18.3k/25.7k [06:58<02:50, 43.4doc/s]
  scidocs:  71%|███████   | 18.3k/25.7k [06:58<02:51, 43.0doc/s]
  scidocs:  71%|███████   | 18.3k/25.7k [06:59<02:51, 43.2doc/s]
  scidocs:  71%|███████   | 18.3k/25.7k [06:59<02:50, 43.3doc/s]
  scidocs:  71%|███████▏  | 18.3k/25.7k [06:59<02:52, 42.7doc/s]
  scidocs:  71%|███████▏  | 18.3k/25.7k [06:59<02:54, 42.2doc/s]
  scidocs:  71%|███████▏  | 18.3k/25.7k [06:59<02:53, 42.3doc/s]
  scidocs:  71%|███████▏  | 18.3k/25.7k [07:00<02:51, 42.8doc/s]
  scidocs:  71%|███████▏  | 18.3k/25.7k [07:00<02:50, 42.9doc/s]
  scidocs:  71%|███████▏  | 18.3k/25.7k [07:00<02:49, 43.2doc/s]
  scidocs:  71%|███████▏  | 18.3k/25.7k [07:00<02:50, 42.8doc/s]
  scidocs:  71%|███████▏  | 18.3k/25.7k [07:00<02:54, 41.9doc/s]
  scidocs:  72%|███████▏  | 18.4k/25.7k [07:01<02:54, 41.9doc/s]
  scidocs:  72%|███████▏  | 18.4k/25.7k [07:01<02:52, 42.2doc/s]
  scidocs:  72%|███████▏  | 18.4k/25.7k [07:01<02:51, 42.6doc/s]
  scidocs:  72%|███████▏  | 18.4k/25.7k [07:01<02:49, 43.0doc/s]
  scidocs:  72%|███████▏  | 18.4k/25.7k [07:01<02:47, 43.4doc/s]
  scidocs:  72%|███████▏  | 18.4k/25.7k [07:01<02:47, 43.3doc/s]
  scidocs:  72%|███████▏  | 18.4k/25.7k [07:02<02:46, 43.5doc/s]
  scidocs:  72%|███████▏  | 18.4k/25.7k [07:02<02:46, 43.6doc/s]
  scidocs:  72%|███████▏  | 18.4k/25.7k [07:02<02:45, 43.7doc/s]
  scidocs:  72%|███████▏  | 18.4k/25.7k [07:02<02:45, 43.7doc/s]
  scidocs:  72%|███████▏  | 18.4k/25.7k [07:02<02:46, 43.3doc/s]
  scidocs:  72%|███████▏  | 18.4k/25.7k [07:03<02:46, 43.3doc/s]
  scidocs:  72%|███████▏  | 18.4k/25.7k [07:03<02:46, 43.3doc/s]
  scidocs:  72%|███████▏  | 18.5k/25.7k [07:03<02:44, 43.7doc/s]
  scidocs:  72%|███████▏  | 18.5k/25.7k [07:03<02:46, 43.3doc/s]
  scidocs:  72%|███████▏  | 18.5k/25.7k [07:03<02:46, 43.2doc/s]
  scidocs:  72%|███████▏  | 18.5k/25.7k [07:04<02:46, 43.1doc/s]
  scidocs:  72%|███████▏  | 18.5k/25.7k [07:04<02:47, 42.9doc/s]
  scidocs:  72%|███████▏  | 18.5k/25.7k [07:04<02:46, 43.1doc/s]
  scidocs:  72%|███████▏  | 18.5k/25.7k [07:04<02:44, 43.6doc/s]
  scidocs:  72%|███████▏  | 18.5k/25.7k [07:04<02:43, 43.6doc/s]
  scidocs:  72%|███████▏  | 18.5k/25.7k [07:04<02:44, 43.4doc/s]
  scidocs:  72%|███████▏  | 18.5k/25.7k [07:05<02:44, 43.4doc/s]
  scidocs:  72%|███████▏  | 18.5k/25.7k [07:05<02:43, 43.5doc/s]
  scidocs:  72%|███████▏  | 18.5k/25.7k [07:05<02:46, 42.8doc/s]
  scidocs:  72%|███████▏  | 18.6k/25.7k [07:05<02:46, 42.6doc/s]
  scidocs:  72%|███████▏  | 18.6k/25.7k [07:05<02:46, 42.6doc/s]
  scidocs:  72%|███████▏  | 18.6k/25.7k [07:06<02:45, 42.9doc/s]
  scidocs:  72%|███████▏  | 18.6k/25.7k [07:06<02:45, 42.9doc/s]
  scidocs:  72%|███████▏  | 18.6k/25.7k [07:06<02:44, 43.0doc/s]
  scidocs:  72%|███████▏  | 18.6k/25.7k [07:06<02:42, 43.4doc/s]
  scidocs:  72%|███████▏  | 18.6k/25.7k [07:06<02:42, 43.5doc/s]
  scidocs:  73%|███████▎  | 18.6k/25.7k [07:06<02:41, 43.5doc/s]
  scidocs:  73%|███████▎  | 18.6k/25.7k [07:07<02:41, 43.7doc/s]
  scidocs:  73%|███████▎  | 18.6k/25.7k [07:07<02:40, 43.7doc/s]
  scidocs:  73%|███████▎  | 18.6k/25.7k [07:07<02:40, 43.7doc/s]
  scidocs:  73%|███████▎  | 18.6k/25.7k [07:07<02:40, 43.6doc/s]
  scidocs:  73%|███████▎  | 18.6k/25.7k [07:07<02:40, 43.6doc/s]
  scidocs:  73%|███████▎  | 18.7k/25.7k [07:08<02:41, 43.4doc/s]
  scidocs:  73%|███████▎  | 18.7k/25.7k [07:08<02:41, 43.3doc/s]
  scidocs:  73%|███████▎  | 18.7k/25.7k [07:08<02:41, 43.4doc/s]
  scidocs:  73%|███████▎  | 18.7k/25.7k [07:08<02:41, 43.3doc/s]
  scidocs:  73%|███████▎  | 18.7k/25.7k [07:08<02:41, 43.2doc/s]
  scidocs:  73%|███████▎  | 18.7k/25.7k [07:08<02:40, 43.4doc/s]
  scidocs:  73%|███████▎  | 18.7k/25.7k [07:09<02:38, 43.8doc/s]
  scidocs:  73%|███████▎  | 18.7k/25.7k [07:09<02:39, 43.6doc/s]
  scidocs:  73%|███████▎  | 18.7k/25.7k [07:09<02:39, 43.5doc/s]
  scidocs:  73%|███████▎  | 18.7k/25.7k [07:09<02:39, 43.4doc/s]
  scidocs:  73%|███████▎  | 18.7k/25.7k [07:09<02:37, 43.9doc/s]
  scidocs:  73%|███████▎  | 18.7k/25.7k [07:10<02:36, 44.1doc/s]
  scidocs:  73%|███████▎  | 18.8k/25.7k [07:10<02:36, 44.2doc/s]
  scidocs:  73%|███████▎  | 18.8k/25.7k [07:10<02:36, 44.0doc/s]
  scidocs:  73%|███████▎  | 18.8k/25.7k [07:10<02:37, 43.7doc/s]
  scidocs:  73%|███████▎  | 18.8k/25.7k [07:10<02:37, 43.6doc/s]
  scidocs:  73%|███████▎  | 18.8k/25.7k [07:11<02:38, 43.5doc/s]
  scidocs:  73%|███████▎  | 18.8k/25.7k [07:11<02:38, 43.3doc/s]
  scidocs:  73%|███████▎  | 18.8k/25.7k [07:11<02:39, 43.1doc/s]
  scidocs:  73%|███████▎  | 18.8k/25.7k [07:11<02:39, 43.1doc/s]
  scidocs:  73%|███████▎  | 18.8k/25.7k [07:11<02:38, 43.2doc/s]
  scidocs:  73%|███████▎  | 18.8k/25.7k [07:11<02:37, 43.5doc/s]
  scidocs:  73%|███████▎  | 18.8k/25.7k [07:12<02:37, 43.3doc/s]
  scidocs:  73%|███████▎  | 18.8k/25.7k [07:12<02:37, 43.2doc/s]
  scidocs:  73%|███████▎  | 18.8k/25.7k [07:12<02:37, 43.3doc/s]
  scidocs:  73%|███████▎  | 18.9k/25.7k [07:12<02:36, 43.5doc/s]
  scidocs:  74%|███████▎  | 18.9k/25.7k [07:12<02:39, 42.6doc/s]
  scidocs:  74%|███████▎  | 18.9k/25.7k [07:13<02:40, 42.2doc/s]
  scidocs:  74%|███████▎  | 18.9k/25.7k [07:13<02:40, 42.3doc/s]
  scidocs:  74%|███████▎  | 18.9k/25.7k [07:13<02:39, 42.3doc/s]
  scidocs:  74%|███████▎  | 18.9k/25.7k [07:13<02:39, 42.4doc/s]
  scidocs:  74%|███████▎  | 18.9k/25.7k [07:13<02:37, 42.8doc/s]
  scidocs:  74%|███████▎  | 18.9k/25.7k [07:13<02:36, 43.1doc/s]
  scidocs:  74%|███████▎  | 18.9k/25.7k [07:14<02:35, 43.3doc/s]
  scidocs:  74%|███████▍  | 18.9k/25.7k [07:14<02:34, 43.5doc/s]
  scidocs:  74%|███████▍  | 18.9k/25.7k [07:14<02:34, 43.5doc/s]
  scidocs:  74%|███████▍  | 18.9k/25.7k [07:14<02:34, 43.5doc/s]
  scidocs:  74%|███████▍  | 19.0k/25.7k [07:14<02:33, 43.6doc/s]
  scidocs:  74%|███████▍  | 19.0k/25.7k [07:15<02:34, 43.4doc/s]
  scidocs:  74%|███████▍  | 19.0k/25.7k [07:15<02:33, 43.6doc/s]
  scidocs:  74%|███████▍  | 19.0k/25.7k [07:15<02:33, 43.6doc/s]
  scidocs:  74%|███████▍  | 19.0k/25.7k [07:15<02:33, 43.5doc/s]
  scidocs:  74%|███████▍  | 19.0k/25.7k [07:15<02:34, 43.0doc/s]
  scidocs:  74%|███████▍  | 19.0k/25.7k [07:16<02:34, 43.1doc/s]
  scidocs:  74%|███████▍  | 19.0k/25.7k [07:16<02:33, 43.2doc/s]
  scidocs:  74%|███████▍  | 19.0k/25.7k [07:16<02:33, 43.3doc/s]
  scidocs:  74%|███████▍  | 19.0k/25.7k [07:16<02:33, 43.3doc/s]
  scidocs:  74%|███████▍  | 19.0k/25.7k [07:16<02:33, 43.3doc/s]
  scidocs:  74%|███████▍  | 19.0k/25.7k [07:16<02:33, 43.2doc/s]
  scidocs:  74%|███████▍  | 19.0k/25.7k [07:17<02:32, 43.3doc/s]
  scidocs:  74%|███████▍  | 19.1k/25.7k [07:17<02:32, 43.3doc/s]
  scidocs:  74%|███████▍  | 19.1k/25.7k [07:17<02:32, 43.1doc/s]
  scidocs:  74%|███████▍  | 19.1k/25.7k [07:17<02:32, 43.3doc/s]
  scidocs:  74%|███████▍  | 19.1k/25.7k [07:17<02:31, 43.3doc/s]
  scidocs:  74%|███████▍  | 19.1k/25.7k [07:18<02:32, 43.1doc/s]
  scidocs:  74%|███████▍  | 19.1k/25.7k [07:18<02:31, 43.2doc/s]
  scidocs:  74%|███████▍  | 19.1k/25.7k [07:18<02:30, 43.4doc/s]
  scidocs:  74%|███████▍  | 19.1k/25.7k [07:18<02:29, 43.7doc/s]
  scidocs:  75%|███████▍  | 19.1k/25.7k [07:18<02:28, 43.9doc/s]
  scidocs:  75%|███████▍  | 19.1k/25.7k [07:18<02:29, 43.6doc/s]
  scidocs:  75%|███████▍  | 19.1k/25.7k [07:19<02:29, 43.6doc/s]
  scidocs:  75%|███████▍  | 19.1k/25.7k [07:19<02:28, 43.8doc/s]
  scidocs:  75%|███████▍  | 19.2k/25.7k [07:19<02:28, 43.7doc/s]
  scidocs:  75%|███████▍  | 19.2k/25.7k [07:19<02:28, 43.7doc/s]
  scidocs:  75%|███████▍  | 19.2k/25.7k [07:19<02:28, 43.6doc/s]
  scidocs:  75%|███████▍  | 19.2k/25.7k [07:20<02:29, 43.4doc/s]
  scidocs:  75%|███████▍  | 19.2k/25.7k [07:20<02:28, 43.5doc/s]
  scidocs:  75%|███████▍  | 19.2k/25.7k [07:20<02:28, 43.4doc/s]
  scidocs:  75%|███████▍  | 19.2k/25.7k [07:20<02:28, 43.5doc/s]
  scidocs:  75%|███████▍  | 19.2k/25.7k [07:20<02:28, 43.3doc/s]
  scidocs:  75%|███████▍  | 19.2k/25.7k [07:20<02:29, 43.1doc/s]
  scidocs:  75%|███████▍  | 19.2k/25.7k [07:21<02:28, 43.2doc/s]
  scidocs:  75%|███████▍  | 19.2k/25.7k [07:21<02:27, 43.6doc/s]
  scidocs:  75%|███████▍  | 19.2k/25.7k [07:21<02:26, 43.8doc/s]
  scidocs:  75%|███████▌  | 19.2k/25.7k [07:21<02:25, 44.0doc/s]
  scidocs:  75%|███████▌  | 19.3k/25.7k [07:21<02:25, 44.1doc/s]
  scidocs:  75%|███████▌  | 19.3k/25.7k [07:22<02:25, 43.9doc/s]
  scidocs:  75%|███████▌  | 19.3k/25.7k [07:22<02:27, 43.4doc/s]
  scidocs:  75%|███████▌  | 19.3k/25.7k [07:22<02:28, 42.8doc/s]
  scidocs:  75%|███████▌  | 19.3k/25.7k [07:22<02:30, 42.4doc/s]
  scidocs:  75%|███████▌  | 19.3k/25.7k [07:22<02:29, 42.6doc/s]
  scidocs:  75%|███████▌  | 19.3k/25.7k [07:23<02:27, 43.0doc/s]
  scidocs:  75%|███████▌  | 19.3k/25.7k [07:23<02:27, 43.1doc/s]
  scidocs:  75%|███████▌  | 19.3k/25.7k [07:23<02:27, 43.1doc/s]
  scidocs:  75%|███████▌  | 19.3k/25.7k [07:23<02:26, 43.3doc/s]
  scidocs:  75%|███████▌  | 19.3k/25.7k [07:23<02:25, 43.4doc/s]
  scidocs:  75%|███████▌  | 19.3k/25.7k [07:23<02:25, 43.4doc/s]
  scidocs:  75%|███████▌  | 19.4k/25.7k [07:24<02:24, 43.5doc/s]
  scidocs:  75%|███████▌  | 19.4k/25.7k [07:24<02:25, 43.3doc/s]
  scidocs:  75%|███████▌  | 19.4k/25.7k [07:24<02:24, 43.4doc/s]
  scidocs:  76%|███████▌  | 19.4k/25.7k [07:24<02:24, 43.3doc/s]
  scidocs:  76%|███████▌  | 19.4k/25.7k [07:24<02:23, 43.6doc/s]
  scidocs:  76%|███████▌  | 19.4k/25.7k [07:25<02:25, 43.1doc/s]
  scidocs:  76%|███████▌  | 19.4k/25.7k [07:25<02:26, 42.6doc/s]
  scidocs:  76%|███████▌  | 19.4k/25.7k [07:25<02:27, 42.3doc/s]
  scidocs:  76%|███████▌  | 19.4k/25.7k [07:25<02:28, 42.1doc/s]
  scidocs:  76%|███████▌  | 19.4k/25.7k [07:25<02:27, 42.2doc/s]
  scidocs:  76%|███████▌  | 19.4k/25.7k [07:26<02:26, 42.5doc/s]
  scidocs:  76%|███████▌  | 19.4k/25.7k [07:26<02:24, 43.0doc/s]
  scidocs:  76%|███████▌  | 19.4k/25.7k [07:26<02:23, 43.2doc/s]
  scidocs:  76%|███████▌  | 19.5k/25.7k [07:26<02:23, 43.3doc/s]
  scidocs:  76%|███████▌  | 19.5k/25.7k [07:26<02:23, 43.0doc/s]
  scidocs:  76%|███████▌  | 19.5k/25.7k [07:26<02:23, 43.2doc/s]
  scidocs:  76%|███████▌  | 19.5k/25.7k [07:27<02:22, 43.4doc/s]
  scidocs:  76%|███████▌  | 19.5k/25.7k [07:27<02:22, 43.4doc/s]
  scidocs:  76%|███████▌  | 19.5k/25.7k [07:27<02:23, 43.0doc/s]
  scidocs:  76%|███████▌  | 19.5k/25.7k [07:27<02:23, 42.8doc/s]
  scidocs:  76%|███████▌  | 19.5k/25.7k [07:27<02:23, 42.7doc/s]
  scidocs:  76%|███████▌  | 19.5k/25.7k [07:28<02:23, 42.7doc/s]
  scidocs:  76%|███████▌  | 19.5k/25.7k [07:28<02:22, 43.1doc/s]
  scidocs:  76%|███████▌  | 19.5k/25.7k [07:28<02:21, 43.3doc/s]
  scidocs:  76%|███████▌  | 19.5k/25.7k [07:28<02:21, 43.3doc/s]
  scidocs:  76%|███████▌  | 19.6k/25.7k [07:28<02:20, 43.5doc/s]
  scidocs:  76%|███████▌  | 19.6k/25.7k [07:28<02:20, 43.4doc/s]
  scidocs:  76%|███████▋  | 19.6k/25.7k [07:29<02:20, 43.4doc/s]
  scidocs:  76%|███████▋  | 19.6k/25.7k [07:29<02:19, 43.5doc/s]
  scidocs:  76%|███████▋  | 19.6k/25.7k [07:29<02:20, 43.3doc/s]
  scidocs:  76%|███████▋  | 19.6k/25.7k [07:29<02:19, 43.3doc/s]
  scidocs:  76%|███████▋  | 19.6k/25.7k [07:29<02:19, 43.4doc/s]
  scidocs:  76%|███████▋  | 19.6k/25.7k [07:30<02:19, 43.5doc/s]
  scidocs:  76%|███████▋  | 19.6k/25.7k [07:30<02:21, 42.8doc/s]
  scidocs:  76%|███████▋  | 19.6k/25.7k [07:30<02:23, 42.2doc/s]
  scidocs:  77%|███████▋  | 19.6k/25.7k [07:30<02:22, 42.4doc/s]
  scidocs:  77%|███████▋  | 19.6k/25.7k [07:30<02:21, 42.5doc/s]
  scidocs:  77%|███████▋  | 19.6k/25.7k [07:31<02:21, 42.6doc/s]
  scidocs:  77%|███████▋  | 19.7k/25.7k [07:31<02:19, 43.1doc/s]
  scidocs:  77%|███████▋  | 19.7k/25.7k [07:31<02:17, 43.5doc/s]
  scidocs:  77%|███████▋  | 19.7k/25.7k [07:31<02:18, 43.3doc/s]
  scidocs:  77%|███████▋  | 19.7k/25.7k [07:31<02:17, 43.4doc/s]
  scidocs:  77%|███████▋  | 19.7k/25.7k [07:31<02:17, 43.5doc/s]
  scidocs:  77%|███████▋  | 19.7k/25.7k [07:32<02:16, 43.8doc/s]
  scidocs:  77%|███████▋  | 19.7k/25.7k [07:32<02:15, 44.0doc/s]
  scidocs:  77%|███████▋  | 19.7k/25.7k [07:32<02:15, 44.0doc/s]
  scidocs:  77%|███████▋  | 19.7k/25.7k [07:32<02:15, 43.8doc/s]
  scidocs:  77%|███████▋  | 19.7k/25.7k [07:32<02:15, 43.7doc/s]
  scidocs:  77%|███████▋  | 19.7k/25.7k [07:33<02:16, 43.4doc/s]
  scidocs:  77%|███████▋  | 19.7k/25.7k [07:33<02:17, 43.1doc/s]
  scidocs:  77%|███████▋  | 19.8k/25.7k [07:33<02:17, 43.1doc/s]
  scidocs:  77%|███████▋  | 19.8k/25.7k [07:33<02:16, 43.1doc/s]
  scidocs:  77%|███████▋  | 19.8k/25.7k [07:33<02:16, 43.2doc/s]
  scidocs:  77%|███████▋  | 19.8k/25.7k [07:33<02:15, 43.3doc/s]
  scidocs:  77%|███████▋  | 19.8k/25.7k [07:34<02:17, 42.8doc/s]
  scidocs:  77%|███████▋  | 19.8k/25.7k [07:34<02:17, 42.5doc/s]
  scidocs:  77%|███████▋  | 19.8k/25.7k [07:34<02:18, 42.4doc/s]
  scidocs:  77%|███████▋  | 19.8k/25.7k [07:34<02:16, 42.8doc/s]
  scidocs:  77%|███████▋  | 19.8k/25.7k [07:34<02:14, 43.3doc/s]
  scidocs:  77%|███████▋  | 19.8k/25.7k [07:35<02:16, 42.7doc/s]
  scidocs:  77%|███████▋  | 19.8k/25.7k [07:35<02:17, 42.3doc/s]
  scidocs:  77%|███████▋  | 19.8k/25.7k [07:35<02:17, 42.3doc/s]
  scidocs:  77%|███████▋  | 19.8k/25.7k [07:35<02:16, 42.4doc/s]
  scidocs:  77%|███████▋  | 19.9k/25.7k [07:35<02:16, 42.4doc/s]
  scidocs:  77%|███████▋  | 19.9k/25.7k [07:36<02:15, 42.6doc/s]
  scidocs:  77%|███████▋  | 19.9k/25.7k [07:36<02:14, 43.0doc/s]
  scidocs:  77%|███████▋  | 19.9k/25.7k [07:36<02:13, 43.4doc/s]
  scidocs:  78%|███████▊  | 19.9k/25.7k [07:36<02:13, 43.4doc/s]
  scidocs:  78%|███████▊  | 19.9k/25.7k [07:36<02:12, 43.4doc/s]
  scidocs:  78%|███████▊  | 19.9k/25.7k [07:36<02:11, 43.6doc/s]
  scidocs:  78%|███████▊  | 19.9k/25.7k [07:37<02:11, 43.7doc/s]
  scidocs:  78%|███████▊  | 19.9k/25.7k [07:37<02:11, 43.7doc/s]
  scidocs:  78%|███████▊  | 19.9k/25.7k [07:37<02:11, 43.6doc/s]
  scidocs:  78%|███████▊  | 19.9k/25.7k [07:37<02:10, 43.7doc/s]
  scidocs:  78%|███████▊  | 19.9k/25.7k [07:37<02:11, 43.5doc/s]
  scidocs:  78%|███████▊  | 20.0k/25.7k [07:38<02:11, 43.5doc/s]
  scidocs:  78%|███████▊  | 20.0k/25.7k [07:38<02:10, 43.7doc/s]
  scidocs:  78%|███████▊  | 20.0k/25.7k [07:38<02:10, 43.5doc/s]
  scidocs:  78%|███████▊  | 20.0k/25.7k [07:38<02:10, 43.6doc/s]
  scidocs:  78%|███████▊  | 20.0k/25.7k [07:38<02:10, 43.5doc/s]
  scidocs:  78%|███████▊  | 20.0k/25.7k [07:38<02:10, 43.4doc/s]
  scidocs:  78%|███████▊  | 20.0k/25.7k [07:39<02:10, 43.2doc/s]
  scidocs:  78%|███████▊  | 20.0k/25.7k [07:39<02:10, 43.1doc/s]
  scidocs:  78%|███████▊  | 20.0k/25.7k [07:39<02:10, 43.2doc/s]
  scidocs:  78%|███████▊  | 20.0k/25.7k [07:39<02:09, 43.3doc/s]
  scidocs:  78%|███████▊  | 20.0k/25.7k [07:39<02:10, 43.2doc/s]
  scidocs:  78%|███████▊  | 20.0k/25.7k [07:40<02:09, 43.3doc/s]
  scidocs:  78%|███████▊  | 20.0k/25.7k [07:40<02:09, 43.4doc/s]
  scidocs:  78%|███████▊  | 20.1k/25.7k [07:40<02:09, 43.2doc/s]
  scidocs:  78%|███████▊  | 20.1k/25.7k [07:40<02:08, 43.5doc/s]
  scidocs:  78%|███████▊  | 20.1k/25.7k [07:40<02:07, 43.9doc/s]
  scidocs:  78%|███████▊  | 20.1k/25.7k [07:40<02:06, 44.1doc/s]
  scidocs:  78%|███████▊  | 20.1k/25.7k [07:41<02:06, 44.0doc/s]
  scidocs:  78%|███████▊  | 20.1k/25.7k [07:41<02:07, 43.5doc/s]
  scidocs:  78%|███████▊  | 20.1k/25.7k [07:41<02:07, 43.5doc/s]
  scidocs:  78%|███████▊  | 20.1k/25.7k [07:41<02:07, 43.6doc/s]
  scidocs:  78%|███████▊  | 20.1k/25.7k [07:41<02:06, 43.7doc/s]
  scidocs:  78%|███████▊  | 20.1k/25.7k [07:42<02:06, 43.6doc/s]
  scidocs:  78%|███████▊  | 20.1k/25.7k [07:42<02:06, 43.6doc/s]
  scidocs:  79%|███████▊  | 20.1k/25.7k [07:42<02:06, 43.6doc/s]
  scidocs:  79%|███████▊  | 20.2k/25.7k [07:42<02:06, 43.5doc/s]
  scidocs:  79%|███████▊  | 20.2k/25.7k [07:42<02:06, 43.4doc/s]
  scidocs:  79%|███████▊  | 20.2k/25.7k [07:43<02:06, 43.4doc/s]
  scidocs:  79%|███████▊  | 20.2k/25.7k [07:43<02:05, 43.5doc/s]
  scidocs:  79%|███████▊  | 20.2k/25.7k [07:43<02:05, 43.6doc/s]
  scidocs:  79%|███████▊  | 20.2k/25.7k [07:43<02:07, 43.0doc/s]
  scidocs:  79%|███████▊  | 20.2k/25.7k [07:43<02:08, 42.5doc/s]
  scidocs:  79%|███████▉  | 20.2k/25.7k [07:43<02:07, 42.6doc/s]
  scidocs:  79%|███████▉  | 20.2k/25.7k [07:44<02:07, 42.7doc/s]
  scidocs:  79%|███████▉  | 20.2k/25.7k [07:44<02:06, 43.1doc/s]
  scidocs:  79%|███████▉  | 20.2k/25.7k [07:44<02:04, 43.5doc/s]
  scidocs:  79%|███████▉  | 20.2k/25.7k [07:44<02:04, 43.6doc/s]
  scidocs:  79%|███████▉  | 20.2k/25.7k [07:44<02:04, 43.6doc/s]
  scidocs:  79%|███████▉  | 20.3k/25.7k [07:45<02:04, 43.4doc/s]
  scidocs:  79%|███████▉  | 20.3k/25.7k [07:45<02:04, 43.4doc/s]
  scidocs:  79%|███████▉  | 20.3k/25.7k [07:45<02:06, 42.5doc/s]
  scidocs:  79%|███████▉  | 20.3k/25.7k [07:45<02:07, 42.3doc/s]
  scidocs:  79%|███████▉  | 20.3k/25.7k [07:45<02:08, 41.9doc/s]
  scidocs:  79%|███████▉  | 20.3k/25.7k [07:46<02:07, 42.0doc/s]
  scidocs:  79%|███████▉  | 20.3k/25.7k [07:46<02:06, 42.4doc/s]
  scidocs:  79%|███████▉  | 20.3k/25.7k [07:46<02:05, 42.5doc/s]
  scidocs:  79%|███████▉  | 20.3k/25.7k [07:46<02:04, 43.0doc/s]
  scidocs:  79%|███████▉  | 20.3k/25.7k [07:46<02:04, 42.8doc/s]
  scidocs:  79%|███████▉  | 20.3k/25.7k [07:46<02:04, 42.8doc/s]
  scidocs:  79%|███████▉  | 20.3k/25.7k [07:47<02:04, 42.7doc/s]
  scidocs:  79%|███████▉  | 20.4k/25.7k [07:47<02:03, 42.8doc/s]
  scidocs:  79%|███████▉  | 20.4k/25.7k [07:47<02:03, 42.9doc/s]
  scidocs:  79%|███████▉  | 20.4k/25.7k [07:47<02:02, 43.2doc/s]
  scidocs:  79%|███████▉  | 20.4k/25.7k [07:47<02:03, 42.7doc/s]
  scidocs:  79%|███████▉  | 20.4k/25.7k [07:48<02:03, 42.6doc/s]
  scidocs:  79%|███████▉  | 20.4k/25.7k [07:48<02:02, 42.8doc/s]
  scidocs:  80%|███████▉  | 20.4k/25.7k [07:48<02:01, 43.1doc/s]
  scidocs:  80%|███████▉  | 20.4k/25.7k [07:48<02:01, 43.1doc/s]
  scidocs:  80%|███████▉  | 20.4k/25.7k [07:48<02:01, 43.2doc/s]
  scidocs:  80%|███████▉  | 20.4k/25.7k [07:48<02:01, 42.9doc/s]
  scidocs:  80%|███████▉  | 20.4k/25.7k [07:49<02:01, 42.9doc/s]
  scidocs:  80%|███████▉  | 20.4k/25.7k [07:49<02:01, 43.1doc/s]
  scidocs:  80%|███████▉  | 20.4k/25.7k [07:49<02:00, 43.1doc/s]
  scidocs:  80%|███████▉  | 20.5k/25.7k [07:49<02:00, 43.3doc/s]
  scidocs:  80%|███████▉  | 20.5k/25.7k [07:49<02:00, 43.2doc/s]
  scidocs:  80%|███████▉  | 20.5k/25.7k [07:50<02:00, 43.0doc/s]
  scidocs:  80%|███████▉  | 20.5k/25.7k [07:50<02:00, 43.0doc/s]
  scidocs:  80%|███████▉  | 20.5k/25.7k [07:50<01:59, 43.3doc/s]
  scidocs:  80%|███████▉  | 20.5k/25.7k [07:50<01:59, 43.1doc/s]
  scidocs:  80%|███████▉  | 20.5k/25.7k [07:50<02:00, 42.8doc/s]
  scidocs:  80%|███████▉  | 20.5k/25.7k [07:51<02:00, 42.7doc/s]
  scidocs:  80%|███████▉  | 20.5k/25.7k [07:51<02:00, 42.6doc/s]
  scidocs:  80%|████████  | 20.5k/25.7k [07:51<02:00, 42.4doc/s]
  scidocs:  80%|████████  | 20.5k/25.7k [07:51<02:00, 42.4doc/s]
  scidocs:  80%|████████  | 20.5k/25.7k [07:51<01:58, 43.0doc/s]
  scidocs:  80%|████████  | 20.6k/25.7k [07:51<01:57, 43.3doc/s]
  scidocs:  80%|████████  | 20.6k/25.7k [07:52<01:56, 43.6doc/s]
  scidocs:  80%|████████  | 20.6k/25.7k [07:52<01:56, 43.7doc/s]
  scidocs:  80%|████████  | 20.6k/25.7k [07:52<01:55, 44.0doc/s]
  scidocs:  80%|████████  | 20.6k/25.7k [07:52<01:56, 43.6doc/s]
  scidocs:  80%|████████  | 20.6k/25.7k [07:52<01:57, 43.0doc/s]
  scidocs:  80%|████████  | 20.6k/25.7k [07:53<01:58, 42.8doc/s]
  scidocs:  80%|████████  | 20.6k/25.7k [07:53<01:57, 42.9doc/s]
  scidocs:  80%|████████  | 20.6k/25.7k [07:53<01:56, 43.3doc/s]
  scidocs:  80%|████████  | 20.6k/25.7k [07:53<01:55, 43.8doc/s]
  scidocs:  80%|████████  | 20.6k/25.7k [07:53<01:56, 43.1doc/s]
  scidocs:  80%|████████  | 20.6k/25.7k [07:54<01:57, 42.6doc/s]
  scidocs:  80%|████████  | 20.6k/25.7k [07:54<01:57, 42.6doc/s]
  scidocs:  81%|████████  | 20.7k/25.7k [07:54<01:56, 42.8doc/s]
  scidocs:  81%|████████  | 20.7k/25.7k [07:54<01:54, 43.6doc/s]
  scidocs:  81%|████████  | 20.7k/25.7k [07:54<01:53, 44.1doc/s]
  scidocs:  81%|████████  | 20.7k/25.7k [07:54<01:53, 43.8doc/s]
  scidocs:  81%|████████  | 20.7k/25.7k [07:55<01:53, 43.8doc/s]
  scidocs:  81%|████████  | 20.7k/25.7k [07:55<01:53, 43.7doc/s]
  scidocs:  81%|████████  | 20.7k/25.7k [07:55<01:53, 43.5doc/s]
  scidocs:  81%|████████  | 20.7k/25.7k [07:55<01:53, 43.6doc/s]
  scidocs:  81%|████████  | 20.7k/25.7k [07:55<01:53, 43.5doc/s]
  scidocs:  81%|████████  | 20.7k/25.7k [07:56<01:53, 43.6doc/s]
  scidocs:  81%|████████  | 20.7k/25.7k [07:56<01:53, 43.4doc/s]
  scidocs:  81%|████████  | 20.7k/25.7k [07:56<01:53, 43.3doc/s]
  scidocs:  81%|████████  | 20.8k/25.7k [07:56<01:52, 43.4doc/s]
  scidocs:  81%|████████  | 20.8k/25.7k [07:56<01:52, 43.6doc/s]
  scidocs:  81%|████████  | 20.8k/25.7k [07:56<01:52, 43.3doc/s]
  scidocs:  81%|████████  | 20.8k/25.7k [07:57<01:52, 43.3doc/s]
  scidocs:  81%|████████  | 20.8k/25.7k [07:57<01:52, 43.5doc/s]
  scidocs:  81%|████████  | 20.8k/25.7k [07:57<01:51, 43.6doc/s]
  scidocs:  81%|████████  | 20.8k/25.7k [07:57<01:51, 43.6doc/s]
  scidocs:  81%|████████  | 20.8k/25.7k [07:57<01:51, 43.6doc/s]
  scidocs:  81%|████████  | 20.8k/25.7k [07:58<01:50, 43.8doc/s]
  scidocs:  81%|████████  | 20.8k/25.7k [07:58<01:50, 43.8doc/s]
  scidocs:  81%|████████  | 20.8k/25.7k [07:58<01:50, 43.7doc/s]
  scidocs:  81%|████████  | 20.8k/25.7k [07:58<01:50, 43.5doc/s]
  scidocs:  81%|████████▏ | 20.8k/25.7k [07:58<01:50, 43.4doc/s]
  scidocs:  81%|████████▏ | 20.9k/25.7k [07:58<01:50, 43.3doc/s]
  scidocs:  81%|████████▏ | 20.9k/25.7k [07:59<01:50, 43.4doc/s]
  scidocs:  81%|████████▏ | 20.9k/25.7k [07:59<01:50, 43.2doc/s]
  scidocs:  81%|████████▏ | 20.9k/25.7k [07:59<01:50, 43.1doc/s]
  scidocs:  81%|████████▏ | 20.9k/25.7k [07:59<01:50, 43.1doc/s]
  scidocs:  81%|████████▏ | 20.9k/25.7k [07:59<01:49, 43.5doc/s]
  scidocs:  81%|████████▏ | 20.9k/25.7k [08:00<01:50, 43.0doc/s]
  scidocs:  82%|████████▏ | 20.9k/25.7k [08:00<01:51, 42.6doc/s]
  scidocs:  82%|████████▏ | 20.9k/25.7k [08:00<01:51, 42.5doc/s]
  scidocs:  82%|████████▏ | 20.9k/25.7k [08:00<01:50, 42.7doc/s]
  scidocs:  82%|████████▏ | 20.9k/25.7k [08:00<01:50, 42.9doc/s]
  scidocs:  82%|████████▏ | 20.9k/25.7k [08:01<01:49, 43.0doc/s]
  scidocs:  82%|████████▏ | 21.0k/25.7k [08:01<01:48, 43.2doc/s]
  scidocs:  82%|████████▏ | 21.0k/25.7k [08:01<01:49, 42.8doc/s]
  scidocs:  82%|████████▏ | 21.0k/25.7k [08:01<01:50, 42.2doc/s]
  scidocs:  82%|████████▏ | 21.0k/25.7k [08:01<01:50, 42.2doc/s]
  scidocs:  82%|████████▏ | 21.0k/25.7k [08:01<01:49, 42.8doc/s]
  scidocs:  82%|████████▏ | 21.0k/25.7k [08:02<01:47, 43.4doc/s]
  scidocs:  82%|████████▏ | 21.0k/25.7k [08:02<01:45, 44.0doc/s]
  scidocs:  82%|████████▏ | 21.0k/25.7k [08:02<01:46, 43.7doc/s]
  scidocs:  82%|████████▏ | 21.0k/25.7k [08:02<01:47, 43.3doc/s]
  scidocs:  82%|████████▏ | 21.0k/25.7k [08:02<01:47, 43.3doc/s]
  scidocs:  82%|████████▏ | 21.0k/25.7k [08:03<01:46, 43.4doc/s]
  scidocs:  82%|████████▏ | 21.0k/25.7k [08:03<01:46, 43.3doc/s]
  scidocs:  82%|████████▏ | 21.0k/25.7k [08:03<01:46, 43.3doc/s]
  scidocs:  82%|████████▏ | 21.1k/25.7k [08:03<01:46, 43.3doc/s]
  scidocs:  82%|████████▏ | 21.1k/25.7k [08:03<01:45, 43.3doc/s]
  scidocs:  82%|████████▏ | 21.1k/25.7k [08:03<01:45, 43.3doc/s]
  scidocs:  82%|████████▏ | 21.1k/25.7k [08:04<01:46, 43.1doc/s]
  scidocs:  82%|████████▏ | 21.1k/25.7k [08:04<01:46, 43.0doc/s]
  scidocs:  82%|████████▏ | 21.1k/25.7k [08:04<01:45, 43.1doc/s]
  scidocs:  82%|████████▏ | 21.1k/25.7k [08:04<01:45, 43.2doc/s]
  scidocs:  82%|████████▏ | 21.1k/25.7k [08:04<01:45, 43.2doc/s]
  scidocs:  82%|████████▏ | 21.1k/25.7k [08:05<01:44, 43.2doc/s]
  scidocs:  82%|████████▏ | 21.1k/25.7k [08:05<01:44, 43.3doc/s]
  scidocs:  82%|████████▏ | 21.1k/25.7k [08:05<01:44, 43.4doc/s]
  scidocs:  82%|████████▏ | 21.1k/25.7k [08:05<01:44, 43.2doc/s]
  scidocs:  82%|████████▏ | 21.2k/25.7k [08:05<01:43, 43.5doc/s]
  scidocs:  82%|████████▏ | 21.2k/25.7k [08:06<01:44, 43.0doc/s]
  scidocs:  83%|████████▎ | 21.2k/25.7k [08:06<01:45, 42.6doc/s]
  scidocs:  83%|████████▎ | 21.2k/25.7k [08:06<01:45, 42.6doc/s]
  scidocs:  83%|████████▎ | 21.2k/25.7k [08:06<01:44, 42.9doc/s]
  scidocs:  83%|████████▎ | 21.2k/25.7k [08:06<01:43, 43.1doc/s]
  scidocs:  83%|████████▎ | 21.2k/25.7k [08:06<01:42, 43.3doc/s]
  scidocs:  83%|████████▎ | 21.2k/25.7k [08:07<01:44, 42.6doc/s]
  scidocs:  83%|████████▎ | 21.2k/25.7k [08:07<01:44, 42.5doc/s]
  scidocs:  83%|████████▎ | 21.2k/25.7k [08:07<01:43, 42.8doc/s]
  scidocs:  83%|████████▎ | 21.2k/25.7k [08:07<01:43, 42.9doc/s]
  scidocs:  83%|████████▎ | 21.2k/25.7k [08:07<01:42, 43.0doc/s]
  scidocs:  83%|████████▎ | 21.2k/25.7k [08:08<01:42, 43.0doc/s]
  scidocs:  83%|████████▎ | 21.3k/25.7k [08:08<01:42, 43.1doc/s]
  scidocs:  83%|████████▎ | 21.3k/25.7k [08:08<01:41, 43.2doc/s]
  scidocs:  83%|████████▎ | 21.3k/25.7k [08:08<01:41, 43.1doc/s]
  scidocs:  83%|████████▎ | 21.3k/25.7k [08:08<01:41, 43.3doc/s]
  scidocs:  83%|████████▎ | 21.3k/25.7k [08:08<01:40, 43.5doc/s]
  scidocs:  83%|████████▎ | 21.3k/25.7k [08:09<01:40, 43.5doc/s]
  scidocs:  83%|████████▎ | 21.3k/25.7k [08:09<01:40, 43.4doc/s]
  scidocs:  83%|████████▎ | 21.3k/25.7k [08:09<01:39, 43.5doc/s]
  scidocs:  83%|████████▎ | 21.3k/25.7k [08:09<01:39, 43.4doc/s]
  scidocs:  83%|████████▎ | 21.3k/25.7k [08:09<01:40, 43.3doc/s]
  scidocs:  83%|████████▎ | 21.3k/25.7k [08:10<01:39, 43.2doc/s]
  scidocs:  83%|████████▎ | 21.3k/25.7k [08:10<01:39, 43.1doc/s]
  scidocs:  83%|████████▎ | 21.4k/25.7k [08:10<01:39, 43.1doc/s]
  scidocs:  83%|████████▎ | 21.4k/25.7k [08:10<01:39, 43.0doc/s]
  scidocs:  83%|████████▎ | 21.4k/25.7k [08:10<01:39, 42.9doc/s]
  scidocs:  83%|████████▎ | 21.4k/25.7k [08:11<01:39, 43.0doc/s]
  scidocs:  83%|████████▎ | 21.4k/25.7k [08:11<01:39, 42.9doc/s]
  scidocs:  83%|████████▎ | 21.4k/25.7k [08:11<01:38, 43.1doc/s]
  scidocs:  83%|████████▎ | 21.4k/25.7k [08:11<01:38, 43.1doc/s]
  scidocs:  83%|████████▎ | 21.4k/25.7k [08:11<01:38, 43.4doc/s]
  scidocs:  83%|████████▎ | 21.4k/25.7k [08:11<01:36, 43.9doc/s]
  scidocs:  84%|████████▎ | 21.4k/25.7k [08:12<01:36, 43.8doc/s]
  scidocs:  84%|████████▎ | 21.4k/25.7k [08:12<01:36, 43.7doc/s]
  scidocs:  84%|████████▎ | 21.4k/25.7k [08:12<01:36, 43.5doc/s]
  scidocs:  84%|████████▎ | 21.4k/25.7k [08:12<01:37, 43.3doc/s]
  scidocs:  84%|████████▎ | 21.5k/25.7k [08:12<01:37, 43.3doc/s]
  scidocs:  84%|████████▎ | 21.5k/25.7k [08:13<01:37, 43.2doc/s]
  scidocs:  84%|████████▎ | 21.5k/25.7k [08:13<01:36, 43.3doc/s]
  scidocs:  84%|████████▎ | 21.5k/25.7k [08:13<01:36, 43.2doc/s]
  scidocs:  84%|████████▍ | 21.5k/25.7k [08:13<01:35, 43.5doc/s]
  scidocs:  84%|████████▍ | 21.5k/25.7k [08:13<01:36, 43.0doc/s]
  scidocs:  84%|████████▍ | 21.5k/25.7k [08:13<01:37, 42.4doc/s]
  scidocs:  84%|████████▍ | 21.5k/25.7k [08:14<01:37, 42.4doc/s]
  scidocs:  84%|████████▍ | 21.5k/25.7k [08:14<01:37, 42.5doc/s]
  scidocs:  84%|████████▍ | 21.5k/25.7k [08:14<01:36, 42.7doc/s]
  scidocs:  84%|████████▍ | 21.5k/25.7k [08:14<01:36, 42.8doc/s]
  scidocs:  84%|████████▍ | 21.5k/25.7k [08:14<01:34, 43.4doc/s]
  scidocs:  84%|████████▍ | 21.6k/25.7k [08:15<01:34, 43.6doc/s]
  scidocs:  84%|████████▍ | 21.6k/25.7k [08:15<01:33, 43.6doc/s]
  scidocs:  84%|████████▍ | 21.6k/25.7k [08:15<01:34, 43.1doc/s]
  scidocs:  84%|████████▍ | 21.6k/25.7k [08:15<01:34, 43.2doc/s]
  scidocs:  84%|████████▍ | 21.6k/25.7k [08:15<01:34, 43.3doc/s]
  scidocs:  84%|████████▍ | 21.6k/25.7k [08:16<01:33, 43.3doc/s]
  scidocs:  84%|████████▍ | 21.6k/25.7k [08:16<01:33, 43.4doc/s]
  scidocs:  84%|████████▍ | 21.6k/25.7k [08:16<01:33, 43.5doc/s]
  scidocs:  84%|████████▍ | 21.6k/25.7k [08:16<01:33, 43.4doc/s]
  scidocs:  84%|████████▍ | 21.6k/25.7k [08:16<01:33, 43.3doc/s]
  scidocs:  84%|████████▍ | 21.6k/25.7k [08:16<01:32, 43.3doc/s]
  scidocs:  84%|████████▍ | 21.6k/25.7k [08:17<01:32, 43.3doc/s]
  scidocs:  84%|████████▍ | 21.6k/25.7k [08:17<01:32, 43.2doc/s]
  scidocs:  84%|████████▍ | 21.7k/25.7k [08:17<01:31, 43.5doc/s]
  scidocs:  84%|████████▍ | 21.7k/25.7k [08:17<01:32, 43.0doc/s]
  scidocs:  84%|████████▍ | 21.7k/25.7k [08:17<01:33, 42.7doc/s]
  scidocs:  84%|████████▍ | 21.7k/25.7k [08:18<01:34, 42.3doc/s]
  scidocs:  85%|████████▍ | 21.7k/25.7k [08:18<01:33, 42.4doc/s]
  scidocs:  85%|████████▍ | 21.7k/25.7k [08:18<01:32, 42.6doc/s]
  scidocs:  85%|████████▍ | 21.7k/25.7k [08:18<01:32, 42.8doc/s]
  scidocs:  85%|████████▍ | 21.7k/25.7k [08:18<01:31, 43.1doc/s]
  scidocs:  85%|████████▍ | 21.7k/25.7k [08:19<01:33, 42.3doc/s]
  scidocs:  85%|████████▍ | 21.7k/25.7k [08:19<01:33, 42.0doc/s]
  scidocs:  85%|████████▍ | 21.7k/25.7k [08:19<01:32, 42.2doc/s]
  scidocs:  85%|████████▍ | 21.7k/25.7k [08:19<01:32, 42.4doc/s]
  scidocs:  85%|████████▍ | 21.8k/25.7k [08:19<01:32, 42.4doc/s]
  scidocs:  85%|████████▍ | 21.8k/25.7k [08:19<01:31, 42.8doc/s]
  scidocs:  85%|████████▍ | 21.8k/25.7k [08:20<01:30, 43.0doc/s]
  scidocs:  85%|████████▍ | 21.8k/25.7k [08:20<01:29, 43.2doc/s]
  scidocs:  85%|████████▍ | 21.8k/25.7k [08:20<01:29, 43.0doc/s]
  scidocs:  85%|████████▍ | 21.8k/25.7k [08:20<01:29, 43.2doc/s]
  scidocs:  85%|████████▍ | 21.8k/25.7k [08:20<01:28, 43.7doc/s]
  scidocs:  85%|████████▍ | 21.8k/25.7k [08:21<01:28, 43.7doc/s]
  scidocs:  85%|████████▌ | 21.8k/25.7k [08:21<01:28, 43.5doc/s]
  scidocs:  85%|████████▌ | 21.8k/25.7k [08:21<01:28, 43.5doc/s]
  scidocs:  85%|████████▌ | 21.8k/25.7k [08:21<01:28, 43.4doc/s]
  scidocs:  85%|████████▌ | 21.8k/25.7k [08:21<01:27, 43.6doc/s]
  scidocs:  85%|████████▌ | 21.8k/25.7k [08:21<01:27, 43.6doc/s]
  scidocs:  85%|████████▌ | 21.9k/25.7k [08:22<01:27, 43.3doc/s]
  scidocs:  85%|████████▌ | 21.9k/25.7k [08:22<01:27, 43.2doc/s]
  scidocs:  85%|████████▌ | 21.9k/25.7k [08:22<01:27, 43.3doc/s]
  scidocs:  85%|████████▌ | 21.9k/25.7k [08:22<01:27, 43.4doc/s]
  scidocs:  85%|████████▌ | 21.9k/25.7k [08:22<01:28, 42.7doc/s]
  scidocs:  85%|████████▌ | 21.9k/25.7k [08:23<01:28, 42.3doc/s]
  scidocs:  85%|████████▌ | 21.9k/25.7k [08:23<01:28, 42.5doc/s]
  scidocs:  85%|████████▌ | 21.9k/25.7k [08:23<01:28, 42.5doc/s]
  scidocs:  85%|████████▌ | 21.9k/25.7k [08:23<01:27, 42.5doc/s]
  scidocs:  85%|████████▌ | 21.9k/25.7k [08:23<01:26, 43.0doc/s]
  scidocs:  85%|████████▌ | 21.9k/25.7k [08:24<01:25, 43.4doc/s]
  scidocs:  86%|████████▌ | 21.9k/25.7k [08:24<01:25, 43.5doc/s]
  scidocs:  86%|████████▌ | 22.0k/25.7k [08:24<01:25, 43.6doc/s]
  scidocs:  86%|████████▌ | 22.0k/25.7k [08:24<01:24, 43.8doc/s]
  scidocs:  86%|████████▌ | 22.0k/25.7k [08:24<01:23, 44.1doc/s]
  scidocs:  86%|████████▌ | 22.0k/25.7k [08:24<01:24, 43.4doc/s]
  scidocs:  86%|████████▌ | 22.0k/25.7k [08:25<01:25, 42.7doc/s]
  scidocs:  86%|████████▌ | 22.0k/25.7k [08:25<01:25, 43.0doc/s]
  scidocs:  86%|████████▌ | 22.0k/25.7k [08:25<01:24, 43.3doc/s]
  scidocs:  86%|████████▌ | 22.0k/25.7k [08:25<01:23, 43.6doc/s]
  scidocs:  86%|████████▌ | 22.0k/25.7k [08:25<01:23, 43.8doc/s]
  scidocs:  86%|████████▌ | 22.0k/25.7k [08:26<01:22, 43.8doc/s]
  scidocs:  86%|████████▌ | 22.0k/25.7k [08:26<01:23, 43.5doc/s]
  scidocs:  86%|████████▌ | 22.0k/25.7k [08:26<01:23, 43.1doc/s]
  scidocs:  86%|████████▌ | 22.0k/25.7k [08:26<01:23, 43.3doc/s]
  scidocs:  86%|████████▌ | 22.1k/25.7k [08:26<01:23, 43.3doc/s]
  scidocs:  86%|████████▌ | 22.1k/25.7k [08:26<01:23, 43.3doc/s]
  scidocs:  86%|████████▌ | 22.1k/25.7k [08:27<01:23, 43.2doc/s]
  scidocs:  86%|████████▌ | 22.1k/25.7k [08:27<01:22, 43.2doc/s]
  scidocs:  86%|████████▌ | 22.1k/25.7k [08:27<01:22, 43.3doc/s]
  scidocs:  86%|████████▌ | 22.1k/25.7k [08:27<01:21, 43.5doc/s]
  scidocs:  86%|████████▌ | 22.1k/25.7k [08:27<01:21, 43.5doc/s]
  scidocs:  86%|████████▌ | 22.1k/25.7k [08:28<01:21, 43.4doc/s]
  scidocs:  86%|████████▌ | 22.1k/25.7k [08:28<01:21, 43.3doc/s]
  scidocs:  86%|████████▌ | 22.1k/25.7k [08:28<01:21, 43.5doc/s]
  scidocs:  86%|████████▋ | 22.1k/25.7k [08:28<01:22, 42.9doc/s]
  scidocs:  86%|████████▋ | 22.1k/25.7k [08:28<01:22, 42.6doc/s]
  scidocs:  86%|████████▋ | 22.2k/25.7k [08:29<01:22, 42.7doc/s]
  scidocs:  86%|████████▋ | 22.2k/25.7k [08:29<01:21, 42.9doc/s]
  scidocs:  86%|████████▋ | 22.2k/25.7k [08:29<01:21, 43.0doc/s]
  scidocs:  86%|████████▋ | 22.2k/25.7k [08:29<01:20, 43.1doc/s]
  scidocs:  86%|████████▋ | 22.2k/25.7k [08:29<01:20, 43.1doc/s]
  scidocs:  86%|████████▋ | 22.2k/25.7k [08:29<01:20, 43.0doc/s]
  scidocs:  87%|████████▋ | 22.2k/25.7k [08:30<01:20, 43.1doc/s]
  scidocs:  87%|████████▋ | 22.2k/25.7k [08:30<01:19, 43.3doc/s]
  scidocs:  87%|████████▋ | 22.2k/25.7k [08:30<01:19, 43.5doc/s]
  scidocs:  87%|████████▋ | 22.2k/25.7k [08:30<01:20, 42.8doc/s]
  scidocs:  87%|████████▋ | 22.2k/25.7k [08:30<01:20, 42.3doc/s]
  scidocs:  87%|████████▋ | 22.2k/25.7k [08:31<01:20, 42.5doc/s]
  scidocs:  87%|████████▋ | 22.2k/25.7k [08:31<01:19, 42.7doc/s]
  scidocs:  87%|████████▋ | 22.3k/25.7k [08:31<01:19, 42.7doc/s]
  scidocs:  87%|████████▋ | 22.3k/25.7k [08:31<01:18, 43.0doc/s]
  scidocs:  87%|████████▋ | 22.3k/25.7k [08:31<01:18, 43.2doc/s]
  scidocs:  87%|████████▋ | 22.3k/25.7k [08:31<01:18, 43.2doc/s]
  scidocs:  87%|████████▋ | 22.3k/25.7k [08:32<01:17, 43.3doc/s]
  scidocs:  87%|████████▋ | 22.3k/25.7k [08:32<01:17, 43.3doc/s]
  scidocs:  87%|████████▋ | 22.3k/25.7k [08:32<01:16, 43.7doc/s]
  scidocs:  87%|████████▋ | 22.3k/25.7k [08:32<01:16, 43.8doc/s]
  scidocs:  87%|████████▋ | 22.3k/25.7k [08:32<01:16, 43.6doc/s]
  scidocs:  87%|████████▋ | 22.3k/25.7k [08:33<01:16, 43.8doc/s]
  scidocs:  87%|████████▋ | 22.3k/25.7k [08:33<01:15, 44.1doc/s]
  scidocs:  87%|████████▋ | 22.3k/25.7k [08:33<01:14, 44.3doc/s]
  scidocs:  87%|████████▋ | 22.4k/25.7k [08:33<01:14, 44.3doc/s]
  scidocs:  87%|████████▋ | 22.4k/25.7k [08:33<01:14, 44.2doc/s]
  scidocs:  87%|████████▋ | 22.4k/25.7k [08:33<01:14, 44.0doc/s]
  scidocs:  87%|████████▋ | 22.4k/25.7k [08:34<01:15, 43.6doc/s]
  scidocs:  87%|████████▋ | 22.4k/25.7k [08:34<01:15, 43.4doc/s]
  scidocs:  87%|████████▋ | 22.4k/25.7k [08:34<01:15, 43.2doc/s]
  scidocs:  87%|████████▋ | 22.4k/25.7k [08:34<01:15, 43.1doc/s]
  scidocs:  87%|████████▋ | 22.4k/25.7k [08:34<01:15, 43.0doc/s]
  scidocs:  87%|████████▋ | 22.4k/25.7k [08:35<01:15, 43.0doc/s]
  scidocs:  87%|████████▋ | 22.4k/25.7k [08:35<01:15, 43.0doc/s]
  scidocs:  87%|████████▋ | 22.4k/25.7k [08:35<01:14, 43.0doc/s]
  scidocs:  87%|████████▋ | 22.4k/25.7k [08:35<01:14, 43.0doc/s]
  scidocs:  87%|████████▋ | 22.4k/25.7k [08:35<01:14, 43.1doc/s]
  scidocs:  88%|████████▊ | 22.5k/25.7k [08:36<01:14, 43.1doc/s]
  scidocs:  88%|████████▊ | 22.5k/25.7k [08:36<01:13, 43.3doc/s]
  scidocs:  88%|████████▊ | 22.5k/25.7k [08:36<01:13, 43.1doc/s]
  scidocs:  88%|████████▊ | 22.5k/25.7k [08:36<01:13, 43.2doc/s]
  scidocs:  88%|████████▊ | 22.5k/25.7k [08:36<01:13, 43.3doc/s]
  scidocs:  88%|████████▊ | 22.5k/25.7k [08:36<01:13, 43.1doc/s]
  scidocs:  88%|████████▊ | 22.5k/25.7k [08:37<01:13, 42.9doc/s]
  scidocs:  88%|████████▊ | 22.5k/25.7k [08:37<01:13, 42.8doc/s]
  scidocs:  88%|████████▊ | 22.5k/25.7k [08:37<01:13, 42.9doc/s]
  scidocs:  88%|████████▊ | 22.5k/25.7k [08:37<01:12, 43.0doc/s]
  scidocs:  88%|████████▊ | 22.5k/25.7k [08:37<01:12, 42.8doc/s]
  scidocs:  88%|████████▊ | 22.5k/25.7k [08:38<01:12, 42.9doc/s]
  scidocs:  88%|████████▊ | 22.6k/25.7k [08:38<01:12, 43.1doc/s]
  scidocs:  88%|████████▊ | 22.6k/25.7k [08:38<01:12, 42.9doc/s]
  scidocs:  88%|████████▊ | 22.6k/25.7k [08:38<01:12, 42.9doc/s]
  scidocs:  88%|████████▊ | 22.6k/25.7k [08:38<01:11, 42.9doc/s]
  scidocs:  88%|████████▊ | 22.6k/25.7k [08:39<01:11, 43.0doc/s]
  scidocs:  88%|████████▊ | 22.6k/25.7k [08:39<01:10, 43.3doc/s]
  scidocs:  88%|████████▊ | 22.6k/25.7k [08:39<01:10, 43.6doc/s]
  scidocs:  88%|████████▊ | 22.6k/25.7k [08:39<01:09, 43.7doc/s]
  scidocs:  88%|████████▊ | 22.6k/25.7k [08:39<01:09, 43.7doc/s]
  scidocs:  88%|████████▊ | 22.6k/25.7k [08:39<01:09, 43.7doc/s]
  scidocs:  88%|████████▊ | 22.6k/25.7k [08:40<01:09, 43.7doc/s]
  scidocs:  88%|████████▊ | 22.6k/25.7k [08:40<01:09, 43.6doc/s]
  scidocs:  88%|████████▊ | 22.6k/25.7k [08:40<01:09, 43.4doc/s]
  scidocs:  88%|████████▊ | 22.7k/25.7k [08:40<01:09, 43.3doc/s]
  scidocs:  88%|████████▊ | 22.7k/25.7k [08:40<01:08, 43.6doc/s]
  scidocs:  88%|████████▊ | 22.7k/25.7k [08:41<01:08, 43.4doc/s]
  scidocs:  88%|████████▊ | 22.7k/25.7k [08:41<01:08, 43.3doc/s]
  scidocs:  88%|████████▊ | 22.7k/25.7k [08:41<01:08, 43.3doc/s]
  scidocs:  88%|████████▊ | 22.7k/25.7k [08:41<01:08, 43.2doc/s]
  scidocs:  88%|████████▊ | 22.7k/25.7k [08:41<01:08, 43.0doc/s]
  scidocs:  89%|████████▊ | 22.7k/25.7k [08:41<01:07, 43.5doc/s]
  scidocs:  89%|████████▊ | 22.7k/25.7k [08:42<01:07, 43.7doc/s]
  scidocs:  89%|████████▊ | 22.7k/25.7k [08:42<01:07, 43.7doc/s]
  scidocs:  89%|████████▊ | 22.7k/25.7k [08:42<01:06, 43.7doc/s]
  scidocs:  89%|████████▊ | 22.7k/25.7k [08:42<01:06, 43.7doc/s]
  scidocs:  89%|████████▊ | 22.8k/25.7k [08:42<01:07, 43.1doc/s]
  scidocs:  89%|████████▊ | 22.8k/25.7k [08:43<01:07, 42.7doc/s]
  scidocs:  89%|████████▊ | 22.8k/25.7k [08:43<01:08, 42.5doc/s]
  scidocs:  89%|████████▉ | 22.8k/25.7k [08:43<01:07, 42.4doc/s]
  scidocs:  89%|████████▉ | 22.8k/25.7k [08:43<01:07, 42.4doc/s]
  scidocs:  89%|████████▉ | 22.8k/25.7k [08:43<01:07, 42.6doc/s]
  scidocs:  89%|████████▉ | 22.8k/25.7k [08:44<01:06, 42.9doc/s]
  scidocs:  89%|████████▉ | 22.8k/25.7k [08:44<01:07, 42.2doc/s]
  scidocs:  89%|████████▉ | 22.8k/25.7k [08:44<01:07, 42.0doc/s]
  scidocs:  89%|████████▉ | 22.8k/25.7k [08:44<01:06, 42.5doc/s]
  scidocs:  89%|████████▉ | 22.8k/25.7k [08:44<01:06, 42.6doc/s]
  scidocs:  89%|████████▉ | 22.8k/25.7k [08:44<01:05, 42.7doc/s]
  scidocs:  89%|████████▉ | 22.8k/25.7k [08:45<01:05, 42.7doc/s]
  scidocs:  89%|████████▉ | 22.9k/25.7k [08:45<01:05, 42.8doc/s]
  scidocs:  89%|████████▉ | 22.9k/25.7k [08:45<01:04, 43.0doc/s]
  scidocs:  89%|████████▉ | 22.9k/25.7k [08:45<01:04, 43.1doc/s]
  scidocs:  89%|████████▉ | 22.9k/25.7k [08:45<01:04, 43.2doc/s]
  scidocs:  89%|████████▉ | 22.9k/25.7k [08:46<01:03, 43.3doc/s]
  scidocs:  89%|████████▉ | 22.9k/25.7k [08:46<01:04, 42.7doc/s]
  scidocs:  89%|████████▉ | 22.9k/25.7k [08:46<01:05, 42.3doc/s]
  scidocs:  89%|████████▉ | 22.9k/25.7k [08:46<01:04, 42.5doc/s]
  scidocs:  89%|████████▉ | 22.9k/25.7k [08:46<01:04, 42.6doc/s]
  scidocs:  89%|████████▉ | 22.9k/25.7k [08:47<01:03, 42.8doc/s]
  scidocs:  89%|████████▉ | 22.9k/25.7k [08:47<01:02, 43.3doc/s]
  scidocs:  89%|████████▉ | 22.9k/25.7k [08:47<01:03, 43.0doc/s]
  scidocs:  89%|████████▉ | 23.0k/25.7k [08:47<01:03, 42.5doc/s]
  scidocs:  89%|████████▉ | 23.0k/25.7k [08:47<01:03, 42.4doc/s]
  scidocs:  90%|████████▉ | 23.0k/25.7k [08:47<01:03, 42.5doc/s]
  scidocs:  90%|████████▉ | 23.0k/25.7k [08:48<01:02, 42.9doc/s]
  scidocs:  90%|████████▉ | 23.0k/25.7k [08:48<01:01, 43.2doc/s]
  scidocs:  90%|████████▉ | 23.0k/25.7k [08:48<01:02, 42.5doc/s]
  scidocs:  90%|████████▉ | 23.0k/25.7k [08:48<01:03, 42.1doc/s]
  scidocs:  90%|████████▉ | 23.0k/25.7k [08:48<01:02, 42.1doc/s]
  scidocs:  90%|████████▉ | 23.0k/25.7k [08:49<01:02, 42.2doc/s]
  scidocs:  90%|████████▉ | 23.0k/25.7k [08:49<01:01, 42.8doc/s]
  scidocs:  90%|████████▉ | 23.0k/25.7k [08:49<01:00, 43.3doc/s]
  scidocs:  90%|████████▉ | 23.0k/25.7k [08:49<01:00, 43.6doc/s]
  scidocs:  90%|████████▉ | 23.0k/25.7k [08:49<00:59, 43.8doc/s]
  scidocs:  90%|████████▉ | 23.1k/25.7k [08:49<00:59, 43.8doc/s]
  scidocs:  90%|████████▉ | 23.1k/25.7k [08:50<00:59, 43.6doc/s]
  scidocs:  90%|████████▉ | 23.1k/25.7k [08:50<00:59, 43.5doc/s]
  scidocs:  90%|████████▉ | 23.1k/25.7k [08:50<00:59, 43.4doc/s]
  scidocs:  90%|████████▉ | 23.1k/25.7k [08:50<00:59, 43.2doc/s]
  scidocs:  90%|█████████ | 23.1k/25.7k [08:50<00:59, 43.2doc/s]
  scidocs:  90%|█████████ | 23.1k/25.7k [08:51<00:59, 43.0doc/s]
  scidocs:  90%|█████████ | 23.1k/25.7k [08:51<00:59, 43.0doc/s]
  scidocs:  90%|█████████ | 23.1k/25.7k [08:51<00:58, 43.1doc/s]
  scidocs:  90%|█████████ | 23.1k/25.7k [08:51<00:58, 43.2doc/s]
  scidocs:  90%|█████████ | 23.1k/25.7k [08:51<00:58, 43.1doc/s]
  scidocs:  90%|█████████ | 23.1k/25.7k [08:52<00:58, 43.0doc/s]
  scidocs:  90%|█████████ | 23.2k/25.7k [08:52<00:58, 43.1doc/s]
  scidocs:  90%|█████████ | 23.2k/25.7k [08:52<00:57, 43.1doc/s]
  scidocs:  90%|█████████ | 23.2k/25.7k [08:52<00:57, 43.1doc/s]
  scidocs:  90%|█████████ | 23.2k/25.7k [08:52<00:57, 43.0doc/s]
  scidocs:  90%|█████████ | 23.2k/25.7k [08:52<00:57, 43.0doc/s]
  scidocs:  90%|█████████ | 23.2k/25.7k [08:53<00:57, 42.6doc/s]
  scidocs:  90%|█████████ | 23.2k/25.7k [08:53<00:57, 42.9doc/s]
  scidocs:  90%|█████████ | 23.2k/25.7k [08:53<00:56, 43.3doc/s]
  scidocs:  90%|█████████ | 23.2k/25.7k [08:53<00:56, 43.5doc/s]
  scidocs:  91%|█████████ | 23.2k/25.7k [08:53<00:55, 43.5doc/s]
  scidocs:  91%|█████████ | 23.2k/25.7k [08:54<00:55, 43.6doc/s]
  scidocs:  91%|█████████ | 23.2k/25.7k [08:54<00:55, 43.5doc/s]
  scidocs:  91%|█████████ | 23.2k/25.7k [08:54<00:56, 42.9doc/s]
  scidocs:  91%|█████████ | 23.3k/25.7k [08:54<00:56, 42.4doc/s]
  scidocs:  91%|█████████ | 23.3k/25.7k [08:54<00:56, 42.3doc/s]
  scidocs:  91%|█████████ | 23.3k/25.7k [08:55<00:56, 42.4doc/s]
  scidocs:  91%|█████████ | 23.3k/25.7k [08:55<00:56, 42.3doc/s]
  scidocs:  91%|█████████ | 23.3k/25.7k [08:55<00:55, 42.8doc/s]
  scidocs:  91%|█████████ | 23.3k/25.7k [08:55<00:54, 43.0doc/s]
  scidocs:  91%|█████████ | 23.3k/25.7k [08:55<00:54, 43.1doc/s]
  scidocs:  91%|█████████ | 23.3k/25.7k [08:55<00:54, 43.0doc/s]
  scidocs:  91%|█████████ | 23.3k/25.7k [08:56<00:54, 43.2doc/s]
  scidocs:  91%|█████████ | 23.3k/25.7k [08:56<00:54, 43.1doc/s]
  scidocs:  91%|█████████ | 23.3k/25.7k [08:56<00:53, 43.1doc/s]
  scidocs:  91%|█████████ | 23.3k/25.7k [08:56<00:53, 43.2doc/s]
  scidocs:  91%|█████████ | 23.4k/25.7k [08:56<00:53, 43.2doc/s]
  scidocs:  91%|█████████ | 23.4k/25.7k [08:57<00:53, 42.9doc/s]
  scidocs:  91%|█████████ | 23.4k/25.7k [08:57<00:52, 43.3doc/s]
  scidocs:  91%|█████████ | 23.4k/25.7k [08:57<00:53, 42.9doc/s]
  scidocs:  91%|█████████ | 23.4k/25.7k [08:57<00:53, 42.3doc/s]
  scidocs:  91%|█████████ | 23.4k/25.7k [08:57<00:53, 42.1doc/s]
  scidocs:  91%|█████████ | 23.4k/25.7k [08:57<00:53, 42.1doc/s]
  scidocs:  91%|█████████ | 23.4k/25.7k [08:58<00:53, 42.2doc/s]
  scidocs:  91%|█████████▏| 23.4k/25.7k [08:58<00:52, 42.6doc/s]
  scidocs:  91%|█████████▏| 23.4k/25.7k [08:58<00:52, 42.9doc/s]
  scidocs:  91%|█████████▏| 23.4k/25.7k [08:58<00:51, 43.1doc/s]
  scidocs:  91%|█████████▏| 23.4k/25.7k [08:58<00:51, 43.3doc/s]
  scidocs:  91%|█████████▏| 23.4k/25.7k [08:59<00:51, 43.3doc/s]
  scidocs:  91%|█████████▏| 23.5k/25.7k [08:59<00:50, 43.4doc/s]
  scidocs:  91%|█████████▏| 23.5k/25.7k [08:59<00:50, 43.4doc/s]
  scidocs:  91%|█████████▏| 23.5k/25.7k [08:59<00:50, 43.5doc/s]
  scidocs:  92%|█████████▏| 23.5k/25.7k [08:59<00:50, 43.1doc/s]
  scidocs:  92%|█████████▏| 23.5k/25.7k [09:00<00:50, 43.3doc/s]
  scidocs:  92%|█████████▏| 23.5k/25.7k [09:00<00:49, 43.3doc/s]
  scidocs:  92%|█████████▏| 23.5k/25.7k [09:00<00:49, 43.4doc/s]
  scidocs:  92%|█████████▏| 23.5k/25.7k [09:00<00:50, 42.7doc/s]
  scidocs:  92%|█████████▏| 23.5k/25.7k [09:00<00:50, 42.4doc/s]
  scidocs:  92%|█████████▏| 23.5k/25.7k [09:00<00:49, 42.7doc/s]
  scidocs:  92%|█████████▏| 23.5k/25.7k [09:01<00:49, 42.6doc/s]
  scidocs:  92%|█████████▏| 23.5k/25.7k [09:01<00:49, 42.7doc/s]
  scidocs:  92%|█████████▏| 23.6k/25.7k [09:01<00:48, 43.1doc/s]
  scidocs:  92%|█████████▏| 23.6k/25.7k [09:01<00:48, 42.9doc/s]
  scidocs:  92%|█████████▏| 23.6k/25.7k [09:01<00:49, 42.4doc/s]
  scidocs:  92%|█████████▏| 23.6k/25.7k [09:02<00:49, 42.2doc/s]
  scidocs:  92%|█████████▏| 23.6k/25.7k [09:02<00:49, 42.2doc/s]
  scidocs:  92%|█████████▏| 23.6k/25.7k [09:02<00:48, 42.3doc/s]
  scidocs:  92%|█████████▏| 23.6k/25.7k [09:02<00:48, 42.4doc/s]
  scidocs:  92%|█████████▏| 23.6k/25.7k [09:02<00:48, 42.6doc/s]
  scidocs:  92%|█████████▏| 23.6k/25.7k [09:03<00:47, 42.8doc/s]
  scidocs:  92%|█████████▏| 23.6k/25.7k [09:03<00:47, 43.0doc/s]
  scidocs:  92%|█████████▏| 23.6k/25.7k [09:03<00:47, 43.0doc/s]
  scidocs:  92%|█████████▏| 23.6k/25.7k [09:03<00:46, 43.3doc/s]
  scidocs:  92%|█████████▏| 23.6k/25.7k [09:03<00:46, 43.3doc/s]
  scidocs:  92%|█████████▏| 23.7k/25.7k [09:03<00:46, 43.4doc/s]
  scidocs:  92%|█████████▏| 23.7k/25.7k [09:04<00:45, 43.5doc/s]
  scidocs:  92%|█████████▏| 23.7k/25.7k [09:04<00:45, 43.6doc/s]
  scidocs:  92%|█████████▏| 23.7k/25.7k [09:04<00:45, 43.7doc/s]
  scidocs:  92%|█████████▏| 23.7k/25.7k [09:04<00:44, 43.8doc/s]
  scidocs:  92%|█████████▏| 23.7k/25.7k [09:04<00:44, 43.7doc/s]
  scidocs:  92%|█████████▏| 23.7k/25.7k [09:05<00:44, 43.6doc/s]
  scidocs:  92%|█████████▏| 23.7k/25.7k [09:05<00:45, 43.1doc/s]
  scidocs:  92%|█████████▏| 23.7k/25.7k [09:05<00:44, 43.2doc/s]
  scidocs:  92%|█████████▏| 23.7k/25.7k [09:05<00:44, 43.5doc/s]
  scidocs:  93%|█████████▎| 23.7k/25.7k [09:05<00:44, 43.6doc/s]
  scidocs:  93%|█████████▎| 23.7k/25.7k [09:05<00:43, 43.8doc/s]
  scidocs:  93%|█████████▎| 23.8k/25.7k [09:06<00:43, 44.0doc/s]
  scidocs:  93%|█████████▎| 23.8k/25.7k [09:06<00:43, 44.1doc/s]
  scidocs:  93%|█████████▎| 23.8k/25.7k [09:06<00:43, 43.8doc/s]
  scidocs:  93%|█████████▎| 23.8k/25.7k [09:06<00:43, 43.5doc/s]
  scidocs:  93%|█████████▎| 23.8k/25.7k [09:06<00:43, 43.4doc/s]
  scidocs:  93%|█████████▎| 23.8k/25.7k [09:07<00:43, 43.2doc/s]
  scidocs:  93%|█████████▎| 23.8k/25.7k [09:07<00:42, 43.5doc/s]
  scidocs:  93%|█████████▎| 23.8k/25.7k [09:07<00:42, 43.6doc/s]
  scidocs:  93%|█████████▎| 23.8k/25.7k [09:07<00:42, 43.5doc/s]
  scidocs:  93%|█████████▎| 23.8k/25.7k [09:07<00:42, 43.4doc/s]
  scidocs:  93%|█████████▎| 23.8k/25.7k [09:07<00:42, 43.4doc/s]
  scidocs:  93%|█████████▎| 23.8k/25.7k [09:08<00:41, 43.5doc/s]
  scidocs:  93%|█████████▎| 23.8k/25.7k [09:08<00:42, 42.8doc/s]
  scidocs:  93%|█████████▎| 23.9k/25.7k [09:08<00:42, 42.5doc/s]
  scidocs:  93%|█████████▎| 23.9k/25.7k [09:08<00:42, 42.6doc/s]
  scidocs:  93%|█████████▎| 23.9k/25.7k [09:08<00:41, 43.1doc/s]
  scidocs:  93%|█████████▎| 23.9k/25.7k [09:09<00:41, 43.2doc/s]
  scidocs:  93%|█████████▎| 23.9k/25.7k [09:09<00:40, 43.3doc/s]
  scidocs:  93%|█████████▎| 23.9k/25.7k [09:09<00:40, 43.2doc/s]
  scidocs:  93%|█████████▎| 23.9k/25.7k [09:09<00:40, 43.1doc/s]
  scidocs:  93%|█████████▎| 23.9k/25.7k [09:09<00:40, 43.2doc/s]
  scidocs:  93%|█████████▎| 23.9k/25.7k [09:10<00:40, 43.4doc/s]
  scidocs:  93%|█████████▎| 23.9k/25.7k [09:10<00:39, 43.5doc/s]
  scidocs:  93%|█████████▎| 23.9k/25.7k [09:10<00:40, 42.7doc/s]
  scidocs:  93%|█████████▎| 23.9k/25.7k [09:10<00:40, 42.3doc/s]
  scidocs:  93%|█████████▎| 24.0k/25.7k [09:10<00:39, 42.7doc/s]
  scidocs:  93%|█████████▎| 24.0k/25.7k [09:10<00:39, 42.9doc/s]
  scidocs:  93%|█████████▎| 24.0k/25.7k [09:11<00:38, 43.4doc/s]
  scidocs:  93%|█████████▎| 24.0k/25.7k [09:11<00:38, 43.5doc/s]
  scidocs:  93%|█████████▎| 24.0k/25.7k [09:11<00:38, 43.7doc/s]
  scidocs:  94%|█████████▎| 24.0k/25.7k [09:11<00:38, 43.7doc/s]
  scidocs:  94%|█████████▎| 24.0k/25.7k [09:11<00:37, 43.9doc/s]
  scidocs:  94%|█████████▎| 24.0k/25.7k [09:12<00:37, 44.0doc/s]
  scidocs:  94%|█████████▎| 24.0k/25.7k [09:12<00:37, 44.2doc/s]
  scidocs:  94%|█████████▎| 24.0k/25.7k [09:12<00:37, 44.1doc/s]
  scidocs:  94%|█████████▎| 24.0k/25.7k [09:12<00:36, 44.2doc/s]
  scidocs:  94%|█████████▎| 24.0k/25.7k [09:12<00:36, 44.4doc/s]
  scidocs:  94%|█████████▎| 24.0k/25.7k [09:12<00:36, 44.2doc/s]
  scidocs:  94%|█████████▍| 24.1k/25.7k [09:13<00:36, 43.9doc/s]
  scidocs:  94%|█████████▍| 24.1k/25.7k [09:13<00:36, 43.6doc/s]
  scidocs:  94%|█████████▍| 24.1k/25.7k [09:13<00:36, 43.5doc/s]
  scidocs:  94%|█████████▍| 24.1k/25.7k [09:13<00:35, 43.8doc/s]
  scidocs:  94%|█████████▍| 24.1k/25.7k [09:13<00:35, 43.8doc/s]
  scidocs:  94%|█████████▍| 24.1k/25.7k [09:14<00:35, 43.8doc/s]
  scidocs:  94%|█████████▍| 24.1k/25.7k [09:14<00:35, 43.7doc/s]
  scidocs:  94%|█████████▍| 24.1k/25.7k [09:14<00:35, 43.9doc/s]
  scidocs:  94%|█████████▍| 24.1k/25.7k [09:14<00:35, 43.3doc/s]
  scidocs:  94%|█████████▍| 24.1k/25.7k [09:14<00:36, 42.5doc/s]
  scidocs:  94%|█████████▍| 24.1k/25.7k [09:15<00:35, 42.3doc/s]
  scidocs:  94%|█████████▍| 24.1k/25.7k [09:15<00:35, 42.2doc/s]
  scidocs:  94%|█████████▍| 24.2k/25.7k [09:15<00:35, 42.4doc/s]
  scidocs:  94%|█████████▍| 24.2k/25.7k [09:15<00:34, 42.9doc/s]
  scidocs:  94%|█████████▍| 24.2k/25.7k [09:15<00:34, 43.7doc/s]
  scidocs:  94%|█████████▍| 24.2k/25.7k [09:15<00:33, 44.0doc/s]
  scidocs:  94%|█████████▍| 24.2k/25.7k [09:16<00:33, 44.2doc/s]
  scidocs:  94%|█████████▍| 24.2k/25.7k [09:16<00:33, 43.8doc/s]
  scidocs:  94%|█████████▍| 24.2k/25.7k [09:16<00:33, 43.3doc/s]
  scidocs:  94%|█████████▍| 24.2k/25.7k [09:16<00:33, 43.1doc/s]
  scidocs:  94%|█████████▍| 24.2k/25.7k [09:16<00:33, 42.9doc/s]
  scidocs:  94%|█████████▍| 24.2k/25.7k [09:17<00:33, 42.6doc/s]
  scidocs:  94%|█████████▍| 24.2k/25.7k [09:17<00:33, 42.5doc/s]
  scidocs:  94%|█████████▍| 24.2k/25.7k [09:17<00:33, 42.2doc/s]
  scidocs:  95%|█████████▍| 24.2k/25.7k [09:17<00:33, 42.3doc/s]
  scidocs:  95%|█████████▍| 24.3k/25.7k [09:17<00:32, 42.9doc/s]
  scidocs:  95%|█████████▍| 24.3k/25.7k [09:17<00:32, 43.1doc/s]
  scidocs:  95%|█████████▍| 24.3k/25.7k [09:18<00:32, 43.2doc/s]
  scidocs:  95%|█████████▍| 24.3k/25.7k [09:18<00:31, 43.3doc/s]
  scidocs:  95%|█████████▍| 24.3k/25.7k [09:18<00:31, 43.7doc/s]
  scidocs:  95%|█████████▍| 24.3k/25.7k [09:18<00:31, 43.3doc/s]
  scidocs:  95%|█████████▍| 24.3k/25.7k [09:18<00:31, 42.7doc/s]
  scidocs:  95%|█████████▍| 24.3k/25.7k [09:19<00:31, 42.2doc/s]
  scidocs:  95%|█████████▍| 24.3k/25.7k [09:19<00:31, 42.3doc/s]
  scidocs:  95%|█████████▍| 24.3k/25.7k [09:19<00:31, 42.7doc/s]
  scidocs:  95%|█████████▍| 24.3k/25.7k [09:19<00:30, 42.9doc/s]
  scidocs:  95%|█████████▍| 24.3k/25.7k [09:19<00:30, 43.0doc/s]
  scidocs:  95%|█████████▍| 24.4k/25.7k [09:20<00:30, 43.2doc/s]
  scidocs:  95%|█████████▍| 24.4k/25.7k [09:20<00:29, 43.3doc/s]
  scidocs:  95%|█████████▍| 24.4k/25.7k [09:20<00:29, 43.3doc/s]
  scidocs:  95%|█████████▌| 24.4k/25.7k [09:20<00:29, 43.6doc/s]
  scidocs:  95%|█████████▌| 24.4k/25.7k [09:20<00:29, 43.5doc/s]
  scidocs:  95%|█████████▌| 24.4k/25.7k [09:20<00:29, 42.9doc/s]
  scidocs:  95%|█████████▌| 24.4k/25.7k [09:21<00:29, 42.7doc/s]
  scidocs:  95%|█████████▌| 24.4k/25.7k [09:21<00:29, 42.8doc/s]
  scidocs:  95%|█████████▌| 24.4k/25.7k [09:21<00:28, 43.1doc/s]
  scidocs:  95%|█████████▌| 24.4k/25.7k [09:21<00:28, 43.4doc/s]
  scidocs:  95%|█████████▌| 24.4k/25.7k [09:21<00:28, 42.8doc/s]
  scidocs:  95%|█████████▌| 24.4k/25.7k [09:22<00:28, 42.4doc/s]
  scidocs:  95%|█████████▌| 24.4k/25.7k [09:22<00:28, 42.4doc/s]
  scidocs:  95%|█████████▌| 24.5k/25.7k [09:22<00:28, 42.6doc/s]
  scidocs:  95%|█████████▌| 24.5k/25.7k [09:22<00:27, 42.9doc/s]
  scidocs:  95%|█████████▌| 24.5k/25.7k [09:22<00:27, 43.1doc/s]
  scidocs:  95%|█████████▌| 24.5k/25.7k [09:23<00:27, 42.5doc/s]
  scidocs:  95%|█████████▌| 24.5k/25.7k [09:23<00:27, 42.0doc/s]
  scidocs:  95%|█████████▌| 24.5k/25.7k [09:23<00:27, 41.8doc/s]
  scidocs:  96%|█████████▌| 24.5k/25.7k [09:23<00:27, 42.3doc/s]
  scidocs:  96%|█████████▌| 24.5k/25.7k [09:23<00:26, 42.9doc/s]
  scidocs:  96%|█████████▌| 24.5k/25.7k [09:23<00:26, 43.2doc/s]
  scidocs:  96%|█████████▌| 24.5k/25.7k [09:24<00:26, 42.7doc/s]
  scidocs:  96%|█████████▌| 24.5k/25.7k [09:24<00:26, 42.4doc/s]
  scidocs:  96%|█████████▌| 24.5k/25.7k [09:24<00:26, 42.7doc/s]
  scidocs:  96%|█████████▌| 24.6k/25.7k [09:24<00:25, 42.7doc/s]
  scidocs:  96%|█████████▌| 24.6k/25.7k [09:24<00:25, 42.7doc/s]
  scidocs:  96%|█████████▌| 24.6k/25.7k [09:25<00:25, 42.9doc/s]
  scidocs:  96%|█████████▌| 24.6k/25.7k [09:25<00:25, 42.7doc/s]
  scidocs:  96%|█████████▌| 24.6k/25.7k [09:25<00:25, 42.3doc/s]
  scidocs:  96%|█████████▌| 24.6k/25.7k [09:25<00:25, 42.4doc/s]
  scidocs:  96%|█████████▌| 24.6k/25.7k [09:25<00:24, 42.6doc/s]
  scidocs:  96%|█████████▌| 24.6k/25.7k [09:26<00:24, 42.8doc/s]
  scidocs:  96%|█████████▌| 24.6k/25.7k [09:26<00:24, 43.1doc/s]
  scidocs:  96%|█████████▌| 24.6k/25.7k [09:26<00:24, 42.6doc/s]
  scidocs:  96%|█████████▌| 24.6k/25.7k [09:26<00:24, 42.4doc/s]
  scidocs:  96%|█████████▌| 24.6k/25.7k [09:26<00:23, 42.7doc/s]
  scidocs:  96%|█████████▌| 24.6k/25.7k [09:26<00:23, 42.8doc/s]
  scidocs:  96%|█████████▌| 24.7k/25.7k [09:27<00:23, 42.9doc/s]
  scidocs:  96%|█████████▌| 24.7k/25.7k [09:27<00:23, 43.2doc/s]
  scidocs:  96%|█████████▌| 24.7k/25.7k [09:27<00:22, 43.0doc/s]
  scidocs:  96%|█████████▌| 24.7k/25.7k [09:27<00:22, 43.0doc/s]
  scidocs:  96%|█████████▌| 24.7k/25.7k [09:27<00:22, 43.0doc/s]
  scidocs:  96%|█████████▋| 24.7k/25.7k [09:28<00:22, 43.3doc/s]
  scidocs:  96%|█████████▋| 24.7k/25.7k [09:28<00:21, 43.6doc/s]
  scidocs:  96%|█████████▋| 24.7k/25.7k [09:28<00:21, 43.6doc/s]
  scidocs:  96%|█████████▋| 24.7k/25.7k [09:28<00:21, 43.3doc/s]
  scidocs:  96%|█████████▋| 24.7k/25.7k [09:28<00:21, 43.4doc/s]
  scidocs:  96%|█████████▋| 24.7k/25.7k [09:28<00:21, 43.3doc/s]
  scidocs:  96%|█████████▋| 24.7k/25.7k [09:29<00:21, 43.1doc/s]
  scidocs:  96%|█████████▋| 24.8k/25.7k [09:29<00:21, 43.0doc/s]
  scidocs:  97%|█████████▋| 24.8k/25.7k [09:29<00:20, 43.0doc/s]
  scidocs:  97%|█████████▋| 24.8k/25.7k [09:29<00:20, 42.6doc/s]
  scidocs:  97%|█████████▋| 24.8k/25.7k [09:29<00:20, 42.8doc/s]
  scidocs:  97%|█████████▋| 24.8k/25.7k [09:30<00:20, 43.0doc/s]
  scidocs:  97%|█████████▋| 24.8k/25.7k [09:30<00:20, 43.1doc/s]
  scidocs:  97%|█████████▋| 24.8k/25.7k [09:30<00:20, 42.5doc/s]
  scidocs:  97%|█████████▋| 24.8k/25.7k [09:30<00:20, 42.1doc/s]
  scidocs:  97%|█████████▋| 24.8k/25.7k [09:30<00:19, 42.4doc/s]
  scidocs:  97%|█████████▋| 24.8k/25.7k [09:31<00:19, 42.6doc/s]
  scidocs:  97%|█████████▋| 24.8k/25.7k [09:31<00:19, 42.9doc/s]
  scidocs:  97%|█████████▋| 24.8k/25.7k [09:31<00:18, 43.4doc/s]
  scidocs:  97%|█████████▋| 24.8k/25.7k [09:31<00:18, 43.5doc/s]
  scidocs:  97%|█████████▋| 24.9k/25.7k [09:31<00:18, 43.6doc/s]
  scidocs:  97%|█████████▋| 24.9k/25.7k [09:31<00:18, 43.4doc/s]
  scidocs:  97%|█████████▋| 24.9k/25.7k [09:32<00:18, 43.2doc/s]
  scidocs:  97%|█████████▋| 24.9k/25.7k [09:32<00:18, 43.2doc/s]
  scidocs:  97%|█████████▋| 24.9k/25.7k [09:32<00:17, 43.0doc/s]
  scidocs:  97%|█████████▋| 24.9k/25.7k [09:32<00:17, 43.1doc/s]
  scidocs:  97%|█████████▋| 24.9k/25.7k [09:32<00:17, 43.0doc/s]
  scidocs:  97%|█████████▋| 24.9k/25.7k [09:33<00:17, 43.2doc/s]
  scidocs:  97%|█████████▋| 24.9k/25.7k [09:33<00:16, 43.4doc/s]
  scidocs:  97%|█████████▋| 24.9k/25.7k [09:33<00:16, 43.3doc/s]
  scidocs:  97%|█████████▋| 24.9k/25.7k [09:33<00:16, 43.2doc/s]
  scidocs:  97%|█████████▋| 24.9k/25.7k [09:33<00:16, 43.3doc/s]
  scidocs:  97%|█████████▋| 25.0k/25.7k [09:33<00:16, 43.5doc/s]
  scidocs:  97%|█████████▋| 25.0k/25.7k [09:34<00:15, 43.6doc/s]
  scidocs:  97%|█████████▋| 25.0k/25.7k [09:34<00:16, 42.9doc/s]
  scidocs:  97%|█████████▋| 25.0k/25.7k [09:34<00:16, 42.4doc/s]
  scidocs:  97%|█████████▋| 25.0k/25.7k [09:34<00:15, 42.5doc/s]
  scidocs:  97%|█████████▋| 25.0k/25.7k [09:34<00:15, 42.6doc/s]
  scidocs:  97%|█████████▋| 25.0k/25.7k [09:35<00:15, 42.5doc/s]
  scidocs:  97%|█████████▋| 25.0k/25.7k [09:35<00:15, 42.9doc/s]
  scidocs:  98%|█████████▊| 25.0k/25.7k [09:35<00:15, 42.7doc/s]
  scidocs:  98%|█████████▊| 25.0k/25.7k [09:35<00:14, 42.4doc/s]
  scidocs:  98%|█████████▊| 25.0k/25.7k [09:35<00:14, 42.2doc/s]
  scidocs:  98%|█████████▊| 25.0k/25.7k [09:36<00:14, 42.5doc/s]
  scidocs:  98%|█████████▊| 25.0k/25.7k [09:36<00:14, 42.6doc/s]
  scidocs:  98%|█████████▊| 25.1k/25.7k [09:36<00:14, 42.7doc/s]
  scidocs:  98%|█████████▊| 25.1k/25.7k [09:36<00:13, 42.7doc/s]
  scidocs:  98%|█████████▊| 25.1k/25.7k [09:36<00:13, 42.8doc/s]
  scidocs:  98%|█████████▊| 25.1k/25.7k [09:37<00:13, 42.9doc/s]
  scidocs:  98%|█████████▊| 25.1k/25.7k [09:37<00:13, 42.9doc/s]
  scidocs:  98%|█████████▊| 25.1k/25.7k [09:37<00:12, 43.4doc/s]
  scidocs:  98%|█████████▊| 25.1k/25.7k [09:37<00:12, 43.2doc/s]
  scidocs:  98%|█████████▊| 25.1k/25.7k [09:37<00:12, 42.8doc/s]
  scidocs:  98%|█████████▊| 25.1k/25.7k [09:37<00:12, 42.6doc/s]
  scidocs:  98%|█████████▊| 25.1k/25.7k [09:38<00:12, 42.5doc/s]
  scidocs:  98%|█████████▊| 25.1k/25.7k [09:38<00:12, 43.0doc/s]
  scidocs:  98%|█████████▊| 25.1k/25.7k [09:38<00:11, 43.3doc/s]
  scidocs:  98%|█████████▊| 25.2k/25.7k [09:38<00:11, 43.3doc/s]
  scidocs:  98%|█████████▊| 25.2k/25.7k [09:38<00:11, 43.3doc/s]
  scidocs:  98%|█████████▊| 25.2k/25.7k [09:39<00:11, 43.4doc/s]
  scidocs:  98%|█████████▊| 25.2k/25.7k [09:39<00:11, 43.4doc/s]
  scidocs:  98%|█████████▊| 25.2k/25.7k [09:39<00:10, 43.4doc/s]
  scidocs:  98%|█████████▊| 25.2k/25.7k [09:39<00:10, 43.5doc/s]
  scidocs:  98%|█████████▊| 25.2k/25.7k [09:39<00:10, 43.6doc/s]
  scidocs:  98%|█████████▊| 25.2k/25.7k [09:39<00:10, 43.6doc/s]
  scidocs:  98%|█████████▊| 25.2k/25.7k [09:40<00:10, 43.8doc/s]
  scidocs:  98%|█████████▊| 25.2k/25.7k [09:40<00:09, 43.7doc/s]
  scidocs:  98%|█████████▊| 25.2k/25.7k [09:40<00:09, 42.9doc/s]
  scidocs:  98%|█████████▊| 25.2k/25.7k [09:40<00:09, 42.5doc/s]
  scidocs:  98%|█████████▊| 25.2k/25.7k [09:40<00:09, 42.5doc/s]
  scidocs:  98%|█████████▊| 25.3k/25.7k [09:41<00:09, 42.5doc/s]
  scidocs:  98%|█████████▊| 25.3k/25.7k [09:41<00:09, 42.6doc/s]
  scidocs:  98%|█████████▊| 25.3k/25.7k [09:41<00:08, 42.9doc/s]
  scidocs:  99%|█████████▊| 25.3k/25.7k [09:41<00:08, 43.3doc/s]
  scidocs:  99%|█████████▊| 25.3k/25.7k [09:41<00:08, 43.2doc/s]
  scidocs:  99%|█████████▊| 25.3k/25.7k [09:42<00:08, 43.5doc/s]
  scidocs:  99%|█████████▊| 25.3k/25.7k [09:42<00:08, 43.7doc/s]
  scidocs:  99%|█████████▊| 25.3k/25.7k [09:42<00:07, 44.1doc/s]
  scidocs:  99%|█████████▊| 25.3k/25.7k [09:42<00:07, 44.4doc/s]
  scidocs:  99%|█████████▊| 25.3k/25.7k [09:42<00:07, 44.3doc/s]
  scidocs:  99%|█████████▊| 25.3k/25.7k [09:42<00:07, 43.8doc/s]
  scidocs:  99%|█████████▉| 25.3k/25.7k [09:43<00:07, 43.4doc/s]
  scidocs:  99%|█████████▉| 25.4k/25.7k [09:43<00:07, 43.2doc/s]
  scidocs:  99%|█████████▉| 25.4k/25.7k [09:43<00:06, 42.9doc/s]
  scidocs:  99%|█████████▉| 25.4k/25.7k [09:43<00:06, 42.8doc/s]
  scidocs:  99%|█████████▉| 25.4k/25.7k [09:43<00:06, 42.6doc/s]
  scidocs:  99%|█████████▉| 25.4k/25.7k [09:44<00:06, 42.8doc/s]
  scidocs:  99%|█████████▉| 25.4k/25.7k [09:44<00:06, 43.1doc/s]
  scidocs:  99%|█████████▉| 25.4k/25.7k [09:44<00:05, 43.3doc/s]
  scidocs:  99%|█████████▉| 25.4k/25.7k [09:44<00:05, 43.7doc/s]
  scidocs:  99%|█████████▉| 25.4k/25.7k [09:44<00:05, 43.6doc/s]
  scidocs:  99%|█████████▉| 25.4k/25.7k [09:44<00:05, 43.7doc/s]
  scidocs:  99%|█████████▉| 25.4k/25.7k [09:45<00:05, 43.1doc/s]
  scidocs:  99%|█████████▉| 25.4k/25.7k [09:45<00:05, 42.2doc/s]
  scidocs:  99%|█████████▉| 25.4k/25.7k [09:45<00:04, 42.1doc/s]
  scidocs:  99%|█████████▉| 25.5k/25.7k [09:45<00:04, 42.4doc/s]
  scidocs:  99%|█████████▉| 25.5k/25.7k [09:45<00:04, 42.4doc/s]
  scidocs:  99%|█████████▉| 25.5k/25.7k [09:46<00:04, 42.3doc/s]
  scidocs:  99%|█████████▉| 25.5k/25.7k [09:46<00:04, 42.4doc/s]
  scidocs:  99%|█████████▉| 25.5k/25.7k [09:46<00:03, 43.0doc/s]
  scidocs:  99%|█████████▉| 25.5k/25.7k [09:46<00:03, 43.3doc/s]
  scidocs:  99%|█████████▉| 25.5k/25.7k [09:46<00:03, 43.3doc/s]
  scidocs:  99%|█████████▉| 25.5k/25.7k [09:47<00:03, 43.3doc/s]
  scidocs:  99%|█████████▉| 25.5k/25.7k [09:47<00:03, 43.6doc/s]
  scidocs:  99%|█████████▉| 25.5k/25.7k [09:47<00:02, 43.1doc/s]
  scidocs: 100%|█████████▉| 25.5k/25.7k [09:47<00:02, 42.5doc/s]
  scidocs: 100%|█████████▉| 25.5k/25.7k [09:47<00:02, 42.3doc/s]
  scidocs: 100%|█████████▉| 25.6k/25.7k [09:47<00:02, 41.9doc/s]
  scidocs: 100%|█████████▉| 25.6k/25.7k [09:48<00:02, 41.9doc/s]
  scidocs: 100%|█████████▉| 25.6k/25.7k [09:48<00:02, 42.1doc/s]
  scidocs: 100%|█████████▉| 25.6k/25.7k [09:48<00:01, 42.8doc/s]
  scidocs: 100%|█████████▉| 25.6k/25.7k [09:48<00:01, 43.2doc/s]
  scidocs: 100%|█████████▉| 25.6k/25.7k [09:48<00:01, 43.4doc/s]
  scidocs: 100%|█████████▉| 25.6k/25.7k [09:49<00:01, 43.4doc/s]
  scidocs: 100%|█████████▉| 25.6k/25.7k [09:49<00:01, 43.4doc/s]
  scidocs: 100%|█████████▉| 25.6k/25.7k [09:49<00:00, 43.6doc/s]
  scidocs: 100%|█████████▉| 25.6k/25.7k [09:49<00:00, 43.5doc/s]
  scidocs: 100%|█████████▉| 25.6k/25.7k [09:49<00:00, 43.3doc/s]
  scidocs: 100%|█████████▉| 25.6k/25.7k [09:49<00:00, 43.4doc/s]
  scidocs: 100%|█████████▉| 25.6k/25.7k [09:50<00:00, 43.6doc/s]
  scidocs: 100%|█████████▉| 25.7k/25.7k [09:50<00:00, 43.7doc/s]
  scidocs: 100%|██████████| 25.7k/25.7k [09:50<00:00, 43.4doc/s]
  Done. 25,657 docs indexed. Avg 1830.9 nonzero terms/doc. 9.8 min.

============================================================
[fiqa]
  Loading corpus from BeIR/fiqa ...
  57,638 documents
  Resuming from doc 50,000 (shard 1)

  fiqa:   0%|          | 0.00/7.64k [00:00<?, ?doc/s]
  fiqa:   0%|          | 8.00/7.64k [00:00<02:45, 46.0doc/s]
  fiqa:   0%|          | 16.0/7.64k [00:00<02:45, 46.1doc/s]
  fiqa:   0%|          | 24.0/7.64k [00:00<02:45, 46.1doc/s]
  fiqa:   0%|          | 32.0/7.64k [00:00<02:43, 46.6doc/s]
  fiqa:   1%|          | 40.0/7.64k [00:00<02:44, 46.3doc/s]
  fiqa:   1%|          | 48.0/7.64k [00:01<02:43, 46.3doc/s]
  fiqa:   1%|          | 56.0/7.64k [00:01<02:44, 46.1doc/s]
  fiqa:   1%|          | 64.0/7.64k [00:01<02:38, 47.8doc/s]
  fiqa:   1%|          | 72.0/7.64k [00:01<02:41, 47.0doc/s]
  fiqa:   1%|          | 80.0/7.64k [00:01<02:42, 46.4doc/s]
  fiqa:   1%|          | 88.0/7.64k [00:01<02:48, 44.9doc/s]
  fiqa:   1%|▏         | 96.0/7.64k [00:02<02:51, 43.9doc/s]
  fiqa:   1%|▏         | 104/7.64k [00:02<02:51, 43.9doc/s] 
  fiqa:   1%|▏         | 112/7.64k [00:02<02:51, 43.9doc/s]
  fiqa:   2%|▏         | 120/7.64k [00:02<02:50, 44.0doc/s]
  fiqa:   2%|▏         | 128/7.64k [00:02<02:48, 44.5doc/s]
  fiqa:   2%|▏         | 136/7.64k [00:03<02:47, 44.7doc/s]
  fiqa:   2%|▏         | 144/7.64k [00:03<02:47, 44.6doc/s]
  fiqa:   2%|▏         | 152/7.64k [00:03<02:46, 44.9doc/s]
  fiqa:   2%|▏         | 160/7.64k [00:03<02:49, 44.1doc/s]
  fiqa:   2%|▏         | 168/7.64k [00:03<02:51, 43.6doc/s]
  fiqa:   2%|▏         | 176/7.64k [00:03<02:52, 43.4doc/s]
  fiqa:   2%|▏         | 184/7.64k [00:04<02:51, 43.5doc/s]
  fiqa:   3%|▎         | 192/7.64k [00:04<02:49, 43.9doc/s]
  fiqa:   3%|▎         | 200/7.64k [00:04<02:47, 44.4doc/s]
  fiqa:   3%|▎         | 208/7.64k [00:04<02:46, 44.6doc/s]
  fiqa:   3%|▎         | 216/7.64k [00:04<02:47, 44.4doc/s]
  fiqa:   3%|▎         | 224/7.64k [00:04<02:47, 44.3doc/s]
  fiqa:   3%|▎         | 232/7.64k [00:05<02:46, 44.5doc/s]
  fiqa:   3%|▎         | 240/7.64k [00:05<02:46, 44.5doc/s]
  fiqa:   3%|▎         | 248/7.64k [00:05<02:46, 44.4doc/s]
  fiqa:   3%|▎         | 256/7.64k [00:05<02:47, 44.1doc/s]
  fiqa:   3%|▎         | 264/7.64k [00:05<02:46, 44.2doc/s]
  fiqa:   4%|▎         | 272/7.64k [00:06<02:46, 44.3doc/s]
  fiqa:   4%|▎         | 280/7.64k [00:06<02:42, 45.3doc/s]
  fiqa:   4%|▍         | 288/7.64k [00:06<02:43, 45.1doc/s]
  fiqa:   4%|▍         | 296/7.64k [00:06<02:43, 44.9doc/s]
  fiqa:   4%|▍         | 304/7.64k [00:06<02:44, 44.7doc/s]
  fiqa:   4%|▍         | 312/7.64k [00:06<02:44, 44.5doc/s]
  fiqa:   4%|▍         | 320/7.64k [00:07<02:45, 44.3doc/s]
  fiqa:   4%|▍         | 328/7.64k [00:07<02:46, 44.0doc/s]
  fiqa:   4%|▍         | 336/7.64k [00:07<02:45, 44.1doc/s]
  fiqa:   5%|▍         | 344/7.64k [00:07<02:46, 43.8doc/s]
  fiqa:   5%|▍         | 352/7.64k [00:07<02:46, 43.7doc/s]
  fiqa:   5%|▍         | 360/7.64k [00:08<02:40, 45.4doc/s]
  fiqa:   5%|▍         | 368/7.64k [00:08<02:40, 45.2doc/s]
  fiqa:   5%|▍         | 376/7.64k [00:08<02:42, 44.8doc/s]
  fiqa:   5%|▌         | 384/7.64k [00:08<02:43, 44.3doc/s]
  fiqa:   5%|▌         | 392/7.64k [00:08<02:43, 44.4doc/s]
  fiqa:   5%|▌         | 400/7.64k [00:08<02:42, 44.4doc/s]
  fiqa:   5%|▌         | 408/7.64k [00:09<02:42, 44.4doc/s]
  fiqa:   5%|▌         | 416/7.64k [00:09<02:44, 43.8doc/s]
  fiqa:   6%|▌         | 424/7.64k [00:09<02:44, 43.8doc/s]
  fiqa:   6%|▌         | 432/7.64k [00:09<02:43, 44.0doc/s]
  fiqa:   6%|▌         | 440/7.64k [00:09<02:39, 45.3doc/s]
  fiqa:   6%|▌         | 448/7.64k [00:10<02:38, 45.2doc/s]
  fiqa:   6%|▌         | 456/7.64k [00:10<02:39, 45.1doc/s]
  fiqa:   6%|▌         | 464/7.64k [00:10<02:42, 44.1doc/s]
  fiqa:   6%|▌         | 472/7.64k [00:10<02:43, 43.7doc/s]
  fiqa:   6%|▋         | 480/7.64k [00:10<02:44, 43.5doc/s]
  fiqa:   6%|▋         | 488/7.64k [00:10<02:43, 43.7doc/s]
  fiqa:   6%|▋         | 496/7.64k [00:11<02:42, 43.8doc/s]
  fiqa:   7%|▋         | 504/7.64k [00:11<02:42, 44.0doc/s]
  fiqa:   7%|▋         | 512/7.64k [00:11<02:33, 46.3doc/s]
  fiqa:   7%|▋         | 520/7.64k [00:11<02:31, 46.9doc/s]
  fiqa:   7%|▋         | 528/7.64k [00:11<02:34, 45.9doc/s]
  fiqa:   7%|▋         | 536/7.64k [00:11<02:36, 45.4doc/s]
  fiqa:   7%|▋         | 544/7.64k [00:12<02:36, 45.4doc/s]
  fiqa:   7%|▋         | 552/7.64k [00:12<02:37, 45.0doc/s]
  fiqa:   7%|▋         | 560/7.64k [00:12<02:39, 44.5doc/s]
  fiqa:   7%|▋         | 568/7.64k [00:12<02:39, 44.3doc/s]
  fiqa:   8%|▊         | 576/7.64k [00:12<02:39, 44.4doc/s]
  fiqa:   8%|▊         | 584/7.64k [00:13<02:37, 44.7doc/s]
  fiqa:   8%|▊         | 592/7.64k [00:13<02:37, 44.7doc/s]
  fiqa:   8%|▊         | 600/7.64k [00:13<02:38, 44.5doc/s]
  fiqa:   8%|▊         | 608/7.64k [00:13<02:38, 44.3doc/s]
  fiqa:   8%|▊         | 616/7.64k [00:13<02:39, 43.9doc/s]
  fiqa:   8%|▊         | 624/7.64k [00:13<02:35, 45.0doc/s]
  fiqa:   8%|▊         | 632/7.64k [00:14<02:37, 44.5doc/s]
  fiqa:   8%|▊         | 640/7.64k [00:14<02:38, 44.1doc/s]
  fiqa:   8%|▊         | 648/7.64k [00:14<02:39, 43.8doc/s]
  fiqa:   9%|▊         | 656/7.64k [00:14<02:38, 44.1doc/s]
  fiqa:   9%|▊         | 664/7.64k [00:14<02:38, 44.1doc/s]
  fiqa:   9%|▉         | 672/7.64k [00:15<02:38, 44.1doc/s]
  fiqa:   9%|▉         | 680/7.64k [00:15<02:34, 45.1doc/s]
  fiqa:   9%|▉         | 688/7.64k [00:15<02:36, 44.3doc/s]
  fiqa:   9%|▉         | 696/7.64k [00:15<02:39, 43.7doc/s]
  fiqa:   9%|▉         | 704/7.64k [00:15<02:40, 43.3doc/s]
  fiqa:   9%|▉         | 712/7.64k [00:15<02:40, 43.1doc/s]
  fiqa:   9%|▉         | 720/7.64k [00:16<02:39, 43.5doc/s]
  fiqa:  10%|▉         | 728/7.64k [00:16<02:37, 43.9doc/s]
  fiqa:  10%|▉         | 736/7.64k [00:16<02:31, 45.5doc/s]
  fiqa:  10%|▉         | 744/7.64k [00:16<02:33, 45.0doc/s]
  fiqa:  10%|▉         | 752/7.64k [00:16<02:33, 44.8doc/s]
  fiqa:  10%|▉         | 760/7.64k [00:17<02:36, 44.0doc/s]
  fiqa:  10%|█         | 768/7.64k [00:17<02:38, 43.2doc/s]
  fiqa:  10%|█         | 776/7.64k [00:17<02:34, 44.4doc/s]
  fiqa:  10%|█         | 784/7.64k [00:17<02:35, 44.0doc/s]
  fiqa:  10%|█         | 792/7.64k [00:17<02:35, 44.0doc/s]
  fiqa:  10%|█         | 800/7.64k [00:17<02:34, 44.2doc/s]
  fiqa:  11%|█         | 808/7.64k [00:18<02:34, 44.2doc/s]
  fiqa:  11%|█         | 816/7.64k [00:18<02:34, 44.1doc/s]
  fiqa:  11%|█         | 824/7.64k [00:18<02:34, 44.1doc/s]
  fiqa:  11%|█         | 832/7.64k [00:18<02:35, 43.9doc/s]
  fiqa:  11%|█         | 840/7.64k [00:18<02:34, 43.9doc/s]
  fiqa:  11%|█         | 848/7.64k [00:19<02:34, 44.0doc/s]
  fiqa:  11%|█         | 856/7.64k [00:19<02:29, 45.3doc/s]
  fiqa:  11%|█▏        | 864/7.64k [00:19<02:31, 44.8doc/s]
  fiqa:  11%|█▏        | 872/7.64k [00:19<02:31, 44.6doc/s]
  fiqa:  12%|█▏        | 880/7.64k [00:19<02:32, 44.3doc/s]
  fiqa:  12%|█▏        | 888/7.64k [00:19<02:32, 44.2doc/s]
  fiqa:  12%|█▏        | 896/7.64k [00:20<02:31, 44.5doc/s]
  fiqa:  12%|█▏        | 904/7.64k [00:20<02:31, 44.4doc/s]
  fiqa:  12%|█▏        | 912/7.64k [00:20<02:31, 44.3doc/s]
  fiqa:  12%|█▏        | 920/7.64k [00:20<02:33, 43.8doc/s]
  fiqa:  12%|█▏        | 928/7.64k [00:20<02:32, 43.9doc/s]
  fiqa:  12%|█▏        | 936/7.64k [00:21<02:35, 43.1doc/s]
  fiqa:  12%|█▏        | 944/7.64k [00:21<02:37, 42.6doc/s]
  fiqa:  12%|█▏        | 952/7.64k [00:21<02:36, 42.7doc/s]
  fiqa:  13%|█▎        | 960/7.64k [00:21<02:36, 42.8doc/s]
  fiqa:  13%|█▎        | 968/7.64k [00:21<02:34, 43.1doc/s]
  fiqa:  13%|█▎        | 976/7.64k [00:21<02:33, 43.4doc/s]
  fiqa:  13%|█▎        | 984/7.64k [00:22<02:33, 43.5doc/s]
  fiqa:  13%|█▎        | 992/7.64k [00:22<02:32, 43.6doc/s]
  fiqa:  13%|█▎        | 1.00k/7.64k [00:22<02:32, 43.5doc/s]
  fiqa:  13%|█▎        | 1.01k/7.64k [00:22<02:27, 44.9doc/s]
  fiqa:  13%|█▎        | 1.02k/7.64k [00:22<02:29, 44.3doc/s]
  fiqa:  13%|█▎        | 1.02k/7.64k [00:23<02:29, 44.2doc/s]
  fiqa:  14%|█▎        | 1.03k/7.64k [00:23<02:30, 44.0doc/s]
  fiqa:  14%|█▎        | 1.04k/7.64k [00:23<02:29, 44.0doc/s]
  fiqa:  14%|█▎        | 1.05k/7.64k [00:23<02:31, 43.5doc/s]
  fiqa:  14%|█▍        | 1.06k/7.64k [00:23<02:34, 42.7doc/s]
  fiqa:  14%|█▍        | 1.06k/7.64k [00:23<02:29, 43.9doc/s]
  fiqa:  14%|█▍        | 1.07k/7.64k [00:24<02:30, 43.6doc/s]
  fiqa:  14%|█▍        | 1.08k/7.64k [00:24<02:30, 43.6doc/s]
  fiqa:  14%|█▍        | 1.09k/7.64k [00:24<02:29, 43.8doc/s]
  fiqa:  14%|█▍        | 1.10k/7.64k [00:24<02:30, 43.6doc/s]
  fiqa:  14%|█▍        | 1.10k/7.64k [00:24<02:31, 43.3doc/s]
  fiqa:  15%|█▍        | 1.11k/7.64k [00:25<02:31, 43.0doc/s]
  fiqa:  15%|█▍        | 1.12k/7.64k [00:25<02:30, 43.2doc/s]
  fiqa:  15%|█▍        | 1.13k/7.64k [00:25<02:28, 43.8doc/s]
  fiqa:  15%|█▍        | 1.14k/7.64k [00:25<02:29, 43.6doc/s]
  fiqa:  15%|█▍        | 1.14k/7.64k [00:25<02:29, 43.5doc/s]
  fiqa:  15%|█▌        | 1.15k/7.64k [00:26<02:29, 43.3doc/s]
  fiqa:  15%|█▌        | 1.16k/7.64k [00:26<02:29, 43.2doc/s]
  fiqa:  15%|█▌        | 1.17k/7.64k [00:26<02:30, 43.1doc/s]
  fiqa:  15%|█▌        | 1.18k/7.64k [00:26<02:24, 44.6doc/s]
  fiqa:  16%|█▌        | 1.18k/7.64k [00:26<02:25, 44.2doc/s]
  fiqa:  16%|█▌        | 1.19k/7.64k [00:26<02:27, 43.8doc/s]
  fiqa:  16%|█▌        | 1.20k/7.64k [00:27<02:23, 45.0doc/s]
  fiqa:  16%|█▌        | 1.21k/7.64k [00:27<02:24, 44.4doc/s]
  fiqa:  16%|█▌        | 1.22k/7.64k [00:27<02:25, 44.0doc/s]
  fiqa:  16%|█▌        | 1.22k/7.64k [00:27<02:26, 43.9doc/s]
  fiqa:  16%|█▌        | 1.23k/7.64k [00:27<02:26, 43.7doc/s]
  fiqa:  16%|█▌        | 1.24k/7.64k [00:28<02:28, 43.1doc/s]
  fiqa:  16%|█▋        | 1.25k/7.64k [00:28<02:30, 42.5doc/s]
  fiqa:  16%|█▋        | 1.26k/7.64k [00:28<02:30, 42.5doc/s]
  fiqa:  17%|█▋        | 1.26k/7.64k [00:28<02:29, 42.6doc/s]
  fiqa:  17%|█▋        | 1.27k/7.64k [00:28<02:27, 43.0doc/s]
  fiqa:  17%|█▋        | 1.28k/7.64k [00:28<02:25, 43.6doc/s]
  fiqa:  17%|█▋        | 1.29k/7.64k [00:29<02:20, 45.0doc/s]
  fiqa:  17%|█▋        | 1.30k/7.64k [00:29<02:21, 44.9doc/s]
  fiqa:  17%|█▋        | 1.30k/7.64k [00:29<02:22, 44.5doc/s]
  fiqa:  17%|█▋        | 1.31k/7.64k [00:29<02:23, 44.1doc/s]
  fiqa:  17%|█▋        | 1.32k/7.64k [00:29<02:26, 43.1doc/s]
  fiqa:  17%|█▋        | 1.33k/7.64k [00:30<02:28, 42.5doc/s]
  fiqa:  17%|█▋        | 1.34k/7.64k [00:30<02:28, 42.5doc/s]
  fiqa:  18%|█▊        | 1.34k/7.64k [00:30<02:27, 42.5doc/s]
  fiqa:  18%|█▊        | 1.35k/7.64k [00:30<02:22, 44.1doc/s]
  fiqa:  18%|█▊        | 1.36k/7.64k [00:30<02:19, 45.0doc/s]
  fiqa:  18%|█▊        | 1.37k/7.64k [00:30<02:21, 44.2doc/s]
  fiqa:  18%|█▊        | 1.38k/7.64k [00:31<02:23, 43.7doc/s]
  fiqa:  18%|█▊        | 1.38k/7.64k [00:31<02:23, 43.7doc/s]
  fiqa:  18%|█▊        | 1.39k/7.64k [00:31<02:22, 43.9doc/s]
  fiqa:  18%|█▊        | 1.40k/7.64k [00:31<02:22, 43.8doc/s]
  fiqa:  18%|█▊        | 1.41k/7.64k [00:31<02:22, 43.7doc/s]
  fiqa:  19%|█▊        | 1.42k/7.64k [00:32<02:22, 43.5doc/s]
  fiqa:  19%|█▊        | 1.42k/7.64k [00:32<02:22, 43.7doc/s]
  fiqa:  19%|█▊        | 1.43k/7.64k [00:32<02:21, 44.0doc/s]
  fiqa:  19%|█▉        | 1.44k/7.64k [00:32<02:16, 45.4doc/s]
  fiqa:  19%|█▉        | 1.45k/7.64k [00:32<02:17, 45.0doc/s]
  fiqa:  19%|█▉        | 1.46k/7.64k [00:32<02:18, 44.5doc/s]
  fiqa:  19%|█▉        | 1.46k/7.64k [00:33<02:22, 43.4doc/s]
  fiqa:  19%|█▉        | 1.47k/7.64k [00:33<02:24, 42.7doc/s]
  fiqa:  19%|█▉        | 1.48k/7.64k [00:33<02:23, 42.8doc/s]
  fiqa:  19%|█▉        | 1.49k/7.64k [00:33<02:23, 42.7doc/s]
  fiqa:  20%|█▉        | 1.50k/7.64k [00:33<02:23, 42.7doc/s]
  fiqa:  20%|█▉        | 1.50k/7.64k [00:34<02:22, 43.0doc/s]
  fiqa:  20%|█▉        | 1.51k/7.64k [00:34<02:21, 43.3doc/s]
  fiqa:  20%|█▉        | 1.52k/7.64k [00:34<02:20, 43.7doc/s]
  fiqa:  20%|██        | 1.53k/7.64k [00:34<02:21, 43.3doc/s]
  fiqa:  20%|██        | 1.54k/7.64k [00:34<02:21, 43.1doc/s]
  fiqa:  20%|██        | 1.54k/7.64k [00:35<02:20, 43.3doc/s]
  fiqa:  20%|██        | 1.55k/7.64k [00:35<02:19, 43.5doc/s]
  fiqa:  20%|██        | 1.56k/7.64k [00:35<02:19, 43.6doc/s]
  fiqa:  21%|██        | 1.57k/7.64k [00:35<02:19, 43.4doc/s]
  fiqa:  21%|██        | 1.58k/7.64k [00:35<02:20, 43.2doc/s]
  fiqa:  21%|██        | 1.58k/7.64k [00:35<02:19, 43.4doc/s]
  fiqa:  21%|██        | 1.59k/7.64k [00:36<02:19, 43.3doc/s]
  fiqa:  21%|██        | 1.60k/7.64k [00:36<02:20, 43.0doc/s]
  fiqa:  21%|██        | 1.61k/7.64k [00:36<02:19, 43.3doc/s]
  fiqa:  21%|██        | 1.62k/7.64k [00:36<02:19, 43.1doc/s]
  fiqa:  21%|██▏       | 1.62k/7.64k [00:36<02:19, 43.0doc/s]
  fiqa:  21%|██▏       | 1.63k/7.64k [00:37<02:19, 43.0doc/s]
  fiqa:  21%|██▏       | 1.64k/7.64k [00:37<02:19, 43.0doc/s]
  fiqa:  22%|██▏       | 1.65k/7.64k [00:37<02:19, 42.8doc/s]
  fiqa:  22%|██▏       | 1.66k/7.64k [00:37<02:20, 42.6doc/s]
  fiqa:  22%|██▏       | 1.66k/7.64k [00:37<02:20, 42.6doc/s]
  fiqa:  22%|██▏       | 1.67k/7.64k [00:37<02:14, 44.5doc/s]
  fiqa:  22%|██▏       | 1.68k/7.64k [00:38<02:14, 44.3doc/s]
  fiqa:  22%|██▏       | 1.69k/7.64k [00:38<02:14, 44.2doc/s]
  fiqa:  22%|██▏       | 1.70k/7.64k [00:38<02:16, 43.6doc/s]
  fiqa:  22%|██▏       | 1.70k/7.64k [00:38<02:17, 43.3doc/s]
  fiqa:  22%|██▏       | 1.71k/7.64k [00:38<02:17, 43.0doc/s]
  fiqa:  23%|██▎       | 1.72k/7.64k [00:39<02:18, 42.8doc/s]
  fiqa:  23%|██▎       | 1.73k/7.64k [00:39<02:18, 42.8doc/s]
  fiqa:  23%|██▎       | 1.74k/7.64k [00:39<02:18, 42.7doc/s]
  fiqa:  23%|██▎       | 1.74k/7.64k [00:39<02:18, 42.6doc/s]
  fiqa:  23%|██▎       | 1.75k/7.64k [00:39<02:17, 42.9doc/s]
  fiqa:  23%|██▎       | 1.76k/7.64k [00:40<02:16, 43.2doc/s]
  fiqa:  23%|██▎       | 1.77k/7.64k [00:40<02:15, 43.3doc/s]
  fiqa:  23%|██▎       | 1.78k/7.64k [00:40<02:15, 43.3doc/s]
  fiqa:  23%|██▎       | 1.78k/7.64k [00:40<02:15, 43.3doc/s]
  fiqa:  23%|██▎       | 1.79k/7.64k [00:40<02:15, 43.2doc/s]
  fiqa:  24%|██▎       | 1.80k/7.64k [00:40<02:15, 43.2doc/s]
  fiqa:  24%|██▎       | 1.81k/7.64k [00:41<02:14, 43.2doc/s]
  fiqa:  24%|██▍       | 1.82k/7.64k [00:41<02:15, 43.1doc/s]
  fiqa:  24%|██▍       | 1.82k/7.64k [00:41<02:15, 43.0doc/s]
  fiqa:  24%|██▍       | 1.83k/7.64k [00:41<02:14, 43.1doc/s]
  fiqa:  24%|██▍       | 1.84k/7.64k [00:41<02:14, 43.0doc/s]
  fiqa:  24%|██▍       | 1.85k/7.64k [00:42<02:14, 43.1doc/s]
  fiqa:  24%|██▍       | 1.86k/7.64k [00:42<02:14, 43.0doc/s]
  fiqa:  24%|██▍       | 1.86k/7.64k [00:42<02:14, 43.0doc/s]
  fiqa:  25%|██▍       | 1.87k/7.64k [00:42<02:14, 43.0doc/s]
  fiqa:  25%|██▍       | 1.88k/7.64k [00:42<02:13, 43.2doc/s]
  fiqa:  25%|██▍       | 1.89k/7.64k [00:42<02:12, 43.3doc/s]
  fiqa:  25%|██▍       | 1.90k/7.64k [00:43<02:12, 43.3doc/s]
  fiqa:  25%|██▍       | 1.90k/7.64k [00:43<02:12, 43.2doc/s]
  fiqa:  25%|██▌       | 1.91k/7.64k [00:43<02:12, 43.2doc/s]
  fiqa:  25%|██▌       | 1.92k/7.64k [00:43<02:11, 43.4doc/s]
  fiqa:  25%|██▌       | 1.93k/7.64k [00:43<02:13, 42.7doc/s]
  fiqa:  25%|██▌       | 1.94k/7.64k [00:44<02:14, 42.3doc/s]
  fiqa:  25%|██▌       | 1.94k/7.64k [00:44<02:14, 42.3doc/s]
  fiqa:  26%|██▌       | 1.95k/7.64k [00:44<02:14, 42.4doc/s]
  fiqa:  26%|██▌       | 1.96k/7.64k [00:44<02:13, 42.4doc/s]
  fiqa:  26%|██▌       | 1.97k/7.64k [00:44<02:13, 42.5doc/s]
  fiqa:  26%|██▌       | 1.98k/7.64k [00:45<02:12, 42.8doc/s]
  fiqa:  26%|██▌       | 1.98k/7.64k [00:45<02:11, 43.1doc/s]
  fiqa:  26%|██▌       | 1.99k/7.64k [00:45<02:10, 43.2doc/s]
  fiqa:  26%|██▌       | 2.00k/7.64k [00:45<02:10, 43.2doc/s]
  fiqa:  26%|██▋       | 2.01k/7.64k [00:45<02:09, 43.3doc/s]
  fiqa:  26%|██▋       | 2.02k/7.64k [00:45<02:09, 43.4doc/s]
  fiqa:  26%|██▋       | 2.02k/7.64k [00:46<02:09, 43.5doc/s]
  fiqa:  27%|██▋       | 2.03k/7.64k [00:46<02:09, 43.3doc/s]
  fiqa:  27%|██▋       | 2.04k/7.64k [00:46<02:09, 43.1doc/s]
  fiqa:  27%|██▋       | 2.05k/7.64k [00:46<02:09, 43.1doc/s]
  fiqa:  27%|██▋       | 2.06k/7.64k [00:46<02:08, 43.3doc/s]
  fiqa:  27%|██▋       | 2.06k/7.64k [00:47<02:07, 43.6doc/s]
  fiqa:  27%|██▋       | 2.07k/7.64k [00:47<02:08, 43.3doc/s]
  fiqa:  27%|██▋       | 2.08k/7.64k [00:47<02:08, 43.1doc/s]
  fiqa:  27%|██▋       | 2.09k/7.64k [00:47<02:09, 43.0doc/s]
  fiqa:  27%|██▋       | 2.10k/7.64k [00:47<02:07, 43.3doc/s]
  fiqa:  28%|██▊       | 2.10k/7.64k [00:47<02:09, 42.9doc/s]
  fiqa:  28%|██▊       | 2.11k/7.64k [00:48<02:10, 42.3doc/s]
  fiqa:  28%|██▊       | 2.12k/7.64k [00:48<02:10, 42.3doc/s]
  fiqa:  28%|██▊       | 2.13k/7.64k [00:48<02:10, 42.3doc/s]
  fiqa:  28%|██▊       | 2.14k/7.64k [00:48<02:09, 42.5doc/s]
  fiqa:  28%|██▊       | 2.14k/7.64k [00:48<02:08, 42.6doc/s]
  fiqa:  28%|██▊       | 2.15k/7.64k [00:49<02:07, 42.9doc/s]
  fiqa:  28%|██▊       | 2.16k/7.64k [00:49<02:07, 43.0doc/s]
  fiqa:  28%|██▊       | 2.17k/7.64k [00:49<02:07, 43.0doc/s]
  fiqa:  28%|██▊       | 2.18k/7.64k [00:49<02:06, 43.1doc/s]
  fiqa:  29%|██▊       | 2.18k/7.64k [00:49<02:06, 43.2doc/s]
  fiqa:  29%|██▊       | 2.19k/7.64k [00:50<02:05, 43.4doc/s]
  fiqa:  29%|██▉       | 2.20k/7.64k [00:50<02:05, 43.2doc/s]
  fiqa:  29%|██▉       | 2.21k/7.64k [00:50<02:04, 43.4doc/s]
  fiqa:  29%|██▉       | 2.22k/7.64k [00:50<02:04, 43.5doc/s]
  fiqa:  29%|██▉       | 2.22k/7.64k [00:50<02:04, 43.3doc/s]
  fiqa:  29%|██▉       | 2.23k/7.64k [00:50<02:04, 43.3doc/s]
  fiqa:  29%|██▉       | 2.24k/7.64k [00:51<02:05, 43.2doc/s]
  fiqa:  29%|██▉       | 2.25k/7.64k [00:51<02:05, 43.0doc/s]
  fiqa:  30%|██▉       | 2.26k/7.64k [00:51<02:05, 42.9doc/s]
  fiqa:  30%|██▉       | 2.26k/7.64k [00:51<02:04, 43.0doc/s]
  fiqa:  30%|██▉       | 2.27k/7.64k [00:51<02:04, 43.2doc/s]
  fiqa:  30%|██▉       | 2.28k/7.64k [00:52<02:04, 43.0doc/s]
  fiqa:  30%|██▉       | 2.29k/7.64k [00:52<02:04, 43.1doc/s]
  fiqa:  30%|███       | 2.30k/7.64k [00:52<02:03, 43.2doc/s]
  fiqa:  30%|███       | 2.30k/7.64k [00:52<02:03, 43.0doc/s]
  fiqa:  30%|███       | 2.31k/7.64k [00:52<01:59, 44.4doc/s]
  fiqa:  30%|███       | 2.32k/7.64k [00:52<01:59, 44.4doc/s]
  fiqa:  30%|███       | 2.33k/7.64k [00:53<02:00, 44.1doc/s]
  fiqa:  31%|███       | 2.34k/7.64k [00:53<02:00, 44.0doc/s]
  fiqa:  31%|███       | 2.34k/7.64k [00:53<01:59, 44.2doc/s]
  fiqa:  31%|███       | 2.35k/7.64k [00:53<02:01, 43.6doc/s]
  fiqa:  31%|███       | 2.36k/7.64k [00:53<02:02, 43.1doc/s]
  fiqa:  31%|███       | 2.37k/7.64k [00:54<02:03, 42.5doc/s]
  fiqa:  31%|███       | 2.38k/7.64k [00:54<02:02, 42.8doc/s]
  fiqa:  31%|███       | 2.38k/7.64k [00:54<02:02, 42.9doc/s]
  fiqa:  31%|███▏      | 2.39k/7.64k [00:54<02:01, 43.1doc/s]
  fiqa:  31%|███▏      | 2.40k/7.64k [00:54<02:03, 42.5doc/s]
  fiqa:  32%|███▏      | 2.41k/7.64k [00:55<02:03, 42.2doc/s]
  fiqa:  32%|███▏      | 2.42k/7.64k [00:55<02:03, 42.4doc/s]
  fiqa:  32%|███▏      | 2.42k/7.64k [00:55<02:02, 42.5doc/s]
  fiqa:  32%|███▏      | 2.43k/7.64k [00:55<02:02, 42.5doc/s]
  fiqa:  32%|███▏      | 2.44k/7.64k [00:55<02:00, 43.2doc/s]
  fiqa:  32%|███▏      | 2.45k/7.64k [00:55<01:59, 43.5doc/s]
  fiqa:  32%|███▏      | 2.46k/7.64k [00:56<01:58, 43.6doc/s]
  fiqa:  32%|███▏      | 2.46k/7.64k [00:56<01:58, 43.5doc/s]
  fiqa:  32%|███▏      | 2.47k/7.64k [00:56<01:58, 43.6doc/s]
  fiqa:  32%|███▏      | 2.48k/7.64k [00:56<01:58, 43.6doc/s]
  fiqa:  33%|███▎      | 2.49k/7.64k [00:56<01:56, 44.1doc/s]
  fiqa:  33%|███▎      | 2.50k/7.64k [00:57<01:56, 44.1doc/s]
  fiqa:  33%|███▎      | 2.50k/7.64k [00:57<01:57, 43.5doc/s]
  fiqa:  33%|███▎      | 2.51k/7.64k [00:57<01:58, 43.4doc/s]
  fiqa:  33%|███▎      | 2.52k/7.64k [00:57<01:58, 43.3doc/s]
  fiqa:  33%|███▎      | 2.53k/7.64k [00:57<01:58, 43.1doc/s]
  fiqa:  33%|███▎      | 2.54k/7.64k [00:57<01:54, 44.4doc/s]
  fiqa:  33%|███▎      | 2.54k/7.64k [00:58<01:55, 44.0doc/s]
  fiqa:  33%|███▎      | 2.55k/7.64k [00:58<01:55, 44.1doc/s]
  fiqa:  34%|███▎      | 2.56k/7.64k [00:58<01:55, 43.9doc/s]
  fiqa:  34%|███▎      | 2.57k/7.64k [00:58<01:55, 43.7doc/s]
  fiqa:  34%|███▎      | 2.58k/7.64k [00:58<01:56, 43.4doc/s]
  fiqa:  34%|███▍      | 2.58k/7.64k [00:59<01:56, 43.2doc/s]
  fiqa:  34%|███▍      | 2.59k/7.64k [00:59<01:56, 43.2doc/s]
  fiqa:  34%|███▍      | 2.60k/7.64k [00:59<01:57, 43.0doc/s]
  fiqa:  34%|███▍      | 2.61k/7.64k [00:59<01:56, 43.1doc/s]
  fiqa:  34%|███▍      | 2.62k/7.64k [00:59<01:56, 43.3doc/s]
  fiqa:  34%|███▍      | 2.62k/7.64k [01:00<01:55, 43.4doc/s]
  fiqa:  34%|███▍      | 2.63k/7.64k [01:00<01:55, 43.5doc/s]
  fiqa:  35%|███▍      | 2.64k/7.64k [01:00<01:56, 42.8doc/s]
  fiqa:  35%|███▍      | 2.65k/7.64k [01:00<01:58, 42.2doc/s]
  fiqa:  35%|███▍      | 2.66k/7.64k [01:00<01:58, 41.9doc/s]
  fiqa:  35%|███▍      | 2.66k/7.64k [01:00<01:57, 42.2doc/s]
  fiqa:  35%|███▍      | 2.67k/7.64k [01:01<01:56, 42.5doc/s]
  fiqa:  35%|███▌      | 2.68k/7.64k [01:01<01:55, 43.1doc/s]
  fiqa:  35%|███▌      | 2.69k/7.64k [01:01<01:55, 42.8doc/s]
  fiqa:  35%|███▌      | 2.70k/7.64k [01:01<01:55, 42.7doc/s]
  fiqa:  35%|███▌      | 2.70k/7.64k [01:01<01:55, 42.7doc/s]
  fiqa:  36%|███▌      | 2.71k/7.64k [01:02<01:55, 42.6doc/s]
  fiqa:  36%|███▌      | 2.72k/7.64k [01:02<01:55, 42.7doc/s]
  fiqa:  36%|███▌      | 2.73k/7.64k [01:02<01:54, 42.8doc/s]
  fiqa:  36%|███▌      | 2.74k/7.64k [01:02<01:54, 42.7doc/s]
  fiqa:  36%|███▌      | 2.74k/7.64k [01:02<01:54, 42.9doc/s]
  fiqa:  36%|███▌      | 2.75k/7.64k [01:03<01:54, 42.7doc/s]
  fiqa:  36%|███▌      | 2.76k/7.64k [01:03<01:54, 42.7doc/s]
  fiqa:  36%|███▌      | 2.77k/7.64k [01:03<01:50, 43.9doc/s]
  fiqa:  36%|███▋      | 2.78k/7.64k [01:03<01:51, 43.5doc/s]
  fiqa:  36%|███▋      | 2.78k/7.64k [01:03<01:52, 43.3doc/s]
  fiqa:  37%|███▋      | 2.79k/7.64k [01:03<01:52, 43.0doc/s]
  fiqa:  37%|███▋      | 2.80k/7.64k [01:04<01:52, 42.9doc/s]
  fiqa:  37%|███▋      | 2.81k/7.64k [01:04<01:52, 42.8doc/s]
  fiqa:  37%|███▋      | 2.82k/7.64k [01:04<01:52, 42.7doc/s]
  fiqa:  37%|███▋      | 2.82k/7.64k [01:04<01:52, 42.6doc/s]
  fiqa:  37%|███▋      | 2.83k/7.64k [01:04<01:52, 42.7doc/s]
  fiqa:  37%|███▋      | 2.84k/7.64k [01:05<01:52, 42.8doc/s]
  fiqa:  37%|███▋      | 2.85k/7.64k [01:05<01:51, 42.9doc/s]
  fiqa:  37%|███▋      | 2.86k/7.64k [01:05<01:51, 42.8doc/s]
  fiqa:  37%|███▋      | 2.86k/7.64k [01:05<01:50, 43.1doc/s]
  fiqa:  38%|███▊      | 2.87k/7.64k [01:05<01:47, 44.3doc/s]
  fiqa:  38%|███▊      | 2.88k/7.64k [01:05<01:49, 43.4doc/s]
  fiqa:  38%|███▊      | 2.89k/7.64k [01:06<01:50, 43.0doc/s]
  fiqa:  38%|███▊      | 2.90k/7.64k [01:06<01:49, 43.1doc/s]
  fiqa:  38%|███▊      | 2.90k/7.64k [01:06<01:49, 43.4doc/s]
  fiqa:  38%|███▊      | 2.91k/7.64k [01:06<01:48, 43.7doc/s]
  fiqa:  38%|███▊      | 2.92k/7.64k [01:06<01:48, 43.7doc/s]
  fiqa:  38%|███▊      | 2.93k/7.64k [01:07<01:48, 43.3doc/s]
  fiqa:  38%|███▊      | 2.94k/7.64k [01:07<01:48, 43.2doc/s]
  fiqa:  39%|███▊      | 2.94k/7.64k [01:07<01:46, 44.2doc/s]
  fiqa:  39%|███▊      | 2.95k/7.64k [01:07<01:47, 43.7doc/s]
  fiqa:  39%|███▉      | 2.96k/7.64k [01:07<01:48, 43.2doc/s]
  fiqa:  39%|███▉      | 2.97k/7.64k [01:08<01:48, 43.1doc/s]
  fiqa:  39%|███▉      | 2.98k/7.64k [01:08<01:47, 43.3doc/s]
  fiqa:  39%|███▉      | 2.98k/7.64k [01:08<01:47, 43.2doc/s]
  fiqa:  39%|███▉      | 2.99k/7.64k [01:08<01:48, 42.6doc/s]
  fiqa:  39%|███▉      | 3.00k/7.64k [01:08<01:49, 42.2doc/s]
  fiqa:  39%|███▉      | 3.01k/7.64k [01:08<01:49, 42.3doc/s]
  fiqa:  39%|███▉      | 3.02k/7.64k [01:09<01:48, 42.4doc/s]
  fiqa:  40%|███▉      | 3.02k/7.64k [01:09<01:48, 42.5doc/s]
  fiqa:  40%|███▉      | 3.03k/7.64k [01:09<01:47, 43.0doc/s]
  fiqa:  40%|███▉      | 3.04k/7.64k [01:09<01:46, 43.1doc/s]
  fiqa:  40%|███▉      | 3.05k/7.64k [01:09<01:46, 43.1doc/s]
  fiqa:  40%|████      | 3.06k/7.64k [01:10<01:46, 42.9doc/s]
  fiqa:  40%|████      | 3.06k/7.64k [01:10<01:45, 43.3doc/s]
  fiqa:  40%|████      | 3.07k/7.64k [01:10<01:42, 44.5doc/s]
  fiqa:  40%|████      | 3.08k/7.64k [01:10<01:43, 43.9doc/s]
  fiqa:  40%|████      | 3.09k/7.64k [01:10<01:44, 43.5doc/s]
  fiqa:  41%|████      | 3.10k/7.64k [01:10<01:44, 43.3doc/s]
  fiqa:  41%|████      | 3.10k/7.64k [01:11<01:45, 43.1doc/s]
  fiqa:  41%|████      | 3.11k/7.64k [01:11<01:44, 43.5doc/s]
  fiqa:  41%|████      | 3.12k/7.64k [01:11<01:43, 43.7doc/s]
  fiqa:  41%|████      | 3.13k/7.64k [01:11<01:43, 43.7doc/s]
  fiqa:  41%|████      | 3.14k/7.64k [01:11<01:39, 45.3doc/s]
  fiqa:  41%|████      | 3.14k/7.64k [01:12<01:41, 44.2doc/s]
  fiqa:  41%|████▏     | 3.15k/7.64k [01:12<01:43, 43.5doc/s]
  fiqa:  41%|████▏     | 3.16k/7.64k [01:12<01:43, 43.1doc/s]
  fiqa:  41%|████▏     | 3.17k/7.64k [01:12<01:44, 42.6doc/s]
  fiqa:  42%|████▏     | 3.18k/7.64k [01:12<01:45, 42.4doc/s]
  fiqa:  42%|████▏     | 3.18k/7.64k [01:13<01:45, 42.2doc/s]
  fiqa:  42%|████▏     | 3.19k/7.64k [01:13<01:44, 42.5doc/s]
  fiqa:  42%|████▏     | 3.20k/7.64k [01:13<01:44, 42.6doc/s]
  fiqa:  42%|████▏     | 3.21k/7.64k [01:13<01:43, 42.9doc/s]
  fiqa:  42%|████▏     | 3.22k/7.64k [01:13<01:41, 43.5doc/s]
  fiqa:  42%|████▏     | 3.22k/7.64k [01:13<01:41, 43.3doc/s]
  fiqa:  42%|████▏     | 3.23k/7.64k [01:14<01:41, 43.4doc/s]
  fiqa:  42%|████▏     | 3.24k/7.64k [01:14<01:41, 43.3doc/s]
  fiqa:  43%|████▎     | 3.25k/7.64k [01:14<01:41, 43.2doc/s]
  fiqa:  43%|████▎     | 3.26k/7.64k [01:14<01:41, 43.1doc/s]
  fiqa:  43%|████▎     | 3.26k/7.64k [01:14<01:41, 43.1doc/s]
  fiqa:  43%|████▎     | 3.27k/7.64k [01:15<01:41, 43.0doc/s]
  fiqa:  43%|████▎     | 3.28k/7.64k [01:15<01:41, 42.9doc/s]
  fiqa:  43%|████▎     | 3.29k/7.64k [01:15<01:41, 42.9doc/s]
  fiqa:  43%|████▎     | 3.30k/7.64k [01:15<01:40, 43.0doc/s]
  fiqa:  43%|████▎     | 3.30k/7.64k [01:15<01:40, 42.9doc/s]
  fiqa:  43%|████▎     | 3.31k/7.64k [01:15<01:40, 43.1doc/s]
  fiqa:  43%|████▎     | 3.32k/7.64k [01:16<01:40, 43.1doc/s]
  fiqa:  44%|████▎     | 3.33k/7.64k [01:16<01:40, 43.0doc/s]
  fiqa:  44%|████▎     | 3.34k/7.64k [01:16<01:40, 42.9doc/s]
  fiqa:  44%|████▍     | 3.34k/7.64k [01:16<01:40, 42.7doc/s]
  fiqa:  44%|████▍     | 3.35k/7.64k [01:16<01:40, 42.8doc/s]
  fiqa:  44%|████▍     | 3.36k/7.64k [01:17<01:39, 42.8doc/s]
  fiqa:  44%|████▍     | 3.37k/7.64k [01:17<01:38, 43.2doc/s]
  fiqa:  44%|████▍     | 3.38k/7.64k [01:17<01:39, 43.0doc/s]
  fiqa:  44%|████▍     | 3.38k/7.64k [01:17<01:39, 42.7doc/s]
  fiqa:  44%|████▍     | 3.39k/7.64k [01:17<01:39, 42.7doc/s]
  fiqa:  45%|████▍     | 3.40k/7.64k [01:18<01:39, 42.6doc/s]
  fiqa:  45%|████▍     | 3.41k/7.64k [01:18<01:39, 42.7doc/s]
  fiqa:  45%|████▍     | 3.42k/7.64k [01:18<01:38, 42.7doc/s]
  fiqa:  45%|████▍     | 3.42k/7.64k [01:18<01:40, 42.0doc/s]
  fiqa:  45%|████▍     | 3.43k/7.64k [01:18<01:41, 41.6doc/s]
  fiqa:  45%|████▌     | 3.44k/7.64k [01:19<01:40, 41.6doc/s]
  fiqa:  45%|████▌     | 3.45k/7.64k [01:19<01:40, 41.7doc/s]
  fiqa:  45%|████▌     | 3.46k/7.64k [01:19<01:39, 41.9doc/s]
  fiqa:  45%|████▌     | 3.46k/7.64k [01:19<01:39, 41.9doc/s]
  fiqa:  45%|████▌     | 3.47k/7.64k [01:19<01:38, 42.2doc/s]
  fiqa:  46%|████▌     | 3.48k/7.64k [01:19<01:37, 42.6doc/s]
  fiqa:  46%|████▌     | 3.49k/7.64k [01:20<01:36, 42.9doc/s]
  fiqa:  46%|████▌     | 3.50k/7.64k [01:20<01:36, 43.0doc/s]
  fiqa:  46%|████▌     | 3.50k/7.64k [01:20<01:37, 42.6doc/s]
  fiqa:  46%|████▌     | 3.51k/7.64k [01:20<01:36, 42.6doc/s]
  fiqa:  46%|████▌     | 3.52k/7.64k [01:20<01:35, 43.0doc/s]
  fiqa:  46%|████▌     | 3.53k/7.64k [01:21<01:35, 43.2doc/s]
  fiqa:  46%|████▋     | 3.54k/7.64k [01:21<01:34, 43.3doc/s]
  fiqa:  46%|████▋     | 3.54k/7.64k [01:21<01:34, 43.2doc/s]
  fiqa:  47%|████▋     | 3.55k/7.64k [01:21<01:34, 43.2doc/s]
  fiqa:  47%|████▋     | 3.56k/7.64k [01:21<01:34, 43.1doc/s]
  fiqa:  47%|████▋     | 3.57k/7.64k [01:21<01:34, 43.1doc/s]
  fiqa:  47%|████▋     | 3.58k/7.64k [01:22<01:34, 43.1doc/s]
  fiqa:  47%|████▋     | 3.58k/7.64k [01:22<01:34, 43.0doc/s]
  fiqa:  47%|████▋     | 3.59k/7.64k [01:22<01:33, 43.1doc/s]
  fiqa:  47%|████▋     | 3.60k/7.64k [01:22<01:32, 43.5doc/s]
  fiqa:  47%|████▋     | 3.61k/7.64k [01:22<01:33, 43.3doc/s]
  fiqa:  47%|████▋     | 3.62k/7.64k [01:23<01:33, 43.2doc/s]
  fiqa:  47%|████▋     | 3.62k/7.64k [01:23<01:29, 44.9doc/s]
  fiqa:  48%|████▊     | 3.63k/7.64k [01:23<01:29, 44.6doc/s]
  fiqa:  48%|████▊     | 3.64k/7.64k [01:23<01:31, 43.7doc/s]
  fiqa:  48%|████▊     | 3.65k/7.64k [01:23<01:33, 42.8doc/s]
  fiqa:  48%|████▊     | 3.66k/7.64k [01:24<01:33, 42.6doc/s]
  fiqa:  48%|████▊     | 3.66k/7.64k [01:24<01:33, 42.6doc/s]
  fiqa:  48%|████▊     | 3.67k/7.64k [01:24<01:32, 42.7doc/s]
  fiqa:  48%|████▊     | 3.68k/7.64k [01:24<01:32, 42.8doc/s]
  fiqa:  48%|████▊     | 3.69k/7.64k [01:24<01:31, 43.3doc/s]
  fiqa:  48%|████▊     | 3.70k/7.64k [01:24<01:31, 43.2doc/s]
  fiqa:  48%|████▊     | 3.70k/7.64k [01:25<01:30, 43.3doc/s]
  fiqa:  49%|████▊     | 3.71k/7.64k [01:25<01:30, 43.3doc/s]
  fiqa:  49%|████▊     | 3.72k/7.64k [01:25<01:29, 43.7doc/s]
  fiqa:  49%|████▉     | 3.73k/7.64k [01:25<01:30, 43.3doc/s]
  fiqa:  49%|████▉     | 3.74k/7.64k [01:25<01:31, 42.7doc/s]
  fiqa:  49%|████▉     | 3.74k/7.64k [01:26<01:32, 42.3doc/s]
  fiqa:  49%|████▉     | 3.75k/7.64k [01:26<01:31, 42.5doc/s]
  fiqa:  49%|████▉     | 3.76k/7.64k [01:26<01:30, 42.9doc/s]
  fiqa:  49%|████▉     | 3.77k/7.64k [01:26<01:29, 43.0doc/s]
  fiqa:  49%|████▉     | 3.78k/7.64k [01:26<01:29, 43.1doc/s]
  fiqa:  50%|████▉     | 3.78k/7.64k [01:26<01:29, 43.1doc/s]
  fiqa:  50%|████▉     | 3.79k/7.64k [01:27<01:29, 43.1doc/s]
  fiqa:  50%|████▉     | 3.80k/7.64k [01:27<01:29, 43.1doc/s]
  fiqa:  50%|████▉     | 3.81k/7.64k [01:27<01:28, 43.1doc/s]
  fiqa:  50%|████▉     | 3.82k/7.64k [01:27<01:28, 43.1doc/s]
  fiqa:  50%|█████     | 3.82k/7.64k [01:27<01:28, 43.1doc/s]
  fiqa:  50%|█████     | 3.83k/7.64k [01:28<01:28, 43.1doc/s]
  fiqa:  50%|█████     | 3.84k/7.64k [01:28<01:28, 43.1doc/s]
  fiqa:  50%|█████     | 3.85k/7.64k [01:28<01:27, 43.2doc/s]
  fiqa:  50%|█████     | 3.86k/7.64k [01:28<01:26, 43.7doc/s]
  fiqa:  51%|█████     | 3.86k/7.64k [01:28<01:26, 43.7doc/s]
  fiqa:  51%|█████     | 3.87k/7.64k [01:29<01:26, 43.6doc/s]
  fiqa:  51%|█████     | 3.88k/7.64k [01:29<01:26, 43.3doc/s]
  fiqa:  51%|█████     | 3.89k/7.64k [01:29<01:26, 43.2doc/s]
  fiqa:  51%|█████     | 3.90k/7.64k [01:29<01:26, 43.3doc/s]
  fiqa:  51%|█████     | 3.90k/7.64k [01:29<01:26, 43.3doc/s]
  fiqa:  51%|█████     | 3.91k/7.64k [01:29<01:26, 43.1doc/s]
  fiqa:  51%|█████▏    | 3.92k/7.64k [01:30<01:26, 43.0doc/s]
  fiqa:  51%|█████▏    | 3.93k/7.64k [01:30<01:26, 42.9doc/s]
  fiqa:  52%|█████▏    | 3.94k/7.64k [01:30<01:26, 42.9doc/s]
  fiqa:  52%|█████▏    | 3.94k/7.64k [01:30<01:25, 43.3doc/s]
  fiqa:  52%|█████▏    | 3.95k/7.64k [01:30<01:24, 43.6doc/s]
  fiqa:  52%|█████▏    | 3.96k/7.64k [01:31<01:24, 43.4doc/s]
  fiqa:  52%|█████▏    | 3.97k/7.64k [01:31<01:24, 43.3doc/s]
  fiqa:  52%|█████▏    | 3.98k/7.64k [01:31<01:23, 43.7doc/s]
  fiqa:  52%|█████▏    | 3.98k/7.64k [01:31<01:23, 43.7doc/s]
  fiqa:  52%|█████▏    | 3.99k/7.64k [01:31<01:24, 43.3doc/s]
  fiqa:  52%|█████▏    | 4.00k/7.64k [01:31<01:24, 43.2doc/s]
  fiqa:  52%|█████▏    | 4.01k/7.64k [01:32<01:21, 44.5doc/s]
  fiqa:  53%|█████▎    | 4.02k/7.64k [01:32<01:19, 45.5doc/s]
  fiqa:  53%|█████▎    | 4.02k/7.64k [01:32<01:20, 44.8doc/s]
  fiqa:  53%|█████▎    | 4.03k/7.64k [01:32<01:21, 44.3doc/s]
  fiqa:  53%|█████▎    | 4.04k/7.64k [01:32<01:20, 44.6doc/s]
  fiqa:  53%|█████▎    | 4.05k/7.64k [01:33<01:21, 44.1doc/s]
  fiqa:  53%|█████▎    | 4.06k/7.64k [01:33<01:21, 44.0doc/s]
  fiqa:  53%|█████▎    | 4.06k/7.64k [01:33<01:21, 43.9doc/s]
  fiqa:  53%|█████▎    | 4.07k/7.64k [01:33<01:19, 45.0doc/s]
  fiqa:  53%|█████▎    | 4.08k/7.64k [01:33<01:20, 44.2doc/s]
  fiqa:  54%|█████▎    | 4.09k/7.64k [01:33<01:21, 43.7doc/s]
  fiqa:  54%|█████▎    | 4.10k/7.64k [01:34<01:21, 43.4doc/s]
  fiqa:  54%|█████▎    | 4.10k/7.64k [01:34<01:21, 43.2doc/s]
  fiqa:  54%|█████▍    | 4.11k/7.64k [01:34<01:21, 43.2doc/s]
  fiqa:  54%|█████▍    | 4.12k/7.64k [01:34<01:21, 43.0doc/s]
  fiqa:  54%|█████▍    | 4.13k/7.64k [01:34<01:21, 42.9doc/s]
  fiqa:  54%|█████▍    | 4.14k/7.64k [01:35<01:21, 42.8doc/s]
  fiqa:  54%|█████▍    | 4.14k/7.64k [01:35<01:21, 42.8doc/s]
  fiqa:  54%|█████▍    | 4.15k/7.64k [01:35<01:21, 42.7doc/s]
  fiqa:  54%|█████▍    | 4.16k/7.64k [01:35<01:21, 42.8doc/s]
  fiqa:  55%|█████▍    | 4.17k/7.64k [01:35<01:20, 43.1doc/s]
  fiqa:  55%|█████▍    | 4.18k/7.64k [01:36<01:19, 43.6doc/s]
  fiqa:  55%|█████▍    | 4.18k/7.64k [01:36<01:19, 43.5doc/s]
  fiqa:  55%|█████▍    | 4.19k/7.64k [01:36<01:18, 43.7doc/s]
  fiqa:  55%|█████▍    | 4.20k/7.64k [01:36<01:19, 43.4doc/s]
  fiqa:  55%|█████▌    | 4.21k/7.64k [01:36<01:19, 43.2doc/s]
  fiqa:  55%|█████▌    | 4.22k/7.64k [01:36<01:19, 43.2doc/s]
  fiqa:  55%|█████▌    | 4.22k/7.64k [01:37<01:19, 43.0doc/s]
  fiqa:  55%|█████▌    | 4.23k/7.64k [01:37<01:18, 43.1doc/s]
  fiqa:  56%|█████▌    | 4.24k/7.64k [01:37<01:18, 43.2doc/s]
  fiqa:  56%|█████▌    | 4.25k/7.64k [01:37<01:18, 43.4doc/s]
  fiqa:  56%|█████▌    | 4.26k/7.64k [01:37<01:17, 43.8doc/s]
  fiqa:  56%|█████▌    | 4.26k/7.64k [01:38<01:17, 43.7doc/s]
  fiqa:  56%|█████▌    | 4.27k/7.64k [01:38<01:18, 43.1doc/s]
  fiqa:  56%|█████▌    | 4.28k/7.64k [01:38<01:17, 43.1doc/s]
  fiqa:  56%|█████▌    | 4.29k/7.64k [01:38<01:17, 43.3doc/s]
  fiqa:  56%|█████▌    | 4.30k/7.64k [01:38<01:18, 42.8doc/s]
  fiqa:  56%|█████▋    | 4.30k/7.64k [01:38<01:19, 42.2doc/s]
  fiqa:  56%|█████▋    | 4.31k/7.64k [01:39<01:19, 41.8doc/s]
  fiqa:  57%|█████▋    | 4.32k/7.64k [01:39<01:18, 42.0doc/s]
  fiqa:  57%|█████▋    | 4.33k/7.64k [01:39<01:15, 43.7doc/s]
  fiqa:  57%|█████▋    | 4.34k/7.64k [01:39<01:16, 43.3doc/s]
  fiqa:  57%|█████▋    | 4.34k/7.64k [01:39<01:16, 43.1doc/s]
  fiqa:  57%|█████▋    | 4.35k/7.64k [01:40<01:16, 42.8doc/s]
  fiqa:  57%|█████▋    | 4.36k/7.64k [01:40<01:16, 42.7doc/s]
  fiqa:  57%|█████▋    | 4.37k/7.64k [01:40<01:16, 42.6doc/s]
  fiqa:  57%|█████▋    | 4.38k/7.64k [01:40<01:16, 42.6doc/s]
  fiqa:  57%|█████▋    | 4.38k/7.64k [01:40<01:15, 43.0doc/s]
  fiqa:  58%|█████▊    | 4.39k/7.64k [01:41<01:15, 43.1doc/s]
  fiqa:  58%|█████▊    | 4.40k/7.64k [01:41<01:14, 43.2doc/s]
  fiqa:  58%|█████▊    | 4.41k/7.64k [01:41<01:14, 43.4doc/s]
  fiqa:  58%|█████▊    | 4.42k/7.64k [01:41<01:15, 42.9doc/s]
  fiqa:  58%|█████▊    | 4.42k/7.64k [01:41<01:14, 43.0doc/s]
  fiqa:  58%|█████▊    | 4.43k/7.64k [01:41<01:14, 42.9doc/s]
  fiqa:  58%|█████▊    | 4.44k/7.64k [01:42<01:12, 43.9doc/s]
  fiqa:  58%|█████▊    | 4.45k/7.64k [01:42<01:13, 43.4doc/s]
  fiqa:  58%|█████▊    | 4.46k/7.64k [01:42<01:14, 42.9doc/s]
  fiqa:  58%|█████▊    | 4.46k/7.64k [01:42<01:13, 43.0doc/s]
  fiqa:  59%|█████▊    | 4.47k/7.64k [01:42<01:13, 43.3doc/s]
  fiqa:  59%|█████▊    | 4.48k/7.64k [01:43<01:13, 43.2doc/s]
  fiqa:  59%|█████▉    | 4.49k/7.64k [01:43<01:12, 43.2doc/s]
  fiqa:  59%|█████▉    | 4.50k/7.64k [01:43<01:12, 43.1doc/s]
  fiqa:  59%|█████▉    | 4.50k/7.64k [01:43<01:12, 43.1doc/s]
  fiqa:  59%|█████▉    | 4.51k/7.64k [01:43<01:12, 43.0doc/s]
  fiqa:  59%|█████▉    | 4.52k/7.64k [01:43<01:12, 43.0doc/s]
  fiqa:  59%|█████▉    | 4.53k/7.64k [01:44<01:12, 42.9doc/s]
  fiqa:  59%|█████▉    | 4.54k/7.64k [01:44<01:12, 42.7doc/s]
  fiqa:  59%|█████▉    | 4.54k/7.64k [01:44<01:12, 42.7doc/s]
  fiqa:  60%|█████▉    | 4.55k/7.64k [01:44<01:11, 43.3doc/s]
  fiqa:  60%|█████▉    | 4.56k/7.64k [01:44<01:10, 43.4doc/s]
  fiqa:  60%|█████▉    | 4.57k/7.64k [01:45<01:10, 43.4doc/s]
  fiqa:  60%|█████▉    | 4.58k/7.64k [01:45<01:10, 43.2doc/s]
  fiqa:  60%|██████    | 4.58k/7.64k [01:45<01:10, 43.2doc/s]
  fiqa:  60%|██████    | 4.59k/7.64k [01:45<01:10, 43.4doc/s]
  fiqa:  60%|██████    | 4.60k/7.64k [01:45<01:11, 42.6doc/s]
  fiqa:  60%|██████    | 4.61k/7.64k [01:46<01:11, 42.1doc/s]
  fiqa:  60%|██████    | 4.62k/7.64k [01:46<01:12, 41.8doc/s]
  fiqa:  61%|██████    | 4.62k/7.64k [01:46<01:12, 41.9doc/s]
  fiqa:  61%|██████    | 4.63k/7.64k [01:46<01:11, 42.2doc/s]
  fiqa:  61%|██████    | 4.64k/7.64k [01:46<01:11, 42.2doc/s]
  fiqa:  61%|██████    | 4.65k/7.64k [01:46<01:10, 42.5doc/s]
  fiqa:  61%|██████    | 4.66k/7.64k [01:47<01:09, 42.9doc/s]
  fiqa:  61%|██████    | 4.66k/7.64k [01:47<01:08, 43.1doc/s]
  fiqa:  61%|██████    | 4.67k/7.64k [01:47<01:08, 43.2doc/s]
  fiqa:  61%|██████▏   | 4.68k/7.64k [01:47<01:08, 43.1doc/s]
  fiqa:  61%|██████▏   | 4.69k/7.64k [01:47<01:08, 43.2doc/s]
  fiqa:  61%|██████▏   | 4.70k/7.64k [01:48<01:08, 43.1doc/s]
  fiqa:  62%|██████▏   | 4.70k/7.64k [01:48<01:08, 43.1doc/s]
  fiqa:  62%|██████▏   | 4.71k/7.64k [01:48<01:08, 42.9doc/s]
  fiqa:  62%|██████▏   | 4.72k/7.64k [01:48<01:08, 42.8doc/s]
  fiqa:  62%|██████▏   | 4.73k/7.64k [01:48<01:08, 42.8doc/s]
  fiqa:  62%|██████▏   | 4.74k/7.64k [01:49<01:07, 42.8doc/s]
  fiqa:  62%|██████▏   | 4.74k/7.64k [01:49<01:07, 43.0doc/s]
  fiqa:  62%|██████▏   | 4.75k/7.64k [01:49<01:04, 44.4doc/s]
  fiqa:  62%|██████▏   | 4.76k/7.64k [01:49<01:05, 44.0doc/s]
  fiqa:  62%|██████▏   | 4.77k/7.64k [01:49<01:05, 43.6doc/s]
  fiqa:  63%|██████▎   | 4.78k/7.64k [01:49<01:05, 43.5doc/s]
  fiqa:  63%|██████▎   | 4.78k/7.64k [01:50<01:05, 43.5doc/s]
  fiqa:  63%|██████▎   | 4.79k/7.64k [01:50<01:03, 45.0doc/s]
  fiqa:  63%|██████▎   | 4.80k/7.64k [01:50<01:03, 44.4doc/s]
  fiqa:  63%|██████▎   | 4.81k/7.64k [01:50<01:04, 44.1doc/s]
  fiqa:  63%|██████▎   | 4.82k/7.64k [01:50<01:04, 43.7doc/s]
  fiqa:  63%|██████▎   | 4.82k/7.64k [01:51<01:04, 43.6doc/s]
  fiqa:  63%|██████▎   | 4.83k/7.64k [01:51<01:04, 43.2doc/s]
  fiqa:  63%|██████▎   | 4.84k/7.64k [01:51<01:04, 43.2doc/s]
  fiqa:  63%|██████▎   | 4.85k/7.64k [01:51<01:04, 43.5doc/s]
  fiqa:  64%|██████▎   | 4.86k/7.64k [01:51<01:03, 43.5doc/s]
  fiqa:  64%|██████▎   | 4.86k/7.64k [01:51<01:04, 43.3doc/s]
  fiqa:  64%|██████▍   | 4.87k/7.64k [01:52<01:03, 43.3doc/s]
  fiqa:  64%|██████▍   | 4.88k/7.64k [01:52<01:03, 43.2doc/s]
  fiqa:  64%|██████▍   | 4.89k/7.64k [01:52<01:03, 43.1doc/s]
  fiqa:  64%|██████▍   | 4.90k/7.64k [01:52<01:01, 44.3doc/s]
  fiqa:  64%|██████▍   | 4.90k/7.64k [01:52<01:02, 43.8doc/s]
  fiqa:  64%|██████▍   | 4.91k/7.64k [01:53<01:02, 43.5doc/s]
  fiqa:  64%|██████▍   | 4.92k/7.64k [01:53<01:02, 43.5doc/s]
  fiqa:  65%|██████▍   | 4.93k/7.64k [01:53<01:02, 43.5doc/s]
  fiqa:  65%|██████▍   | 4.94k/7.64k [01:53<01:02, 43.5doc/s]
  fiqa:  65%|██████▍   | 4.94k/7.64k [01:53<01:01, 43.5doc/s]
  fiqa:  65%|██████▍   | 4.95k/7.64k [01:53<01:01, 43.3doc/s]
  fiqa:  65%|██████▍   | 4.96k/7.64k [01:54<01:01, 43.5doc/s]
  fiqa:  65%|██████▌   | 4.97k/7.64k [01:54<01:00, 44.3doc/s]
  fiqa:  65%|██████▌   | 4.98k/7.64k [01:54<01:00, 44.3doc/s]
  fiqa:  65%|██████▌   | 4.98k/7.64k [01:54<01:00, 44.1doc/s]
  fiqa:  65%|██████▌   | 4.99k/7.64k [01:54<01:00, 43.9doc/s]
  fiqa:  65%|██████▌   | 5.00k/7.64k [01:55<00:59, 44.1doc/s]
  fiqa:  66%|██████▌   | 5.01k/7.64k [01:55<00:59, 43.9doc/s]
  fiqa:  66%|██████▌   | 5.02k/7.64k [01:55<00:59, 43.8doc/s]
  fiqa:  66%|██████▌   | 5.02k/7.64k [01:55<00:58, 44.9doc/s]
  fiqa:  66%|██████▌   | 5.03k/7.64k [01:55<00:58, 44.5doc/s]
  fiqa:  66%|██████▌   | 5.04k/7.64k [01:55<00:58, 44.2doc/s]
  fiqa:  66%|██████▌   | 5.05k/7.64k [01:56<00:59, 43.9doc/s]
  fiqa:  66%|██████▌   | 5.06k/7.64k [01:56<00:59, 43.6doc/s]
  fiqa:  66%|██████▋   | 5.06k/7.64k [01:56<00:59, 43.5doc/s]
  fiqa:  66%|██████▋   | 5.07k/7.64k [01:56<00:58, 43.6doc/s]
  fiqa:  67%|██████▋   | 5.08k/7.64k [01:56<00:58, 43.6doc/s]
  fiqa:  67%|██████▋   | 5.09k/7.64k [01:57<00:58, 43.3doc/s]
  fiqa:  67%|██████▋   | 5.10k/7.64k [01:57<00:58, 43.3doc/s]
  fiqa:  67%|██████▋   | 5.10k/7.64k [01:57<00:58, 43.3doc/s]
  fiqa:  67%|██████▋   | 5.11k/7.64k [01:57<00:58, 43.2doc/s]
  fiqa:  67%|██████▋   | 5.12k/7.64k [01:57<00:58, 43.1doc/s]
  fiqa:  67%|██████▋   | 5.13k/7.64k [01:58<00:58, 43.0doc/s]
  fiqa:  67%|██████▋   | 5.14k/7.64k [01:58<00:57, 43.3doc/s]
  fiqa:  67%|██████▋   | 5.14k/7.64k [01:58<00:57, 43.3doc/s]
  fiqa:  67%|██████▋   | 5.15k/7.64k [01:58<00:57, 43.4doc/s]
  fiqa:  68%|██████▊   | 5.16k/7.64k [01:58<00:58, 42.6doc/s]
  fiqa:  68%|██████▊   | 5.17k/7.64k [01:58<00:58, 42.0doc/s]
  fiqa:  68%|██████▊   | 5.18k/7.64k [01:59<00:58, 41.8doc/s]
  fiqa:  68%|██████▊   | 5.18k/7.64k [01:59<00:58, 42.0doc/s]
  fiqa:  68%|██████▊   | 5.19k/7.64k [01:59<00:57, 42.2doc/s]
  fiqa:  68%|██████▊   | 5.20k/7.64k [01:59<00:57, 42.5doc/s]
  fiqa:  68%|██████▊   | 5.21k/7.64k [01:59<00:56, 42.9doc/s]
  fiqa:  68%|██████▊   | 5.22k/7.64k [02:00<00:56, 42.8doc/s]
  fiqa:  68%|██████▊   | 5.22k/7.64k [02:00<00:56, 42.9doc/s]
  fiqa:  68%|██████▊   | 5.23k/7.64k [02:00<00:56, 42.9doc/s]
  fiqa:  69%|██████▊   | 5.24k/7.64k [02:00<00:55, 43.0doc/s]
  fiqa:  69%|██████▊   | 5.25k/7.64k [02:00<00:55, 43.0doc/s]
  fiqa:  69%|██████▉   | 5.26k/7.64k [02:01<00:56, 42.4doc/s]
  fiqa:  69%|██████▉   | 5.26k/7.64k [02:01<00:55, 42.7doc/s]
  fiqa:  69%|██████▉   | 5.27k/7.64k [02:01<00:55, 42.9doc/s]
  fiqa:  69%|██████▉   | 5.28k/7.64k [02:01<00:55, 42.8doc/s]
  fiqa:  69%|██████▉   | 5.29k/7.64k [02:01<00:54, 42.9doc/s]
  fiqa:  69%|██████▉   | 5.30k/7.64k [02:01<00:54, 42.9doc/s]
  fiqa:  69%|██████▉   | 5.30k/7.64k [02:02<00:54, 43.0doc/s]
  fiqa:  70%|██████▉   | 5.31k/7.64k [02:02<00:54, 42.9doc/s]
  fiqa:  70%|██████▉   | 5.32k/7.64k [02:02<00:53, 43.0doc/s]
  fiqa:  70%|██████▉   | 5.33k/7.64k [02:02<00:53, 43.0doc/s]
  fiqa:  70%|██████▉   | 5.34k/7.64k [02:02<00:53, 43.1doc/s]
  fiqa:  70%|██████▉   | 5.34k/7.64k [02:03<00:53, 43.1doc/s]
  fiqa:  70%|███████   | 5.35k/7.64k [02:03<00:53, 43.1doc/s]
  fiqa:  70%|███████   | 5.36k/7.64k [02:03<00:52, 43.1doc/s]
  fiqa:  70%|███████   | 5.37k/7.64k [02:03<00:51, 44.3doc/s]
  fiqa:  70%|███████   | 5.38k/7.64k [02:03<00:51, 43.9doc/s]
  fiqa:  70%|███████   | 5.38k/7.64k [02:03<00:51, 43.5doc/s]
  fiqa:  71%|███████   | 5.39k/7.64k [02:04<00:51, 43.3doc/s]
  fiqa:  71%|███████   | 5.40k/7.64k [02:04<00:51, 43.2doc/s]
  fiqa:  71%|███████   | 5.41k/7.64k [02:04<00:51, 43.2doc/s]
  fiqa:  71%|███████   | 5.42k/7.64k [02:04<00:51, 43.1doc/s]
  fiqa:  71%|███████   | 5.42k/7.64k [02:04<00:51, 42.9doc/s]
  fiqa:  71%|███████   | 5.43k/7.64k [02:05<00:51, 42.9doc/s]
  fiqa:  71%|███████   | 5.44k/7.64k [02:05<00:51, 42.8doc/s]
  fiqa:  71%|███████▏  | 5.45k/7.64k [02:05<00:51, 42.7doc/s]
  fiqa:  71%|███████▏  | 5.46k/7.64k [02:05<00:51, 42.6doc/s]
  fiqa:  72%|███████▏  | 5.46k/7.64k [02:05<00:50, 43.0doc/s]
  fiqa:  72%|███████▏  | 5.47k/7.64k [02:06<00:50, 42.9doc/s]
  fiqa:  72%|███████▏  | 5.48k/7.64k [02:06<00:50, 42.5doc/s]
  fiqa:  72%|███████▏  | 5.49k/7.64k [02:06<00:51, 42.0doc/s]
  fiqa:  72%|███████▏  | 5.50k/7.64k [02:06<00:50, 42.1doc/s]
  fiqa:  72%|███████▏  | 5.50k/7.64k [02:06<00:50, 42.5doc/s]
  fiqa:  72%|███████▏  | 5.51k/7.64k [02:06<00:48, 44.0doc/s]
  fiqa:  72%|███████▏  | 5.52k/7.64k [02:07<00:46, 45.7doc/s]
  fiqa:  72%|███████▏  | 5.53k/7.64k [02:07<00:46, 44.9doc/s]
  fiqa:  72%|███████▏  | 5.54k/7.64k [02:07<00:47, 44.6doc/s]
  fiqa:  73%|███████▎  | 5.54k/7.64k [02:07<00:47, 43.8doc/s]
  fiqa:  73%|███████▎  | 5.55k/7.64k [02:07<00:48, 43.0doc/s]
  fiqa:  73%|███████▎  | 5.56k/7.64k [02:08<00:49, 42.3doc/s]
  fiqa:  73%|███████▎  | 5.57k/7.64k [02:08<00:48, 42.3doc/s]
  fiqa:  73%|███████▎  | 5.58k/7.64k [02:08<00:48, 42.3doc/s]
  fiqa:  73%|███████▎  | 5.58k/7.64k [02:08<00:48, 42.3doc/s]
  fiqa:  73%|███████▎  | 5.59k/7.64k [02:08<00:48, 42.5doc/s]
  fiqa:  73%|███████▎  | 5.60k/7.64k [02:08<00:45, 45.2doc/s]
  fiqa:  73%|███████▎  | 5.61k/7.64k [02:09<00:46, 43.8doc/s]
  fiqa:  74%|███████▎  | 5.62k/7.64k [02:09<00:46, 43.1doc/s]
  fiqa:  74%|███████▎  | 5.62k/7.64k [02:09<00:46, 42.9doc/s]
  fiqa:  74%|███████▎  | 5.63k/7.64k [02:09<00:46, 43.1doc/s]
  fiqa:  74%|███████▍  | 5.64k/7.64k [02:09<00:46, 42.6doc/s]
  fiqa:  74%|███████▍  | 5.65k/7.64k [02:10<00:47, 42.1doc/s]
  fiqa:  74%|███████▍  | 5.66k/7.64k [02:10<00:47, 41.9doc/s]
  fiqa:  74%|███████▍  | 5.66k/7.64k [02:10<00:46, 42.3doc/s]
  fiqa:  74%|███████▍  | 5.67k/7.64k [02:10<00:46, 42.4doc/s]
  fiqa:  74%|███████▍  | 5.68k/7.64k [02:10<00:46, 42.5doc/s]
  fiqa:  74%|███████▍  | 5.69k/7.64k [02:11<00:45, 42.9doc/s]
  fiqa:  75%|███████▍  | 5.70k/7.64k [02:11<00:44, 43.2doc/s]
  fiqa:  75%|███████▍  | 5.70k/7.64k [02:11<00:44, 43.4doc/s]
  fiqa:  75%|███████▍  | 5.71k/7.64k [02:11<00:44, 43.4doc/s]
  fiqa:  75%|███████▍  | 5.72k/7.64k [02:11<00:44, 43.4doc/s]
  fiqa:  75%|███████▍  | 5.73k/7.64k [02:11<00:43, 43.4doc/s]
  fiqa:  75%|███████▌  | 5.74k/7.64k [02:12<00:43, 43.7doc/s]
  fiqa:  75%|███████▌  | 5.74k/7.64k [02:12<00:43, 43.4doc/s]
  fiqa:  75%|███████▌  | 5.75k/7.64k [02:12<00:43, 43.4doc/s]
  fiqa:  75%|███████▌  | 5.76k/7.64k [02:12<00:43, 43.3doc/s]
  fiqa:  76%|███████▌  | 5.77k/7.64k [02:12<00:43, 43.3doc/s]
  fiqa:  76%|███████▌  | 5.78k/7.64k [02:13<00:42, 43.7doc/s]
  fiqa:  76%|███████▌  | 5.78k/7.64k [02:13<00:42, 43.4doc/s]
  fiqa:  76%|███████▌  | 5.79k/7.64k [02:13<00:42, 43.4doc/s]
  fiqa:  76%|███████▌  | 5.80k/7.64k [02:13<00:42, 43.6doc/s]
  fiqa:  76%|███████▌  | 5.81k/7.64k [02:13<00:42, 43.0doc/s]
  fiqa:  76%|███████▌  | 5.82k/7.64k [02:14<00:43, 42.3doc/s]
  fiqa:  76%|███████▋  | 5.82k/7.64k [02:14<00:43, 42.0doc/s]
  fiqa:  76%|███████▋  | 5.83k/7.64k [02:14<00:42, 42.1doc/s]
  fiqa:  76%|███████▋  | 5.84k/7.64k [02:14<00:42, 42.4doc/s]
  fiqa:  77%|███████▋  | 5.85k/7.64k [02:14<00:42, 42.5doc/s]
  fiqa:  77%|███████▋  | 5.86k/7.64k [02:14<00:41, 42.8doc/s]
  fiqa:  77%|███████▋  | 5.86k/7.64k [02:15<00:41, 42.8doc/s]
  fiqa:  77%|███████▋  | 5.87k/7.64k [02:15<00:41, 42.7doc/s]
  fiqa:  77%|███████▋  | 5.88k/7.64k [02:15<00:41, 42.8doc/s]
  fiqa:  77%|███████▋  | 5.89k/7.64k [02:15<00:40, 42.8doc/s]
  fiqa:  77%|███████▋  | 5.90k/7.64k [02:15<00:40, 43.3doc/s]
  fiqa:  77%|███████▋  | 5.90k/7.64k [02:16<00:40, 42.8doc/s]
  fiqa:  77%|███████▋  | 5.91k/7.64k [02:16<00:40, 42.4doc/s]
  fiqa:  78%|███████▊  | 5.92k/7.64k [02:16<00:39, 43.7doc/s]
  fiqa:  78%|███████▊  | 5.93k/7.64k [02:16<00:39, 43.1doc/s]
  fiqa:  78%|███████▊  | 5.94k/7.64k [02:16<00:39, 43.0doc/s]
  fiqa:  78%|███████▊  | 5.94k/7.64k [02:16<00:39, 43.4doc/s]
  fiqa:  78%|███████▊  | 5.95k/7.64k [02:17<00:38, 43.3doc/s]
  fiqa:  78%|███████▊  | 5.96k/7.64k [02:17<00:38, 43.1doc/s]
  fiqa:  78%|███████▊  | 5.97k/7.64k [02:17<00:38, 43.0doc/s]
  fiqa:  78%|███████▊  | 5.98k/7.64k [02:17<00:38, 43.0doc/s]
  fiqa:  78%|███████▊  | 5.98k/7.64k [02:17<00:38, 43.2doc/s]
  fiqa:  78%|███████▊  | 5.99k/7.64k [02:18<00:38, 42.5doc/s]
  fiqa:  79%|███████▊  | 6.00k/7.64k [02:18<00:38, 42.1doc/s]
  fiqa:  79%|███████▊  | 6.01k/7.64k [02:18<00:38, 41.9doc/s]
  fiqa:  79%|███████▉  | 6.02k/7.64k [02:18<00:36, 44.4doc/s]
  fiqa:  79%|███████▉  | 6.02k/7.64k [02:18<00:36, 44.3doc/s]
  fiqa:  79%|███████▉  | 6.03k/7.64k [02:19<00:36, 44.2doc/s]
  fiqa:  79%|███████▉  | 6.04k/7.64k [02:19<00:36, 44.1doc/s]
  fiqa:  79%|███████▉  | 6.05k/7.64k [02:19<00:36, 43.9doc/s]
  fiqa:  79%|███████▉  | 6.06k/7.64k [02:19<00:36, 43.7doc/s]
  fiqa:  79%|███████▉  | 6.06k/7.64k [02:19<00:36, 43.5doc/s]
  fiqa:  79%|███████▉  | 6.07k/7.64k [02:19<00:36, 43.4doc/s]
  fiqa:  80%|███████▉  | 6.08k/7.64k [02:20<00:35, 43.5doc/s]
  fiqa:  80%|███████▉  | 6.09k/7.64k [02:20<00:35, 43.3doc/s]
  fiqa:  80%|███████▉  | 6.10k/7.64k [02:20<00:35, 43.2doc/s]
  fiqa:  80%|███████▉  | 6.10k/7.64k [02:20<00:35, 43.2doc/s]
  fiqa:  80%|████████  | 6.11k/7.64k [02:20<00:35, 43.0doc/s]
  fiqa:  80%|████████  | 6.12k/7.64k [02:21<00:35, 43.0doc/s]
  fiqa:  80%|████████  | 6.13k/7.64k [02:21<00:35, 42.8doc/s]
  fiqa:  80%|████████  | 6.14k/7.64k [02:21<00:35, 42.7doc/s]
  fiqa:  80%|████████  | 6.14k/7.64k [02:21<00:34, 42.8doc/s]
  fiqa:  81%|████████  | 6.15k/7.64k [02:21<00:34, 42.7doc/s]
  fiqa:  81%|████████  | 6.16k/7.64k [02:21<00:34, 42.8doc/s]
  fiqa:  81%|████████  | 6.17k/7.64k [02:22<00:34, 42.8doc/s]
  fiqa:  81%|████████  | 6.18k/7.64k [02:22<00:34, 42.8doc/s]
  fiqa:  81%|████████  | 6.18k/7.64k [02:22<00:34, 42.7doc/s]
  fiqa:  81%|████████  | 6.19k/7.64k [02:22<00:33, 42.8doc/s]
  fiqa:  81%|████████  | 6.20k/7.64k [02:22<00:32, 44.6doc/s]
  fiqa:  81%|████████▏ | 6.21k/7.64k [02:23<00:32, 43.6doc/s]
  fiqa:  81%|████████▏ | 6.22k/7.64k [02:23<00:33, 43.0doc/s]
  fiqa:  81%|████████▏ | 6.22k/7.64k [02:23<00:32, 43.8doc/s]
  fiqa:  82%|████████▏ | 6.23k/7.64k [02:23<00:32, 43.3doc/s]
  fiqa:  82%|████████▏ | 6.24k/7.64k [02:23<00:32, 43.3doc/s]
  fiqa:  82%|████████▏ | 6.25k/7.64k [02:24<00:32, 43.3doc/s]
  fiqa:  82%|████████▏ | 6.26k/7.64k [02:24<00:32, 43.0doc/s]
  fiqa:  82%|████████▏ | 6.26k/7.64k [02:24<00:31, 43.2doc/s]
  fiqa:  82%|████████▏ | 6.27k/7.64k [02:24<00:31, 43.3doc/s]
  fiqa:  82%|████████▏ | 6.28k/7.64k [02:24<00:31, 43.3doc/s]
  fiqa:  82%|████████▏ | 6.29k/7.64k [02:24<00:29, 45.5doc/s]
  fiqa:  82%|████████▏ | 6.30k/7.64k [02:25<00:29, 44.7doc/s]
  fiqa:  83%|████████▎ | 6.30k/7.64k [02:25<00:30, 44.3doc/s]
  fiqa:  83%|████████▎ | 6.31k/7.64k [02:25<00:30, 43.9doc/s]
  fiqa:  83%|████████▎ | 6.32k/7.64k [02:25<00:30, 43.4doc/s]
  fiqa:  83%|████████▎ | 6.33k/7.64k [02:25<00:30, 43.0doc/s]
  fiqa:  83%|████████▎ | 6.34k/7.64k [02:26<00:30, 43.0doc/s]
  fiqa:  83%|████████▎ | 6.34k/7.64k [02:26<00:30, 42.9doc/s]
  fiqa:  83%|████████▎ | 6.35k/7.64k [02:26<00:29, 43.1doc/s]
  fiqa:  83%|████████▎ | 6.36k/7.64k [02:26<00:29, 43.2doc/s]
  fiqa:  83%|████████▎ | 6.37k/7.64k [02:26<00:29, 43.1doc/s]
  fiqa:  83%|████████▎ | 6.38k/7.64k [02:26<00:29, 43.0doc/s]
  fiqa:  84%|████████▎ | 6.38k/7.64k [02:27<00:29, 42.9doc/s]
  fiqa:  84%|████████▎ | 6.39k/7.64k [02:27<00:28, 43.3doc/s]
  fiqa:  84%|████████▍ | 6.40k/7.64k [02:27<00:29, 42.7doc/s]
  fiqa:  84%|████████▍ | 6.41k/7.64k [02:27<00:29, 42.1doc/s]
  fiqa:  84%|████████▍ | 6.42k/7.64k [02:27<00:29, 41.9doc/s]
  fiqa:  84%|████████▍ | 6.42k/7.64k [02:28<00:28, 42.0doc/s]
  fiqa:  84%|████████▍ | 6.43k/7.64k [02:28<00:28, 42.4doc/s]
  fiqa:  84%|████████▍ | 6.44k/7.64k [02:28<00:27, 42.9doc/s]
  fiqa:  84%|████████▍ | 6.45k/7.64k [02:28<00:27, 43.1doc/s]
  fiqa:  85%|████████▍ | 6.46k/7.64k [02:28<00:27, 43.2doc/s]
  fiqa:  85%|████████▍ | 6.46k/7.64k [02:29<00:27, 43.2doc/s]
  fiqa:  85%|████████▍ | 6.47k/7.64k [02:29<00:26, 43.2doc/s]
  fiqa:  85%|████████▍ | 6.48k/7.64k [02:29<00:26, 43.6doc/s]
  fiqa:  85%|████████▍ | 6.49k/7.64k [02:29<00:26, 43.3doc/s]
  fiqa:  85%|████████▌ | 6.50k/7.64k [02:29<00:26, 42.8doc/s]
  fiqa:  85%|████████▌ | 6.50k/7.64k [02:29<00:26, 42.4doc/s]
  fiqa:  85%|████████▌ | 6.51k/7.64k [02:30<00:26, 42.0doc/s]
  fiqa:  85%|████████▌ | 6.52k/7.64k [02:30<00:26, 42.3doc/s]
  fiqa:  85%|████████▌ | 6.53k/7.64k [02:30<00:26, 42.6doc/s]
  fiqa:  86%|████████▌ | 6.54k/7.64k [02:30<00:25, 42.8doc/s]
  fiqa:  86%|████████▌ | 6.54k/7.64k [02:30<00:25, 42.1doc/s]
  fiqa:  86%|████████▌ | 6.55k/7.64k [02:31<00:26, 41.8doc/s]
  fiqa:  86%|████████▌ | 6.56k/7.64k [02:31<00:25, 41.8doc/s]
  fiqa:  86%|████████▌ | 6.57k/7.64k [02:31<00:25, 42.0doc/s]
  fiqa:  86%|████████▌ | 6.58k/7.64k [02:31<00:25, 42.2doc/s]
  fiqa:  86%|████████▌ | 6.58k/7.64k [02:31<00:24, 42.3doc/s]
  fiqa:  86%|████████▋ | 6.59k/7.64k [02:32<00:24, 42.5doc/s]
  fiqa:  86%|████████▋ | 6.60k/7.64k [02:32<00:24, 42.9doc/s]
  fiqa:  87%|████████▋ | 6.61k/7.64k [02:32<00:23, 43.0doc/s]
  fiqa:  87%|████████▋ | 6.62k/7.64k [02:32<00:23, 43.2doc/s]
  fiqa:  87%|████████▋ | 6.62k/7.64k [02:32<00:23, 43.3doc/s]
  fiqa:  87%|████████▋ | 6.63k/7.64k [02:32<00:22, 44.8doc/s]
  fiqa:  87%|████████▋ | 6.64k/7.64k [02:33<00:22, 44.6doc/s]
  fiqa:  87%|████████▋ | 6.65k/7.64k [02:33<00:21, 45.9doc/s]
  fiqa:  87%|████████▋ | 6.66k/7.64k [02:33<00:21, 45.3doc/s]
  fiqa:  87%|████████▋ | 6.66k/7.64k [02:33<00:21, 44.6doc/s]
  fiqa:  87%|████████▋ | 6.67k/7.64k [02:33<00:21, 44.4doc/s]
  fiqa:  87%|████████▋ | 6.68k/7.64k [02:34<00:21, 45.3doc/s]
  fiqa:  88%|████████▊ | 6.69k/7.64k [02:34<00:21, 44.5doc/s]
  fiqa:  88%|████████▊ | 6.70k/7.64k [02:34<00:21, 44.0doc/s]
  fiqa:  88%|████████▊ | 6.70k/7.64k [02:34<00:21, 43.7doc/s]
  fiqa:  88%|████████▊ | 6.71k/7.64k [02:34<00:21, 43.4doc/s]
  fiqa:  88%|████████▊ | 6.72k/7.64k [02:34<00:21, 43.5doc/s]
  fiqa:  88%|████████▊ | 6.73k/7.64k [02:35<00:20, 43.7doc/s]
  fiqa:  88%|████████▊ | 6.74k/7.64k [02:35<00:20, 44.0doc/s]
  fiqa:  88%|████████▊ | 6.74k/7.64k [02:35<00:20, 43.9doc/s]
  fiqa:  88%|████████▊ | 6.75k/7.64k [02:35<00:20, 44.3doc/s]
  fiqa:  89%|████████▊ | 6.76k/7.64k [02:35<00:19, 44.0doc/s]
  fiqa:  89%|████████▊ | 6.77k/7.64k [02:36<00:19, 44.0doc/s]
  fiqa:  89%|████████▊ | 6.78k/7.64k [02:36<00:19, 43.5doc/s]
  fiqa:  89%|████████▉ | 6.78k/7.64k [02:36<00:19, 43.3doc/s]
  fiqa:  89%|████████▉ | 6.79k/7.64k [02:36<00:19, 43.1doc/s]
  fiqa:  89%|████████▉ | 6.80k/7.64k [02:36<00:19, 43.0doc/s]
  fiqa:  89%|████████▉ | 6.81k/7.64k [02:36<00:18, 44.2doc/s]
  fiqa:  89%|████████▉ | 6.82k/7.64k [02:37<00:18, 44.0doc/s]
  fiqa:  89%|████████▉ | 6.82k/7.64k [02:37<00:18, 43.6doc/s]
  fiqa:  89%|████████▉ | 6.83k/7.64k [02:37<00:18, 43.2doc/s]
  fiqa:  90%|████████▉ | 6.84k/7.64k [02:37<00:18, 43.2doc/s]
  fiqa:  90%|████████▉ | 6.85k/7.64k [02:37<00:18, 43.5doc/s]
  fiqa:  90%|████████▉ | 6.86k/7.64k [02:38<00:17, 43.5doc/s]
  fiqa:  90%|████████▉ | 6.86k/7.64k [02:38<00:17, 43.5doc/s]
  fiqa:  90%|████████▉ | 6.87k/7.64k [02:38<00:17, 43.5doc/s]
  fiqa:  90%|█████████ | 6.88k/7.64k [02:38<00:17, 43.6doc/s]
  fiqa:  90%|█████████ | 6.89k/7.64k [02:38<00:17, 43.6doc/s]
  fiqa:  90%|█████████ | 6.90k/7.64k [02:38<00:17, 43.2doc/s]
  fiqa:  90%|█████████ | 6.90k/7.64k [02:39<00:17, 42.8doc/s]
  fiqa:  90%|█████████ | 6.91k/7.64k [02:39<00:16, 42.7doc/s]
  fiqa:  91%|█████████ | 6.92k/7.64k [02:39<00:16, 42.7doc/s]
  fiqa:  91%|█████████ | 6.93k/7.64k [02:39<00:16, 43.1doc/s]
  fiqa:  91%|█████████ | 6.94k/7.64k [02:39<00:16, 43.3doc/s]
  fiqa:  91%|█████████ | 6.94k/7.64k [02:40<00:16, 43.2doc/s]
  fiqa:  91%|█████████ | 6.95k/7.64k [02:40<00:15, 43.4doc/s]
  fiqa:  91%|█████████ | 6.96k/7.64k [02:40<00:15, 43.2doc/s]
  fiqa:  91%|█████████ | 6.97k/7.64k [02:40<00:15, 43.2doc/s]
  fiqa:  91%|█████████▏| 6.98k/7.64k [02:40<00:15, 43.0doc/s]
  fiqa:  91%|█████████▏| 6.98k/7.64k [02:41<00:15, 43.0doc/s]
  fiqa:  92%|█████████▏| 6.99k/7.64k [02:41<00:15, 43.0doc/s]
  fiqa:  92%|█████████▏| 7.00k/7.64k [02:41<00:14, 44.2doc/s]
  fiqa:  92%|█████████▏| 7.01k/7.64k [02:41<00:14, 44.0doc/s]
  fiqa:  92%|█████████▏| 7.02k/7.64k [02:41<00:14, 43.7doc/s]
  fiqa:  92%|█████████▏| 7.02k/7.64k [02:41<00:14, 43.6doc/s]
  fiqa:  92%|█████████▏| 7.03k/7.64k [02:42<00:13, 43.7doc/s]
  fiqa:  92%|█████████▏| 7.04k/7.64k [02:42<00:13, 43.6doc/s]
  fiqa:  92%|█████████▏| 7.05k/7.64k [02:42<00:13, 43.4doc/s]
  fiqa:  92%|█████████▏| 7.06k/7.64k [02:42<00:13, 43.3doc/s]
  fiqa:  92%|█████████▏| 7.06k/7.64k [02:42<00:13, 43.1doc/s]
  fiqa:  93%|█████████▎| 7.07k/7.64k [02:43<00:13, 43.0doc/s]
  fiqa:  93%|█████████▎| 7.08k/7.64k [02:43<00:12, 43.0doc/s]
  fiqa:  93%|█████████▎| 7.09k/7.64k [02:43<00:12, 42.9doc/s]
  fiqa:  93%|█████████▎| 7.10k/7.64k [02:43<00:12, 43.0doc/s]
  fiqa:  93%|█████████▎| 7.10k/7.64k [02:43<00:12, 43.1doc/s]
  fiqa:  93%|█████████▎| 7.11k/7.64k [02:43<00:12, 43.1doc/s]
  fiqa:  93%|█████████▎| 7.12k/7.64k [02:44<00:12, 42.9doc/s]
  fiqa:  93%|█████████▎| 7.13k/7.64k [02:44<00:11, 43.0doc/s]
  fiqa:  93%|█████████▎| 7.14k/7.64k [02:44<00:11, 44.5doc/s]
  fiqa:  94%|█████████▎| 7.14k/7.64k [02:44<00:11, 44.1doc/s]
  fiqa:  94%|█████████▎| 7.15k/7.64k [02:44<00:11, 43.9doc/s]
  fiqa:  94%|█████████▎| 7.16k/7.64k [02:45<00:10, 43.6doc/s]
  fiqa:  94%|█████████▍| 7.17k/7.64k [02:45<00:10, 43.9doc/s]
  fiqa:  94%|█████████▍| 7.18k/7.64k [02:45<00:10, 44.2doc/s]
  fiqa:  94%|█████████▍| 7.18k/7.64k [02:45<00:10, 43.9doc/s]
  fiqa:  94%|█████████▍| 7.19k/7.64k [02:45<00:10, 43.6doc/s]
  fiqa:  94%|█████████▍| 7.20k/7.64k [02:45<00:10, 43.7doc/s]
  fiqa:  94%|█████████▍| 7.21k/7.64k [02:46<00:09, 43.3doc/s]
  fiqa:  94%|█████████▍| 7.22k/7.64k [02:46<00:09, 42.8doc/s]
  fiqa:  95%|█████████▍| 7.22k/7.64k [02:46<00:09, 42.4doc/s]
  fiqa:  95%|█████████▍| 7.23k/7.64k [02:46<00:09, 42.1doc/s]
  fiqa:  95%|█████████▍| 7.24k/7.64k [02:46<00:09, 42.1doc/s]
  fiqa:  95%|█████████▍| 7.25k/7.64k [02:47<00:09, 42.4doc/s]
  fiqa:  95%|█████████▍| 7.26k/7.64k [02:47<00:08, 42.7doc/s]
  fiqa:  95%|█████████▌| 7.26k/7.64k [02:47<00:08, 42.8doc/s]
  fiqa:  95%|█████████▌| 7.27k/7.64k [02:47<00:08, 43.1doc/s]
  fiqa:  95%|█████████▌| 7.28k/7.64k [02:47<00:08, 43.1doc/s]
  fiqa:  95%|█████████▌| 7.29k/7.64k [02:48<00:08, 43.0doc/s]
  fiqa:  96%|█████████▌| 7.30k/7.64k [02:48<00:07, 43.2doc/s]
  fiqa:  96%|█████████▌| 7.30k/7.64k [02:48<00:07, 43.0doc/s]
  fiqa:  96%|█████████▌| 7.31k/7.64k [02:48<00:07, 42.5doc/s]
  fiqa:  96%|█████████▌| 7.32k/7.64k [02:48<00:07, 42.3doc/s]
  fiqa:  96%|█████████▌| 7.33k/7.64k [02:48<00:07, 42.5doc/s]
  fiqa:  96%|█████████▌| 7.34k/7.64k [02:49<00:07, 42.7doc/s]
  fiqa:  96%|█████████▌| 7.34k/7.64k [02:49<00:06, 43.0doc/s]
  fiqa:  96%|█████████▋| 7.35k/7.64k [02:49<00:06, 43.0doc/s]
  fiqa:  96%|█████████▋| 7.36k/7.64k [02:49<00:06, 42.4doc/s]
  fiqa:  96%|█████████▋| 7.37k/7.64k [02:49<00:06, 41.8doc/s]
  fiqa:  97%|█████████▋| 7.38k/7.64k [02:50<00:06, 41.7doc/s]
  fiqa:  97%|█████████▋| 7.38k/7.64k [02:50<00:06, 41.8doc/s]
  fiqa:  97%|█████████▋| 7.39k/7.64k [02:50<00:05, 42.0doc/s]
  fiqa:  97%|█████████▋| 7.40k/7.64k [02:50<00:05, 42.6doc/s]
  fiqa:  97%|█████████▋| 7.41k/7.64k [02:50<00:05, 42.3doc/s]
  fiqa:  97%|█████████▋| 7.42k/7.64k [02:51<00:05, 42.1doc/s]
  fiqa:  97%|█████████▋| 7.42k/7.64k [02:51<00:05, 42.1doc/s]
  fiqa:  97%|█████████▋| 7.43k/7.64k [02:51<00:04, 42.4doc/s]
  fiqa:  97%|█████████▋| 7.44k/7.64k [02:51<00:04, 44.1doc/s]
  fiqa:  98%|█████████▊| 7.45k/7.64k [02:51<00:04, 44.1doc/s]
  fiqa:  98%|█████████▊| 7.46k/7.64k [02:51<00:04, 43.8doc/s]
  fiqa:  98%|█████████▊| 7.46k/7.64k [02:52<00:04, 43.4doc/s]
  fiqa:  98%|█████████▊| 7.47k/7.64k [02:52<00:03, 43.2doc/s]
  fiqa:  98%|█████████▊| 7.48k/7.64k [02:52<00:03, 43.1doc/s]
  fiqa:  98%|█████████▊| 7.49k/7.64k [02:52<00:03, 43.3doc/s]
  fiqa:  98%|█████████▊| 7.50k/7.64k [02:52<00:03, 43.3doc/s]
  fiqa:  98%|█████████▊| 7.50k/7.64k [02:53<00:03, 43.4doc/s]
  fiqa:  98%|█████████▊| 7.51k/7.64k [02:53<00:02, 44.8doc/s]
  fiqa:  98%|█████████▊| 7.52k/7.64k [02:53<00:02, 44.3doc/s]
  fiqa:  99%|█████████▊| 7.53k/7.64k [02:53<00:02, 43.3doc/s]
  fiqa:  99%|█████████▊| 7.54k/7.64k [02:53<00:02, 42.6doc/s]
  fiqa:  99%|█████████▉| 7.54k/7.64k [02:54<00:02, 42.7doc/s]
  fiqa:  99%|█████████▉| 7.55k/7.64k [02:54<00:02, 42.9doc/s]
  fiqa:  99%|█████████▉| 7.56k/7.64k [02:54<00:01, 43.0doc/s]
  fiqa:  99%|█████████▉| 7.57k/7.64k [02:54<00:01, 43.4doc/s]
  fiqa:  99%|█████████▉| 7.58k/7.64k [02:54<00:01, 45.9doc/s]
  fiqa:  99%|█████████▉| 7.58k/7.64k [02:54<00:01, 45.4doc/s]
  fiqa:  99%|█████████▉| 7.59k/7.64k [02:55<00:01, 44.6doc/s]
  fiqa: 100%|█████████▉| 7.60k/7.64k [02:55<00:00, 43.5doc/s]
  fiqa: 100%|█████████▉| 7.61k/7.64k [02:55<00:00, 42.7doc/s]
  fiqa: 100%|█████████▉| 7.62k/7.64k [02:55<00:00, 42.3doc/s]
  fiqa: 100%|█████████▉| 7.62k/7.64k [02:55<00:00, 42.2doc/s]
  fiqa: 100%|█████████▉| 7.63k/7.64k [02:56<00:00, 42.4doc/s]
  fiqa: 100%|██████████| 7.64k/7.64k [02:56<00:00, 42.4doc/s]
  fiqa: 100%|██████████| 7.64k/7.64k [02:56<00:00, 43.3doc/s]
  Done. 57,638 docs indexed. Avg 1530.7 nonzero terms/doc. 2.9 min.

All done. Indexes written to data/beir_index/
