Device: cuda
Loading frozen doc SPLADE: naver/splade-v3 ...

Loading weights:   0%|          | 0/204 [00:00<?, ?it/s]
Loading weights: 100%|██████████| 204/204 [00:00<00:00, 37851.71it/s]
Exception in thread Thread-auto_conversion:
Traceback (most recent call last):
  File "/home/capemox/.local/share/uv/python/cpython-3.10.16-linux-x86_64-gnu/lib/python3.10/threading.py", line 1016, in _bootstrap_inner
    self.run()
  File "/home/capemox/.local/share/uv/python/cpython-3.10.16-linux-x86_64-gnu/lib/python3.10/threading.py", line 953, in run
    self._target(*self._args, **self._kwargs)
  File "/home/capemox/projects/sae-smo-splade/.venv/lib/python3.10/site-packages/transformers/safetensors_conversion.py", line 117, in auto_conversion
    raise e
  File "/home/capemox/projects/sae-smo-splade/.venv/lib/python3.10/site-packages/transformers/safetensors_conversion.py", line 96, in auto_conversion
    sha = get_conversion_pr_reference(api, pretrained_model_name_or_path, **cached_file_kwargs)
  File "/home/capemox/projects/sae-smo-splade/.venv/lib/python3.10/site-packages/transformers/safetensors_conversion.py", line 77, in get_conversion_pr_reference
    raise OSError(
OSError: Could not create safetensors conversion PR. The repo does not appear to have a file named pytorch_model.bin or model.safetensors.If you are loading with variant, use `use_safetensors=False` to load the original model.

============================================================
[nfcorpus]
  Loading corpus from BeIR/nfcorpus ...
  3,633 documents

  nfcorpus:   0%|          | 0.00/3.63k [00:00<?, ?doc/s]
  nfcorpus:   2%|▏         | 64.0/3.63k [00:00<00:15, 230doc/s]
  nfcorpus:   4%|▎         | 128/3.63k [00:00<00:10, 326doc/s] 
  nfcorpus:   5%|▌         | 192/3.63k [00:00<00:08, 383doc/s]
  nfcorpus:   7%|▋         | 256/3.63k [00:00<00:08, 421doc/s]
  nfcorpus:   9%|▉         | 320/3.63k [00:00<00:07, 447doc/s]
  nfcorpus:  11%|█         | 384/3.63k [00:00<00:06, 466doc/s]
  nfcorpus:  12%|█▏        | 448/3.63k [00:01<00:06, 478doc/s]
  nfcorpus:  14%|█▍        | 512/3.63k [00:01<00:06, 484doc/s]
  nfcorpus:  16%|█▌        | 576/3.63k [00:01<00:06, 489doc/s]
  nfcorpus:  18%|█▊        | 640/3.63k [00:01<00:06, 494doc/s]
  nfcorpus:  19%|█▉        | 704/3.63k [00:01<00:05, 495doc/s]
  nfcorpus:  21%|██        | 768/3.63k [00:01<00:05, 496doc/s]
  nfcorpus:  23%|██▎       | 832/3.63k [00:01<00:05, 496doc/s]
  nfcorpus:  25%|██▍       | 896/3.63k [00:01<00:05, 498doc/s]
  nfcorpus:  26%|██▋       | 960/3.63k [00:02<00:05, 496doc/s]
  nfcorpus:  28%|██▊       | 1.02k/3.63k [00:02<00:05, 498doc/s]
  nfcorpus:  30%|██▉       | 1.09k/3.63k [00:02<00:05, 497doc/s]
  nfcorpus:  32%|███▏      | 1.15k/3.63k [00:02<00:04, 499doc/s]
  nfcorpus:  33%|███▎      | 1.22k/3.63k [00:02<00:04, 500doc/s]
  nfcorpus:  35%|███▌      | 1.28k/3.63k [00:02<00:04, 500doc/s]
  nfcorpus:  37%|███▋      | 1.34k/3.63k [00:02<00:04, 500doc/s]
  nfcorpus:  39%|███▉      | 1.41k/3.63k [00:02<00:04, 500doc/s]
  nfcorpus:  41%|████      | 1.47k/3.63k [00:03<00:04, 500doc/s]
  nfcorpus:  42%|████▏     | 1.54k/3.63k [00:03<00:04, 502doc/s]
  nfcorpus:  44%|████▍     | 1.60k/3.63k [00:03<00:04, 503doc/s]
  nfcorpus:  46%|████▌     | 1.66k/3.63k [00:03<00:03, 504doc/s]
  nfcorpus:  48%|████▊     | 1.73k/3.63k [00:03<00:03, 503doc/s]
  nfcorpus:  49%|████▉     | 1.79k/3.63k [00:03<00:03, 503doc/s]
  nfcorpus:  51%|█████     | 1.86k/3.63k [00:03<00:03, 504doc/s]
  nfcorpus:  53%|█████▎    | 1.92k/3.63k [00:03<00:03, 503doc/s]
  nfcorpus:  55%|█████▍    | 1.98k/3.63k [00:04<00:03, 504doc/s]
  nfcorpus:  56%|█████▋    | 2.05k/3.63k [00:04<00:03, 503doc/s]
  nfcorpus:  58%|█████▊    | 2.11k/3.63k [00:04<00:03, 504doc/s]
  nfcorpus:  60%|█████▉    | 2.18k/3.63k [00:04<00:02, 504doc/s]
  nfcorpus:  62%|██████▏   | 2.24k/3.63k [00:04<00:02, 500doc/s]
  nfcorpus:  63%|██████▎   | 2.30k/3.63k [00:04<00:02, 501doc/s]
  nfcorpus:  65%|██████▌   | 2.37k/3.63k [00:04<00:02, 501doc/s]
  nfcorpus:  67%|██████▋   | 2.43k/3.63k [00:05<00:02, 500doc/s]
  nfcorpus:  69%|██████▊   | 2.50k/3.63k [00:05<00:02, 499doc/s]
  nfcorpus:  70%|███████   | 2.56k/3.63k [00:05<00:02, 500doc/s]
  nfcorpus:  72%|███████▏  | 2.62k/3.63k [00:05<00:02, 502doc/s]
  nfcorpus:  74%|███████▍  | 2.69k/3.63k [00:05<00:01, 502doc/s]
  nfcorpus:  76%|███████▌  | 2.75k/3.63k [00:05<00:01, 502doc/s]
  nfcorpus:  78%|███████▊  | 2.82k/3.63k [00:05<00:01, 501doc/s]
  nfcorpus:  79%|███████▉  | 2.88k/3.63k [00:05<00:01, 501doc/s]
  nfcorpus:  81%|████████  | 2.94k/3.63k [00:06<00:01, 501doc/s]
  nfcorpus:  83%|████████▎ | 3.01k/3.63k [00:06<00:01, 497doc/s]
  nfcorpus:  85%|████████▍ | 3.07k/3.63k [00:06<00:01, 497doc/s]
  nfcorpus:  86%|████████▋ | 3.14k/3.63k [00:06<00:00, 498doc/s]
  nfcorpus:  88%|████████▊ | 3.20k/3.63k [00:06<00:00, 499doc/s]
  nfcorpus:  90%|████████▉ | 3.26k/3.63k [00:06<00:00, 498doc/s]
  nfcorpus:  92%|█████████▏| 3.33k/3.63k [00:06<00:00, 497doc/s]
  nfcorpus:  93%|█████████▎| 3.39k/3.63k [00:06<00:00, 498doc/s]
  nfcorpus:  95%|█████████▌| 3.46k/3.63k [00:07<00:00, 499doc/s]
  nfcorpus:  97%|█████████▋| 3.52k/3.63k [00:07<00:00, 501doc/s]
  nfcorpus:  99%|█████████▊| 3.58k/3.63k [00:07<00:00, 497doc/s]
  nfcorpus: 100%|██████████| 3.63k/3.63k [00:07<00:00, 489doc/s]
  Done. 3,633 docs indexed. Avg 188.0 nonzero terms/doc. 0.1 min.

============================================================
[scifact]
  Loading corpus from BeIR/scifact ...
  5,183 documents

  scifact:   0%|          | 0.00/5.18k [00:00<?, ?doc/s]
  scifact:   1%|          | 64.0/5.18k [00:00<00:10, 478doc/s]
  scifact:   2%|▏         | 128/5.18k [00:00<00:10, 479doc/s] 
  scifact:   4%|▎         | 192/5.18k [00:00<00:10, 485doc/s]
  scifact:   5%|▍         | 256/5.18k [00:00<00:10, 492doc/s]
  scifact:   6%|▌         | 320/5.18k [00:00<00:09, 495doc/s]
  scifact:   7%|▋         | 384/5.18k [00:00<00:09, 498doc/s]
  scifact:   9%|▊         | 448/5.18k [00:00<00:09, 499doc/s]
  scifact:  10%|▉         | 512/5.18k [00:01<00:09, 499doc/s]
  scifact:  11%|█         | 576/5.18k [00:01<00:09, 500doc/s]
  scifact:  12%|█▏        | 640/5.18k [00:01<00:09, 501doc/s]
  scifact:  14%|█▎        | 704/5.18k [00:01<00:08, 500doc/s]
  scifact:  15%|█▍        | 768/5.18k [00:01<00:08, 499doc/s]
  scifact:  16%|█▌        | 832/5.18k [00:01<00:08, 500doc/s]
  scifact:  17%|█▋        | 896/5.18k [00:01<00:08, 498doc/s]
  scifact:  19%|█▊        | 960/5.18k [00:01<00:08, 498doc/s]
  scifact:  20%|█▉        | 1.02k/5.18k [00:02<00:08, 500doc/s]
  scifact:  21%|██        | 1.09k/5.18k [00:02<00:08, 500doc/s]
  scifact:  22%|██▏       | 1.15k/5.18k [00:02<00:08, 500doc/s]
  scifact:  23%|██▎       | 1.22k/5.18k [00:02<00:07, 500doc/s]
  scifact:  25%|██▍       | 1.28k/5.18k [00:02<00:07, 501doc/s]
  scifact:  26%|██▌       | 1.34k/5.18k [00:02<00:07, 501doc/s]
  scifact:  27%|██▋       | 1.41k/5.18k [00:02<00:07, 501doc/s]
  scifact:  28%|██▊       | 1.47k/5.18k [00:02<00:07, 499doc/s]
  scifact:  30%|██▉       | 1.54k/5.18k [00:03<00:07, 500doc/s]
  scifact:  31%|███       | 1.60k/5.18k [00:03<00:07, 497doc/s]
  scifact:  32%|███▏      | 1.66k/5.18k [00:03<00:07, 496doc/s]
  scifact:  33%|███▎      | 1.73k/5.18k [00:03<00:06, 495doc/s]
  scifact:  35%|███▍      | 1.79k/5.18k [00:03<00:06, 496doc/s]
  scifact:  36%|███▌      | 1.86k/5.18k [00:03<00:06, 491doc/s]
  scifact:  37%|███▋      | 1.92k/5.18k [00:03<00:06, 495doc/s]
  scifact:  38%|███▊      | 1.98k/5.18k [00:03<00:06, 497doc/s]
  scifact:  40%|███▉      | 2.05k/5.18k [00:04<00:06, 499doc/s]
  scifact:  41%|████      | 2.11k/5.18k [00:04<00:06, 499doc/s]
  scifact:  42%|████▏     | 2.18k/5.18k [00:04<00:06, 500doc/s]
  scifact:  43%|████▎     | 2.24k/5.18k [00:04<00:05, 500doc/s]
  scifact:  44%|████▍     | 2.30k/5.18k [00:04<00:05, 499doc/s]
  scifact:  46%|████▌     | 2.37k/5.18k [00:04<00:05, 498doc/s]
  scifact:  47%|████▋     | 2.43k/5.18k [00:04<00:05, 496doc/s]
  scifact:  48%|████▊     | 2.50k/5.18k [00:05<00:05, 495doc/s]
  scifact:  49%|████▉     | 2.56k/5.18k [00:05<00:05, 496doc/s]
  scifact:  51%|█████     | 2.62k/5.18k [00:05<00:05, 497doc/s]
  scifact:  52%|█████▏    | 2.69k/5.18k [00:05<00:05, 497doc/s]
  scifact:  53%|█████▎    | 2.75k/5.18k [00:05<00:04, 495doc/s]
  scifact:  54%|█████▍    | 2.82k/5.18k [00:05<00:04, 497doc/s]
  scifact:  56%|█████▌    | 2.88k/5.18k [00:05<00:04, 495doc/s]
  scifact:  57%|█████▋    | 2.94k/5.18k [00:05<00:04, 497doc/s]
  scifact:  58%|█████▊    | 3.01k/5.18k [00:06<00:04, 496doc/s]
  scifact:  59%|█████▉    | 3.07k/5.18k [00:06<00:04, 496doc/s]
  scifact:  61%|██████    | 3.14k/5.18k [00:06<00:04, 495doc/s]
  scifact:  62%|██████▏   | 3.20k/5.18k [00:06<00:03, 496doc/s]
  scifact:  63%|██████▎   | 3.26k/5.18k [00:06<00:03, 496doc/s]
  scifact:  64%|██████▍   | 3.33k/5.18k [00:06<00:03, 494doc/s]
  scifact:  65%|██████▌   | 3.39k/5.18k [00:06<00:03, 494doc/s]
  scifact:  67%|██████▋   | 3.46k/5.18k [00:06<00:03, 493doc/s]
  scifact:  68%|██████▊   | 3.52k/5.18k [00:07<00:03, 494doc/s]
  scifact:  69%|██████▉   | 3.58k/5.18k [00:07<00:03, 494doc/s]
  scifact:  70%|███████   | 3.65k/5.18k [00:07<00:03, 496doc/s]
  scifact:  72%|███████▏  | 3.71k/5.18k [00:07<00:02, 498doc/s]
  scifact:  73%|███████▎  | 3.78k/5.18k [00:07<00:02, 497doc/s]
  scifact:  74%|███████▍  | 3.84k/5.18k [00:07<00:02, 497doc/s]
  scifact:  75%|███████▌  | 3.90k/5.18k [00:07<00:02, 496doc/s]
  scifact:  77%|███████▋  | 3.97k/5.18k [00:07<00:02, 498doc/s]
  scifact:  78%|███████▊  | 4.03k/5.18k [00:08<00:02, 495doc/s]
  scifact:  79%|███████▉  | 4.10k/5.18k [00:08<00:02, 498doc/s]
  scifact:  80%|████████  | 4.16k/5.18k [00:08<00:02, 499doc/s]
  scifact:  81%|████████▏ | 4.22k/5.18k [00:08<00:01, 498doc/s]
  scifact:  83%|████████▎ | 4.29k/5.18k [00:08<00:01, 499doc/s]
  scifact:  84%|████████▍ | 4.35k/5.18k [00:08<00:01, 499doc/s]
  scifact:  85%|████████▌ | 4.42k/5.18k [00:08<00:01, 499doc/s]
  scifact:  86%|████████▋ | 4.48k/5.18k [00:09<00:01, 499doc/s]
  scifact:  88%|████████▊ | 4.54k/5.18k [00:09<00:01, 500doc/s]
  scifact:  89%|████████▉ | 4.61k/5.18k [00:09<00:01, 501doc/s]
  scifact:  90%|█████████ | 4.67k/5.18k [00:09<00:01, 500doc/s]
  scifact:  91%|█████████▏| 4.74k/5.18k [00:09<00:00, 498doc/s]
  scifact:  93%|█████████▎| 4.80k/5.18k [00:09<00:00, 500doc/s]
  scifact:  94%|█████████▍| 4.86k/5.18k [00:09<00:00, 500doc/s]
  scifact:  95%|█████████▌| 4.93k/5.18k [00:09<00:00, 499doc/s]
  scifact:  96%|█████████▋| 4.99k/5.18k [00:10<00:00, 498doc/s]
  scifact:  98%|█████████▊| 5.06k/5.18k [00:10<00:00, 500doc/s]
  scifact:  99%|█████████▉| 5.12k/5.18k [00:10<00:00, 499doc/s]
  scifact: 100%|██████████| 5.18k/5.18k [00:10<00:00, 501doc/s]
  scifact: 100%|██████████| 5.18k/5.18k [00:10<00:00, 497doc/s]
  Done. 5,183 docs indexed. Avg 200.2 nonzero terms/doc. 0.2 min.

============================================================
[arguana]
  Loading corpus from BeIR/arguana ...
  8,674 documents

  arguana:   0%|          | 0.00/8.67k [00:00<?, ?doc/s]
  arguana:   1%|          | 64.0/8.67k [00:00<00:17, 480doc/s]
  arguana:   1%|▏         | 128/8.67k [00:00<00:17, 482doc/s] 
  arguana:   2%|▏         | 192/8.67k [00:00<00:17, 487doc/s]
  arguana:   3%|▎         | 256/8.67k [00:00<00:17, 494doc/s]
  arguana:   4%|▎         | 320/8.67k [00:00<00:16, 498doc/s]
  arguana:   4%|▍         | 384/8.67k [00:00<00:16, 499doc/s]
  arguana:   5%|▌         | 448/8.67k [00:00<00:16, 499doc/s]
  arguana:   6%|▌         | 512/8.67k [00:01<00:16, 500doc/s]
  arguana:   7%|▋         | 576/8.67k [00:01<00:16, 499doc/s]
  arguana:   7%|▋         | 640/8.67k [00:01<00:16, 500doc/s]
  arguana:   8%|▊         | 704/8.67k [00:01<00:15, 499doc/s]
  arguana:   9%|▉         | 768/8.67k [00:01<00:15, 496doc/s]
  arguana:  10%|▉         | 832/8.67k [00:01<00:15, 498doc/s]
  arguana:  10%|█         | 896/8.67k [00:01<00:15, 499doc/s]
  arguana:  11%|█         | 960/8.67k [00:01<00:15, 499doc/s]
  arguana:  12%|█▏        | 1.02k/8.67k [00:02<00:15, 495doc/s]
  arguana:  13%|█▎        | 1.09k/8.67k [00:02<00:15, 499doc/s]
  arguana:  13%|█▎        | 1.15k/8.67k [00:02<00:15, 501doc/s]
  arguana:  14%|█▍        | 1.22k/8.67k [00:02<00:14, 501doc/s]
  arguana:  15%|█▍        | 1.28k/8.67k [00:02<00:14, 501doc/s]
  arguana:  15%|█▌        | 1.34k/8.67k [00:02<00:14, 500doc/s]
  arguana:  16%|█▌        | 1.41k/8.67k [00:02<00:14, 500doc/s]
  arguana:  17%|█▋        | 1.47k/8.67k [00:02<00:14, 500doc/s]
  arguana:  18%|█▊        | 1.54k/8.67k [00:03<00:14, 498doc/s]
  arguana:  18%|█▊        | 1.60k/8.67k [00:03<00:14, 499doc/s]
  arguana:  19%|█▉        | 1.66k/8.67k [00:03<00:13, 501doc/s]
  arguana:  20%|█▉        | 1.73k/8.67k [00:03<00:13, 500doc/s]
  arguana:  21%|██        | 1.79k/8.67k [00:03<00:13, 500doc/s]
  arguana:  21%|██▏       | 1.86k/8.67k [00:03<00:13, 501doc/s]
  arguana:  22%|██▏       | 1.92k/8.67k [00:03<00:13, 501doc/s]
  arguana:  23%|██▎       | 1.98k/8.67k [00:03<00:13, 500doc/s]
  arguana:  24%|██▎       | 2.05k/8.67k [00:04<00:13, 501doc/s]
  arguana:  24%|██▍       | 2.11k/8.67k [00:04<00:13, 501doc/s]
  arguana:  25%|██▌       | 2.18k/8.67k [00:04<00:12, 501doc/s]
  arguana:  26%|██▌       | 2.24k/8.67k [00:04<00:12, 502doc/s]
  arguana:  27%|██▋       | 2.30k/8.67k [00:04<00:12, 499doc/s]
  arguana:  27%|██▋       | 2.37k/8.67k [00:04<00:12, 499doc/s]
  arguana:  28%|██▊       | 2.43k/8.67k [00:04<00:12, 500doc/s]
  arguana:  29%|██▉       | 2.50k/8.67k [00:05<00:12, 499doc/s]
  arguana:  30%|██▉       | 2.56k/8.67k [00:05<00:12, 498doc/s]
  arguana:  30%|███       | 2.62k/8.67k [00:05<00:12, 499doc/s]
  arguana:  31%|███       | 2.69k/8.67k [00:05<00:11, 500doc/s]
  arguana:  32%|███▏      | 2.75k/8.67k [00:05<00:11, 500doc/s]
  arguana:  32%|███▏      | 2.82k/8.67k [00:05<00:11, 499doc/s]
  arguana:  33%|███▎      | 2.88k/8.67k [00:05<00:11, 498doc/s]
  arguana:  34%|███▍      | 2.94k/8.67k [00:05<00:11, 500doc/s]
  arguana:  35%|███▍      | 3.01k/8.67k [00:06<00:11, 501doc/s]
  arguana:  35%|███▌      | 3.07k/8.67k [00:06<00:11, 501doc/s]
  arguana:  36%|███▌      | 3.14k/8.67k [00:06<00:11, 501doc/s]
  arguana:  37%|███▋      | 3.20k/8.67k [00:06<00:10, 501doc/s]
  arguana:  38%|███▊      | 3.26k/8.67k [00:06<00:10, 500doc/s]
  arguana:  38%|███▊      | 3.33k/8.67k [00:06<00:10, 498doc/s]
  arguana:  39%|███▉      | 3.39k/8.67k [00:06<00:10, 499doc/s]
  arguana:  40%|███▉      | 3.46k/8.67k [00:06<00:10, 495doc/s]
  arguana:  41%|████      | 3.52k/8.67k [00:07<00:10, 497doc/s]
  arguana:  41%|████▏     | 3.58k/8.67k [00:07<00:10, 498doc/s]
  arguana:  42%|████▏     | 3.65k/8.67k [00:07<00:10, 497doc/s]
  arguana:  43%|████▎     | 3.71k/8.67k [00:07<00:10, 496doc/s]
  arguana:  44%|████▎     | 3.78k/8.67k [00:07<00:09, 499doc/s]
  arguana:  44%|████▍     | 3.84k/8.67k [00:07<00:09, 497doc/s]
  arguana:  45%|████▌     | 3.90k/8.67k [00:07<00:09, 498doc/s]
  arguana:  46%|████▌     | 3.97k/8.67k [00:07<00:09, 501doc/s]
  arguana:  46%|████▋     | 4.03k/8.67k [00:08<00:09, 500doc/s]
  arguana:  47%|████▋     | 4.10k/8.67k [00:08<00:09, 502doc/s]
  arguana:  48%|████▊     | 4.16k/8.67k [00:08<00:08, 504doc/s]
  arguana:  49%|████▊     | 4.22k/8.67k [00:08<00:08, 503doc/s]
  arguana:  49%|████▉     | 4.29k/8.67k [00:08<00:08, 501doc/s]
  arguana:  50%|█████     | 4.35k/8.67k [00:08<00:08, 501doc/s]
  arguana:  51%|█████     | 4.42k/8.67k [00:08<00:08, 501doc/s]
  arguana:  52%|█████▏    | 4.48k/8.67k [00:08<00:08, 497doc/s]
  arguana:  52%|█████▏    | 4.54k/8.67k [00:09<00:08, 497doc/s]
  arguana:  53%|█████▎    | 4.61k/8.67k [00:09<00:08, 497doc/s]
  arguana:  54%|█████▍    | 4.67k/8.67k [00:09<00:08, 498doc/s]
  arguana:  55%|█████▍    | 4.74k/8.67k [00:09<00:07, 499doc/s]
  arguana:  55%|█████▌    | 4.80k/8.67k [00:09<00:07, 498doc/s]
  arguana:  56%|█████▌    | 4.86k/8.67k [00:09<00:07, 498doc/s]
  arguana:  57%|█████▋    | 4.93k/8.67k [00:09<00:07, 499doc/s]
  arguana:  58%|█████▊    | 4.99k/8.67k [00:10<00:07, 498doc/s]
  arguana:  58%|█████▊    | 5.06k/8.67k [00:10<00:07, 500doc/s]
  arguana:  59%|█████▉    | 5.12k/8.67k [00:10<00:07, 501doc/s]
  arguana:  60%|█████▉    | 5.18k/8.67k [00:10<00:07, 498doc/s]
  arguana:  61%|██████    | 5.25k/8.67k [00:10<00:06, 497doc/s]
  arguana:  61%|██████    | 5.31k/8.67k [00:10<00:06, 497doc/s]
  arguana:  62%|██████▏   | 5.38k/8.67k [00:10<00:06, 497doc/s]
  arguana:  63%|██████▎   | 5.44k/8.67k [00:10<00:06, 494doc/s]
  arguana:  63%|██████▎   | 5.50k/8.67k [00:11<00:06, 498doc/s]
  arguana:  64%|██████▍   | 5.57k/8.67k [00:11<00:06, 497doc/s]
  arguana:  65%|██████▍   | 5.63k/8.67k [00:11<00:06, 497doc/s]
  arguana:  66%|██████▌   | 5.70k/8.67k [00:11<00:05, 498doc/s]
  arguana:  66%|██████▋   | 5.76k/8.67k [00:11<00:05, 495doc/s]
  arguana:  67%|██████▋   | 5.82k/8.67k [00:11<00:05, 496doc/s]
  arguana:  68%|██████▊   | 5.89k/8.67k [00:11<00:05, 497doc/s]
  arguana:  69%|██████▊   | 5.95k/8.67k [00:11<00:05, 497doc/s]
  arguana:  69%|██████▉   | 6.02k/8.67k [00:12<00:05, 497doc/s]
  arguana:  70%|███████   | 6.08k/8.67k [00:12<00:05, 499doc/s]
  arguana:  71%|███████   | 6.14k/8.67k [00:12<00:05, 498doc/s]
  arguana:  72%|███████▏  | 6.21k/8.67k [00:12<00:04, 499doc/s]
  arguana:  72%|███████▏  | 6.27k/8.67k [00:12<00:04, 500doc/s]
  arguana:  73%|███████▎  | 6.34k/8.67k [00:12<00:04, 500doc/s]
  arguana:  74%|███████▍  | 6.40k/8.67k [00:12<00:04, 500doc/s]
  arguana:  75%|███████▍  | 6.46k/8.67k [00:12<00:04, 502doc/s]
  arguana:  75%|███████▌  | 6.53k/8.67k [00:13<00:04, 502doc/s]
  arguana:  76%|███████▌  | 6.59k/8.67k [00:13<00:04, 501doc/s]
  arguana:  77%|███████▋  | 6.66k/8.67k [00:13<00:04, 501doc/s]
  arguana:  77%|███████▋  | 6.72k/8.67k [00:13<00:03, 500doc/s]
  arguana:  78%|███████▊  | 6.78k/8.67k [00:13<00:03, 498doc/s]
  arguana:  79%|███████▉  | 6.85k/8.67k [00:13<00:03, 501doc/s]
  arguana:  80%|███████▉  | 6.91k/8.67k [00:13<00:03, 502doc/s]
  arguana:  80%|████████  | 6.98k/8.67k [00:13<00:03, 500doc/s]
  arguana:  81%|████████  | 7.04k/8.67k [00:14<00:03, 500doc/s]
  arguana:  82%|████████▏ | 7.10k/8.67k [00:14<00:03, 500doc/s]
  arguana:  83%|████████▎ | 7.17k/8.67k [00:14<00:03, 497doc/s]
  arguana:  83%|████████▎ | 7.23k/8.67k [00:14<00:02, 499doc/s]
  arguana:  84%|████████▍ | 7.30k/8.67k [00:14<00:02, 498doc/s]
  arguana:  85%|████████▍ | 7.36k/8.67k [00:14<00:02, 499doc/s]
  arguana:  86%|████████▌ | 7.42k/8.67k [00:14<00:02, 500doc/s]
  arguana:  86%|████████▋ | 7.49k/8.67k [00:15<00:02, 503doc/s]
  arguana:  87%|████████▋ | 7.55k/8.67k [00:15<00:02, 504doc/s]
  arguana:  88%|████████▊ | 7.62k/8.67k [00:15<00:02, 503doc/s]
  arguana:  89%|████████▊ | 7.68k/8.67k [00:15<00:01, 500doc/s]
  arguana:  89%|████████▉ | 7.74k/8.67k [00:15<00:01, 499doc/s]
  arguana:  90%|█████████ | 7.81k/8.67k [00:15<00:01, 499doc/s]
  arguana:  91%|█████████ | 7.87k/8.67k [00:15<00:01, 499doc/s]
  arguana:  91%|█████████▏| 7.94k/8.67k [00:15<00:01, 498doc/s]
  arguana:  92%|█████████▏| 8.00k/8.67k [00:16<00:01, 497doc/s]
  arguana:  93%|█████████▎| 8.06k/8.67k [00:16<00:01, 498doc/s]
  arguana:  94%|█████████▎| 8.13k/8.67k [00:16<00:01, 498doc/s]
  arguana:  94%|█████████▍| 8.19k/8.67k [00:16<00:00, 498doc/s]
  arguana:  95%|█████████▌| 8.26k/8.67k [00:16<00:00, 498doc/s]
  arguana:  96%|█████████▌| 8.32k/8.67k [00:16<00:00, 497doc/s]
  arguana:  97%|█████████▋| 8.38k/8.67k [00:16<00:00, 498doc/s]
  arguana:  97%|█████████▋| 8.45k/8.67k [00:16<00:00, 498doc/s]
  arguana:  98%|█████████▊| 8.51k/8.67k [00:17<00:00, 495doc/s]
  arguana:  99%|█████████▉| 8.58k/8.67k [00:17<00:00, 495doc/s]
  arguana: 100%|█████████▉| 8.64k/8.67k [00:17<00:00, 495doc/s]
  arguana: 100%|██████████| 8.67k/8.67k [00:17<00:00, 498doc/s]
  Done. 8,674 docs indexed. Avg 258.8 nonzero terms/doc. 0.3 min.

============================================================
[scidocs]
  Loading corpus from BeIR/scidocs ...
  25,657 documents

  scidocs:   0%|          | 0.00/25.7k [00:00<?, ?doc/s]
  scidocs:   0%|          | 64.0/25.7k [00:00<00:53, 479doc/s]
  scidocs:   0%|          | 128/25.7k [00:00<00:53, 480doc/s] 
  scidocs:   1%|          | 192/25.7k [00:00<00:52, 489doc/s]
  scidocs:   1%|          | 256/25.7k [00:00<00:51, 495doc/s]
  scidocs:   1%|          | 320/25.7k [00:00<00:51, 496doc/s]
  scidocs:   1%|▏         | 384/25.7k [00:00<00:51, 495doc/s]
  scidocs:   2%|▏         | 448/25.7k [00:00<00:50, 496doc/s]
  scidocs:   2%|▏         | 512/25.7k [00:01<00:50, 495doc/s]
  scidocs:   2%|▏         | 576/25.7k [00:01<00:50, 495doc/s]
  scidocs:   2%|▏         | 640/25.7k [00:01<00:50, 497doc/s]
  scidocs:   3%|▎         | 704/25.7k [00:01<00:50, 499doc/s]
  scidocs:   3%|▎         | 768/25.7k [00:01<00:50, 497doc/s]
  scidocs:   3%|▎         | 832/25.7k [00:01<00:49, 498doc/s]
  scidocs:   3%|▎         | 896/25.7k [00:01<00:49, 500doc/s]
  scidocs:   4%|▎         | 960/25.7k [00:01<00:49, 499doc/s]
  scidocs:   4%|▍         | 1.02k/25.7k [00:02<00:49, 500doc/s]
  scidocs:   4%|▍         | 1.09k/25.7k [00:02<00:49, 501doc/s]
  scidocs:   4%|▍         | 1.15k/25.7k [00:02<00:49, 498doc/s]
  scidocs:   5%|▍         | 1.22k/25.7k [00:02<00:49, 497doc/s]
  scidocs:   5%|▍         | 1.28k/25.7k [00:02<00:49, 496doc/s]
  scidocs:   5%|▌         | 1.34k/25.7k [00:02<00:48, 496doc/s]
  scidocs:   5%|▌         | 1.41k/25.7k [00:02<00:48, 496doc/s]
  scidocs:   6%|▌         | 1.47k/25.7k [00:02<00:48, 499doc/s]
  scidocs:   6%|▌         | 1.54k/25.7k [00:03<00:48, 499doc/s]
  scidocs:   6%|▌         | 1.60k/25.7k [00:03<00:48, 499doc/s]
  scidocs:   6%|▋         | 1.66k/25.7k [00:03<00:47, 502doc/s]
  scidocs:   7%|▋         | 1.73k/25.7k [00:03<00:47, 503doc/s]
  scidocs:   7%|▋         | 1.79k/25.7k [00:03<00:47, 500doc/s]
  scidocs:   7%|▋         | 1.86k/25.7k [00:03<00:47, 502doc/s]
  scidocs:   7%|▋         | 1.92k/25.7k [00:03<00:47, 501doc/s]
  scidocs:   8%|▊         | 1.98k/25.7k [00:03<00:47, 500doc/s]
  scidocs:   8%|▊         | 2.05k/25.7k [00:04<00:47, 500doc/s]
  scidocs:   8%|▊         | 2.11k/25.7k [00:04<00:47, 500doc/s]
  scidocs:   8%|▊         | 2.18k/25.7k [00:04<00:46, 501doc/s]
  scidocs:   9%|▊         | 2.24k/25.7k [00:04<00:46, 499doc/s]
  scidocs:   9%|▉         | 2.30k/25.7k [00:04<00:46, 499doc/s]
  scidocs:   9%|▉         | 2.37k/25.7k [00:04<00:46, 499doc/s]
  scidocs:   9%|▉         | 2.43k/25.7k [00:04<00:46, 497doc/s]
  scidocs:  10%|▉         | 2.50k/25.7k [00:05<00:46, 499doc/s]
  scidocs:  10%|▉         | 2.56k/25.7k [00:05<00:46, 499doc/s]
  scidocs:  10%|█         | 2.62k/25.7k [00:05<00:45, 502doc/s]
  scidocs:  10%|█         | 2.69k/25.7k [00:05<00:45, 501doc/s]
  scidocs:  11%|█         | 2.75k/25.7k [00:05<00:45, 502doc/s]
  scidocs:  11%|█         | 2.82k/25.7k [00:05<00:45, 501doc/s]
  scidocs:  11%|█         | 2.88k/25.7k [00:05<00:45, 500doc/s]
  scidocs:  11%|█▏        | 2.94k/25.7k [00:05<00:45, 500doc/s]
  scidocs:  12%|█▏        | 3.01k/25.7k [00:06<00:45, 501doc/s]
  scidocs:  12%|█▏        | 3.07k/25.7k [00:06<00:44, 502doc/s]
  scidocs:  12%|█▏        | 3.14k/25.7k [00:06<00:45, 500doc/s]
  scidocs:  12%|█▏        | 3.20k/25.7k [00:06<00:44, 501doc/s]
  scidocs:  13%|█▎        | 3.26k/25.7k [00:06<00:44, 501doc/s]
  scidocs:  13%|█▎        | 3.33k/25.7k [00:06<00:44, 501doc/s]
  scidocs:  13%|█▎        | 3.39k/25.7k [00:06<00:44, 501doc/s]
  scidocs:  13%|█▎        | 3.46k/25.7k [00:06<00:44, 503doc/s]
  scidocs:  14%|█▎        | 3.52k/25.7k [00:07<00:44, 500doc/s]
  scidocs:  14%|█▍        | 3.58k/25.7k [00:07<00:44, 501doc/s]
  scidocs:  14%|█▍        | 3.65k/25.7k [00:07<00:43, 500doc/s]
  scidocs:  14%|█▍        | 3.71k/25.7k [00:07<00:43, 501doc/s]
  scidocs:  15%|█▍        | 3.78k/25.7k [00:07<00:43, 502doc/s]
  scidocs:  15%|█▍        | 3.84k/25.7k [00:07<00:43, 500doc/s]
  scidocs:  15%|█▌        | 3.90k/25.7k [00:07<00:43, 501doc/s]
  scidocs:  15%|█▌        | 3.97k/25.7k [00:07<00:43, 500doc/s]
  scidocs:  16%|█▌        | 4.03k/25.7k [00:08<00:43, 499doc/s]
  scidocs:  16%|█▌        | 4.10k/25.7k [00:08<00:43, 498doc/s]
  scidocs:  16%|█▌        | 4.16k/25.7k [00:08<00:43, 498doc/s]
  scidocs:  16%|█▋        | 4.22k/25.7k [00:08<00:42, 501doc/s]
  scidocs:  17%|█▋        | 4.29k/25.7k [00:08<00:42, 501doc/s]
  scidocs:  17%|█▋        | 4.35k/25.7k [00:08<00:42, 501doc/s]
  scidocs:  17%|█▋        | 4.42k/25.7k [00:08<00:42, 500doc/s]
  scidocs:  17%|█▋        | 4.48k/25.7k [00:08<00:42, 499doc/s]
  scidocs:  18%|█▊        | 4.54k/25.7k [00:09<00:42, 497doc/s]
  scidocs:  18%|█▊        | 4.61k/25.7k [00:09<00:42, 498doc/s]
  scidocs:  18%|█▊        | 4.67k/25.7k [00:09<00:42, 499doc/s]
  scidocs:  18%|█▊        | 4.74k/25.7k [00:09<00:41, 499doc/s]
  scidocs:  19%|█▊        | 4.80k/25.7k [00:09<00:41, 499doc/s]
  scidocs:  19%|█▉        | 4.86k/25.7k [00:09<00:41, 500doc/s]
  scidocs:  19%|█▉        | 4.93k/25.7k [00:09<00:41, 501doc/s]
  scidocs:  19%|█▉        | 4.99k/25.7k [00:10<00:41, 500doc/s]
  scidocs:  20%|█▉        | 5.06k/25.7k [00:10<00:41, 498doc/s]
  scidocs:  20%|█▉        | 5.12k/25.7k [00:10<00:41, 498doc/s]
  scidocs:  20%|██        | 5.18k/25.7k [00:10<00:41, 499doc/s]
  scidocs:  20%|██        | 5.25k/25.7k [00:10<00:41, 497doc/s]
  scidocs:  21%|██        | 5.31k/25.7k [00:10<00:40, 497doc/s]
  scidocs:  21%|██        | 5.38k/25.7k [00:10<00:40, 499doc/s]
  scidocs:  21%|██        | 5.44k/25.7k [00:10<00:40, 501doc/s]
  scidocs:  21%|██▏       | 5.50k/25.7k [00:11<00:40, 501doc/s]
  scidocs:  22%|██▏       | 5.57k/25.7k [00:11<00:40, 500doc/s]
  scidocs:  22%|██▏       | 5.63k/25.7k [00:11<00:40, 500doc/s]
  scidocs:  22%|██▏       | 5.70k/25.7k [00:11<00:39, 500doc/s]
  scidocs:  22%|██▏       | 5.76k/25.7k [00:11<00:39, 502doc/s]
  scidocs:  23%|██▎       | 5.82k/25.7k [00:11<00:39, 500doc/s]
  scidocs:  23%|██▎       | 5.89k/25.7k [00:11<00:39, 498doc/s]
  scidocs:  23%|██▎       | 5.95k/25.7k [00:11<00:39, 497doc/s]
  scidocs:  23%|██▎       | 6.02k/25.7k [00:12<00:39, 499doc/s]
  scidocs:  24%|██▎       | 6.08k/25.7k [00:12<00:39, 499doc/s]
  scidocs:  24%|██▍       | 6.14k/25.7k [00:12<00:39, 497doc/s]
  scidocs:  24%|██▍       | 6.21k/25.7k [00:12<00:39, 494doc/s]
  scidocs:  24%|██▍       | 6.27k/25.7k [00:12<00:39, 494doc/s]
  scidocs:  25%|██▍       | 6.34k/25.7k [00:12<00:39, 493doc/s]
  scidocs:  25%|██▍       | 6.40k/25.7k [00:12<00:38, 497doc/s]
  scidocs:  25%|██▌       | 6.46k/25.7k [00:12<00:38, 494doc/s]
  scidocs:  25%|██▌       | 6.53k/25.7k [00:13<00:38, 494doc/s]
  scidocs:  26%|██▌       | 6.59k/25.7k [00:13<00:38, 496doc/s]
  scidocs:  26%|██▌       | 6.66k/25.7k [00:13<00:38, 498doc/s]
  scidocs:  26%|██▌       | 6.72k/25.7k [00:13<00:38, 495doc/s]
  scidocs:  26%|██▋       | 6.78k/25.7k [00:13<00:38, 496doc/s]
  scidocs:  27%|██▋       | 6.85k/25.7k [00:13<00:37, 498doc/s]
  scidocs:  27%|██▋       | 6.91k/25.7k [00:13<00:37, 500doc/s]
  scidocs:  27%|██▋       | 6.98k/25.7k [00:13<00:37, 500doc/s]
  scidocs:  27%|██▋       | 7.04k/25.7k [00:14<00:37, 499doc/s]
  scidocs:  28%|██▊       | 7.10k/25.7k [00:14<00:37, 499doc/s]
  scidocs:  28%|██▊       | 7.17k/25.7k [00:14<00:37, 500doc/s]
  scidocs:  28%|██▊       | 7.23k/25.7k [00:14<00:36, 500doc/s]
  scidocs:  28%|██▊       | 7.30k/25.7k [00:14<00:36, 498doc/s]
  scidocs:  29%|██▊       | 7.36k/25.7k [00:14<00:36, 499doc/s]
  scidocs:  29%|██▉       | 7.42k/25.7k [00:14<00:36, 500doc/s]
  scidocs:  29%|██▉       | 7.49k/25.7k [00:15<00:36, 499doc/s]
  scidocs:  29%|██▉       | 7.55k/25.7k [00:15<00:36, 500doc/s]
  scidocs:  30%|██▉       | 7.62k/25.7k [00:15<00:36, 501doc/s]
  scidocs:  30%|██▉       | 7.68k/25.7k [00:15<00:36, 498doc/s]
  scidocs:  30%|███       | 7.74k/25.7k [00:15<00:36, 497doc/s]
  scidocs:  30%|███       | 7.81k/25.7k [00:15<00:35, 498doc/s]
  scidocs:  31%|███       | 7.87k/25.7k [00:15<00:35, 499doc/s]
  scidocs:  31%|███       | 7.94k/25.7k [00:15<00:35, 499doc/s]
  scidocs:  31%|███       | 8.00k/25.7k [00:16<00:35, 498doc/s]
  scidocs:  31%|███▏      | 8.06k/25.7k [00:16<00:35, 499doc/s]
  scidocs:  32%|███▏      | 8.13k/25.7k [00:16<00:35, 497doc/s]
  scidocs:  32%|███▏      | 8.19k/25.7k [00:16<00:35, 499doc/s]
  scidocs:  32%|███▏      | 8.26k/25.7k [00:16<00:34, 498doc/s]
  scidocs:  32%|███▏      | 8.32k/25.7k [00:16<00:34, 500doc/s]
  scidocs:  33%|███▎      | 8.38k/25.7k [00:16<00:34, 500doc/s]
  scidocs:  33%|███▎      | 8.45k/25.7k [00:16<00:34, 501doc/s]
  scidocs:  33%|███▎      | 8.51k/25.7k [00:17<00:34, 499doc/s]
  scidocs:  33%|███▎      | 8.58k/25.7k [00:17<00:34, 501doc/s]
  scidocs:  34%|███▎      | 8.64k/25.7k [00:17<00:33, 501doc/s]
  scidocs:  34%|███▍      | 8.70k/25.7k [00:17<00:33, 501doc/s]
  scidocs:  34%|███▍      | 8.77k/25.7k [00:17<00:33, 497doc/s]
  scidocs:  34%|███▍      | 8.83k/25.7k [00:17<00:33, 497doc/s]
  scidocs:  35%|███▍      | 8.90k/25.7k [00:17<00:33, 499doc/s]
  scidocs:  35%|███▍      | 8.96k/25.7k [00:17<00:33, 499doc/s]
  scidocs:  35%|███▌      | 9.02k/25.7k [00:18<00:33, 500doc/s]
  scidocs:  35%|███▌      | 9.09k/25.7k [00:18<00:33, 499doc/s]
  scidocs:  36%|███▌      | 9.15k/25.7k [00:18<00:33, 497doc/s]
  scidocs:  36%|███▌      | 9.22k/25.7k [00:18<00:33, 495doc/s]
  scidocs:  36%|███▌      | 9.28k/25.7k [00:18<00:33, 494doc/s]
  scidocs:  36%|███▋      | 9.34k/25.7k [00:18<00:32, 495doc/s]
  scidocs:  37%|███▋      | 9.41k/25.7k [00:18<00:32, 498doc/s]
  scidocs:  37%|███▋      | 9.47k/25.7k [00:18<00:32, 497doc/s]
  scidocs:  37%|███▋      | 9.54k/25.7k [00:19<00:32, 498doc/s]
  scidocs:  37%|███▋      | 9.60k/25.7k [00:19<00:32, 496doc/s]
  scidocs:  38%|███▊      | 9.66k/25.7k [00:19<00:32, 499doc/s]
  scidocs:  38%|███▊      | 9.73k/25.7k [00:19<00:32, 497doc/s]
  scidocs:  38%|███▊      | 9.79k/25.7k [00:19<00:31, 499doc/s]
  scidocs:  38%|███▊      | 9.86k/25.7k [00:19<00:31, 499doc/s]
  scidocs:  39%|███▊      | 9.92k/25.7k [00:19<00:31, 500doc/s]
  scidocs:  39%|███▉      | 9.98k/25.7k [00:20<00:31, 499doc/s]
  scidocs:  39%|███▉      | 10.0k/25.7k [00:20<00:31, 497doc/s]
  scidocs:  39%|███▉      | 10.1k/25.7k [00:20<00:31, 493doc/s]
  scidocs:  40%|███▉      | 10.2k/25.7k [00:20<00:31, 496doc/s]
  scidocs:  40%|███▉      | 10.2k/25.7k [00:20<00:31, 497doc/s]
  scidocs:  40%|████      | 10.3k/25.7k [00:20<00:30, 500doc/s]
  scidocs:  40%|████      | 10.4k/25.7k [00:20<00:30, 499doc/s]
  scidocs:  41%|████      | 10.4k/25.7k [00:20<00:30, 500doc/s]
  scidocs:  41%|████      | 10.5k/25.7k [00:21<00:30, 500doc/s]
  scidocs:  41%|████      | 10.6k/25.7k [00:21<00:30, 499doc/s]
  scidocs:  41%|████▏     | 10.6k/25.7k [00:21<00:30, 496doc/s]
  scidocs:  42%|████▏     | 10.7k/25.7k [00:21<00:30, 496doc/s]
  scidocs:  42%|████▏     | 10.8k/25.7k [00:21<00:30, 496doc/s]
  scidocs:  42%|████▏     | 10.8k/25.7k [00:21<00:29, 495doc/s]
  scidocs:  42%|████▏     | 10.9k/25.7k [00:21<00:29, 495doc/s]
  scidocs:  43%|████▎     | 10.9k/25.7k [00:21<00:29, 497doc/s]
  scidocs:  43%|████▎     | 11.0k/25.7k [00:22<00:29, 495doc/s]
  scidocs:  43%|████▎     | 11.1k/25.7k [00:22<00:29, 497doc/s]
  scidocs:  43%|████▎     | 11.1k/25.7k [00:22<00:29, 498doc/s]
  scidocs:  44%|████▎     | 11.2k/25.7k [00:22<00:28, 499doc/s]
  scidocs:  44%|████▍     | 11.3k/25.7k [00:22<00:28, 499doc/s]
  scidocs:  44%|████▍     | 11.3k/25.7k [00:22<00:28, 498doc/s]
  scidocs:  44%|████▍     | 11.4k/25.7k [00:22<00:28, 500doc/s]
  scidocs:  45%|████▍     | 11.5k/25.7k [00:22<00:28, 501doc/s]
  scidocs:  45%|████▍     | 11.5k/25.7k [00:23<00:28, 501doc/s]
  scidocs:  45%|████▌     | 11.6k/25.7k [00:23<00:28, 501doc/s]
  scidocs:  45%|████▌     | 11.6k/25.7k [00:23<00:28, 499doc/s]
  scidocs:  46%|████▌     | 11.7k/25.7k [00:23<00:28, 498doc/s]
  scidocs:  46%|████▌     | 11.8k/25.7k [00:23<00:27, 499doc/s]
  scidocs:  46%|████▌     | 11.8k/25.7k [00:23<00:27, 500doc/s]
  scidocs:  46%|████▋     | 11.9k/25.7k [00:23<00:27, 500doc/s]
  scidocs:  47%|████▋     | 12.0k/25.7k [00:24<00:27, 501doc/s]
  scidocs:  47%|████▋     | 12.0k/25.7k [00:24<00:27, 500doc/s]
  scidocs:  47%|████▋     | 12.1k/25.7k [00:24<00:27, 498doc/s]
  scidocs:  47%|████▋     | 12.2k/25.7k [00:24<00:27, 498doc/s]
  scidocs:  48%|████▊     | 12.2k/25.7k [00:24<00:26, 499doc/s]
  scidocs:  48%|████▊     | 12.3k/25.7k [00:24<00:26, 499doc/s]
  scidocs:  48%|████▊     | 12.4k/25.7k [00:24<00:26, 499doc/s]
  scidocs:  48%|████▊     | 12.4k/25.7k [00:24<00:26, 499doc/s]
  scidocs:  49%|████▊     | 12.5k/25.7k [00:25<00:26, 497doc/s]
  scidocs:  49%|████▉     | 12.5k/25.7k [00:25<00:26, 498doc/s]
  scidocs:  49%|████▉     | 12.6k/25.7k [00:25<00:26, 495doc/s]
  scidocs:  49%|████▉     | 12.7k/25.7k [00:25<00:26, 496doc/s]
  scidocs:  50%|████▉     | 12.7k/25.7k [00:25<00:26, 496doc/s]
  scidocs:  50%|████▉     | 12.8k/25.7k [00:25<00:26, 494doc/s]
  scidocs:  50%|█████     | 12.9k/25.7k [00:25<00:26, 492doc/s]
  scidocs:  50%|█████     | 12.9k/25.7k [00:25<00:25, 495doc/s]
  scidocs:  51%|█████     | 13.0k/25.7k [00:26<00:25, 494doc/s]
  scidocs:  51%|█████     | 13.1k/25.7k [00:26<00:25, 493doc/s]
  scidocs:  51%|█████     | 13.1k/25.7k [00:26<00:25, 495doc/s]
  scidocs:  51%|█████▏    | 13.2k/25.7k [00:26<00:25, 496doc/s]
  scidocs:  52%|█████▏    | 13.2k/25.7k [00:26<00:24, 498doc/s]
  scidocs:  52%|█████▏    | 13.3k/25.7k [00:26<00:24, 496doc/s]
  scidocs:  52%|█████▏    | 13.4k/25.7k [00:26<00:24, 497doc/s]
  scidocs:  52%|█████▏    | 13.4k/25.7k [00:26<00:24, 499doc/s]
  scidocs:  53%|█████▎    | 13.5k/25.7k [00:27<00:24, 501doc/s]
  scidocs:  53%|█████▎    | 13.6k/25.7k [00:27<00:24, 498doc/s]
  scidocs:  53%|█████▎    | 13.6k/25.7k [00:27<00:24, 499doc/s]
  scidocs:  53%|█████▎    | 13.7k/25.7k [00:27<00:24, 498doc/s]
  scidocs:  54%|█████▎    | 13.8k/25.7k [00:27<00:23, 496doc/s]
  scidocs:  54%|█████▍    | 13.8k/25.7k [00:27<00:23, 498doc/s]
  scidocs:  54%|█████▍    | 13.9k/25.7k [00:27<00:23, 499doc/s]
  scidocs:  54%|█████▍    | 14.0k/25.7k [00:27<00:23, 496doc/s]
  scidocs:  55%|█████▍    | 14.0k/25.7k [00:28<00:23, 497doc/s]
  scidocs:  55%|█████▍    | 14.1k/25.7k [00:28<00:23, 497doc/s]
  scidocs:  55%|█████▌    | 14.1k/25.7k [00:28<00:23, 497doc/s]
  scidocs:  55%|█████▌    | 14.2k/25.7k [00:28<00:23, 497doc/s]
  scidocs:  56%|█████▌    | 14.3k/25.7k [00:28<00:22, 497doc/s]
  scidocs:  56%|█████▌    | 14.3k/25.7k [00:28<00:22, 498doc/s]
  scidocs:  56%|█████▌    | 14.4k/25.7k [00:28<00:22, 499doc/s]
  scidocs:  56%|█████▋    | 14.5k/25.7k [00:29<00:22, 500doc/s]
  scidocs:  57%|█████▋    | 14.5k/25.7k [00:29<00:22, 501doc/s]
  scidocs:  57%|█████▋    | 14.6k/25.7k [00:29<00:22, 498doc/s]
  scidocs:  57%|█████▋    | 14.7k/25.7k [00:29<00:22, 497doc/s]
  scidocs:  57%|█████▋    | 14.7k/25.7k [00:29<00:22, 496doc/s]
  scidocs:  58%|█████▊    | 14.8k/25.7k [00:29<00:21, 495doc/s]
  scidocs:  58%|█████▊    | 14.8k/25.7k [00:29<00:21, 495doc/s]
  scidocs:  58%|█████▊    | 14.9k/25.7k [00:29<00:21, 495doc/s]
  scidocs:  58%|█████▊    | 15.0k/25.7k [00:30<00:21, 498doc/s]
  scidocs:  59%|█████▊    | 15.0k/25.7k [00:30<00:21, 499doc/s]
  scidocs:  59%|█████▉    | 15.1k/25.7k [00:30<00:21, 498doc/s]
  scidocs:  59%|█████▉    | 15.2k/25.7k [00:30<00:21, 498doc/s]
  scidocs:  59%|█████▉    | 15.2k/25.7k [00:30<00:20, 499doc/s]
  scidocs:  60%|█████▉    | 15.3k/25.7k [00:30<00:20, 500doc/s]
  scidocs:  60%|█████▉    | 15.4k/25.7k [00:30<00:20, 501doc/s]
  scidocs:  60%|██████    | 15.4k/25.7k [00:30<00:20, 500doc/s]
  scidocs:  60%|██████    | 15.5k/25.7k [00:31<00:20, 501doc/s]
  scidocs:  61%|██████    | 15.6k/25.7k [00:31<00:20, 501doc/s]
  scidocs:  61%|██████    | 15.6k/25.7k [00:31<00:20, 500doc/s]
  scidocs:  61%|██████    | 15.7k/25.7k [00:31<00:20, 498doc/s]
  scidocs:  61%|██████▏   | 15.7k/25.7k [00:31<00:19, 497doc/s]
  scidocs:  62%|██████▏   | 15.8k/25.7k [00:31<00:19, 499doc/s]
  scidocs:  62%|██████▏   | 15.9k/25.7k [00:31<00:19, 499doc/s]
  scidocs:  62%|██████▏   | 15.9k/25.7k [00:31<00:19, 498doc/s]
  scidocs:  62%|██████▏   | 16.0k/25.7k [00:32<00:19, 496doc/s]
  scidocs:  63%|██████▎   | 16.1k/25.7k [00:32<00:19, 499doc/s]
  scidocs:  63%|██████▎   | 16.1k/25.7k [00:32<00:19, 497doc/s]
  scidocs:  63%|██████▎   | 16.2k/25.7k [00:32<00:19, 495doc/s]
  scidocs:  63%|██████▎   | 16.3k/25.7k [00:32<00:18, 495doc/s]
  scidocs:  64%|██████▎   | 16.3k/25.7k [00:32<00:18, 498doc/s]
  scidocs:  64%|██████▍   | 16.4k/25.7k [00:32<00:18, 498doc/s]
  scidocs:  64%|██████▍   | 16.4k/25.7k [00:33<00:18, 493doc/s]
  scidocs:  64%|██████▍   | 16.5k/25.7k [00:33<00:18, 490doc/s]
  scidocs:  65%|██████▍   | 16.6k/25.7k [00:33<00:18, 490doc/s]
  scidocs:  65%|██████▍   | 16.6k/25.7k [00:33<00:18, 492doc/s]
  scidocs:  65%|██████▌   | 16.7k/25.7k [00:33<00:18, 495doc/s]
  scidocs:  65%|██████▌   | 16.8k/25.7k [00:33<00:17, 498doc/s]
  scidocs:  66%|██████▌   | 16.8k/25.7k [00:33<00:17, 497doc/s]
  scidocs:  66%|██████▌   | 16.9k/25.7k [00:33<00:17, 498doc/s]
  scidocs:  66%|██████▌   | 17.0k/25.7k [00:34<00:17, 497doc/s]
  scidocs:  66%|██████▋   | 17.0k/25.7k [00:34<00:17, 498doc/s]
  scidocs:  67%|██████▋   | 17.1k/25.7k [00:34<00:17, 499doc/s]
  scidocs:  67%|██████▋   | 17.2k/25.7k [00:34<00:16, 501doc/s]
  scidocs:  67%|██████▋   | 17.2k/25.7k [00:34<00:16, 499doc/s]
  scidocs:  67%|██████▋   | 17.3k/25.7k [00:34<00:16, 498doc/s]
  scidocs:  68%|██████▊   | 17.3k/25.7k [00:34<00:16, 500doc/s]
  scidocs:  68%|██████▊   | 17.4k/25.7k [00:34<00:16, 502doc/s]
  scidocs:  68%|██████▊   | 17.5k/25.7k [00:35<00:16, 502doc/s]
  scidocs:  68%|██████▊   | 17.5k/25.7k [00:35<00:16, 497doc/s]
  scidocs:  69%|██████▊   | 17.6k/25.7k [00:35<00:16, 492doc/s]
  scidocs:  69%|██████▉   | 17.7k/25.7k [00:35<00:16, 494doc/s]
  scidocs:  69%|██████▉   | 17.7k/25.7k [00:35<00:15, 496doc/s]
  scidocs:  69%|██████▉   | 17.8k/25.7k [00:35<00:15, 496doc/s]
  scidocs:  70%|██████▉   | 17.9k/25.7k [00:35<00:15, 497doc/s]
  scidocs:  70%|██████▉   | 17.9k/25.7k [00:35<00:15, 497doc/s]
  scidocs:  70%|███████   | 18.0k/25.7k [00:36<00:15, 500doc/s]
  scidocs:  70%|███████   | 18.0k/25.7k [00:36<00:15, 501doc/s]
  scidocs:  71%|███████   | 18.1k/25.7k [00:36<00:15, 495doc/s]
  scidocs:  71%|███████   | 18.2k/25.7k [00:36<00:15, 497doc/s]
  scidocs:  71%|███████   | 18.2k/25.7k [00:36<00:14, 498doc/s]
  scidocs:  71%|███████▏  | 18.3k/25.7k [00:36<00:14, 498doc/s]
  scidocs:  72%|███████▏  | 18.4k/25.7k [00:36<00:14, 493doc/s]
  scidocs:  72%|███████▏  | 18.4k/25.7k [00:37<00:14, 496doc/s]
  scidocs:  72%|███████▏  | 18.5k/25.7k [00:37<00:14, 496doc/s]
  scidocs:  72%|███████▏  | 18.6k/25.7k [00:37<00:14, 496doc/s]
  scidocs:  73%|███████▎  | 18.6k/25.7k [00:37<00:14, 493doc/s]
  scidocs:  73%|███████▎  | 18.7k/25.7k [00:37<00:14, 495doc/s]
  scidocs:  73%|███████▎  | 18.8k/25.7k [00:37<00:13, 496doc/s]
  scidocs:  73%|███████▎  | 18.8k/25.7k [00:37<00:13, 497doc/s]
  scidocs:  74%|███████▎  | 18.9k/25.7k [00:37<00:13, 498doc/s]
  scidocs:  74%|███████▍  | 18.9k/25.7k [00:38<00:13, 500doc/s]
  scidocs:  74%|███████▍  | 19.0k/25.7k [00:38<00:13, 500doc/s]
  scidocs:  74%|███████▍  | 19.1k/25.7k [00:38<00:13, 498doc/s]
  scidocs:  75%|███████▍  | 19.1k/25.7k [00:38<00:13, 497doc/s]
  scidocs:  75%|███████▍  | 19.2k/25.7k [00:38<00:13, 495doc/s]
  scidocs:  75%|███████▌  | 19.3k/25.7k [00:38<00:12, 495doc/s]
  scidocs:  75%|███████▌  | 19.3k/25.7k [00:38<00:12, 495doc/s]
  scidocs:  76%|███████▌  | 19.4k/25.7k [00:38<00:12, 495doc/s]
  scidocs:  76%|███████▌  | 19.5k/25.7k [00:39<00:12, 496doc/s]
  scidocs:  76%|███████▌  | 19.5k/25.7k [00:39<00:12, 495doc/s]
  scidocs:  76%|███████▋  | 19.6k/25.7k [00:39<00:12, 493doc/s]
  scidocs:  77%|███████▋  | 19.6k/25.7k [00:39<00:12, 496doc/s]
  scidocs:  77%|███████▋  | 19.7k/25.7k [00:39<00:11, 497doc/s]
  scidocs:  77%|███████▋  | 19.8k/25.7k [00:39<00:11, 496doc/s]
  scidocs:  77%|███████▋  | 19.8k/25.7k [00:39<00:11, 497doc/s]
  scidocs:  78%|███████▊  | 19.9k/25.7k [00:39<00:11, 498doc/s]
  scidocs:  78%|███████▊  | 20.0k/25.7k [00:40<00:11, 499doc/s]
  scidocs:  78%|███████▊  | 20.0k/25.7k [00:40<00:11, 498doc/s]
  scidocs:  78%|███████▊  | 20.1k/25.7k [00:40<00:11, 498doc/s]
  scidocs:  79%|███████▊  | 20.2k/25.7k [00:40<00:10, 500doc/s]
  scidocs:  79%|███████▉  | 20.2k/25.7k [00:40<00:10, 498doc/s]
  scidocs:  79%|███████▉  | 20.3k/25.7k [00:40<00:10, 497doc/s]
  scidocs:  79%|███████▉  | 20.4k/25.7k [00:40<00:10, 498doc/s]
  scidocs:  80%|███████▉  | 20.4k/25.7k [00:40<00:10, 499doc/s]
  scidocs:  80%|███████▉  | 20.5k/25.7k [00:41<00:10, 497doc/s]
  scidocs:  80%|████████  | 20.5k/25.7k [00:41<00:10, 496doc/s]
  scidocs:  80%|████████  | 20.6k/25.7k [00:41<00:10, 496doc/s]
  scidocs:  81%|████████  | 20.7k/25.7k [00:41<00:10, 496doc/s]
  scidocs:  81%|████████  | 20.7k/25.7k [00:41<00:09, 493doc/s]
  scidocs:  81%|████████  | 20.8k/25.7k [00:41<00:09, 496doc/s]
  scidocs:  81%|████████▏ | 20.9k/25.7k [00:41<00:09, 499doc/s]
  scidocs:  82%|████████▏ | 20.9k/25.7k [00:42<00:09, 498doc/s]
  scidocs:  82%|████████▏ | 21.0k/25.7k [00:42<00:09, 497doc/s]
  scidocs:  82%|████████▏ | 21.1k/25.7k [00:42<00:09, 493doc/s]
  scidocs:  82%|████████▏ | 21.1k/25.7k [00:42<00:09, 493doc/s]
  scidocs:  83%|████████▎ | 21.2k/25.7k [00:42<00:09, 494doc/s]
  scidocs:  83%|████████▎ | 21.2k/25.7k [00:42<00:08, 497doc/s]
  scidocs:  83%|████████▎ | 21.3k/25.7k [00:42<00:08, 498doc/s]
  scidocs:  83%|████████▎ | 21.4k/25.7k [00:42<00:08, 500doc/s]
  scidocs:  84%|████████▎ | 21.4k/25.7k [00:43<00:08, 497doc/s]
  scidocs:  84%|████████▍ | 21.5k/25.7k [00:43<00:08, 497doc/s]
  scidocs:  84%|████████▍ | 21.6k/25.7k [00:43<00:08, 495doc/s]
  scidocs:  84%|████████▍ | 21.6k/25.7k [00:43<00:08, 496doc/s]
  scidocs:  85%|████████▍ | 21.7k/25.7k [00:43<00:07, 495doc/s]
  scidocs:  85%|████████▍ | 21.8k/25.7k [00:43<00:07, 492doc/s]
  scidocs:  85%|████████▌ | 21.8k/25.7k [00:43<00:07, 495doc/s]
  scidocs:  85%|████████▌ | 21.9k/25.7k [00:43<00:07, 494doc/s]
  scidocs:  86%|████████▌ | 22.0k/25.7k [00:44<00:07, 496doc/s]
  scidocs:  86%|████████▌ | 22.0k/25.7k [00:44<00:07, 494doc/s]
  scidocs:  86%|████████▌ | 22.1k/25.7k [00:44<00:07, 497doc/s]
  scidocs:  86%|████████▋ | 22.1k/25.7k [00:44<00:07, 498doc/s]
  scidocs:  87%|████████▋ | 22.2k/25.7k [00:44<00:06, 497doc/s]
  scidocs:  87%|████████▋ | 22.3k/25.7k [00:44<00:06, 497doc/s]
  scidocs:  87%|████████▋ | 22.3k/25.7k [00:44<00:06, 497doc/s]
  scidocs:  87%|████████▋ | 22.4k/25.7k [00:44<00:06, 498doc/s]
  scidocs:  88%|████████▊ | 22.5k/25.7k [00:45<00:06, 497doc/s]
  scidocs:  88%|████████▊ | 22.5k/25.7k [00:45<00:06, 496doc/s]
  scidocs:  88%|████████▊ | 22.6k/25.7k [00:45<00:06, 495doc/s]
  scidocs:  88%|████████▊ | 22.7k/25.7k [00:45<00:06, 497doc/s]
  scidocs:  89%|████████▊ | 22.7k/25.7k [00:45<00:05, 497doc/s]
  scidocs:  89%|████████▉ | 22.8k/25.7k [00:45<00:05, 496doc/s]
  scidocs:  89%|████████▉ | 22.8k/25.7k [00:45<00:05, 494doc/s]
  scidocs:  89%|████████▉ | 22.9k/25.7k [00:46<00:05, 496doc/s]
  scidocs:  90%|████████▉ | 23.0k/25.7k [00:46<00:05, 498doc/s]
  scidocs:  90%|████████▉ | 23.0k/25.7k [00:46<00:05, 500doc/s]
  scidocs:  90%|█████████ | 23.1k/25.7k [00:46<00:05, 499doc/s]
  scidocs:  90%|█████████ | 23.2k/25.7k [00:46<00:04, 500doc/s]
  scidocs:  91%|█████████ | 23.2k/25.7k [00:46<00:04, 498doc/s]
  scidocs:  91%|█████████ | 23.3k/25.7k [00:46<00:04, 497doc/s]
  scidocs:  91%|█████████ | 23.4k/25.7k [00:46<00:04, 495doc/s]
  scidocs:  91%|█████████▏| 23.4k/25.7k [00:47<00:04, 497doc/s]
  scidocs:  92%|█████████▏| 23.5k/25.7k [00:47<00:04, 498doc/s]
  scidocs:  92%|█████████▏| 23.6k/25.7k [00:47<00:04, 498doc/s]
  scidocs:  92%|█████████▏| 23.6k/25.7k [00:47<00:04, 499doc/s]
  scidocs:  92%|█████████▏| 23.7k/25.7k [00:47<00:03, 498doc/s]
  scidocs:  93%|█████████▎| 23.7k/25.7k [00:47<00:03, 497doc/s]
  scidocs:  93%|█████████▎| 23.8k/25.7k [00:47<00:03, 497doc/s]
  scidocs:  93%|█████████▎| 23.9k/25.7k [00:47<00:03, 501doc/s]
  scidocs:  93%|█████████▎| 23.9k/25.7k [00:48<00:03, 499doc/s]
  scidocs:  94%|█████████▎| 24.0k/25.7k [00:48<00:03, 498doc/s]
  scidocs:  94%|█████████▍| 24.1k/25.7k [00:48<00:03, 499doc/s]
  scidocs:  94%|█████████▍| 24.1k/25.7k [00:48<00:03, 499doc/s]
  scidocs:  94%|█████████▍| 24.2k/25.7k [00:48<00:02, 499doc/s]
  scidocs:  95%|█████████▍| 24.3k/25.7k [00:48<00:02, 496doc/s]
  scidocs:  95%|█████████▍| 24.3k/25.7k [00:48<00:02, 498doc/s]
  scidocs:  95%|█████████▌| 24.4k/25.7k [00:48<00:02, 495doc/s]
  scidocs:  95%|█████████▌| 24.4k/25.7k [00:49<00:02, 498doc/s]
  scidocs:  96%|█████████▌| 24.5k/25.7k [00:49<00:02, 498doc/s]
  scidocs:  96%|█████████▌| 24.6k/25.7k [00:49<00:02, 499doc/s]
  scidocs:  96%|█████████▌| 24.6k/25.7k [00:49<00:02, 500doc/s]
  scidocs:  96%|█████████▋| 24.7k/25.7k [00:49<00:01, 500doc/s]
  scidocs:  97%|█████████▋| 24.8k/25.7k [00:49<00:01, 498doc/s]
  scidocs:  97%|█████████▋| 24.8k/25.7k [00:49<00:01, 496doc/s]
  scidocs:  97%|█████████▋| 24.9k/25.7k [00:50<00:01, 492doc/s]
  scidocs:  97%|█████████▋| 25.0k/25.7k [00:50<00:01, 494doc/s]
  scidocs:  98%|█████████▊| 25.0k/25.7k [00:50<00:01, 494doc/s]
  scidocs:  98%|█████████▊| 25.1k/25.7k [00:50<00:01, 495doc/s]
  scidocs:  98%|█████████▊| 25.2k/25.7k [00:50<00:01, 498doc/s]
  scidocs:  98%|█████████▊| 25.2k/25.7k [00:50<00:00, 499doc/s]
  scidocs:  99%|█████████▊| 25.3k/25.7k [00:50<00:00, 499doc/s]
  scidocs:  99%|█████████▉| 25.3k/25.7k [00:50<00:00, 499doc/s]
  scidocs:  99%|█████████▉| 25.4k/25.7k [00:51<00:00, 496doc/s]
  scidocs:  99%|█████████▉| 25.5k/25.7k [00:51<00:00, 493doc/s]
  scidocs: 100%|█████████▉| 25.5k/25.7k [00:51<00:00, 490doc/s]
  scidocs: 100%|█████████▉| 25.6k/25.7k [00:51<00:00, 490doc/s]
  scidocs: 100%|██████████| 25.7k/25.7k [00:51<00:00, 491doc/s]
  scidocs: 100%|██████████| 25.7k/25.7k [00:51<00:00, 497doc/s]
  Done. 25,657 docs indexed. Avg 221.0 nonzero terms/doc. 0.9 min.

============================================================
[fiqa]
  Loading corpus from BeIR/fiqa ...
  57,638 documents

  fiqa:   0%|          | 0.00/57.6k [00:00<?, ?doc/s]
  fiqa:   0%|          | 64.0/57.6k [00:00<02:00, 479doc/s]
  fiqa:   0%|          | 128/57.6k [00:00<01:57, 491doc/s] 
  fiqa:   0%|          | 192/57.6k [00:00<01:56, 493doc/s]
  fiqa:   0%|          | 256/57.6k [00:00<01:55, 498doc/s]
  fiqa:   1%|          | 320/57.6k [00:00<01:53, 503doc/s]
  fiqa:   1%|          | 384/57.6k [00:00<01:54, 502doc/s]
  fiqa:   1%|          | 448/57.6k [00:00<01:53, 502doc/s]
  fiqa:   1%|          | 512/57.6k [00:01<01:53, 503doc/s]
  fiqa:   1%|          | 576/57.6k [00:01<01:53, 504doc/s]
  fiqa:   1%|          | 640/57.6k [00:01<01:53, 502doc/s]
  fiqa:   1%|          | 704/57.6k [00:01<01:53, 503doc/s]
  fiqa:   1%|▏         | 768/57.6k [00:01<01:53, 502doc/s]
  fiqa:   1%|▏         | 832/57.6k [00:01<01:52, 504doc/s]
  fiqa:   2%|▏         | 896/57.6k [00:01<01:52, 505doc/s]
  fiqa:   2%|▏         | 960/57.6k [00:01<01:52, 502doc/s]
  fiqa:   2%|▏         | 1.02k/57.6k [00:02<01:52, 503doc/s]
  fiqa:   2%|▏         | 1.09k/57.6k [00:02<01:52, 502doc/s]
  fiqa:   2%|▏         | 1.15k/57.6k [00:02<01:52, 503doc/s]
  fiqa:   2%|▏         | 1.22k/57.6k [00:02<01:52, 503doc/s]
  fiqa:   2%|▏         | 1.28k/57.6k [00:02<01:52, 502doc/s]
  fiqa:   2%|▏         | 1.34k/57.6k [00:02<01:52, 499doc/s]
  fiqa:   2%|▏         | 1.41k/57.6k [00:02<01:52, 500doc/s]
  fiqa:   3%|▎         | 1.47k/57.6k [00:02<01:52, 500doc/s]
  fiqa:   3%|▎         | 1.54k/57.6k [00:03<01:51, 502doc/s]
  fiqa:   3%|▎         | 1.60k/57.6k [00:03<01:51, 501doc/s]
  fiqa:   3%|▎         | 1.66k/57.6k [00:03<01:51, 503doc/s]
  fiqa:   3%|▎         | 1.73k/57.6k [00:03<01:51, 503doc/s]
  fiqa:   3%|▎         | 1.79k/57.6k [00:03<01:50, 504doc/s]
  fiqa:   3%|▎         | 1.86k/57.6k [00:03<01:50, 504doc/s]
  fiqa:   3%|▎         | 1.92k/57.6k [00:03<01:50, 504doc/s]
  fiqa:   3%|▎         | 1.98k/57.6k [00:03<01:50, 502doc/s]
  fiqa:   4%|▎         | 2.05k/57.6k [00:04<01:50, 502doc/s]
  fiqa:   4%|▎         | 2.11k/57.6k [00:04<01:50, 501doc/s]
  fiqa:   4%|▍         | 2.18k/57.6k [00:04<01:50, 501doc/s]
  fiqa:   4%|▍         | 2.24k/57.6k [00:04<01:50, 502doc/s]
  fiqa:   4%|▍         | 2.30k/57.6k [00:04<01:49, 503doc/s]
  fiqa:   4%|▍         | 2.37k/57.6k [00:04<01:49, 505doc/s]
  fiqa:   4%|▍         | 2.43k/57.6k [00:04<01:49, 505doc/s]
  fiqa:   4%|▍         | 2.50k/57.6k [00:04<01:49, 503doc/s]
  fiqa:   4%|▍         | 2.56k/57.6k [00:05<01:49, 504doc/s]
  fiqa:   5%|▍         | 2.62k/57.6k [00:05<01:49, 502doc/s]
  fiqa:   5%|▍         | 2.69k/57.6k [00:05<01:49, 502doc/s]
  fiqa:   5%|▍         | 2.75k/57.6k [00:05<01:49, 503doc/s]
  fiqa:   5%|▍         | 2.82k/57.6k [00:05<01:48, 503doc/s]
  fiqa:   5%|▍         | 2.88k/57.6k [00:05<01:49, 502doc/s]
  fiqa:   5%|▌         | 2.94k/57.6k [00:05<01:49, 502doc/s]
  fiqa:   5%|▌         | 3.01k/57.6k [00:05<01:48, 502doc/s]
  fiqa:   5%|▌         | 3.07k/57.6k [00:06<01:48, 504doc/s]
  fiqa:   5%|▌         | 3.14k/57.6k [00:06<01:48, 501doc/s]
  fiqa:   6%|▌         | 3.20k/57.6k [00:06<01:48, 502doc/s]
  fiqa:   6%|▌         | 3.26k/57.6k [00:06<01:48, 501doc/s]
  fiqa:   6%|▌         | 3.33k/57.6k [00:06<01:48, 500doc/s]
  fiqa:   6%|▌         | 3.39k/57.6k [00:06<01:49, 497doc/s]
  fiqa:   6%|▌         | 3.46k/57.6k [00:06<01:49, 495doc/s]
  fiqa:   6%|▌         | 3.52k/57.6k [00:07<01:49, 495doc/s]
  fiqa:   6%|▌         | 3.58k/57.6k [00:07<01:48, 497doc/s]
  fiqa:   6%|▋         | 3.65k/57.6k [00:07<01:48, 497doc/s]
  fiqa:   6%|▋         | 3.71k/57.6k [00:07<01:48, 499doc/s]
  fiqa:   7%|▋         | 3.78k/57.6k [00:07<01:47, 501doc/s]
  fiqa:   7%|▋         | 3.84k/57.6k [00:07<01:46, 503doc/s]
  fiqa:   7%|▋         | 3.90k/57.6k [00:07<01:46, 504doc/s]
  fiqa:   7%|▋         | 3.97k/57.6k [00:07<01:47, 501doc/s]
  fiqa:   7%|▋         | 4.03k/57.6k [00:08<01:46, 501doc/s]
  fiqa:   7%|▋         | 4.10k/57.6k [00:08<01:46, 500doc/s]
  fiqa:   7%|▋         | 4.16k/57.6k [00:08<01:47, 500doc/s]
  fiqa:   7%|▋         | 4.22k/57.6k [00:08<01:46, 501doc/s]
  fiqa:   7%|▋         | 4.29k/57.6k [00:08<01:46, 503doc/s]
  fiqa:   8%|▊         | 4.35k/57.6k [00:08<01:46, 502doc/s]
  fiqa:   8%|▊         | 4.42k/57.6k [00:08<01:45, 503doc/s]
  fiqa:   8%|▊         | 4.48k/57.6k [00:08<01:45, 503doc/s]
  fiqa:   8%|▊         | 4.54k/57.6k [00:09<01:45, 504doc/s]
  fiqa:   8%|▊         | 4.61k/57.6k [00:09<01:45, 503doc/s]
  fiqa:   8%|▊         | 4.67k/57.6k [00:09<01:45, 503doc/s]
  fiqa:   8%|▊         | 4.74k/57.6k [00:09<01:45, 503doc/s]
  fiqa:   8%|▊         | 4.80k/57.6k [00:09<01:45, 502doc/s]
  fiqa:   8%|▊         | 4.86k/57.6k [00:09<01:44, 503doc/s]
  fiqa:   9%|▊         | 4.93k/57.6k [00:09<01:44, 503doc/s]
  fiqa:   9%|▊         | 4.99k/57.6k [00:09<01:44, 502doc/s]
  fiqa:   9%|▉         | 5.06k/57.6k [00:10<01:44, 501doc/s]
  fiqa:   9%|▉         | 5.12k/57.6k [00:10<01:44, 502doc/s]
  fiqa:   9%|▉         | 5.18k/57.6k [00:10<01:44, 502doc/s]
  fiqa:   9%|▉         | 5.25k/57.6k [00:10<01:44, 499doc/s]
  fiqa:   9%|▉         | 5.31k/57.6k [00:10<01:44, 499doc/s]
  fiqa:   9%|▉         | 5.38k/57.6k [00:10<01:44, 502doc/s]
  fiqa:   9%|▉         | 5.44k/57.6k [00:10<01:44, 502doc/s]
  fiqa:  10%|▉         | 5.50k/57.6k [00:10<01:43, 502doc/s]
  fiqa:  10%|▉         | 5.57k/57.6k [00:11<01:44, 501doc/s]
  fiqa:  10%|▉         | 5.63k/57.6k [00:11<01:44, 498doc/s]
  fiqa:  10%|▉         | 5.70k/57.6k [00:11<01:44, 498doc/s]
  fiqa:  10%|▉         | 5.76k/57.6k [00:11<01:44, 498doc/s]
  fiqa:  10%|█         | 5.82k/57.6k [00:11<01:44, 498doc/s]
  fiqa:  10%|█         | 5.89k/57.6k [00:11<01:43, 498doc/s]
  fiqa:  10%|█         | 5.95k/57.6k [00:11<01:43, 499doc/s]
  fiqa:  10%|█         | 6.02k/57.6k [00:12<01:43, 500doc/s]
  fiqa:  11%|█         | 6.08k/57.6k [00:12<01:43, 499doc/s]
  fiqa:  11%|█         | 6.14k/57.6k [00:12<01:43, 499doc/s]
  fiqa:  11%|█         | 6.21k/57.6k [00:12<01:43, 497doc/s]
  fiqa:  11%|█         | 6.27k/57.6k [00:12<01:42, 499doc/s]
  fiqa:  11%|█         | 6.34k/57.6k [00:12<01:42, 500doc/s]
  fiqa:  11%|█         | 6.40k/57.6k [00:12<01:42, 501doc/s]
  fiqa:  11%|█         | 6.46k/57.6k [00:12<01:42, 501doc/s]
  fiqa:  11%|█▏        | 6.53k/57.6k [00:13<01:41, 502doc/s]
  fiqa:  11%|█▏        | 6.59k/57.6k [00:13<01:41, 502doc/s]
  fiqa:  12%|█▏        | 6.66k/57.6k [00:13<01:41, 501doc/s]
  fiqa:  12%|█▏        | 6.72k/57.6k [00:13<01:41, 500doc/s]
  fiqa:  12%|█▏        | 6.78k/57.6k [00:13<01:42, 498doc/s]
  fiqa:  12%|█▏        | 6.85k/57.6k [00:13<01:41, 499doc/s]
  fiqa:  12%|█▏        | 6.91k/57.6k [00:13<01:41, 499doc/s]
  fiqa:  12%|█▏        | 6.98k/57.6k [00:13<01:41, 499doc/s]
  fiqa:  12%|█▏        | 7.04k/57.6k [00:14<01:41, 499doc/s]
  fiqa:  12%|█▏        | 7.10k/57.6k [00:14<01:41, 500doc/s]
  fiqa:  12%|█▏        | 7.17k/57.6k [00:14<01:40, 501doc/s]
  fiqa:  13%|█▎        | 7.23k/57.6k [00:14<01:40, 503doc/s]
  fiqa:  13%|█▎        | 7.30k/57.6k [00:14<01:39, 506doc/s]
  fiqa:  13%|█▎        | 7.36k/57.6k [00:14<01:39, 504doc/s]
  fiqa:  13%|█▎        | 7.42k/57.6k [00:14<01:39, 504doc/s]
  fiqa:  13%|█▎        | 7.49k/57.6k [00:14<01:39, 505doc/s]
  fiqa:  13%|█▎        | 7.55k/57.6k [00:15<01:39, 504doc/s]
  fiqa:  13%|█▎        | 7.62k/57.6k [00:15<01:39, 503doc/s]
  fiqa:  13%|█▎        | 7.68k/57.6k [00:15<01:39, 502doc/s]
  fiqa:  13%|█▎        | 7.74k/57.6k [00:15<01:39, 500doc/s]
  fiqa:  14%|█▎        | 7.81k/57.6k [00:15<01:40, 497doc/s]
  fiqa:  14%|█▎        | 7.87k/57.6k [00:15<01:39, 499doc/s]
  fiqa:  14%|█▍        | 7.94k/57.6k [00:15<01:39, 499doc/s]
  fiqa:  14%|█▍        | 8.00k/57.6k [00:15<01:39, 500doc/s]
  fiqa:  14%|█▍        | 8.06k/57.6k [00:16<01:38, 501doc/s]
  fiqa:  14%|█▍        | 8.13k/57.6k [00:16<01:38, 502doc/s]
  fiqa:  14%|█▍        | 8.19k/57.6k [00:16<01:38, 502doc/s]
  fiqa:  14%|█▍        | 8.26k/57.6k [00:16<01:38, 503doc/s]
  fiqa:  14%|█▍        | 8.32k/57.6k [00:16<01:38, 502doc/s]
  fiqa:  15%|█▍        | 8.38k/57.6k [00:16<01:38, 502doc/s]
  fiqa:  15%|█▍        | 8.45k/57.6k [00:16<01:37, 503doc/s]
  fiqa:  15%|█▍        | 8.51k/57.6k [00:16<01:37, 503doc/s]
  fiqa:  15%|█▍        | 8.58k/57.6k [00:17<01:37, 502doc/s]
  fiqa:  15%|█▍        | 8.64k/57.6k [00:17<01:37, 504doc/s]
  fiqa:  15%|█▌        | 8.70k/57.6k [00:17<01:37, 503doc/s]
  fiqa:  15%|█▌        | 8.77k/57.6k [00:17<01:36, 504doc/s]
  fiqa:  15%|█▌        | 8.83k/57.6k [00:17<01:36, 504doc/s]
  fiqa:  15%|█▌        | 8.90k/57.6k [00:17<01:36, 504doc/s]
  fiqa:  16%|█▌        | 8.96k/57.6k [00:17<01:36, 502doc/s]
  fiqa:  16%|█▌        | 9.02k/57.6k [00:17<01:36, 502doc/s]
  fiqa:  16%|█▌        | 9.09k/57.6k [00:18<01:36, 501doc/s]
  fiqa:  16%|█▌        | 9.15k/57.6k [00:18<01:37, 500doc/s]
  fiqa:  16%|█▌        | 9.22k/57.6k [00:18<01:36, 500doc/s]
  fiqa:  16%|█▌        | 9.28k/57.6k [00:18<01:36, 500doc/s]
  fiqa:  16%|█▌        | 9.34k/57.6k [00:18<01:36, 499doc/s]
  fiqa:  16%|█▋        | 9.41k/57.6k [00:18<01:37, 497doc/s]
  fiqa:  16%|█▋        | 9.47k/57.6k [00:18<01:36, 498doc/s]
  fiqa:  17%|█▋        | 9.54k/57.6k [00:19<01:36, 499doc/s]
  fiqa:  17%|█▋        | 9.60k/57.6k [00:19<01:36, 500doc/s]
  fiqa:  17%|█▋        | 9.66k/57.6k [00:19<01:35, 501doc/s]
  fiqa:  17%|█▋        | 9.73k/57.6k [00:19<01:35, 502doc/s]
  fiqa:  17%|█▋        | 9.79k/57.6k [00:19<01:35, 501doc/s]
  fiqa:  17%|█▋        | 9.86k/57.6k [00:19<01:35, 500doc/s]
  fiqa:  17%|█▋        | 9.92k/57.6k [00:19<01:35, 501doc/s]
  fiqa:  17%|█▋        | 9.98k/57.6k [00:19<01:34, 502doc/s]
  fiqa:  17%|█▋        | 10.0k/57.6k [00:20<01:34, 502doc/s]
  fiqa:  18%|█▊        | 10.1k/57.6k [00:20<01:34, 503doc/s]
  fiqa:  18%|█▊        | 10.2k/57.6k [00:20<01:34, 501doc/s]
  fiqa:  18%|█▊        | 10.2k/57.6k [00:20<01:34, 502doc/s]
  fiqa:  18%|█▊        | 10.3k/57.6k [00:20<01:34, 500doc/s]
  fiqa:  18%|█▊        | 10.4k/57.6k [00:20<01:34, 500doc/s]
  fiqa:  18%|█▊        | 10.4k/57.6k [00:20<01:34, 502doc/s]
  fiqa:  18%|█▊        | 10.5k/57.6k [00:20<01:34, 501doc/s]
  fiqa:  18%|█▊        | 10.6k/57.6k [00:21<01:33, 501doc/s]
  fiqa:  18%|█▊        | 10.6k/57.6k [00:21<01:34, 499doc/s]
  fiqa:  19%|█▊        | 10.7k/57.6k [00:21<01:33, 500doc/s]
  fiqa:  19%|█▊        | 10.8k/57.6k [00:21<01:33, 501doc/s]
  fiqa:  19%|█▉        | 10.8k/57.6k [00:21<01:33, 501doc/s]
  fiqa:  19%|█▉        | 10.9k/57.6k [00:21<01:33, 502doc/s]
  fiqa:  19%|█▉        | 10.9k/57.6k [00:21<01:32, 504doc/s]
  fiqa:  19%|█▉        | 11.0k/57.6k [00:21<01:32, 502doc/s]
  fiqa:  19%|█▉        | 11.1k/57.6k [00:22<01:33, 498doc/s]
  fiqa:  19%|█▉        | 11.1k/57.6k [00:22<01:33, 499doc/s]
  fiqa:  19%|█▉        | 11.2k/57.6k [00:22<01:33, 499doc/s]
  fiqa:  20%|█▉        | 11.3k/57.6k [00:22<01:33, 499doc/s]
  fiqa:  20%|█▉        | 11.3k/57.6k [00:22<01:32, 499doc/s]
  fiqa:  20%|█▉        | 11.4k/57.6k [00:22<01:32, 499doc/s]
  fiqa:  20%|█▉        | 11.5k/57.6k [00:22<01:33, 495doc/s]
  fiqa:  20%|█▉        | 11.5k/57.6k [00:22<01:32, 496doc/s]
  fiqa:  20%|██        | 11.6k/57.6k [00:23<01:32, 498doc/s]
  fiqa:  20%|██        | 11.6k/57.6k [00:23<01:31, 500doc/s]
  fiqa:  20%|██        | 11.7k/57.6k [00:23<01:32, 498doc/s]
  fiqa:  20%|██        | 11.8k/57.6k [00:23<01:32, 498doc/s]
  fiqa:  21%|██        | 11.8k/57.6k [00:23<01:31, 499doc/s]
  fiqa:  21%|██        | 11.9k/57.6k [00:23<01:31, 499doc/s]
  fiqa:  21%|██        | 12.0k/57.6k [00:23<01:31, 498doc/s]
  fiqa:  21%|██        | 12.0k/57.6k [00:24<01:31, 499doc/s]
  fiqa:  21%|██        | 12.1k/57.6k [00:24<01:31, 500doc/s]
  fiqa:  21%|██        | 12.2k/57.6k [00:24<01:31, 498doc/s]
  fiqa:  21%|██        | 12.2k/57.6k [00:24<01:30, 499doc/s]
  fiqa:  21%|██▏       | 12.3k/57.6k [00:24<01:30, 499doc/s]
  fiqa:  21%|██▏       | 12.4k/57.6k [00:24<01:30, 499doc/s]
  fiqa:  22%|██▏       | 12.4k/57.6k [00:24<01:30, 499doc/s]
  fiqa:  22%|██▏       | 12.5k/57.6k [00:24<01:30, 498doc/s]
  fiqa:  22%|██▏       | 12.5k/57.6k [00:25<01:30, 496doc/s]
  fiqa:  22%|██▏       | 12.6k/57.6k [00:25<01:30, 496doc/s]
  fiqa:  22%|██▏       | 12.7k/57.6k [00:25<01:30, 499doc/s]
  fiqa:  22%|██▏       | 12.7k/57.6k [00:25<01:29, 501doc/s]
  fiqa:  22%|██▏       | 12.8k/57.6k [00:25<01:29, 501doc/s]
  fiqa:  22%|██▏       | 12.9k/57.6k [00:25<01:29, 502doc/s]
  fiqa:  22%|██▏       | 12.9k/57.6k [00:25<01:29, 499doc/s]
  fiqa:  23%|██▎       | 13.0k/57.6k [00:25<01:29, 501doc/s]
  fiqa:  23%|██▎       | 13.1k/57.6k [00:26<01:29, 500doc/s]
  fiqa:  23%|██▎       | 13.1k/57.6k [00:26<01:29, 497doc/s]
  fiqa:  23%|██▎       | 13.2k/57.6k [00:26<01:29, 499doc/s]
  fiqa:  23%|██▎       | 13.2k/57.6k [00:26<01:29, 497doc/s]
  fiqa:  23%|██▎       | 13.3k/57.6k [00:26<01:28, 499doc/s]
  fiqa:  23%|██▎       | 13.4k/57.6k [00:26<01:28, 499doc/s]
  fiqa:  23%|██▎       | 13.4k/57.6k [00:26<01:28, 500doc/s]
  fiqa:  23%|██▎       | 13.5k/57.6k [00:26<01:28, 499doc/s]
  fiqa:  24%|██▎       | 13.6k/57.6k [00:27<01:28, 501doc/s]
  fiqa:  24%|██▎       | 13.6k/57.6k [00:27<01:27, 502doc/s]
  fiqa:  24%|██▍       | 13.7k/57.6k [00:27<01:27, 500doc/s]
  fiqa:  24%|██▍       | 13.8k/57.6k [00:27<01:27, 500doc/s]
  fiqa:  24%|██▍       | 13.8k/57.6k [00:27<01:27, 499doc/s]
  fiqa:  24%|██▍       | 13.9k/57.6k [00:27<01:27, 501doc/s]
  fiqa:  24%|██▍       | 14.0k/57.6k [00:27<01:26, 502doc/s]
  fiqa:  24%|██▍       | 14.0k/57.6k [00:27<01:26, 502doc/s]
  fiqa:  24%|██▍       | 14.1k/57.6k [00:28<01:26, 503doc/s]
  fiqa:  25%|██▍       | 14.1k/57.6k [00:28<01:26, 502doc/s]
  fiqa:  25%|██▍       | 14.2k/57.6k [00:28<01:26, 504doc/s]
  fiqa:  25%|██▍       | 14.3k/57.6k [00:28<01:26, 499doc/s]
  fiqa:  25%|██▍       | 14.3k/57.6k [00:28<01:27, 497doc/s]
  fiqa:  25%|██▍       | 14.4k/57.6k [00:28<01:26, 498doc/s]
  fiqa:  25%|██▌       | 14.5k/57.6k [00:28<01:26, 501doc/s]
  fiqa:  25%|██▌       | 14.5k/57.6k [00:29<01:26, 501doc/s]
  fiqa:  25%|██▌       | 14.6k/57.6k [00:29<01:26, 500doc/s]
  fiqa:  25%|██▌       | 14.7k/57.6k [00:29<01:26, 497doc/s]
  fiqa:  26%|██▌       | 14.7k/57.6k [00:29<01:26, 496doc/s]
  fiqa:  26%|██▌       | 14.8k/57.6k [00:29<01:26, 498doc/s]
  fiqa:  26%|██▌       | 14.8k/57.6k [00:29<01:25, 499doc/s]
  fiqa:  26%|██▌       | 14.9k/57.6k [00:29<01:25, 500doc/s]
  fiqa:  26%|██▌       | 15.0k/57.6k [00:29<01:25, 501doc/s]
  fiqa:  26%|██▌       | 15.0k/57.6k [00:30<01:24, 502doc/s]
  fiqa:  26%|██▌       | 15.1k/57.6k [00:30<01:24, 504doc/s]
  fiqa:  26%|██▋       | 15.2k/57.6k [00:30<01:24, 503doc/s]
  fiqa:  26%|██▋       | 15.2k/57.6k [00:30<01:24, 501doc/s]
  fiqa:  27%|██▋       | 15.3k/57.6k [00:30<01:24, 498doc/s]
  fiqa:  27%|██▋       | 15.4k/57.6k [00:30<01:25, 496doc/s]
  fiqa:  27%|██▋       | 15.4k/57.6k [00:30<01:24, 499doc/s]
  fiqa:  27%|██▋       | 15.5k/57.6k [00:30<01:24, 500doc/s]
  fiqa:  27%|██▋       | 15.6k/57.6k [00:31<01:24, 500doc/s]
  fiqa:  27%|██▋       | 15.6k/57.6k [00:31<01:23, 500doc/s]
  fiqa:  27%|██▋       | 15.7k/57.6k [00:31<01:23, 503doc/s]
  fiqa:  27%|██▋       | 15.7k/57.6k [00:31<01:23, 502doc/s]
  fiqa:  27%|██▋       | 15.8k/57.6k [00:31<01:23, 498doc/s]
  fiqa:  28%|██▊       | 15.9k/57.6k [00:31<01:23, 499doc/s]
  fiqa:  28%|██▊       | 15.9k/57.6k [00:31<01:23, 501doc/s]
  fiqa:  28%|██▊       | 16.0k/57.6k [00:31<01:23, 501doc/s]
  fiqa:  28%|██▊       | 16.1k/57.6k [00:32<01:23, 500doc/s]
  fiqa:  28%|██▊       | 16.1k/57.6k [00:32<01:23, 497doc/s]
  fiqa:  28%|██▊       | 16.2k/57.6k [00:32<01:23, 499doc/s]
  fiqa:  28%|██▊       | 16.3k/57.6k [00:32<01:22, 499doc/s]
  fiqa:  28%|██▊       | 16.3k/57.6k [00:32<01:22, 498doc/s]
  fiqa:  28%|██▊       | 16.4k/57.6k [00:32<01:22, 500doc/s]
  fiqa:  29%|██▊       | 16.4k/57.6k [00:32<01:22, 500doc/s]
  fiqa:  29%|██▊       | 16.5k/57.6k [00:32<01:22, 500doc/s]
  fiqa:  29%|██▉       | 16.6k/57.6k [00:33<01:21, 501doc/s]
  fiqa:  29%|██▉       | 16.6k/57.6k [00:33<01:21, 500doc/s]
  fiqa:  29%|██▉       | 16.7k/57.6k [00:33<01:21, 502doc/s]
  fiqa:  29%|██▉       | 16.8k/57.6k [00:33<01:21, 500doc/s]
  fiqa:  29%|██▉       | 16.8k/57.6k [00:33<01:21, 500doc/s]
  fiqa:  29%|██▉       | 16.9k/57.6k [00:33<01:21, 501doc/s]
  fiqa:  29%|██▉       | 17.0k/57.6k [00:33<01:21, 501doc/s]
  fiqa:  30%|██▉       | 17.0k/57.6k [00:34<01:20, 502doc/s]
  fiqa:  30%|██▉       | 17.1k/57.6k [00:34<01:20, 503doc/s]
  fiqa:  30%|██▉       | 17.2k/57.6k [00:34<01:20, 503doc/s]
  fiqa:  30%|██▉       | 17.2k/57.6k [00:34<01:20, 504doc/s]
  fiqa:  30%|██▉       | 17.3k/57.6k [00:34<01:20, 501doc/s]
  fiqa:  30%|███       | 17.3k/57.6k [00:34<01:20, 501doc/s]
  fiqa:  30%|███       | 17.4k/57.6k [00:34<01:20, 501doc/s]
  fiqa:  30%|███       | 17.5k/57.6k [00:34<01:20, 500doc/s]
  fiqa:  30%|███       | 17.5k/57.6k [00:35<01:19, 502doc/s]
  fiqa:  31%|███       | 17.6k/57.6k [00:35<01:19, 501doc/s]
  fiqa:  31%|███       | 17.7k/57.6k [00:35<01:19, 501doc/s]
  fiqa:  31%|███       | 17.7k/57.6k [00:35<01:19, 500doc/s]
  fiqa:  31%|███       | 17.8k/57.6k [00:35<01:19, 501doc/s]
  fiqa:  31%|███       | 17.9k/57.6k [00:35<01:19, 500doc/s]
  fiqa:  31%|███       | 17.9k/57.6k [00:35<01:19, 501doc/s]
  fiqa:  31%|███       | 18.0k/57.6k [00:35<01:19, 500doc/s]
  fiqa:  31%|███▏      | 18.0k/57.6k [00:36<01:19, 501doc/s]
  fiqa:  31%|███▏      | 18.1k/57.6k [00:36<01:18, 500doc/s]
  fiqa:  32%|███▏      | 18.2k/57.6k [00:36<01:18, 500doc/s]
  fiqa:  32%|███▏      | 18.2k/57.6k [00:36<01:18, 499doc/s]
  fiqa:  32%|███▏      | 18.3k/57.6k [00:36<01:18, 500doc/s]
  fiqa:  32%|███▏      | 18.4k/57.6k [00:36<01:18, 500doc/s]
  fiqa:  32%|███▏      | 18.4k/57.6k [00:36<01:18, 500doc/s]
  fiqa:  32%|███▏      | 18.5k/57.6k [00:36<01:18, 501doc/s]
  fiqa:  32%|███▏      | 18.6k/57.6k [00:37<01:18, 500doc/s]
  fiqa:  32%|███▏      | 18.6k/57.6k [00:37<01:17, 501doc/s]
  fiqa:  32%|███▏      | 18.7k/57.6k [00:37<01:17, 501doc/s]
  fiqa:  33%|███▎      | 18.8k/57.6k [00:37<01:17, 499doc/s]
  fiqa:  33%|███▎      | 18.8k/57.6k [00:37<01:17, 500doc/s]
  fiqa:  33%|███▎      | 18.9k/57.6k [00:37<01:17, 501doc/s]
  fiqa:  33%|███▎      | 18.9k/57.6k [00:37<01:17, 502doc/s]
  fiqa:  33%|███▎      | 19.0k/57.6k [00:37<01:17, 499doc/s]
  fiqa:  33%|███▎      | 19.1k/57.6k [00:38<01:17, 499doc/s]
  fiqa:  33%|███▎      | 19.1k/57.6k [00:38<01:16, 501doc/s]
  fiqa:  33%|███▎      | 19.2k/57.6k [00:38<01:16, 501doc/s]
  fiqa:  33%|███▎      | 19.3k/57.6k [00:38<01:16, 502doc/s]
  fiqa:  34%|███▎      | 19.3k/57.6k [00:38<01:16, 503doc/s]
  fiqa:  34%|███▎      | 19.4k/57.6k [00:38<01:16, 503doc/s]
  fiqa:  34%|███▍      | 19.5k/57.6k [00:38<01:16, 501doc/s]
  fiqa:  34%|███▍      | 19.5k/57.6k [00:38<01:15, 502doc/s]
  fiqa:  34%|███▍      | 19.6k/57.6k [00:39<01:15, 502doc/s]
  fiqa:  34%|███▍      | 19.6k/57.6k [00:39<01:15, 501doc/s]
  fiqa:  34%|███▍      | 19.7k/57.6k [00:39<01:15, 500doc/s]
  fiqa:  34%|███▍      | 19.8k/57.6k [00:39<01:16, 497doc/s]
  fiqa:  34%|███▍      | 19.8k/57.6k [00:39<01:16, 496doc/s]
  fiqa:  35%|███▍      | 19.9k/57.6k [00:39<01:15, 498doc/s]
  fiqa:  35%|███▍      | 20.0k/57.6k [00:39<01:15, 500doc/s]
  fiqa:  35%|███▍      | 20.0k/57.6k [00:40<01:15, 499doc/s]
  fiqa:  35%|███▍      | 20.1k/57.6k [00:40<01:15, 498doc/s]
  fiqa:  35%|███▍      | 20.2k/57.6k [00:40<01:15, 498doc/s]
  fiqa:  35%|███▌      | 20.2k/57.6k [00:40<01:15, 499doc/s]
  fiqa:  35%|███▌      | 20.3k/57.6k [00:40<01:14, 499doc/s]
  fiqa:  35%|███▌      | 20.4k/57.6k [00:40<01:14, 500doc/s]
  fiqa:  35%|███▌      | 20.4k/57.6k [00:40<01:14, 500doc/s]
  fiqa:  36%|███▌      | 20.5k/57.6k [00:40<01:14, 501doc/s]
  fiqa:  36%|███▌      | 20.5k/57.6k [00:41<01:13, 502doc/s]
  fiqa:  36%|███▌      | 20.6k/57.6k [00:41<01:13, 501doc/s]
  fiqa:  36%|███▌      | 20.7k/57.6k [00:41<01:14, 498doc/s]
  fiqa:  36%|███▌      | 20.7k/57.6k [00:41<01:13, 499doc/s]
  fiqa:  36%|███▌      | 20.8k/57.6k [00:41<01:13, 499doc/s]
  fiqa:  36%|███▌      | 20.9k/57.6k [00:41<01:13, 499doc/s]
  fiqa:  36%|███▋      | 20.9k/57.6k [00:41<01:13, 496doc/s]
  fiqa:  36%|███▋      | 21.0k/57.6k [00:41<01:13, 498doc/s]
  fiqa:  37%|███▋      | 21.1k/57.6k [00:42<01:13, 501doc/s]
  fiqa:  37%|███▋      | 21.1k/57.6k [00:42<01:12, 502doc/s]
  fiqa:  37%|███▋      | 21.2k/57.6k [00:42<01:12, 501doc/s]
  fiqa:  37%|███▋      | 21.2k/57.6k [00:42<01:12, 499doc/s]
  fiqa:  37%|███▋      | 21.3k/57.6k [00:42<01:13, 496doc/s]
  fiqa:  37%|███▋      | 21.4k/57.6k [00:42<01:12, 497doc/s]
  fiqa:  37%|███▋      | 21.4k/57.6k [00:42<01:12, 499doc/s]
  fiqa:  37%|███▋      | 21.5k/57.6k [00:42<01:12, 500doc/s]
  fiqa:  37%|███▋      | 21.6k/57.6k [00:43<01:12, 501doc/s]
  fiqa:  38%|███▊      | 21.6k/57.6k [00:43<01:11, 501doc/s]
  fiqa:  38%|███▊      | 21.7k/57.6k [00:43<01:11, 502doc/s]
  fiqa:  38%|███▊      | 21.8k/57.6k [00:43<01:11, 501doc/s]
  fiqa:  38%|███▊      | 21.8k/57.6k [00:43<01:11, 501doc/s]
  fiqa:  38%|███▊      | 21.9k/57.6k [00:43<01:11, 501doc/s]
  fiqa:  38%|███▊      | 22.0k/57.6k [00:43<01:11, 502doc/s]
  fiqa:  38%|███▊      | 22.0k/57.6k [00:43<01:11, 501doc/s]
  fiqa:  38%|███▊      | 22.1k/57.6k [00:44<01:10, 501doc/s]
  fiqa:  38%|███▊      | 22.1k/57.6k [00:44<01:10, 501doc/s]
  fiqa:  39%|███▊      | 22.2k/57.6k [00:44<01:10, 501doc/s]
  fiqa:  39%|███▊      | 22.3k/57.6k [00:44<01:10, 501doc/s]
  fiqa:  39%|███▉      | 22.3k/57.6k [00:44<01:10, 501doc/s]
  fiqa:  39%|███▉      | 22.4k/57.6k [00:44<01:10, 503doc/s]
  fiqa:  39%|███▉      | 22.5k/57.6k [00:44<01:10, 501doc/s]
  fiqa:  39%|███▉      | 22.5k/57.6k [00:45<01:09, 502doc/s]
  fiqa:  39%|███▉      | 22.6k/57.6k [00:45<01:09, 501doc/s]
  fiqa:  39%|███▉      | 22.7k/57.6k [00:45<01:10, 498doc/s]
  fiqa:  39%|███▉      | 22.7k/57.6k [00:45<01:10, 495doc/s]
  fiqa:  40%|███▉      | 22.8k/57.6k [00:45<01:10, 496doc/s]
  fiqa:  40%|███▉      | 22.8k/57.6k [00:45<01:09, 498doc/s]
  fiqa:  40%|███▉      | 22.9k/57.6k [00:45<01:09, 498doc/s]
  fiqa:  40%|███▉      | 23.0k/57.6k [00:45<01:09, 499doc/s]
  fiqa:  40%|███▉      | 23.0k/57.6k [00:46<01:09, 499doc/s]
  fiqa:  40%|████      | 23.1k/57.6k [00:46<01:09, 496doc/s]
  fiqa:  40%|████      | 23.2k/57.6k [00:46<01:09, 497doc/s]
  fiqa:  40%|████      | 23.2k/57.6k [00:46<01:09, 497doc/s]
  fiqa:  40%|████      | 23.3k/57.6k [00:46<01:08, 499doc/s]
  fiqa:  41%|████      | 23.4k/57.6k [00:46<01:08, 499doc/s]
  fiqa:  41%|████      | 23.4k/57.6k [00:46<01:08, 500doc/s]
  fiqa:  41%|████      | 23.5k/57.6k [00:46<01:08, 499doc/s]
  fiqa:  41%|████      | 23.6k/57.6k [00:47<01:08, 498doc/s]
  fiqa:  41%|████      | 23.6k/57.6k [00:47<01:08, 498doc/s]
  fiqa:  41%|████      | 23.7k/57.6k [00:47<01:08, 497doc/s]
  fiqa:  41%|████      | 23.7k/57.6k [00:47<01:07, 500doc/s]
  fiqa:  41%|████▏     | 23.8k/57.6k [00:47<01:07, 500doc/s]
  fiqa:  41%|████▏     | 23.9k/57.6k [00:47<01:07, 500doc/s]
  fiqa:  42%|████▏     | 23.9k/57.6k [00:47<01:07, 502doc/s]
  fiqa:  42%|████▏     | 24.0k/57.6k [00:47<01:07, 502doc/s]
  fiqa:  42%|████▏     | 24.1k/57.6k [00:48<01:06, 502doc/s]
  fiqa:  42%|████▏     | 24.1k/57.6k [00:48<01:06, 503doc/s]
  fiqa:  42%|████▏     | 24.2k/57.6k [00:48<01:06, 502doc/s]
  fiqa:  42%|████▏     | 24.3k/57.6k [00:48<01:06, 500doc/s]
  fiqa:  42%|████▏     | 24.3k/57.6k [00:48<01:06, 499doc/s]
  fiqa:  42%|████▏     | 24.4k/57.6k [00:48<01:06, 502doc/s]
  fiqa:  42%|████▏     | 24.4k/57.6k [00:48<01:05, 505doc/s]
  fiqa:  43%|████▎     | 24.5k/57.6k [00:48<01:05, 502doc/s]
  fiqa:  43%|████▎     | 24.6k/57.6k [00:49<01:06, 500doc/s]
  fiqa:  43%|████▎     | 24.6k/57.6k [00:49<01:06, 499doc/s]
  fiqa:  43%|████▎     | 24.7k/57.6k [00:49<01:06, 498doc/s]
  fiqa:  43%|████▎     | 24.8k/57.6k [00:49<01:06, 497doc/s]
  fiqa:  43%|████▎     | 24.8k/57.6k [00:49<01:05, 498doc/s]
  fiqa:  43%|████▎     | 24.9k/57.6k [00:49<01:05, 499doc/s]
  fiqa:  43%|████▎     | 25.0k/57.6k [00:49<01:05, 497doc/s]
  fiqa:  43%|████▎     | 25.0k/57.6k [00:50<01:05, 499doc/s]
  fiqa:  44%|████▎     | 25.1k/57.6k [00:50<01:05, 499doc/s]
  fiqa:  44%|████▎     | 25.2k/57.6k [00:50<01:05, 498doc/s]
  fiqa:  44%|████▎     | 25.2k/57.6k [00:50<01:04, 499doc/s]
  fiqa:  44%|████▍     | 25.3k/57.6k [00:50<01:04, 501doc/s]
  fiqa:  44%|████▍     | 25.3k/57.6k [00:50<01:04, 500doc/s]
  fiqa:  44%|████▍     | 25.4k/57.6k [00:50<01:04, 499doc/s]
  fiqa:  44%|████▍     | 25.5k/57.6k [00:50<01:04, 500doc/s]
  fiqa:  44%|████▍     | 25.5k/57.6k [00:51<01:04, 500doc/s]
  fiqa:  44%|████▍     | 25.6k/57.6k [00:51<01:03, 501doc/s]
  fiqa:  45%|████▍     | 25.7k/57.6k [00:51<01:03, 500doc/s]
  fiqa:  45%|████▍     | 25.7k/57.6k [00:51<01:03, 500doc/s]
  fiqa:  45%|████▍     | 25.8k/57.6k [00:51<01:03, 499doc/s]
  fiqa:  45%|████▍     | 25.9k/57.6k [00:51<01:03, 498doc/s]
  fiqa:  45%|████▍     | 25.9k/57.6k [00:51<01:03, 499doc/s]
  fiqa:  45%|████▌     | 26.0k/57.6k [00:51<01:03, 498doc/s]
  fiqa:  45%|████▌     | 26.0k/57.6k [00:52<01:03, 498doc/s]
  fiqa:  45%|████▌     | 26.1k/57.6k [00:52<01:03, 498doc/s]
  fiqa:  45%|████▌     | 26.2k/57.6k [00:52<01:02, 499doc/s]
  fiqa:  46%|████▌     | 26.2k/57.6k [00:52<01:02, 500doc/s]
  fiqa:  46%|████▌     | 26.3k/57.6k [00:52<01:02, 501doc/s]
  fiqa:  46%|████▌     | 26.4k/57.6k [00:52<01:02, 500doc/s]
  fiqa:  46%|████▌     | 26.4k/57.6k [00:52<01:02, 500doc/s]
  fiqa:  46%|████▌     | 26.5k/57.6k [00:52<01:02, 499doc/s]
  fiqa:  46%|████▌     | 26.6k/57.6k [00:53<01:02, 497doc/s]
  fiqa:  46%|████▌     | 26.6k/57.6k [00:53<01:02, 498doc/s]
  fiqa:  46%|████▋     | 26.7k/57.6k [00:53<01:02, 497doc/s]
  fiqa:  46%|████▋     | 26.8k/57.6k [00:53<01:01, 500doc/s]
  fiqa:  47%|████▋     | 26.8k/57.6k [00:53<01:01, 500doc/s]
  fiqa:  47%|████▋     | 26.9k/57.6k [00:53<01:01, 497doc/s]
  fiqa:  47%|████▋     | 26.9k/57.6k [00:53<01:01, 498doc/s]
  fiqa:  47%|████▋     | 27.0k/57.6k [00:53<01:01, 498doc/s]
  fiqa:  47%|████▋     | 27.1k/57.6k [00:54<01:01, 498doc/s]
  fiqa:  47%|████▋     | 27.1k/57.6k [00:54<01:01, 499doc/s]
  fiqa:  47%|████▋     | 27.2k/57.6k [00:54<01:00, 500doc/s]
  fiqa:  47%|████▋     | 27.3k/57.6k [00:54<01:00, 501doc/s]
  fiqa:  47%|████▋     | 27.3k/57.6k [00:54<01:00, 500doc/s]
  fiqa:  48%|████▊     | 27.4k/57.6k [00:54<01:00, 500doc/s]
  fiqa:  48%|████▊     | 27.5k/57.6k [00:54<01:00, 498doc/s]
  fiqa:  48%|████▊     | 27.5k/57.6k [00:55<01:00, 499doc/s]
  fiqa:  48%|████▊     | 27.6k/57.6k [00:55<01:00, 500doc/s]
  fiqa:  48%|████▊     | 27.6k/57.6k [00:55<01:00, 498doc/s]
  fiqa:  48%|████▊     | 27.7k/57.6k [00:55<00:59, 499doc/s]
  fiqa:  48%|████▊     | 27.8k/57.6k [00:55<00:59, 498doc/s]
  fiqa:  48%|████▊     | 27.8k/57.6k [00:55<01:00, 496doc/s]
  fiqa:  48%|████▊     | 27.9k/57.6k [00:55<00:59, 497doc/s]
  fiqa:  49%|████▊     | 28.0k/57.6k [00:55<00:59, 497doc/s]
  fiqa:  49%|████▊     | 28.0k/57.6k [00:56<00:59, 497doc/s]
  fiqa:  49%|████▊     | 28.1k/57.6k [00:56<00:59, 495doc/s]
  fiqa:  49%|████▉     | 28.2k/57.6k [00:56<00:59, 497doc/s]
  fiqa:  49%|████▉     | 28.2k/57.6k [00:56<00:59, 497doc/s]
  fiqa:  49%|████▉     | 28.3k/57.6k [00:56<00:58, 499doc/s]
  fiqa:  49%|████▉     | 28.4k/57.6k [00:56<00:58, 501doc/s]
  fiqa:  49%|████▉     | 28.4k/57.6k [00:56<00:58, 501doc/s]
  fiqa:  49%|████▉     | 28.5k/57.6k [00:56<00:58, 501doc/s]
  fiqa:  50%|████▉     | 28.5k/57.6k [00:57<00:58, 501doc/s]
  fiqa:  50%|████▉     | 28.6k/57.6k [00:57<00:57, 502doc/s]
  fiqa:  50%|████▉     | 28.7k/57.6k [00:57<00:57, 501doc/s]
  fiqa:  50%|████▉     | 28.7k/57.6k [00:57<00:57, 502doc/s]
  fiqa:  50%|████▉     | 28.8k/57.6k [00:57<00:57, 501doc/s]
  fiqa:  50%|█████     | 28.9k/57.6k [00:57<00:58, 496doc/s]
  fiqa:  50%|█████     | 28.9k/57.6k [00:57<00:58, 494doc/s]
  fiqa:  50%|█████     | 29.0k/57.6k [00:57<00:57, 497doc/s]
  fiqa:  50%|█████     | 29.1k/57.6k [00:58<00:57, 496doc/s]
  fiqa:  51%|█████     | 29.1k/57.6k [00:58<00:57, 497doc/s]
  fiqa:  51%|█████     | 29.2k/57.6k [00:58<00:57, 498doc/s]
  fiqa:  51%|█████     | 29.2k/57.6k [00:58<00:56, 500doc/s]
  fiqa:  51%|█████     | 29.3k/57.6k [00:58<00:56, 501doc/s]
  fiqa:  51%|█████     | 29.4k/57.6k [00:58<00:56, 501doc/s]
  fiqa:  51%|█████     | 29.4k/57.6k [00:58<00:56, 501doc/s]
  fiqa:  51%|█████     | 29.5k/57.6k [00:58<00:56, 500doc/s]
  fiqa:  51%|█████▏    | 29.6k/57.6k [00:59<00:56, 499doc/s]
  fiqa:  51%|█████▏    | 29.6k/57.6k [00:59<00:56, 499doc/s]
  fiqa:  52%|█████▏    | 29.7k/57.6k [00:59<00:56, 499doc/s]
  fiqa:  52%|█████▏    | 29.8k/57.6k [00:59<00:55, 499doc/s]
  fiqa:  52%|█████▏    | 29.8k/57.6k [00:59<00:55, 501doc/s]
  fiqa:  52%|█████▏    | 29.9k/57.6k [00:59<00:55, 499doc/s]
  fiqa:  52%|█████▏    | 30.0k/57.6k [00:59<00:55, 498doc/s]
  fiqa:  52%|█████▏    | 30.0k/57.6k [01:00<00:55, 499doc/s]
  fiqa:  52%|█████▏    | 30.1k/57.6k [01:00<00:55, 498doc/s]
  fiqa:  52%|█████▏    | 30.1k/57.6k [01:00<00:55, 499doc/s]
  fiqa:  52%|█████▏    | 30.2k/57.6k [01:00<00:54, 500doc/s]
  fiqa:  53%|█████▎    | 30.3k/57.6k [01:00<00:54, 501doc/s]
  fiqa:  53%|█████▎    | 30.3k/57.6k [01:00<00:54, 501doc/s]
  fiqa:  53%|█████▎    | 30.4k/57.6k [01:00<00:54, 499doc/s]
  fiqa:  53%|█████▎    | 30.5k/57.6k [01:00<00:54, 498doc/s]
  fiqa:  53%|█████▎    | 30.5k/57.6k [01:01<00:54, 499doc/s]
  fiqa:  53%|█████▎    | 30.6k/57.6k [01:01<00:54, 497doc/s]
  fiqa:  53%|█████▎    | 30.7k/57.6k [01:01<00:54, 499doc/s]
  fiqa:  53%|█████▎    | 30.7k/57.6k [01:01<00:53, 499doc/s]
  fiqa:  53%|█████▎    | 30.8k/57.6k [01:01<00:53, 500doc/s]
  fiqa:  54%|█████▎    | 30.8k/57.6k [01:01<00:53, 499doc/s]
  fiqa:  54%|█████▎    | 30.9k/57.6k [01:01<00:53, 501doc/s]
  fiqa:  54%|█████▎    | 31.0k/57.6k [01:01<00:53, 500doc/s]
  fiqa:  54%|█████▍    | 31.0k/57.6k [01:02<00:53, 499doc/s]
  fiqa:  54%|█████▍    | 31.1k/57.6k [01:02<00:53, 497doc/s]
  fiqa:  54%|█████▍    | 31.2k/57.6k [01:02<00:53, 494doc/s]
  fiqa:  54%|█████▍    | 31.2k/57.6k [01:02<00:53, 495doc/s]
  fiqa:  54%|█████▍    | 31.3k/57.6k [01:02<00:53, 493doc/s]
  fiqa:  54%|█████▍    | 31.4k/57.6k [01:02<00:53, 493doc/s]
  fiqa:  55%|█████▍    | 31.4k/57.6k [01:02<00:53, 493doc/s]
  fiqa:  55%|█████▍    | 31.5k/57.6k [01:02<00:52, 494doc/s]
  fiqa:  55%|█████▍    | 31.6k/57.6k [01:03<00:52, 497doc/s]
  fiqa:  55%|█████▍    | 31.6k/57.6k [01:03<00:52, 499doc/s]
  fiqa:  55%|█████▍    | 31.7k/57.6k [01:03<00:52, 495doc/s]
  fiqa:  55%|█████▌    | 31.7k/57.6k [01:03<00:52, 495doc/s]
  fiqa:  55%|█████▌    | 31.8k/57.6k [01:03<00:51, 497doc/s]
  fiqa:  55%|█████▌    | 31.9k/57.6k [01:03<00:51, 499doc/s]
  fiqa:  55%|█████▌    | 31.9k/57.6k [01:03<00:51, 499doc/s]
  fiqa:  56%|█████▌    | 32.0k/57.6k [01:03<00:51, 499doc/s]
  fiqa:  56%|█████▌    | 32.1k/57.6k [01:04<00:51, 499doc/s]
  fiqa:  56%|█████▌    | 32.1k/57.6k [01:04<00:51, 500doc/s]
  fiqa:  56%|█████▌    | 32.2k/57.6k [01:04<00:50, 501doc/s]
  fiqa:  56%|█████▌    | 32.3k/57.6k [01:04<00:50, 500doc/s]
  fiqa:  56%|█████▌    | 32.3k/57.6k [01:04<00:50, 501doc/s]
  fiqa:  56%|█████▌    | 32.4k/57.6k [01:04<00:50, 503doc/s]
  fiqa:  56%|█████▋    | 32.4k/57.6k [01:04<00:50, 500doc/s]
  fiqa:  56%|█████▋    | 32.5k/57.6k [01:05<00:50, 500doc/s]
  fiqa:  57%|█████▋    | 32.6k/57.6k [01:05<00:50, 501doc/s]
  fiqa:  57%|█████▋    | 32.6k/57.6k [01:05<00:49, 501doc/s]
  fiqa:  57%|█████▋    | 32.7k/57.6k [01:05<00:50, 499doc/s]
  fiqa:  57%|█████▋    | 32.8k/57.6k [01:05<00:49, 499doc/s]
  fiqa:  57%|█████▋    | 32.8k/57.6k [01:05<00:49, 499doc/s]
  fiqa:  57%|█████▋    | 32.9k/57.6k [01:05<00:49, 500doc/s]
  fiqa:  57%|█████▋    | 33.0k/57.6k [01:05<00:49, 496doc/s]
  fiqa:  57%|█████▋    | 33.0k/57.6k [01:06<00:49, 498doc/s]
  fiqa:  57%|█████▋    | 33.1k/57.6k [01:06<00:49, 499doc/s]
  fiqa:  58%|█████▊    | 33.2k/57.6k [01:06<00:48, 501doc/s]
  fiqa:  58%|█████▊    | 33.2k/57.6k [01:06<00:48, 499doc/s]
  fiqa:  58%|█████▊    | 33.3k/57.6k [01:06<00:48, 500doc/s]
  fiqa:  58%|█████▊    | 33.3k/57.6k [01:06<00:48, 499doc/s]
  fiqa:  58%|█████▊    | 33.4k/57.6k [01:06<00:48, 499doc/s]
  fiqa:  58%|█████▊    | 33.5k/57.6k [01:06<00:48, 498doc/s]
  fiqa:  58%|█████▊    | 33.5k/57.6k [01:07<00:48, 499doc/s]
  fiqa:  58%|█████▊    | 33.6k/57.6k [01:07<00:48, 501doc/s]
  fiqa:  58%|█████▊    | 33.7k/57.6k [01:07<00:47, 503doc/s]
  fiqa:  59%|█████▊    | 33.7k/57.6k [01:07<00:47, 502doc/s]
  fiqa:  59%|█████▊    | 33.8k/57.6k [01:07<00:47, 501doc/s]
  fiqa:  59%|█████▊    | 33.9k/57.6k [01:07<00:47, 501doc/s]
  fiqa:  59%|█████▉    | 33.9k/57.6k [01:07<00:47, 500doc/s]
  fiqa:  59%|█████▉    | 34.0k/57.6k [01:07<00:47, 500doc/s]
  fiqa:  59%|█████▉    | 34.0k/57.6k [01:08<00:47, 499doc/s]
  fiqa:  59%|█████▉    | 34.1k/57.6k [01:08<00:47, 500doc/s]
  fiqa:  59%|█████▉    | 34.2k/57.6k [01:08<00:47, 498doc/s]
  fiqa:  59%|█████▉    | 34.2k/57.6k [01:08<00:46, 499doc/s]
  fiqa:  60%|█████▉    | 34.3k/57.6k [01:08<00:46, 499doc/s]
  fiqa:  60%|█████▉    | 34.4k/57.6k [01:08<00:46, 501doc/s]
  fiqa:  60%|█████▉    | 34.4k/57.6k [01:08<00:46, 499doc/s]
  fiqa:  60%|█████▉    | 34.5k/57.6k [01:08<00:46, 498doc/s]
  fiqa:  60%|█████▉    | 34.6k/57.6k [01:09<00:46, 496doc/s]
  fiqa:  60%|██████    | 34.6k/57.6k [01:09<00:46, 493doc/s]
  fiqa:  60%|██████    | 34.7k/57.6k [01:09<00:46, 496doc/s]
  fiqa:  60%|██████    | 34.8k/57.6k [01:09<00:46, 496doc/s]
  fiqa:  60%|██████    | 34.8k/57.6k [01:09<00:45, 497doc/s]
  fiqa:  61%|██████    | 34.9k/57.6k [01:09<00:45, 497doc/s]
  fiqa:  61%|██████    | 34.9k/57.6k [01:09<00:45, 498doc/s]
  fiqa:  61%|██████    | 35.0k/57.6k [01:10<00:45, 498doc/s]
  fiqa:  61%|██████    | 35.1k/57.6k [01:10<00:45, 498doc/s]
  fiqa:  61%|██████    | 35.1k/57.6k [01:10<00:45, 495doc/s]
  fiqa:  61%|██████    | 35.2k/57.6k [01:10<00:45, 494doc/s]
  fiqa:  61%|██████    | 35.3k/57.6k [01:10<00:45, 494doc/s]
  fiqa:  61%|██████▏   | 35.3k/57.6k [01:10<00:44, 496doc/s]
  fiqa:  61%|██████▏   | 35.4k/57.6k [01:10<00:44, 496doc/s]
  fiqa:  62%|██████▏   | 35.5k/57.6k [01:10<00:44, 498doc/s]
  fiqa:  62%|██████▏   | 35.5k/57.6k [01:11<00:44, 496doc/s]
  fiqa:  62%|██████▏   | 35.6k/57.6k [01:11<00:44, 497doc/s]
  fiqa:  62%|██████▏   | 35.6k/57.6k [01:11<00:44, 498doc/s]
  fiqa:  62%|██████▏   | 35.7k/57.6k [01:11<00:43, 499doc/s]
  fiqa:  62%|██████▏   | 35.8k/57.6k [01:11<00:43, 499doc/s]
  fiqa:  62%|██████▏   | 35.8k/57.6k [01:11<00:43, 497doc/s]
  fiqa:  62%|██████▏   | 35.9k/57.6k [01:11<00:43, 495doc/s]
  fiqa:  62%|██████▏   | 36.0k/57.6k [01:11<00:43, 498doc/s]
  fiqa:  63%|██████▎   | 36.0k/57.6k [01:12<00:43, 498doc/s]
  fiqa:  63%|██████▎   | 36.1k/57.6k [01:12<00:43, 497doc/s]
  fiqa:  63%|██████▎   | 36.2k/57.6k [01:12<00:43, 499doc/s]
  fiqa:  63%|██████▎   | 36.2k/57.6k [01:12<00:42, 499doc/s]
  fiqa:  63%|██████▎   | 36.3k/57.6k [01:12<00:42, 502doc/s]
  fiqa:  63%|██████▎   | 36.4k/57.6k [01:12<00:42, 501doc/s]
  fiqa:  63%|██████▎   | 36.4k/57.6k [01:12<00:42, 499doc/s]
  fiqa:  63%|██████▎   | 36.5k/57.6k [01:12<00:42, 499doc/s]
  fiqa:  63%|██████▎   | 36.5k/57.6k [01:13<00:42, 497doc/s]
  fiqa:  64%|██████▎   | 36.6k/57.6k [01:13<00:42, 499doc/s]
  fiqa:  64%|██████▎   | 36.7k/57.6k [01:13<00:42, 498doc/s]
  fiqa:  64%|██████▎   | 36.7k/57.6k [01:13<00:41, 499doc/s]
  fiqa:  64%|██████▍   | 36.8k/57.6k [01:13<00:41, 499doc/s]
  fiqa:  64%|██████▍   | 36.9k/57.6k [01:13<00:41, 500doc/s]
  fiqa:  64%|██████▍   | 36.9k/57.6k [01:13<00:41, 500doc/s]
  fiqa:  64%|██████▍   | 37.0k/57.6k [01:14<00:41, 500doc/s]
  fiqa:  64%|██████▍   | 37.1k/57.6k [01:14<00:41, 501doc/s]
  fiqa:  64%|██████▍   | 37.1k/57.6k [01:14<00:41, 500doc/s]
  fiqa:  65%|██████▍   | 37.2k/57.6k [01:14<00:40, 501doc/s]
  fiqa:  65%|██████▍   | 37.2k/57.6k [01:14<00:40, 502doc/s]
  fiqa:  65%|██████▍   | 37.3k/57.6k [01:14<00:40, 502doc/s]
  fiqa:  65%|██████▍   | 37.4k/57.6k [01:14<00:40, 499doc/s]
  fiqa:  65%|██████▍   | 37.4k/57.6k [01:14<00:40, 499doc/s]
  fiqa:  65%|██████▌   | 37.5k/57.6k [01:15<00:40, 500doc/s]
  fiqa:  65%|██████▌   | 37.6k/57.6k [01:15<00:40, 500doc/s]
  fiqa:  65%|██████▌   | 37.6k/57.6k [01:15<00:40, 499doc/s]
  fiqa:  65%|██████▌   | 37.7k/57.6k [01:15<00:39, 499doc/s]
  fiqa:  66%|██████▌   | 37.8k/57.6k [01:15<00:39, 500doc/s]
  fiqa:  66%|██████▌   | 37.8k/57.6k [01:15<00:39, 500doc/s]
  fiqa:  66%|██████▌   | 37.9k/57.6k [01:15<00:39, 500doc/s]
  fiqa:  66%|██████▌   | 38.0k/57.6k [01:15<00:39, 499doc/s]
  fiqa:  66%|██████▌   | 38.0k/57.6k [01:16<00:39, 500doc/s]
  fiqa:  66%|██████▌   | 38.1k/57.6k [01:16<00:39, 501doc/s]
  fiqa:  66%|██████▌   | 38.1k/57.6k [01:16<00:38, 500doc/s]
  fiqa:  66%|██████▋   | 38.2k/57.6k [01:16<00:38, 502doc/s]
  fiqa:  66%|██████▋   | 38.3k/57.6k [01:16<00:38, 500doc/s]
  fiqa:  67%|██████▋   | 38.3k/57.6k [01:16<00:38, 500doc/s]
  fiqa:  67%|██████▋   | 38.4k/57.6k [01:16<00:38, 502doc/s]
  fiqa:  67%|██████▋   | 38.5k/57.6k [01:16<00:38, 502doc/s]
  fiqa:  67%|██████▋   | 38.5k/57.6k [01:17<00:37, 503doc/s]
  fiqa:  67%|██████▋   | 38.6k/57.6k [01:17<00:37, 502doc/s]
  fiqa:  67%|██████▋   | 38.7k/57.6k [01:17<00:37, 501doc/s]
  fiqa:  67%|██████▋   | 38.7k/57.6k [01:17<00:37, 501doc/s]
  fiqa:  67%|██████▋   | 38.8k/57.6k [01:17<00:37, 500doc/s]
  fiqa:  67%|██████▋   | 38.8k/57.6k [01:17<00:37, 497doc/s]
  fiqa:  68%|██████▊   | 38.9k/57.6k [01:17<00:37, 497doc/s]
  fiqa:  68%|██████▊   | 39.0k/57.6k [01:17<00:37, 498doc/s]
  fiqa:  68%|██████▊   | 39.0k/57.6k [01:18<00:37, 497doc/s]
  fiqa:  68%|██████▊   | 39.1k/57.6k [01:18<00:37, 498doc/s]
  fiqa:  68%|██████▊   | 39.2k/57.6k [01:18<00:37, 497doc/s]
  fiqa:  68%|██████▊   | 39.2k/57.6k [01:18<00:36, 498doc/s]
  fiqa:  68%|██████▊   | 39.3k/57.6k [01:18<00:36, 499doc/s]
  fiqa:  68%|██████▊   | 39.4k/57.6k [01:18<00:36, 500doc/s]
  fiqa:  68%|██████▊   | 39.4k/57.6k [01:18<00:36, 501doc/s]
  fiqa:  69%|██████▊   | 39.5k/57.6k [01:18<00:36, 501doc/s]
  fiqa:  69%|██████▊   | 39.6k/57.6k [01:19<00:36, 500doc/s]
  fiqa:  69%|██████▊   | 39.6k/57.6k [01:19<00:36, 499doc/s]
  fiqa:  69%|██████▉   | 39.7k/57.6k [01:19<00:35, 500doc/s]
  fiqa:  69%|██████▉   | 39.7k/57.6k [01:19<00:35, 501doc/s]
  fiqa:  69%|██████▉   | 39.8k/57.6k [01:19<00:35, 502doc/s]
  fiqa:  69%|██████▉   | 39.9k/57.6k [01:19<00:35, 501doc/s]
  fiqa:  69%|██████▉   | 39.9k/57.6k [01:19<00:35, 500doc/s]
  fiqa:  69%|██████▉   | 40.0k/57.6k [01:20<00:35, 499doc/s]
  fiqa:  70%|██████▉   | 40.1k/57.6k [01:20<00:35, 499doc/s]
  fiqa:  70%|██████▉   | 40.1k/57.6k [01:20<00:35, 498doc/s]
  fiqa:  70%|██████▉   | 40.2k/57.6k [01:20<00:35, 495doc/s]
  fiqa:  70%|██████▉   | 40.3k/57.6k [01:20<00:35, 496doc/s]
  fiqa:  70%|██████▉   | 40.3k/57.6k [01:20<00:34, 497doc/s]
  fiqa:  70%|███████   | 40.4k/57.6k [01:20<00:34, 499doc/s]
  fiqa:  70%|███████   | 40.4k/57.6k [01:20<00:34, 499doc/s]
  fiqa:  70%|███████   | 40.5k/57.6k [01:21<00:34, 495doc/s]
  fiqa:  70%|███████   | 40.6k/57.6k [01:21<00:34, 494doc/s]
  fiqa:  71%|███████   | 40.6k/57.6k [01:21<00:34, 497doc/s]
  fiqa:  71%|███████   | 40.7k/57.6k [01:21<00:34, 496doc/s]
  fiqa:  71%|███████   | 40.8k/57.6k [01:21<00:33, 497doc/s]
  fiqa:  71%|███████   | 40.8k/57.6k [01:21<00:33, 498doc/s]
  fiqa:  71%|███████   | 40.9k/57.6k [01:21<00:33, 496doc/s]
  fiqa:  71%|███████   | 41.0k/57.6k [01:21<00:33, 497doc/s]
  fiqa:  71%|███████   | 41.0k/57.6k [01:22<00:33, 497doc/s]
  fiqa:  71%|███████▏  | 41.1k/57.6k [01:22<00:33, 497doc/s]
  fiqa:  71%|███████▏  | 41.2k/57.6k [01:22<00:33, 498doc/s]
  fiqa:  72%|███████▏  | 41.2k/57.6k [01:22<00:32, 498doc/s]
  fiqa:  72%|███████▏  | 41.3k/57.6k [01:22<00:32, 500doc/s]
  fiqa:  72%|███████▏  | 41.3k/57.6k [01:22<00:32, 500doc/s]
  fiqa:  72%|███████▏  | 41.4k/57.6k [01:22<00:32, 503doc/s]
  fiqa:  72%|███████▏  | 41.5k/57.6k [01:22<00:32, 501doc/s]
  fiqa:  72%|███████▏  | 41.5k/57.6k [01:23<00:32, 501doc/s]
  fiqa:  72%|███████▏  | 41.6k/57.6k [01:23<00:31, 501doc/s]
  fiqa:  72%|███████▏  | 41.7k/57.6k [01:23<00:31, 501doc/s]
  fiqa:  72%|███████▏  | 41.7k/57.6k [01:23<00:31, 499doc/s]
  fiqa:  73%|███████▎  | 41.8k/57.6k [01:23<00:31, 499doc/s]
  fiqa:  73%|███████▎  | 41.9k/57.6k [01:23<00:31, 500doc/s]
  fiqa:  73%|███████▎  | 41.9k/57.6k [01:23<00:31, 501doc/s]
  fiqa:  73%|███████▎  | 42.0k/57.6k [01:24<00:31, 499doc/s]
  fiqa:  73%|███████▎  | 42.0k/57.6k [01:24<00:31, 499doc/s]
  fiqa:  73%|███████▎  | 42.1k/57.6k [01:24<00:31, 498doc/s]
  fiqa:  73%|███████▎  | 42.2k/57.6k [01:24<00:30, 499doc/s]
  fiqa:  73%|███████▎  | 42.2k/57.6k [01:24<00:30, 498doc/s]
  fiqa:  73%|███████▎  | 42.3k/57.6k [01:24<00:30, 497doc/s]
  fiqa:  74%|███████▎  | 42.4k/57.6k [01:24<00:30, 499doc/s]
  fiqa:  74%|███████▎  | 42.4k/57.6k [01:24<00:30, 499doc/s]
  fiqa:  74%|███████▎  | 42.5k/57.6k [01:25<00:30, 500doc/s]
  fiqa:  74%|███████▍  | 42.6k/57.6k [01:25<00:30, 500doc/s]
  fiqa:  74%|███████▍  | 42.6k/57.6k [01:25<00:29, 501doc/s]
  fiqa:  74%|███████▍  | 42.7k/57.6k [01:25<00:29, 500doc/s]
  fiqa:  74%|███████▍  | 42.8k/57.6k [01:25<00:29, 499doc/s]
  fiqa:  74%|███████▍  | 42.8k/57.6k [01:25<00:29, 500doc/s]
  fiqa:  74%|███████▍  | 42.9k/57.6k [01:25<00:29, 500doc/s]
  fiqa:  75%|███████▍  | 42.9k/57.6k [01:25<00:29, 500doc/s]
  fiqa:  75%|███████▍  | 43.0k/57.6k [01:26<00:29, 497doc/s]
  fiqa:  75%|███████▍  | 43.1k/57.6k [01:26<00:29, 495doc/s]
  fiqa:  75%|███████▍  | 43.1k/57.6k [01:26<00:29, 498doc/s]
  fiqa:  75%|███████▍  | 43.2k/57.6k [01:26<00:28, 499doc/s]
  fiqa:  75%|███████▌  | 43.3k/57.6k [01:26<00:28, 500doc/s]
  fiqa:  75%|███████▌  | 43.3k/57.6k [01:26<00:28, 502doc/s]
  fiqa:  75%|███████▌  | 43.4k/57.6k [01:26<00:28, 498doc/s]
  fiqa:  75%|███████▌  | 43.5k/57.6k [01:26<00:28, 495doc/s]
  fiqa:  76%|███████▌  | 43.5k/57.6k [01:27<00:28, 497doc/s]
  fiqa:  76%|███████▌  | 43.6k/57.6k [01:27<00:28, 498doc/s]
  fiqa:  76%|███████▌  | 43.6k/57.6k [01:27<00:28, 498doc/s]
  fiqa:  76%|███████▌  | 43.7k/57.6k [01:27<00:27, 499doc/s]
  fiqa:  76%|███████▌  | 43.8k/57.6k [01:27<00:27, 500doc/s]
  fiqa:  76%|███████▌  | 43.8k/57.6k [01:27<00:27, 499doc/s]
  fiqa:  76%|███████▌  | 43.9k/57.6k [01:27<00:27, 499doc/s]
  fiqa:  76%|███████▋  | 44.0k/57.6k [01:27<00:27, 498doc/s]
  fiqa:  76%|███████▋  | 44.0k/57.6k [01:28<00:27, 497doc/s]
  fiqa:  77%|███████▋  | 44.1k/57.6k [01:28<00:27, 496doc/s]
  fiqa:  77%|███████▋  | 44.2k/57.6k [01:28<00:27, 497doc/s]
  fiqa:  77%|███████▋  | 44.2k/57.6k [01:28<00:26, 497doc/s]
  fiqa:  77%|███████▋  | 44.3k/57.6k [01:28<00:26, 496doc/s]
  fiqa:  77%|███████▋  | 44.4k/57.6k [01:28<00:26, 498doc/s]
  fiqa:  77%|███████▋  | 44.4k/57.6k [01:28<00:26, 495doc/s]
  fiqa:  77%|███████▋  | 44.5k/57.6k [01:29<00:26, 496doc/s]
  fiqa:  77%|███████▋  | 44.5k/57.6k [01:29<00:26, 496doc/s]
  fiqa:  77%|███████▋  | 44.6k/57.6k [01:29<00:26, 497doc/s]
  fiqa:  78%|███████▊  | 44.7k/57.6k [01:29<00:26, 498doc/s]
  fiqa:  78%|███████▊  | 44.7k/57.6k [01:29<00:25, 499doc/s]
  fiqa:  78%|███████▊  | 44.8k/57.6k [01:29<00:25, 500doc/s]
  fiqa:  78%|███████▊  | 44.9k/57.6k [01:29<00:25, 500doc/s]
  fiqa:  78%|███████▊  | 44.9k/57.6k [01:29<00:25, 498doc/s]
  fiqa:  78%|███████▊  | 45.0k/57.6k [01:30<00:25, 498doc/s]
  fiqa:  78%|███████▊  | 45.1k/57.6k [01:30<00:25, 499doc/s]
  fiqa:  78%|███████▊  | 45.1k/57.6k [01:30<00:25, 499doc/s]
  fiqa:  78%|███████▊  | 45.2k/57.6k [01:30<00:24, 500doc/s]
  fiqa:  79%|███████▊  | 45.2k/57.6k [01:30<00:24, 504doc/s]
  fiqa:  79%|███████▊  | 45.3k/57.6k [01:30<00:24, 503doc/s]
  fiqa:  79%|███████▊  | 45.4k/57.6k [01:30<00:24, 499doc/s]
  fiqa:  79%|███████▉  | 45.4k/57.6k [01:30<00:24, 500doc/s]
  fiqa:  79%|███████▉  | 45.5k/57.6k [01:31<00:24, 499doc/s]
  fiqa:  79%|███████▉  | 45.6k/57.6k [01:31<00:24, 499doc/s]
  fiqa:  79%|███████▉  | 45.6k/57.6k [01:31<00:24, 498doc/s]
  fiqa:  79%|███████▉  | 45.7k/57.6k [01:31<00:24, 497doc/s]
  fiqa:  79%|███████▉  | 45.8k/57.6k [01:31<00:23, 495doc/s]
  fiqa:  80%|███████▉  | 45.8k/57.6k [01:31<00:23, 497doc/s]
  fiqa:  80%|███████▉  | 45.9k/57.6k [01:31<00:23, 496doc/s]
  fiqa:  80%|███████▉  | 46.0k/57.6k [01:31<00:23, 496doc/s]
  fiqa:  80%|███████▉  | 46.0k/57.6k [01:32<00:23, 498doc/s]
  fiqa:  80%|███████▉  | 46.1k/57.6k [01:32<00:23, 496doc/s]
  fiqa:  80%|████████  | 46.1k/57.6k [01:32<00:23, 496doc/s]
  fiqa:  80%|████████  | 46.2k/57.6k [01:32<00:23, 496doc/s]
  fiqa:  80%|████████  | 46.3k/57.6k [01:32<00:22, 497doc/s]
  fiqa:  80%|████████  | 46.3k/57.6k [01:32<00:22, 497doc/s]
  fiqa:  81%|████████  | 46.4k/57.6k [01:32<00:22, 498doc/s]
  fiqa:  81%|████████  | 46.5k/57.6k [01:32<00:22, 498doc/s]
  fiqa:  81%|████████  | 46.5k/57.6k [01:33<00:22, 499doc/s]
  fiqa:  81%|████████  | 46.6k/57.6k [01:33<00:22, 500doc/s]
  fiqa:  81%|████████  | 46.7k/57.6k [01:33<00:22, 498doc/s]
  fiqa:  81%|████████  | 46.7k/57.6k [01:33<00:21, 498doc/s]
  fiqa:  81%|████████  | 46.8k/57.6k [01:33<00:21, 499doc/s]
  fiqa:  81%|████████▏ | 46.8k/57.6k [01:33<00:21, 502doc/s]
  fiqa:  81%|████████▏ | 46.9k/57.6k [01:33<00:21, 502doc/s]
  fiqa:  82%|████████▏ | 47.0k/57.6k [01:34<00:21, 499doc/s]
  fiqa:  82%|████████▏ | 47.0k/57.6k [01:34<00:21, 499doc/s]
  fiqa:  82%|████████▏ | 47.1k/57.6k [01:34<00:21, 499doc/s]
  fiqa:  82%|████████▏ | 47.2k/57.6k [01:34<00:20, 499doc/s]
  fiqa:  82%|████████▏ | 47.2k/57.6k [01:34<00:21, 495doc/s]
  fiqa:  82%|████████▏ | 47.3k/57.6k [01:34<00:20, 497doc/s]
  fiqa:  82%|████████▏ | 47.4k/57.6k [01:34<00:20, 495doc/s]
  fiqa:  82%|████████▏ | 47.4k/57.6k [01:34<00:20, 497doc/s]
  fiqa:  82%|████████▏ | 47.5k/57.6k [01:35<00:20, 498doc/s]
  fiqa:  83%|████████▎ | 47.6k/57.6k [01:35<00:20, 499doc/s]
  fiqa:  83%|████████▎ | 47.6k/57.6k [01:35<00:20, 499doc/s]
  fiqa:  83%|████████▎ | 47.7k/57.6k [01:35<00:19, 499doc/s]
  fiqa:  83%|████████▎ | 47.7k/57.6k [01:35<00:19, 497doc/s]
  fiqa:  83%|████████▎ | 47.8k/57.6k [01:35<00:19, 496doc/s]
  fiqa:  83%|████████▎ | 47.9k/57.6k [01:35<00:19, 497doc/s]
  fiqa:  83%|████████▎ | 47.9k/57.6k [01:35<00:19, 498doc/s]
  fiqa:  83%|████████▎ | 48.0k/57.6k [01:36<00:19, 498doc/s]
  fiqa:  83%|████████▎ | 48.1k/57.6k [01:36<00:19, 499doc/s]
  fiqa:  84%|████████▎ | 48.1k/57.6k [01:36<00:19, 497doc/s]
  fiqa:  84%|████████▎ | 48.2k/57.6k [01:36<00:18, 499doc/s]
  fiqa:  84%|████████▎ | 48.3k/57.6k [01:36<00:18, 498doc/s]
  fiqa:  84%|████████▍ | 48.3k/57.6k [01:36<00:18, 500doc/s]
  fiqa:  84%|████████▍ | 48.4k/57.6k [01:36<00:18, 499doc/s]
  fiqa:  84%|████████▍ | 48.4k/57.6k [01:36<00:18, 498doc/s]
  fiqa:  84%|████████▍ | 48.5k/57.6k [01:37<00:18, 499doc/s]
  fiqa:  84%|████████▍ | 48.6k/57.6k [01:37<00:18, 500doc/s]
  fiqa:  84%|████████▍ | 48.6k/57.6k [01:37<00:18, 498doc/s]
  fiqa:  84%|████████▍ | 48.7k/57.6k [01:37<00:17, 499doc/s]
  fiqa:  85%|████████▍ | 48.8k/57.6k [01:37<00:17, 498doc/s]
  fiqa:  85%|████████▍ | 48.8k/57.6k [01:37<00:17, 497doc/s]
  fiqa:  85%|████████▍ | 48.9k/57.6k [01:37<00:17, 496doc/s]
  fiqa:  85%|████████▍ | 49.0k/57.6k [01:38<00:17, 496doc/s]
  fiqa:  85%|████████▌ | 49.0k/57.6k [01:38<00:17, 496doc/s]
  fiqa:  85%|████████▌ | 49.1k/57.6k [01:38<00:17, 497doc/s]
  fiqa:  85%|████████▌ | 49.2k/57.6k [01:38<00:17, 497doc/s]
  fiqa:  85%|████████▌ | 49.2k/57.6k [01:38<00:16, 499doc/s]
  fiqa:  85%|████████▌ | 49.3k/57.6k [01:38<00:16, 500doc/s]
  fiqa:  86%|████████▌ | 49.3k/57.6k [01:38<00:16, 500doc/s]
  fiqa:  86%|████████▌ | 49.4k/57.6k [01:38<00:16, 500doc/s]
  fiqa:  86%|████████▌ | 49.5k/57.6k [01:39<00:16, 500doc/s]
  fiqa:  86%|████████▌ | 49.5k/57.6k [01:39<00:16, 498doc/s]
  fiqa:  86%|████████▌ | 49.6k/57.6k [01:39<00:16, 500doc/s]
  fiqa:  86%|████████▌ | 49.7k/57.6k [01:39<00:16, 498doc/s]
  fiqa:  86%|████████▋ | 49.7k/57.6k [01:39<00:15, 497doc/s]
  fiqa:  86%|████████▋ | 49.8k/57.6k [01:39<00:15, 495doc/s]
  fiqa:  86%|████████▋ | 49.9k/57.6k [01:39<00:15, 497doc/s]
  fiqa:  87%|████████▋ | 49.9k/57.6k [01:39<00:15, 497doc/s]
  fiqa:  87%|████████▋ | 50.0k/57.6k [01:40<00:15, 498doc/s]
  fiqa:  87%|████████▋ | 50.0k/57.6k [01:40<00:21, 356doc/s]
  fiqa:  87%|████████▋ | 50.1k/57.6k [01:40<00:19, 389doc/s]
  fiqa:  87%|████████▋ | 50.2k/57.6k [01:40<00:18, 413doc/s]
  fiqa:  87%|████████▋ | 50.2k/57.6k [01:40<00:17, 435doc/s]
  fiqa:  87%|████████▋ | 50.3k/57.6k [01:40<00:16, 452doc/s]
  fiqa:  87%|████████▋ | 50.4k/57.6k [01:41<00:15, 463doc/s]
  fiqa:  87%|████████▋ | 50.4k/57.6k [01:41<00:15, 472doc/s]
  fiqa:  88%|████████▊ | 50.5k/57.6k [01:41<00:14, 480doc/s]
  fiqa:  88%|████████▊ | 50.6k/57.6k [01:41<00:14, 485doc/s]
  fiqa:  88%|████████▊ | 50.6k/57.6k [01:41<00:14, 489doc/s]
  fiqa:  88%|████████▊ | 50.7k/57.6k [01:41<00:14, 490doc/s]
  fiqa:  88%|████████▊ | 50.8k/57.6k [01:41<00:13, 492doc/s]
  fiqa:  88%|████████▊ | 50.8k/57.6k [01:41<00:13, 495doc/s]
  fiqa:  88%|████████▊ | 50.9k/57.6k [01:42<00:13, 495doc/s]
  fiqa:  88%|████████▊ | 50.9k/57.6k [01:42<00:13, 496doc/s]
  fiqa:  88%|████████▊ | 51.0k/57.6k [01:42<00:13, 497doc/s]
  fiqa:  89%|████████▊ | 51.1k/57.6k [01:42<00:13, 495doc/s]
  fiqa:  89%|████████▊ | 51.1k/57.6k [01:42<00:13, 498doc/s]
  fiqa:  89%|████████▉ | 51.2k/57.6k [01:42<00:12, 498doc/s]
  fiqa:  89%|████████▉ | 51.3k/57.6k [01:42<00:12, 497doc/s]
  fiqa:  89%|████████▉ | 51.3k/57.6k [01:42<00:12, 497doc/s]
  fiqa:  89%|████████▉ | 51.4k/57.6k [01:43<00:12, 498doc/s]
  fiqa:  89%|████████▉ | 51.5k/57.6k [01:43<00:12, 499doc/s]
  fiqa:  89%|████████▉ | 51.5k/57.6k [01:43<00:12, 498doc/s]
  fiqa:  89%|████████▉ | 51.6k/57.6k [01:43<00:12, 497doc/s]
  fiqa:  90%|████████▉ | 51.6k/57.6k [01:43<00:12, 495doc/s]
  fiqa:  90%|████████▉ | 51.7k/57.6k [01:43<00:11, 495doc/s]
  fiqa:  90%|████████▉ | 51.8k/57.6k [01:43<00:11, 497doc/s]
  fiqa:  90%|████████▉ | 51.8k/57.6k [01:43<00:11, 496doc/s]
  fiqa:  90%|█████████ | 51.9k/57.6k [01:44<00:11, 497doc/s]
  fiqa:  90%|█████████ | 52.0k/57.6k [01:44<00:11, 497doc/s]
  fiqa:  90%|█████████ | 52.0k/57.6k [01:44<00:11, 498doc/s]
  fiqa:  90%|█████████ | 52.1k/57.6k [01:44<00:11, 496doc/s]
  fiqa:  90%|█████████ | 52.2k/57.6k [01:44<00:11, 497doc/s]
  fiqa:  91%|█████████ | 52.2k/57.6k [01:44<00:10, 497doc/s]
  fiqa:  91%|█████████ | 52.3k/57.6k [01:44<00:10, 497doc/s]
  fiqa:  91%|█████████ | 52.4k/57.6k [01:45<00:10, 498doc/s]
  fiqa:  91%|█████████ | 52.4k/57.6k [01:45<00:10, 497doc/s]
  fiqa:  91%|█████████ | 52.5k/57.6k [01:45<00:10, 497doc/s]
  fiqa:  91%|█████████ | 52.5k/57.6k [01:45<00:10, 498doc/s]
  fiqa:  91%|█████████▏| 52.6k/57.6k [01:45<00:10, 498doc/s]
  fiqa:  91%|█████████▏| 52.7k/57.6k [01:45<00:09, 498doc/s]
  fiqa:  91%|█████████▏| 52.7k/57.6k [01:45<00:09, 499doc/s]
  fiqa:  92%|█████████▏| 52.8k/57.6k [01:45<00:09, 498doc/s]
  fiqa:  92%|█████████▏| 52.9k/57.6k [01:46<00:09, 499doc/s]
  fiqa:  92%|█████████▏| 52.9k/57.6k [01:46<00:09, 497doc/s]
  fiqa:  92%|█████████▏| 53.0k/57.6k [01:46<00:09, 499doc/s]
  fiqa:  92%|█████████▏| 53.1k/57.6k [01:46<00:09, 499doc/s]
  fiqa:  92%|█████████▏| 53.1k/57.6k [01:46<00:09, 499doc/s]
  fiqa:  92%|█████████▏| 53.2k/57.6k [01:46<00:08, 497doc/s]
  fiqa:  92%|█████████▏| 53.2k/57.6k [01:46<00:08, 500doc/s]
  fiqa:  92%|█████████▏| 53.3k/57.6k [01:46<00:08, 499doc/s]
  fiqa:  93%|█████████▎| 53.4k/57.6k [01:47<00:08, 497doc/s]
  fiqa:  93%|█████████▎| 53.4k/57.6k [01:47<00:08, 498doc/s]
  fiqa:  93%|█████████▎| 53.5k/57.6k [01:47<00:08, 498doc/s]
  fiqa:  93%|█████████▎| 53.6k/57.6k [01:47<00:08, 498doc/s]
  fiqa:  93%|█████████▎| 53.6k/57.6k [01:47<00:08, 499doc/s]
  fiqa:  93%|█████████▎| 53.7k/57.6k [01:47<00:07, 499doc/s]
  fiqa:  93%|█████████▎| 53.8k/57.6k [01:47<00:07, 498doc/s]
  fiqa:  93%|█████████▎| 53.8k/57.6k [01:47<00:07, 496doc/s]
  fiqa:  93%|█████████▎| 53.9k/57.6k [01:48<00:07, 495doc/s]
  fiqa:  94%|█████████▎| 54.0k/57.6k [01:48<00:07, 497doc/s]
  fiqa:  94%|█████████▎| 54.0k/57.6k [01:48<00:07, 497doc/s]
  fiqa:  94%|█████████▍| 54.1k/57.6k [01:48<00:07, 498doc/s]
  fiqa:  94%|█████████▍| 54.1k/57.6k [01:48<00:07, 498doc/s]
  fiqa:  94%|█████████▍| 54.2k/57.6k [01:48<00:06, 497doc/s]
  fiqa:  94%|█████████▍| 54.3k/57.6k [01:48<00:06, 497doc/s]
  fiqa:  94%|█████████▍| 54.3k/57.6k [01:48<00:06, 499doc/s]
  fiqa:  94%|█████████▍| 54.4k/57.6k [01:49<00:06, 498doc/s]
  fiqa:  94%|█████████▍| 54.5k/57.6k [01:49<00:06, 498doc/s]
  fiqa:  95%|█████████▍| 54.5k/57.6k [01:49<00:06, 499doc/s]
  fiqa:  95%|█████████▍| 54.6k/57.6k [01:49<00:06, 499doc/s]
  fiqa:  95%|█████████▍| 54.7k/57.6k [01:49<00:05, 499doc/s]
  fiqa:  95%|█████████▍| 54.7k/57.6k [01:49<00:05, 499doc/s]
  fiqa:  95%|█████████▌| 54.8k/57.6k [01:49<00:05, 499doc/s]
  fiqa:  95%|█████████▌| 54.8k/57.6k [01:50<00:05, 499doc/s]
  fiqa:  95%|█████████▌| 54.9k/57.6k [01:50<00:05, 498doc/s]
  fiqa:  95%|█████████▌| 55.0k/57.6k [01:50<00:05, 500doc/s]
  fiqa:  95%|█████████▌| 55.0k/57.6k [01:50<00:05, 498doc/s]
  fiqa:  96%|█████████▌| 55.1k/57.6k [01:50<00:05, 499doc/s]
  fiqa:  96%|█████████▌| 55.2k/57.6k [01:50<00:04, 497doc/s]
  fiqa:  96%|█████████▌| 55.2k/57.6k [01:50<00:04, 497doc/s]
  fiqa:  96%|█████████▌| 55.3k/57.6k [01:50<00:04, 497doc/s]
  fiqa:  96%|█████████▌| 55.4k/57.6k [01:51<00:04, 497doc/s]
  fiqa:  96%|█████████▌| 55.4k/57.6k [01:51<00:04, 498doc/s]
  fiqa:  96%|█████████▋| 55.5k/57.6k [01:51<00:04, 496doc/s]
  fiqa:  96%|█████████▋| 55.6k/57.6k [01:51<00:04, 496doc/s]
  fiqa:  96%|█████████▋| 55.6k/57.6k [01:51<00:04, 496doc/s]
  fiqa:  97%|█████████▋| 55.7k/57.6k [01:51<00:03, 494doc/s]
  fiqa:  97%|█████████▋| 55.7k/57.6k [01:51<00:03, 494doc/s]
  fiqa:  97%|█████████▋| 55.8k/57.6k [01:51<00:03, 496doc/s]
  fiqa:  97%|█████████▋| 55.9k/57.6k [01:52<00:03, 497doc/s]
  fiqa:  97%|█████████▋| 55.9k/57.6k [01:52<00:03, 497doc/s]
  fiqa:  97%|█████████▋| 56.0k/57.6k [01:52<00:03, 496doc/s]
  fiqa:  97%|█████████▋| 56.1k/57.6k [01:52<00:03, 498doc/s]
  fiqa:  97%|█████████▋| 56.1k/57.6k [01:52<00:03, 496doc/s]
  fiqa:  97%|█████████▋| 56.2k/57.6k [01:52<00:02, 495doc/s]
  fiqa:  98%|█████████▊| 56.3k/57.6k [01:52<00:02, 494doc/s]
  fiqa:  98%|█████████▊| 56.3k/57.6k [01:52<00:02, 497doc/s]
  fiqa:  98%|█████████▊| 56.4k/57.6k [01:53<00:02, 497doc/s]
  fiqa:  98%|█████████▊| 56.4k/57.6k [01:53<00:02, 498doc/s]
  fiqa:  98%|█████████▊| 56.5k/57.6k [01:53<00:02, 495doc/s]
  fiqa:  98%|█████████▊| 56.6k/57.6k [01:53<00:02, 495doc/s]
  fiqa:  98%|█████████▊| 56.6k/57.6k [01:53<00:02, 493doc/s]
  fiqa:  98%|█████████▊| 56.7k/57.6k [01:53<00:01, 495doc/s]
  fiqa:  98%|█████████▊| 56.8k/57.6k [01:53<00:01, 495doc/s]
  fiqa:  99%|█████████▊| 56.8k/57.6k [01:54<00:01, 497doc/s]
  fiqa:  99%|█████████▊| 56.9k/57.6k [01:54<00:01, 497doc/s]
  fiqa:  99%|█████████▉| 57.0k/57.6k [01:54<00:01, 497doc/s]
  fiqa:  99%|█████████▉| 57.0k/57.6k [01:54<00:01, 498doc/s]
  fiqa:  99%|█████████▉| 57.1k/57.6k [01:54<00:01, 496doc/s]
  fiqa:  99%|█████████▉| 57.2k/57.6k [01:54<00:00, 493doc/s]
  fiqa:  99%|█████████▉| 57.2k/57.6k [01:54<00:00, 495doc/s]
  fiqa:  99%|█████████▉| 57.3k/57.6k [01:54<00:00, 495doc/s]
  fiqa:  99%|█████████▉| 57.3k/57.6k [01:55<00:00, 497doc/s]
  fiqa: 100%|█████████▉| 57.4k/57.6k [01:55<00:00, 497doc/s]
  fiqa: 100%|█████████▉| 57.5k/57.6k [01:55<00:00, 497doc/s]
  fiqa: 100%|█████████▉| 57.5k/57.6k [01:55<00:00, 498doc/s]
  fiqa: 100%|█████████▉| 57.6k/57.6k [01:55<00:00, 499doc/s]
  fiqa: 100%|██████████| 57.6k/57.6k [01:55<00:00, 498doc/s]
  Done. 57,638 docs indexed. Avg 226.4 nonzero terms/doc. 1.9 min.

All done. Indexes written to data/beir_index/
