
[spaced1] layers=[6]

============================================================
[spaced1] /home/capemox/projects/sae-smo-splade/.venv/bin/python scripts/eval_beir.py --stage splade_shallow --config config.yaml --index_dir data/beir_index --datasets nfcorpus scifact arguana scidocs fiqa trec-covid webis-touche2020 quora nq dbpedia-entity hotpotqa fever climate-fever --encode_batch_size 64 --densify_chunk 4096 --checkpoint checkpoints_splade-v3/splade_shallow_spaced1/best_NanoMSMARCO.pt
Device: cuda
Loading frozen doc SPLADE: naver/splade-v3 ...

Loading weights:   0%|          | 0/204 [00:00<?, ?it/s]
Loading weights: 100%|██████████| 204/204 [00:00<00:00, 45982.27it/s]
Loading ShallowSpladeQuery (1 layers) from checkpoints_splade-v3/splade_shallow_spaced1/best_NanoMSMARCO.pt ...

Loading weights:   0%|          | 0/204 [00:00<?, ?it/s]
Loading weights: 100%|██████████| 204/204 [00:00<00:00, 34911.18it/s]
  Step: 50000

────────────────────────────────────────────────────────────
[nfcorpus]
  Loading queries and qrels ...
Exception in thread Thread-auto_conversion:
Traceback (most recent call last):
  File "/home/capemox/.local/share/uv/python/cpython-3.10.16-linux-x86_64-gnu/lib/python3.10/threading.py", line 1016, in _bootstrap_inner
    self.run()
  File "/home/capemox/.local/share/uv/python/cpython-3.10.16-linux-x86_64-gnu/lib/python3.10/threading.py", line 953, in run
    self._target(*self._args, **self._kwargs)
  File "/home/capemox/projects/sae-smo-splade/.venv/lib/python3.10/site-packages/transformers/safetensors_conversion.py", line 117, in auto_conversion
    raise e
  File "/home/capemox/projects/sae-smo-splade/.venv/lib/python3.10/site-packages/transformers/safetensors_conversion.py", line 96, in auto_conversion
    sha = get_conversion_pr_reference(api, pretrained_model_name_or_path, **cached_file_kwargs)
  File "/home/capemox/projects/sae-smo-splade/.venv/lib/python3.10/site-packages/transformers/safetensors_conversion.py", line 77, in get_conversion_pr_reference
    raise OSError(
OSError: Could not create safetensors conversion PR. The repo does not appear to have a file named pytorch_model.bin or model.safetensors.If you are loading with variant, use `use_safetensors=False` to load the original model.
Exception in thread Thread-auto_conversion:
Traceback (most recent call last):
  File "/home/capemox/.local/share/uv/python/cpython-3.10.16-linux-x86_64-gnu/lib/python3.10/threading.py", line 1016, in _bootstrap_inner
    self.run()
  File "/home/capemox/.local/share/uv/python/cpython-3.10.16-linux-x86_64-gnu/lib/python3.10/threading.py", line 953, in run
    self._target(*self._args, **self._kwargs)
  File "/home/capemox/projects/sae-smo-splade/.venv/lib/python3.10/site-packages/transformers/safetensors_conversion.py", line 117, in auto_conversion
    raise e
  File "/home/capemox/projects/sae-smo-splade/.venv/lib/python3.10/site-packages/transformers/safetensors_conversion.py", line 96, in auto_conversion
    sha = get_conversion_pr_reference(api, pretrained_model_name_or_path, **cached_file_kwargs)
  File "/home/capemox/projects/sae-smo-splade/.venv/lib/python3.10/site-packages/transformers/safetensors_conversion.py", line 77, in get_conversion_pr_reference
    raise OSError(
OSError: Could not create safetensors conversion PR. The repo does not appear to have a file named pytorch_model.bin or model.safetensors.If you are loading with variant, use `use_safetensors=False` to load the original model.
  323 queries, 323 with relevance judgments
  Encoding queries with query model ...
  queries: 64/323
  queries: 128/323
  queries: 192/323
  queries: 256/323
  queries: 320/323
  queries: 323/323
  Retrieving from pre-built index (3,633 docs) ...

  scoring:   0%|          | 0.00/3.63k [00:00<?, ?doc/s]
  scoring: 100%|██████████| 3.63k/3.63k [00:00<00:00, 23.7kdoc/s]
  scoring: 100%|██████████| 3.63k/3.63k [00:00<00:00, 23.7kdoc/s]
  NDCG@10: 0.3306  MRR@10: 0.5508  [index (3,633 docs)]

────────────────────────────────────────────────────────────
[scifact]
  Loading queries and qrels ...
  300 queries, 300 with relevance judgments
  Encoding queries with query model ...
  queries: 64/300
  queries: 128/300
  queries: 192/300
  queries: 256/300
  queries: 300/300
  Retrieving from pre-built index (5,183 docs) ...

  scoring:   0%|          | 0.00/5.18k [00:00<?, ?doc/s]
  scoring: 100%|██████████| 5.18k/5.18k [00:00<00:00, 142kdoc/s]
  NDCG@10: 0.6160  MRR@10: 0.5919  [index (5,183 docs)]

────────────────────────────────────────────────────────────
[arguana]
  Loading queries and qrels ...
  1406 queries, 1406 with relevance judgments
  Encoding queries with query model ...
  queries: 64/1406
  queries: 128/1406
  queries: 192/1406
  queries: 256/1406
  queries: 320/1406
  queries: 384/1406
  queries: 448/1406
  queries: 512/1406
  queries: 576/1406
  queries: 640/1406
  queries: 704/1406
  queries: 768/1406
  queries: 832/1406
  queries: 896/1406
  queries: 960/1406
  queries: 1024/1406
  queries: 1088/1406
  queries: 1152/1406
  queries: 1216/1406
  queries: 1280/1406
  queries: 1344/1406
  queries: 1406/1406
  Retrieving from pre-built index (8,674 docs) ...

  scoring:   0%|          | 0.00/8.67k [00:00<?, ?doc/s]
  scoring: 100%|██████████| 8.67k/8.67k [00:00<00:00, 69.7kdoc/s]
  scoring: 100%|██████████| 8.67k/8.67k [00:00<00:00, 69.5kdoc/s]
  NDCG@10: 0.3166  MRR@10: 0.2133  [index (8,674 docs)]

────────────────────────────────────────────────────────────
[scidocs]
  Loading queries and qrels ...
  1000 queries, 1000 with relevance judgments
  Encoding queries with query model ...
  queries: 64/1000
  queries: 128/1000
  queries: 192/1000
  queries: 256/1000
  queries: 320/1000
  queries: 384/1000
  queries: 448/1000
  queries: 512/1000
  queries: 576/1000
  queries: 640/1000
  queries: 704/1000
  queries: 768/1000
  queries: 832/1000
  queries: 896/1000
  queries: 960/1000
  queries: 1000/1000
  Retrieving from pre-built index (25,657 docs) ...

  scoring:   0%|          | 0.00/25.7k [00:00<?, ?doc/s]
  scoring: 100%|██████████| 25.7k/25.7k [00:00<00:00, 91.6kdoc/s]
  scoring: 100%|██████████| 25.7k/25.7k [00:00<00:00, 91.5kdoc/s]
  NDCG@10: 0.1470  MRR@10: 0.2598  [index (25,657 docs)]

────────────────────────────────────────────────────────────
[fiqa]
  Loading queries and qrels ...
  648 queries, 648 with relevance judgments
  Encoding queries with query model ...
  queries: 64/648
  queries: 128/648
  queries: 192/648
  queries: 256/648
  queries: 320/648
  queries: 384/648
  queries: 448/648
  queries: 512/648
  queries: 576/648
  queries: 640/648
  queries: 648/648
  Retrieving from pre-built index (57,638 docs) ...

  scoring:   0%|          | 0.00/57.6k [00:00<?, ?doc/s]
  scoring:  87%|████████▋ | 50.0k/57.6k [00:00<00:00, 108kdoc/s]
  scoring: 100%|██████████| 57.6k/57.6k [00:00<00:00, 112kdoc/s]
  NDCG@10: 0.3061  MRR@10: 0.3756  [index (57,638 docs)]

────────────────────────────────────────────────────────────
[trec-covid]
  Loading queries and qrels ...
  50 queries, 50 with relevance judgments
  Encoding queries with query model ...
  queries: 50/50
  Retrieving from pre-built index (171,332 docs) ...

  scoring:   0%|          | 0.00/171k [00:00<?, ?doc/s]
  scoring:  29%|██▉       | 50.0k/171k [00:00<00:00, 213kdoc/s]
  scoring:  58%|█████▊    | 100k/171k [00:00<00:00, 215kdoc/s] 
  scoring:  88%|████████▊ | 150k/171k [00:00<00:00, 225kdoc/s]
  scoring: 100%|██████████| 171k/171k [00:00<00:00, 222kdoc/s]
  NDCG@10: 0.7062  MRR@10: 0.9085  [index (171,332 docs)]

────────────────────────────────────────────────────────────
[webis-touche2020]
  Loading queries and qrels ...
  49 queries, 49 with relevance judgments
  Encoding queries with query model ...
  queries: 49/49
  Retrieving from pre-built index (382,545 docs) ...

  scoring:   0%|          | 0.00/383k [00:00<?, ?doc/s]
  scoring:  13%|█▎        | 50.0k/383k [00:00<00:01, 214kdoc/s]
  scoring:  26%|██▌       | 100k/383k [00:00<00:01, 215kdoc/s] 
  scoring:  39%|███▉      | 150k/383k [00:00<00:01, 225kdoc/s]
  scoring:  52%|█████▏    | 200k/383k [00:00<00:00, 223kdoc/s]
  scoring:  65%|██████▌   | 250k/383k [00:01<00:00, 224kdoc/s]
  scoring:  78%|███████▊  | 300k/383k [00:01<00:00, 225kdoc/s]
  scoring:  91%|█████████▏| 350k/383k [00:01<00:00, 223kdoc/s]
  scoring: 100%|██████████| 383k/383k [00:01<00:00, 223kdoc/s]
  scoring: 100%|██████████| 383k/383k [00:01<00:00, 223kdoc/s]
  NDCG@10: 0.2819  MRR@10: 0.5640  [index (382,545 docs)]

────────────────────────────────────────────────────────────
[quora]
  Loading queries and qrels ...
  10000 queries, 10000 with relevance judgments
  Encoding queries with query model ...
  queries: 64/10000
  queries: 128/10000
  queries: 192/10000
  queries: 256/10000
  queries: 320/10000
  queries: 384/10000
  queries: 448/10000
  queries: 512/10000
  queries: 576/10000
  queries: 640/10000
  queries: 704/10000
  queries: 768/10000
  queries: 832/10000
  queries: 896/10000
  queries: 960/10000
  queries: 1024/10000
  queries: 1088/10000
  queries: 1152/10000
  queries: 1216/10000
  queries: 1280/10000
  queries: 1344/10000
  queries: 1408/10000
  queries: 1472/10000
  queries: 1536/10000
  queries: 1600/10000
  queries: 1664/10000
  queries: 1728/10000
  queries: 1792/10000
  queries: 1856/10000
  queries: 1920/10000
  queries: 1984/10000
  queries: 2048/10000
  queries: 2112/10000
  queries: 2176/10000
  queries: 2240/10000
  queries: 2304/10000
  queries: 2368/10000
  queries: 2432/10000
  queries: 2496/10000
  queries: 2560/10000
  queries: 2624/10000
  queries: 2688/10000
  queries: 2752/10000
  queries: 2816/10000
  queries: 2880/10000
  queries: 2944/10000
  queries: 3008/10000
  queries: 3072/10000
  queries: 3136/10000
  queries: 3200/10000
  queries: 3264/10000
  queries: 3328/10000
  queries: 3392/10000
  queries: 3456/10000
  queries: 3520/10000
  queries: 3584/10000
  queries: 3648/10000
  queries: 3712/10000
  queries: 3776/10000
  queries: 3840/10000
  queries: 3904/10000
  queries: 3968/10000
  queries: 4032/10000
  queries: 4096/10000
  queries: 4160/10000
  queries: 4224/10000
  queries: 4288/10000
  queries: 4352/10000
  queries: 4416/10000
  queries: 4480/10000
  queries: 4544/10000
  queries: 4608/10000
  queries: 4672/10000
  queries: 4736/10000
  queries: 4800/10000
  queries: 4864/10000
  queries: 4928/10000
  queries: 4992/10000
  queries: 5056/10000
  queries: 5120/10000
  queries: 5184/10000
  queries: 5248/10000
  queries: 5312/10000
  queries: 5376/10000
  queries: 5440/10000
  queries: 5504/10000
  queries: 5568/10000
  queries: 5632/10000
  queries: 5696/10000
  queries: 5760/10000
  queries: 5824/10000
  queries: 5888/10000
  queries: 5952/10000
  queries: 6016/10000
  queries: 6080/10000
  queries: 6144/10000
  queries: 6208/10000
  queries: 6272/10000
  queries: 6336/10000
  queries: 6400/10000
  queries: 6464/10000
  queries: 6528/10000
  queries: 6592/10000
  queries: 6656/10000
  queries: 6720/10000
  queries: 6784/10000
  queries: 6848/10000
  queries: 6912/10000
  queries: 6976/10000
  queries: 7040/10000
  queries: 7104/10000
  queries: 7168/10000
  queries: 7232/10000
  queries: 7296/10000
  queries: 7360/10000
  queries: 7424/10000
  queries: 7488/10000
  queries: 7552/10000
  queries: 7616/10000
  queries: 7680/10000
  queries: 7744/10000
  queries: 7808/10000
  queries: 7872/10000
  queries: 7936/10000
  queries: 8000/10000
  queries: 8064/10000
  queries: 8128/10000
  queries: 8192/10000
  queries: 8256/10000
  queries: 8320/10000
  queries: 8384/10000
  queries: 8448/10000
  queries: 8512/10000
  queries: 8576/10000
  queries: 8640/10000
  queries: 8704/10000
  queries: 8768/10000
  queries: 8832/10000
  queries: 8896/10000
  queries: 8960/10000
  queries: 9024/10000
  queries: 9088/10000
  queries: 9152/10000
  queries: 9216/10000
  queries: 9280/10000
  queries: 9344/10000
  queries: 9408/10000
  queries: 9472/10000
  queries: 9536/10000
  queries: 9600/10000
  queries: 9664/10000
  queries: 9728/10000
  queries: 9792/10000
  queries: 9856/10000
  queries: 9920/10000
  queries: 9984/10000
  queries: 10000/10000
  Retrieving from pre-built index (522,931 docs) ...

  scoring:   0%|          | 0.00/523k [00:00<?, ?doc/s]
  scoring:  10%|▉         | 50.0k/523k [00:03<00:29, 16.0kdoc/s]
  scoring:  19%|█▉        | 100k/523k [00:06<00:26, 15.9kdoc/s] 
  scoring:  29%|██▊       | 150k/523k [00:09<00:23, 15.9kdoc/s]
  scoring:  38%|███▊      | 200k/523k [00:12<00:20, 16.1kdoc/s]
  scoring:  48%|████▊     | 250k/523k [00:15<00:17, 16.0kdoc/s]
  scoring:  57%|█████▋    | 300k/523k [00:18<00:13, 15.9kdoc/s]
  scoring:  67%|██████▋   | 350k/523k [00:22<00:10, 15.8kdoc/s]
  scoring:  76%|███████▋  | 400k/523k [00:25<00:07, 15.8kdoc/s]
  scoring:  86%|████████▌ | 450k/523k [00:28<00:04, 15.7kdoc/s]
  scoring:  96%|█████████▌| 500k/523k [00:31<00:01, 15.8kdoc/s]
  scoring: 100%|██████████| 523k/523k [00:32<00:00, 15.9kdoc/s]
  scoring: 100%|██████████| 523k/523k [00:32<00:00, 15.9kdoc/s]
  NDCG@10: 0.7630  MRR@10: 0.7419  [index (522,931 docs)]

────────────────────────────────────────────────────────────
[nq]
  Loading queries and qrels ...
  3452 queries, 3452 with relevance judgments
  Encoding queries with query model ...
  queries: 64/3452
  queries: 128/3452
  queries: 192/3452
  queries: 256/3452
  queries: 320/3452
  queries: 384/3452
  queries: 448/3452
  queries: 512/3452
  queries: 576/3452
  queries: 640/3452
  queries: 704/3452
  queries: 768/3452
  queries: 832/3452
  queries: 896/3452
  queries: 960/3452
  queries: 1024/3452
  queries: 1088/3452
  queries: 1152/3452
  queries: 1216/3452
  queries: 1280/3452
  queries: 1344/3452
  queries: 1408/3452
  queries: 1472/3452
  queries: 1536/3452
  queries: 1600/3452
  queries: 1664/3452
  queries: 1728/3452
  queries: 1792/3452
  queries: 1856/3452
  queries: 1920/3452
  queries: 1984/3452
  queries: 2048/3452
  queries: 2112/3452
  queries: 2176/3452
  queries: 2240/3452
  queries: 2304/3452
  queries: 2368/3452
  queries: 2432/3452
  queries: 2496/3452
  queries: 2560/3452
  queries: 2624/3452
  queries: 2688/3452
  queries: 2752/3452
  queries: 2816/3452
  queries: 2880/3452
  queries: 2944/3452
  queries: 3008/3452
  queries: 3072/3452
  queries: 3136/3452
  queries: 3200/3452
  queries: 3264/3452
  queries: 3328/3452
  queries: 3392/3452
  queries: 3452/3452
  Retrieving from pre-built index (2,681,468 docs) ...

  scoring:   0%|          | 0.00/2.68M [00:00<?, ?doc/s]
  scoring:   2%|▏         | 50.0k/2.68M [00:01<01:06, 39.7kdoc/s]
  scoring:   4%|▎         | 100k/2.68M [00:02<01:04, 39.8kdoc/s] 
  scoring:   6%|▌         | 150k/2.68M [00:03<01:02, 40.2kdoc/s]
  scoring:   7%|▋         | 200k/2.68M [00:04<01:01, 40.1kdoc/s]
  scoring:   9%|▉         | 250k/2.68M [00:06<01:00, 40.5kdoc/s]
  scoring:  11%|█         | 300k/2.68M [00:07<00:58, 40.5kdoc/s]
  scoring:  13%|█▎        | 350k/2.68M [00:08<00:57, 40.6kdoc/s]
  scoring:  15%|█▍        | 400k/2.68M [00:09<00:56, 40.0kdoc/s]
  scoring:  17%|█▋        | 450k/2.68M [00:11<00:55, 40.4kdoc/s]
  scoring:  19%|█▊        | 500k/2.68M [00:12<00:54, 40.4kdoc/s]
  scoring:  21%|██        | 550k/2.68M [00:13<00:53, 39.9kdoc/s]
  scoring:  22%|██▏       | 600k/2.68M [00:14<00:51, 40.1kdoc/s]
  scoring:  24%|██▍       | 650k/2.68M [00:16<00:51, 39.7kdoc/s]
  scoring:  26%|██▌       | 700k/2.68M [00:17<00:49, 40.2kdoc/s]
  scoring:  28%|██▊       | 750k/2.68M [00:18<00:47, 40.3kdoc/s]
  scoring:  30%|██▉       | 800k/2.68M [00:19<00:46, 40.9kdoc/s]
  scoring:  32%|███▏      | 850k/2.68M [00:21<00:44, 40.9kdoc/s]
  scoring:  34%|███▎      | 900k/2.68M [00:22<00:43, 40.7kdoc/s]
  scoring:  35%|███▌      | 950k/2.68M [00:23<00:42, 41.1kdoc/s]
  scoring:  37%|███▋      | 1.00M/2.68M [00:24<00:40, 41.1kdoc/s]
  scoring:  39%|███▉      | 1.05M/2.68M [00:25<00:40, 40.6kdoc/s]
  scoring:  41%|████      | 1.10M/2.68M [00:27<00:39, 40.2kdoc/s]
  scoring:  43%|████▎     | 1.15M/2.68M [00:28<00:37, 40.4kdoc/s]
  scoring:  45%|████▍     | 1.20M/2.68M [00:29<00:37, 40.0kdoc/s]
  scoring:  47%|████▋     | 1.25M/2.68M [00:30<00:35, 40.4kdoc/s]
  scoring:  48%|████▊     | 1.30M/2.68M [00:32<00:34, 40.1kdoc/s]
  scoring:  50%|█████     | 1.35M/2.68M [00:33<00:32, 40.5kdoc/s]
  scoring:  52%|█████▏    | 1.40M/2.68M [00:34<00:31, 40.2kdoc/s]
  scoring:  54%|█████▍    | 1.45M/2.68M [00:35<00:30, 40.2kdoc/s]
  scoring:  56%|█████▌    | 1.50M/2.68M [00:37<00:29, 40.0kdoc/s]
  scoring:  58%|█████▊    | 1.55M/2.68M [00:38<00:28, 40.0kdoc/s]
  scoring:  60%|█████▉    | 1.60M/2.68M [00:39<00:26, 40.1kdoc/s]
  scoring:  62%|██████▏   | 1.65M/2.68M [00:40<00:25, 40.0kdoc/s]
  scoring:  63%|██████▎   | 1.70M/2.68M [00:41<00:22, 43.2kdoc/s]
  scoring:  65%|██████▌   | 1.75M/2.68M [00:42<00:18, 49.5kdoc/s]
  scoring:  67%|██████▋   | 1.80M/2.68M [00:43<00:16, 53.6kdoc/s]
  scoring:  69%|██████▉   | 1.85M/2.68M [00:43<00:14, 58.7kdoc/s]
  scoring:  71%|███████   | 1.90M/2.68M [00:44<00:12, 63.3kdoc/s]
  scoring:  73%|███████▎  | 1.95M/2.68M [00:45<00:11, 66.1kdoc/s]
  scoring:  75%|███████▍  | 2.00M/2.68M [00:46<00:10, 67.0kdoc/s]
  scoring:  76%|███████▋  | 2.05M/2.68M [00:46<00:09, 69.5kdoc/s]
  scoring:  78%|███████▊  | 2.10M/2.68M [00:47<00:08, 71.7kdoc/s]
  scoring:  80%|████████  | 2.15M/2.68M [00:48<00:07, 69.8kdoc/s]
  scoring:  82%|████████▏ | 2.20M/2.68M [00:48<00:06, 71.5kdoc/s]
  scoring:  84%|████████▍ | 2.25M/2.68M [00:49<00:06, 71.3kdoc/s]
  scoring:  86%|████████▌ | 2.30M/2.68M [00:50<00:05, 71.6kdoc/s]
  scoring:  88%|████████▊ | 2.35M/2.68M [00:50<00:04, 70.9kdoc/s]
  scoring:  90%|████████▉ | 2.40M/2.68M [00:51<00:03, 73.1kdoc/s]
  scoring:  91%|█████████▏| 2.45M/2.68M [00:52<00:03, 73.4kdoc/s]
  scoring:  93%|█████████▎| 2.50M/2.68M [00:52<00:02, 72.0kdoc/s]
  scoring:  95%|█████████▌| 2.55M/2.68M [00:53<00:01, 72.1kdoc/s]
  scoring:  97%|█████████▋| 2.60M/2.68M [00:54<00:01, 72.9kdoc/s]
  scoring:  99%|█████████▉| 2.65M/2.68M [00:54<00:00, 72.0kdoc/s]
  scoring: 100%|██████████| 2.68M/2.68M [00:55<00:00, 72.8kdoc/s]
  scoring: 100%|██████████| 2.68M/2.68M [00:55<00:00, 48.4kdoc/s]
  NDCG@10: 0.5353  MRR@10: 0.4897  [index (2,681,468 docs)]

────────────────────────────────────────────────────────────
[dbpedia-entity]
  Loading queries and qrels ...
  400 queries, 400 with relevance judgments
  Encoding queries with query model ...
  queries: 64/400
  queries: 128/400
  queries: 192/400
  queries: 256/400
  queries: 320/400
  queries: 384/400
  queries: 400/400
  Retrieving from pre-built index (4,635,922 docs) ...

  scoring:   0%|          | 0.00/4.64M [00:00<?, ?doc/s]
  scoring:   1%|          | 50.0k/4.64M [00:00<00:31, 144kdoc/s]
  scoring:   2%|▏         | 100k/4.64M [00:00<00:28, 162kdoc/s] 
  scoring:   3%|▎         | 150k/4.64M [00:00<00:26, 171kdoc/s]
  scoring:   4%|▍         | 200k/4.64M [00:01<00:28, 158kdoc/s]
  scoring:   5%|▌         | 250k/4.64M [00:01<00:27, 159kdoc/s]
  scoring:   6%|▋         | 300k/4.64M [00:01<00:27, 157kdoc/s]
  scoring:   8%|▊         | 350k/4.64M [00:02<00:28, 153kdoc/s]
  scoring:   9%|▊         | 400k/4.64M [00:02<00:25, 163kdoc/s]
  scoring:  10%|▉         | 450k/4.64M [00:02<00:26, 159kdoc/s]
  scoring:  11%|█         | 500k/4.64M [00:03<00:27, 151kdoc/s]
  scoring:  12%|█▏        | 550k/4.64M [00:03<00:26, 152kdoc/s]
  scoring:  13%|█▎        | 600k/4.64M [00:03<00:26, 152kdoc/s]
  scoring:  14%|█▍        | 650k/4.64M [00:04<00:25, 157kdoc/s]
  scoring:  15%|█▌        | 700k/4.64M [00:04<00:25, 156kdoc/s]
  scoring:  16%|█▌        | 750k/4.64M [00:04<00:25, 154kdoc/s]
  scoring:  17%|█▋        | 800k/4.64M [00:05<00:25, 152kdoc/s]
  scoring:  18%|█▊        | 850k/4.64M [00:05<00:24, 154kdoc/s]
  scoring:  19%|█▉        | 900k/4.64M [00:05<00:23, 158kdoc/s]
  scoring:  20%|██        | 950k/4.64M [00:06<00:24, 151kdoc/s]
  scoring:  22%|██▏       | 1.00M/4.64M [00:06<00:23, 153kdoc/s]
  scoring:  23%|██▎       | 1.05M/4.64M [00:06<00:23, 152kdoc/s]
  scoring:  24%|██▎       | 1.10M/4.64M [00:07<00:23, 151kdoc/s]
  scoring:  25%|██▍       | 1.15M/4.64M [00:07<00:21, 162kdoc/s]
  scoring:  26%|██▌       | 1.20M/4.64M [00:07<00:21, 161kdoc/s]
  scoring:  27%|██▋       | 1.25M/4.64M [00:08<00:21, 157kdoc/s]
  scoring:  28%|██▊       | 1.30M/4.64M [00:08<00:21, 157kdoc/s]
  scoring:  29%|██▉       | 1.35M/4.64M [00:08<00:20, 158kdoc/s]
  scoring:  30%|███       | 1.40M/4.64M [00:08<00:20, 157kdoc/s]
  scoring:  31%|███▏      | 1.45M/4.64M [00:09<00:20, 158kdoc/s]
  scoring:  32%|███▏      | 1.50M/4.64M [00:09<00:19, 159kdoc/s]
  scoring:  33%|███▎      | 1.55M/4.64M [00:09<00:19, 156kdoc/s]
  scoring:  35%|███▍      | 1.60M/4.64M [00:10<00:19, 155kdoc/s]
  scoring:  36%|███▌      | 1.65M/4.64M [00:10<00:18, 163kdoc/s]
  scoring:  37%|███▋      | 1.70M/4.64M [00:10<00:18, 158kdoc/s]
  scoring:  38%|███▊      | 1.75M/4.64M [00:11<00:17, 161kdoc/s]
  scoring:  39%|███▉      | 1.80M/4.64M [00:11<00:17, 159kdoc/s]
  scoring:  40%|███▉      | 1.85M/4.64M [00:11<00:18, 153kdoc/s]
  scoring:  41%|████      | 1.90M/4.64M [00:12<00:17, 153kdoc/s]
  scoring:  42%|████▏     | 1.95M/4.64M [00:12<00:17, 153kdoc/s]
  scoring:  43%|████▎     | 2.00M/4.64M [00:12<00:17, 150kdoc/s]
  scoring:  44%|████▍     | 2.05M/4.64M [00:13<00:17, 152kdoc/s]
  scoring:  45%|████▌     | 2.10M/4.64M [00:13<00:16, 156kdoc/s]
  scoring:  46%|████▋     | 2.15M/4.64M [00:13<00:16, 153kdoc/s]
  scoring:  47%|████▋     | 2.20M/4.64M [00:14<00:14, 165kdoc/s]
  scoring:  49%|████▊     | 2.25M/4.64M [00:14<00:14, 163kdoc/s]
  scoring:  50%|████▉     | 2.30M/4.64M [00:14<00:14, 160kdoc/s]
  scoring:  51%|█████     | 2.35M/4.64M [00:14<00:14, 161kdoc/s]
  scoring:  52%|█████▏    | 2.40M/4.64M [00:15<00:14, 157kdoc/s]
  scoring:  53%|█████▎    | 2.45M/4.64M [00:15<00:13, 160kdoc/s]
  scoring:  54%|█████▍    | 2.50M/4.64M [00:15<00:13, 160kdoc/s]
  scoring:  55%|█████▌    | 2.55M/4.64M [00:16<00:13, 155kdoc/s]
  scoring:  56%|█████▌    | 2.60M/4.64M [00:16<00:13, 156kdoc/s]
  scoring:  57%|█████▋    | 2.65M/4.64M [00:16<00:12, 159kdoc/s]
  scoring:  58%|█████▊    | 2.70M/4.64M [00:17<00:12, 157kdoc/s]
  scoring:  59%|█████▉    | 2.75M/4.64M [00:17<00:12, 156kdoc/s]
  scoring:  60%|██████    | 2.80M/4.64M [00:17<00:11, 157kdoc/s]
  scoring:  61%|██████▏   | 2.85M/4.64M [00:18<00:11, 153kdoc/s]
  scoring:  63%|██████▎   | 2.90M/4.64M [00:18<00:11, 157kdoc/s]
  scoring:  64%|██████▎   | 2.95M/4.64M [00:18<00:10, 159kdoc/s]
  scoring:  65%|██████▍   | 3.00M/4.64M [00:19<00:10, 163kdoc/s]
  scoring:  66%|██████▌   | 3.05M/4.64M [00:19<00:09, 160kdoc/s]
  scoring:  67%|██████▋   | 3.10M/4.64M [00:19<00:09, 158kdoc/s]
  scoring:  68%|██████▊   | 3.15M/4.64M [00:20<00:09, 154kdoc/s]
  scoring:  69%|██████▉   | 3.20M/4.64M [00:20<00:09, 155kdoc/s]
  scoring:  70%|███████   | 3.25M/4.64M [00:20<00:08, 160kdoc/s]
  scoring:  71%|███████   | 3.30M/4.64M [00:21<00:08, 154kdoc/s]
  scoring:  72%|███████▏  | 3.35M/4.64M [00:21<00:08, 156kdoc/s]
  scoring:  73%|███████▎  | 3.40M/4.64M [00:21<00:08, 154kdoc/s]
  scoring:  74%|███████▍  | 3.45M/4.64M [00:22<00:07, 153kdoc/s]
  scoring:  75%|███████▌  | 3.50M/4.64M [00:22<00:07, 159kdoc/s]
  scoring:  77%|███████▋  | 3.55M/4.64M [00:22<00:06, 156kdoc/s]
  scoring:  78%|███████▊  | 3.60M/4.64M [00:23<00:06, 151kdoc/s]
  scoring:  79%|███████▊  | 3.65M/4.64M [00:23<00:06, 154kdoc/s]
  scoring:  80%|███████▉  | 3.70M/4.64M [00:23<00:06, 152kdoc/s]
  scoring:  81%|████████  | 3.75M/4.64M [00:23<00:05, 155kdoc/s]
  scoring:  82%|████████▏ | 3.80M/4.64M [00:24<00:05, 156kdoc/s]
  scoring:  83%|████████▎ | 3.85M/4.64M [00:24<00:05, 155kdoc/s]
  scoring:  84%|████████▍ | 3.90M/4.64M [00:24<00:04, 155kdoc/s]
  scoring:  85%|████████▌ | 3.95M/4.64M [00:25<00:04, 158kdoc/s]
  scoring:  86%|████████▋ | 4.00M/4.64M [00:25<00:04, 156kdoc/s]
  scoring:  87%|████████▋ | 4.05M/4.64M [00:25<00:03, 154kdoc/s]
  scoring:  88%|████████▊ | 4.10M/4.64M [00:26<00:03, 157kdoc/s]
  scoring:  90%|████████▉ | 4.15M/4.64M [00:26<00:03, 155kdoc/s]
  scoring:  91%|█████████ | 4.20M/4.64M [00:26<00:02, 152kdoc/s]
  scoring:  92%|█████████▏| 4.25M/4.64M [00:27<00:02, 154kdoc/s]
  scoring:  93%|█████████▎| 4.30M/4.64M [00:27<00:02, 160kdoc/s]
  scoring:  94%|█████████▍| 4.35M/4.64M [00:27<00:01, 156kdoc/s]
  scoring:  95%|█████████▍| 4.40M/4.64M [00:28<00:01, 159kdoc/s]
  scoring:  96%|█████████▌| 4.45M/4.64M [00:28<00:01, 157kdoc/s]
  scoring:  97%|█████████▋| 4.50M/4.64M [00:28<00:00, 154kdoc/s]
  scoring:  98%|█████████▊| 4.55M/4.64M [00:29<00:00, 162kdoc/s]
  scoring:  99%|█████████▉| 4.60M/4.64M [00:29<00:00, 158kdoc/s]
  scoring: 100%|██████████| 4.64M/4.64M [00:29<00:00, 160kdoc/s]
  scoring: 100%|██████████| 4.64M/4.64M [00:29<00:00, 157kdoc/s]
  NDCG@10: 0.4116  MRR@10: 0.7090  [index (4,635,922 docs)]

────────────────────────────────────────────────────────────
[hotpotqa]
  Loading queries and qrels ...
  7405 queries, 7405 with relevance judgments
  Encoding queries with query model ...
  queries: 64/7405
  queries: 128/7405
  queries: 192/7405
  queries: 256/7405
  queries: 320/7405
  queries: 384/7405
  queries: 448/7405
  queries: 512/7405
  queries: 576/7405
  queries: 640/7405
  queries: 704/7405
  queries: 768/7405
  queries: 832/7405
  queries: 896/7405
  queries: 960/7405
  queries: 1024/7405
  queries: 1088/7405
  queries: 1152/7405
  queries: 1216/7405
  queries: 1280/7405
  queries: 1344/7405
  queries: 1408/7405
  queries: 1472/7405
  queries: 1536/7405
  queries: 1600/7405
  queries: 1664/7405
  queries: 1728/7405
  queries: 1792/7405
  queries: 1856/7405
  queries: 1920/7405
  queries: 1984/7405
  queries: 2048/7405
  queries: 2112/7405
  queries: 2176/7405
  queries: 2240/7405
  queries: 2304/7405
  queries: 2368/7405
  queries: 2432/7405
  queries: 2496/7405
  queries: 2560/7405
  queries: 2624/7405
  queries: 2688/7405
  queries: 2752/7405
  queries: 2816/7405
  queries: 2880/7405
  queries: 2944/7405
  queries: 3008/7405
  queries: 3072/7405
  queries: 3136/7405
  queries: 3200/7405
  queries: 3264/7405
  queries: 3328/7405
  queries: 3392/7405
  queries: 3456/7405
  queries: 3520/7405
  queries: 3584/7405
  queries: 3648/7405
  queries: 3712/7405
  queries: 3776/7405
  queries: 3840/7405
  queries: 3904/7405
  queries: 3968/7405
  queries: 4032/7405
  queries: 4096/7405
  queries: 4160/7405
  queries: 4224/7405
  queries: 4288/7405
  queries: 4352/7405
  queries: 4416/7405
  queries: 4480/7405
  queries: 4544/7405
  queries: 4608/7405
  queries: 4672/7405
  queries: 4736/7405
  queries: 4800/7405
  queries: 4864/7405
  queries: 4928/7405
  queries: 4992/7405
  queries: 5056/7405
  queries: 5120/7405
  queries: 5184/7405
  queries: 5248/7405
  queries: 5312/7405
  queries: 5376/7405
  queries: 5440/7405
  queries: 5504/7405
  queries: 5568/7405
  queries: 5632/7405
  queries: 5696/7405
  queries: 5760/7405
  queries: 5824/7405
  queries: 5888/7405
  queries: 5952/7405
  queries: 6016/7405
  queries: 6080/7405
  queries: 6144/7405
  queries: 6208/7405
  queries: 6272/7405
  queries: 6336/7405
  queries: 6400/7405
  queries: 6464/7405
  queries: 6528/7405
  queries: 6592/7405
  queries: 6656/7405
  queries: 6720/7405
  queries: 6784/7405
  queries: 6848/7405
  queries: 6912/7405
  queries: 6976/7405
  queries: 7040/7405
  queries: 7104/7405
  queries: 7168/7405
  queries: 7232/7405
  queries: 7296/7405
  queries: 7360/7405
  queries: 7405/7405
  Retrieving from pre-built index (5,233,329 docs) ...

  scoring:   0%|          | 0.00/5.23M [00:00<?, ?doc/s]
  scoring:   1%|          | 50.0k/5.23M [00:02<04:16, 20.2kdoc/s]
  scoring:   2%|▏         | 100k/5.23M [00:04<04:10, 20.5kdoc/s] 
  scoring:   3%|▎         | 150k/5.23M [00:07<04:08, 20.4kdoc/s]
  scoring:   4%|▍         | 200k/5.23M [00:09<04:07, 20.4kdoc/s]
  scoring:   5%|▍         | 250k/5.23M [00:12<04:04, 20.4kdoc/s]
  scoring:   6%|▌         | 300k/5.23M [00:14<04:02, 20.4kdoc/s]
  scoring:   7%|▋         | 350k/5.23M [00:17<04:00, 20.3kdoc/s]
  scoring:   8%|▊         | 400k/5.23M [00:19<03:58, 20.2kdoc/s]
  scoring:   9%|▊         | 450k/5.23M [00:22<03:53, 20.5kdoc/s]
  scoring:  10%|▉         | 500k/5.23M [00:24<03:51, 20.4kdoc/s]
  scoring:  11%|█         | 550k/5.23M [00:26<03:49, 20.4kdoc/s]
  scoring:  11%|█▏        | 600k/5.23M [00:29<03:46, 20.4kdoc/s]
  scoring:  12%|█▏        | 650k/5.23M [00:31<03:44, 20.4kdoc/s]
  scoring:  13%|█▎        | 700k/5.23M [00:34<03:43, 20.3kdoc/s]
  scoring:  14%|█▍        | 750k/5.23M [00:36<03:41, 20.3kdoc/s]
  scoring:  15%|█▌        | 800k/5.23M [00:39<03:36, 20.5kdoc/s]
  scoring:  16%|█▌        | 850k/5.23M [00:41<03:32, 20.6kdoc/s]
  scoring:  17%|█▋        | 900k/5.23M [00:44<03:31, 20.5kdoc/s]
  scoring:  18%|█▊        | 950k/5.23M [00:46<03:29, 20.4kdoc/s]
  scoring:  19%|█▉        | 1.00M/5.23M [00:48<03:25, 20.6kdoc/s]
  scoring:  20%|██        | 1.05M/5.23M [00:51<03:24, 20.4kdoc/s]
  scoring:  21%|██        | 1.10M/5.23M [00:53<03:24, 20.2kdoc/s]
  scoring:  22%|██▏       | 1.15M/5.23M [00:56<03:21, 20.2kdoc/s]
  scoring:  23%|██▎       | 1.20M/5.23M [00:58<03:18, 20.4kdoc/s]
  scoring:  24%|██▍       | 1.25M/5.23M [01:01<03:15, 20.4kdoc/s]
  scoring:  25%|██▍       | 1.30M/5.23M [01:03<03:14, 20.3kdoc/s]
  scoring:  26%|██▌       | 1.35M/5.23M [01:06<03:11, 20.3kdoc/s]
  scoring:  27%|██▋       | 1.40M/5.23M [01:08<03:08, 20.3kdoc/s]
  scoring:  28%|██▊       | 1.45M/5.23M [01:11<03:05, 20.4kdoc/s]
  scoring:  29%|██▊       | 1.50M/5.23M [01:13<03:02, 20.5kdoc/s]
  scoring:  30%|██▉       | 1.55M/5.23M [01:16<03:00, 20.4kdoc/s]
  scoring:  31%|███       | 1.60M/5.23M [01:18<02:58, 20.3kdoc/s]
  scoring:  32%|███▏      | 1.65M/5.23M [01:20<02:55, 20.5kdoc/s]
  scoring:  32%|███▏      | 1.70M/5.23M [01:23<02:52, 20.5kdoc/s]
  scoring:  33%|███▎      | 1.75M/5.23M [01:25<02:50, 20.4kdoc/s]
  scoring:  34%|███▍      | 1.80M/5.23M [01:28<02:47, 20.5kdoc/s]
  scoring:  35%|███▌      | 1.85M/5.23M [01:30<02:44, 20.5kdoc/s]
  scoring:  36%|███▋      | 1.90M/5.23M [01:33<02:42, 20.5kdoc/s]
  scoring:  37%|███▋      | 1.95M/5.23M [01:35<02:40, 20.4kdoc/s]
  scoring:  38%|███▊      | 2.00M/5.23M [01:38<02:38, 20.4kdoc/s]
  scoring:  39%|███▉      | 2.05M/5.23M [01:40<02:36, 20.4kdoc/s]
  scoring:  40%|████      | 2.10M/5.23M [01:42<02:34, 20.3kdoc/s]
  scoring:  41%|████      | 2.15M/5.23M [01:45<02:31, 20.3kdoc/s]
  scoring:  42%|████▏     | 2.20M/5.23M [01:47<02:28, 20.4kdoc/s]
  scoring:  43%|████▎     | 2.25M/5.23M [01:50<02:25, 20.4kdoc/s]
  scoring:  44%|████▍     | 2.30M/5.23M [01:52<02:22, 20.5kdoc/s]
  scoring:  45%|████▍     | 2.35M/5.23M [01:55<02:19, 20.7kdoc/s]
  scoring:  46%|████▌     | 2.40M/5.23M [01:57<02:15, 20.9kdoc/s]
  scoring:  47%|████▋     | 2.45M/5.23M [01:59<02:15, 20.6kdoc/s]
  scoring:  48%|████▊     | 2.50M/5.23M [02:02<02:13, 20.5kdoc/s]
  scoring:  49%|████▊     | 2.55M/5.23M [02:04<02:09, 20.6kdoc/s]
  scoring:  50%|████▉     | 2.60M/5.23M [02:07<02:07, 20.6kdoc/s]
  scoring:  51%|█████     | 2.65M/5.23M [02:09<02:06, 20.5kdoc/s]
  scoring:  52%|█████▏    | 2.70M/5.23M [02:12<02:03, 20.5kdoc/s]
  scoring:  53%|█████▎    | 2.75M/5.23M [02:14<02:01, 20.5kdoc/s]
  scoring:  54%|█████▎    | 2.80M/5.23M [02:16<01:58, 20.6kdoc/s]
  scoring:  54%|█████▍    | 2.85M/5.23M [02:19<01:55, 20.6kdoc/s]
  scoring:  55%|█████▌    | 2.90M/5.23M [02:21<01:53, 20.6kdoc/s]
  scoring:  56%|█████▋    | 2.95M/5.23M [02:24<01:51, 20.6kdoc/s]
  scoring:  57%|█████▋    | 3.00M/5.23M [02:26<01:47, 20.7kdoc/s]
  scoring:  58%|█████▊    | 3.05M/5.23M [02:29<01:46, 20.6kdoc/s]
  scoring:  59%|█████▉    | 3.10M/5.23M [02:31<01:44, 20.4kdoc/s]
  scoring:  60%|██████    | 3.15M/5.23M [02:34<01:42, 20.3kdoc/s]
  scoring:  61%|██████    | 3.20M/5.23M [02:36<01:39, 20.4kdoc/s]
  scoring:  62%|██████▏   | 3.25M/5.23M [02:39<01:38, 20.1kdoc/s]
  scoring:  63%|██████▎   | 3.30M/5.23M [02:41<01:35, 20.2kdoc/s]
  scoring:  64%|██████▍   | 3.35M/5.23M [02:44<01:33, 20.1kdoc/s]
  scoring:  65%|██████▍   | 3.40M/5.23M [02:46<01:31, 20.1kdoc/s]
  scoring:  66%|██████▌   | 3.45M/5.23M [02:49<01:28, 20.2kdoc/s]
  scoring:  67%|██████▋   | 3.50M/5.23M [02:51<01:25, 20.2kdoc/s]
  scoring:  68%|██████▊   | 3.55M/5.23M [02:53<01:23, 20.3kdoc/s]
  scoring:  69%|██████▉   | 3.60M/5.23M [02:56<01:20, 20.2kdoc/s]
  scoring:  70%|██████▉   | 3.65M/5.23M [02:58<01:17, 20.4kdoc/s]
  scoring:  71%|███████   | 3.70M/5.23M [03:00<01:04, 23.8kdoc/s]
  scoring:  72%|███████▏  | 3.75M/5.23M [03:01<00:54, 27.1kdoc/s]
  scoring:  73%|███████▎  | 3.80M/5.23M [03:02<00:48, 29.7kdoc/s]
  scoring:  74%|███████▎  | 3.85M/5.23M [03:03<00:43, 31.6kdoc/s]
  scoring:  75%|███████▍  | 3.90M/5.23M [03:05<00:39, 33.7kdoc/s]
  scoring:  75%|███████▌  | 3.95M/5.23M [03:06<00:36, 34.9kdoc/s]
  scoring:  76%|███████▋  | 4.00M/5.23M [03:07<00:34, 35.8kdoc/s]
  scoring:  77%|███████▋  | 4.05M/5.23M [03:09<00:35, 33.0kdoc/s]
  scoring:  78%|███████▊  | 4.10M/5.23M [03:11<00:37, 29.9kdoc/s]
  scoring:  79%|███████▉  | 4.15M/5.23M [03:13<00:40, 26.9kdoc/s]
  scoring:  80%|████████  | 4.20M/5.23M [03:16<00:40, 25.6kdoc/s]
  scoring:  81%|████████  | 4.25M/5.23M [03:18<00:39, 24.7kdoc/s]
  scoring:  82%|████████▏ | 4.30M/5.23M [03:20<00:39, 23.9kdoc/s]
  scoring:  83%|████████▎ | 4.35M/5.23M [03:22<00:37, 23.3kdoc/s]
  scoring:  84%|████████▍ | 4.40M/5.23M [03:25<00:35, 23.3kdoc/s]
  scoring:  85%|████████▌ | 4.45M/5.23M [03:27<00:34, 23.0kdoc/s]
  scoring:  86%|████████▌ | 4.50M/5.23M [03:29<00:32, 22.6kdoc/s]
  scoring:  87%|████████▋ | 4.55M/5.23M [03:31<00:30, 22.6kdoc/s]
  scoring:  88%|████████▊ | 4.60M/5.23M [03:33<00:27, 22.7kdoc/s]
  scoring:  89%|████████▉ | 4.65M/5.23M [03:36<00:25, 22.5kdoc/s]
  scoring:  90%|████████▉ | 4.70M/5.23M [03:38<00:23, 22.6kdoc/s]
  scoring:  91%|█████████ | 4.75M/5.23M [03:40<00:21, 22.5kdoc/s]
  scoring:  92%|█████████▏| 4.80M/5.23M [03:42<00:19, 22.7kdoc/s]
  scoring:  93%|█████████▎| 4.85M/5.23M [03:45<00:17, 22.5kdoc/s]
  scoring:  94%|█████████▎| 4.90M/5.23M [03:47<00:15, 22.2kdoc/s]
  scoring:  95%|█████████▍| 4.95M/5.23M [03:49<00:12, 22.4kdoc/s]
  scoring:  96%|█████████▌| 5.00M/5.23M [03:51<00:10, 22.4kdoc/s]
  scoring:  96%|█████████▋| 5.05M/5.23M [03:53<00:08, 22.6kdoc/s]
  scoring:  97%|█████████▋| 5.10M/5.23M [03:56<00:05, 22.5kdoc/s]
  scoring:  98%|█████████▊| 5.15M/5.23M [03:58<00:03, 22.5kdoc/s]
  scoring:  99%|█████████▉| 5.20M/5.23M [04:00<00:01, 22.5kdoc/s]
  scoring: 100%|██████████| 5.23M/5.23M [04:02<00:00, 22.6kdoc/s]
  scoring: 100%|██████████| 5.23M/5.23M [04:02<00:00, 21.6kdoc/s]
  NDCG@10: 0.6324  MRR@10: 0.8078  [index (5,233,329 docs)]

────────────────────────────────────────────────────────────
[fever]
  Loading queries and qrels ...
  6666 queries, 6666 with relevance judgments
  Encoding queries with query model ...
  queries: 64/6666
  queries: 128/6666
  queries: 192/6666
  queries: 256/6666
  queries: 320/6666
  queries: 384/6666
  queries: 448/6666
  queries: 512/6666
  queries: 576/6666
  queries: 640/6666
  queries: 704/6666
  queries: 768/6666
  queries: 832/6666
  queries: 896/6666
  queries: 960/6666
  queries: 1024/6666
  queries: 1088/6666
  queries: 1152/6666
  queries: 1216/6666
  queries: 1280/6666
  queries: 1344/6666
  queries: 1408/6666
  queries: 1472/6666
  queries: 1536/6666
  queries: 1600/6666
  queries: 1664/6666
  queries: 1728/6666
  queries: 1792/6666
  queries: 1856/6666
  queries: 1920/6666
  queries: 1984/6666
  queries: 2048/6666
  queries: 2112/6666
  queries: 2176/6666
  queries: 2240/6666
  queries: 2304/6666
  queries: 2368/6666
  queries: 2432/6666
  queries: 2496/6666
  queries: 2560/6666
  queries: 2624/6666
  queries: 2688/6666
  queries: 2752/6666
  queries: 2816/6666
  queries: 2880/6666
  queries: 2944/6666
  queries: 3008/6666
  queries: 3072/6666
  queries: 3136/6666
  queries: 3200/6666
  queries: 3264/6666
  queries: 3328/6666
  queries: 3392/6666
  queries: 3456/6666
  queries: 3520/6666
  queries: 3584/6666
  queries: 3648/6666
  queries: 3712/6666
  queries: 3776/6666
  queries: 3840/6666
  queries: 3904/6666
  queries: 3968/6666
  queries: 4032/6666
  queries: 4096/6666
  queries: 4160/6666
  queries: 4224/6666
  queries: 4288/6666
  queries: 4352/6666
  queries: 4416/6666
  queries: 4480/6666
  queries: 4544/6666
  queries: 4608/6666
  queries: 4672/6666
  queries: 4736/6666
  queries: 4800/6666
  queries: 4864/6666
  queries: 4928/6666
  queries: 4992/6666
  queries: 5056/6666
  queries: 5120/6666
  queries: 5184/6666
  queries: 5248/6666
  queries: 5312/6666
  queries: 5376/6666
  queries: 5440/6666
  queries: 5504/6666
  queries: 5568/6666
  queries: 5632/6666
  queries: 5696/6666
  queries: 5760/6666
  queries: 5824/6666
  queries: 5888/6666
  queries: 5952/6666
  queries: 6016/6666
  queries: 6080/6666
  queries: 6144/6666
  queries: 6208/6666
  queries: 6272/6666
  queries: 6336/6666
  queries: 6400/6666
  queries: 6464/6666
  queries: 6528/6666
  queries: 6592/6666
  queries: 6656/6666
  queries: 6666/6666
  Retrieving from pre-built index (5,416,568 docs) ...

  scoring:   0%|          | 0.00/5.42M [00:00<?, ?doc/s]
  scoring:   1%|          | 50.0k/5.42M [00:01<02:12, 40.4kdoc/s]
  scoring:   2%|▏         | 100k/5.42M [00:02<02:06, 41.9kdoc/s] 
  scoring:   3%|▎         | 150k/5.42M [00:03<02:05, 42.1kdoc/s]
  scoring:   4%|▎         | 200k/5.42M [00:04<02:06, 41.4kdoc/s]
  scoring:   5%|▍         | 250k/5.42M [00:06<02:04, 41.5kdoc/s]
  scoring:   6%|▌         | 300k/5.42M [00:07<02:04, 41.0kdoc/s]
  scoring:   6%|▋         | 350k/5.42M [00:08<02:04, 40.8kdoc/s]
  scoring:   7%|▋         | 400k/5.42M [00:09<02:02, 40.9kdoc/s]
  scoring:   8%|▊         | 450k/5.42M [00:10<01:59, 41.7kdoc/s]
  scoring:   9%|▉         | 500k/5.42M [00:12<01:57, 41.9kdoc/s]
  scoring:  10%|█         | 550k/5.42M [00:13<01:57, 41.6kdoc/s]
  scoring:  11%|█         | 600k/5.42M [00:14<01:58, 40.8kdoc/s]
  scoring:  12%|█▏        | 650k/5.42M [00:15<01:57, 40.7kdoc/s]
  scoring:  13%|█▎        | 700k/5.42M [00:17<01:55, 40.8kdoc/s]
  scoring:  14%|█▍        | 750k/5.42M [00:18<01:53, 41.1kdoc/s]
  scoring:  15%|█▍        | 800k/5.42M [00:19<01:49, 42.1kdoc/s]
  scoring:  16%|█▌        | 850k/5.42M [00:20<01:54, 40.1kdoc/s]
  scoring:  17%|█▋        | 900k/5.42M [00:21<01:51, 40.7kdoc/s]
  scoring:  18%|█▊        | 950k/5.42M [00:23<01:47, 41.5kdoc/s]
  scoring:  18%|█▊        | 1.00M/5.42M [00:24<01:45, 41.7kdoc/s]
  scoring:  19%|█▉        | 1.05M/5.42M [00:25<01:49, 39.7kdoc/s]
  scoring:  20%|██        | 1.10M/5.42M [00:27<02:08, 33.5kdoc/s]
  scoring:  21%|██        | 1.15M/5.42M [00:28<02:01, 35.1kdoc/s]
  scoring:  22%|██▏       | 1.20M/5.42M [00:30<01:55, 36.7kdoc/s]
  scoring:  23%|██▎       | 1.25M/5.42M [00:31<01:49, 38.1kdoc/s]
  scoring:  24%|██▍       | 1.30M/5.42M [00:32<01:44, 39.4kdoc/s]
  scoring:  25%|██▍       | 1.35M/5.42M [00:33<01:41, 40.2kdoc/s]
  scoring:  26%|██▌       | 1.40M/5.42M [00:35<01:51, 36.0kdoc/s]
  scoring:  27%|██▋       | 1.45M/5.42M [00:36<01:51, 35.5kdoc/s]
  scoring:  28%|██▊       | 1.50M/5.42M [00:37<01:43, 37.8kdoc/s]
  scoring:  29%|██▊       | 1.55M/5.42M [00:39<01:37, 39.5kdoc/s]
  scoring:  30%|██▉       | 1.60M/5.42M [00:40<01:35, 40.0kdoc/s]
  scoring:  30%|███       | 1.65M/5.42M [00:41<01:39, 37.9kdoc/s]
  scoring:  31%|███▏      | 1.70M/5.42M [00:43<01:41, 36.5kdoc/s]
  scoring:  32%|███▏      | 1.75M/5.42M [00:44<01:37, 37.6kdoc/s]
  scoring:  33%|███▎      | 1.80M/5.42M [00:45<01:33, 38.8kdoc/s]
  scoring:  34%|███▍      | 1.85M/5.42M [00:46<01:29, 39.8kdoc/s]
  scoring:  35%|███▌      | 1.90M/5.42M [00:48<01:25, 41.0kdoc/s]
  scoring:  36%|███▌      | 1.95M/5.42M [00:49<01:26, 39.9kdoc/s]
  scoring:  37%|███▋      | 2.00M/5.42M [00:50<01:23, 40.8kdoc/s]
  scoring:  38%|███▊      | 2.05M/5.42M [00:51<01:20, 41.9kdoc/s]
  scoring:  39%|███▉      | 2.10M/5.42M [00:52<01:20, 41.5kdoc/s]
  scoring:  40%|███▉      | 2.15M/5.42M [00:54<01:19, 41.0kdoc/s]
  scoring:  41%|████      | 2.20M/5.42M [00:55<01:23, 38.6kdoc/s]
  scoring:  42%|████▏     | 2.25M/5.42M [00:56<01:21, 38.9kdoc/s]
  scoring:  42%|████▏     | 2.30M/5.42M [00:57<01:16, 40.7kdoc/s]
  scoring:  43%|████▎     | 2.35M/5.42M [00:59<01:14, 41.2kdoc/s]
  scoring:  44%|████▍     | 2.40M/5.42M [01:00<01:11, 41.9kdoc/s]
  scoring:  45%|████▌     | 2.45M/5.42M [01:01<01:18, 37.6kdoc/s]
  scoring:  46%|████▌     | 2.50M/5.42M [01:04<01:31, 31.7kdoc/s]
  scoring:  47%|████▋     | 2.55M/5.42M [01:06<01:41, 28.2kdoc/s]
  scoring:  48%|████▊     | 2.60M/5.42M [01:08<01:48, 26.0kdoc/s]
  scoring:  49%|████▉     | 2.65M/5.42M [01:10<01:52, 24.5kdoc/s]
  scoring:  50%|████▉     | 2.70M/5.42M [01:13<01:53, 23.9kdoc/s]
  scoring:  51%|█████     | 2.75M/5.42M [01:15<01:52, 23.7kdoc/s]
  scoring:  52%|█████▏    | 2.80M/5.42M [01:17<01:52, 23.3kdoc/s]
  scoring:  53%|█████▎    | 2.85M/5.42M [01:19<01:52, 22.8kdoc/s]
  scoring:  54%|█████▎    | 2.90M/5.42M [01:22<01:52, 22.4kdoc/s]
  scoring:  54%|█████▍    | 2.95M/5.42M [01:24<01:51, 22.2kdoc/s]
  scoring:  55%|█████▌    | 3.00M/5.42M [01:26<01:49, 22.1kdoc/s]
  scoring:  56%|█████▋    | 3.05M/5.42M [01:29<01:47, 22.0kdoc/s]
  scoring:  57%|█████▋    | 3.10M/5.42M [01:31<01:45, 22.0kdoc/s]
  scoring:  58%|█████▊    | 3.15M/5.42M [01:33<01:43, 21.9kdoc/s]
  scoring:  59%|█████▉    | 3.20M/5.42M [01:35<01:40, 22.0kdoc/s]
  scoring:  60%|██████    | 3.25M/5.42M [01:38<01:38, 22.1kdoc/s]
  scoring:  61%|██████    | 3.30M/5.42M [01:40<01:36, 21.9kdoc/s]
  scoring:  62%|██████▏   | 3.35M/5.42M [01:42<01:35, 21.7kdoc/s]
  scoring:  63%|██████▎   | 3.40M/5.42M [01:45<01:32, 21.7kdoc/s]
  scoring:  64%|██████▎   | 3.45M/5.42M [01:47<01:30, 21.6kdoc/s]
  scoring:  65%|██████▍   | 3.50M/5.42M [01:49<01:27, 22.0kdoc/s]
  scoring:  66%|██████▌   | 3.55M/5.42M [01:50<01:13, 25.5kdoc/s]
  scoring:  66%|██████▋   | 3.60M/5.42M [01:52<01:03, 28.7kdoc/s]
  scoring:  67%|██████▋   | 3.65M/5.42M [01:53<00:55, 31.9kdoc/s]
  scoring:  68%|██████▊   | 3.70M/5.42M [01:54<00:50, 34.1kdoc/s]
  scoring:  69%|██████▉   | 3.75M/5.42M [01:55<00:50, 33.3kdoc/s]
  scoring:  70%|███████   | 3.80M/5.42M [01:58<00:54, 29.5kdoc/s]
  scoring:  71%|███████   | 3.85M/5.42M [02:00<00:56, 27.7kdoc/s]
  scoring:  72%|███████▏  | 3.90M/5.42M [02:02<00:58, 26.0kdoc/s]
  scoring:  73%|███████▎  | 3.95M/5.42M [02:04<00:59, 24.8kdoc/s]
  scoring:  74%|███████▍  | 4.00M/5.42M [02:06<00:58, 24.1kdoc/s]
  scoring:  75%|███████▍  | 4.05M/5.42M [02:08<00:57, 23.8kdoc/s]
  scoring:  76%|███████▌  | 4.10M/5.42M [02:11<00:56, 23.3kdoc/s]
  scoring:  77%|███████▋  | 4.15M/5.42M [02:13<00:55, 22.9kdoc/s]
  scoring:  78%|███████▊  | 4.20M/5.42M [02:15<00:53, 22.8kdoc/s]
  scoring:  78%|███████▊  | 4.25M/5.42M [02:17<00:51, 22.6kdoc/s]
  scoring:  79%|███████▉  | 4.30M/5.42M [02:20<00:49, 22.7kdoc/s]
  scoring:  80%|████████  | 4.35M/5.42M [02:22<00:47, 22.7kdoc/s]
  scoring:  81%|████████  | 4.40M/5.42M [02:24<00:45, 22.5kdoc/s]
  scoring:  82%|████████▏ | 4.45M/5.42M [02:26<00:42, 22.6kdoc/s]
  scoring:  83%|████████▎ | 4.50M/5.42M [02:28<00:39, 22.9kdoc/s]
  scoring:  84%|████████▍ | 4.55M/5.42M [02:31<00:37, 23.0kdoc/s]
  scoring:  85%|████████▍ | 4.60M/5.42M [02:33<00:36, 22.6kdoc/s]
  scoring:  86%|████████▌ | 4.65M/5.42M [02:35<00:34, 22.5kdoc/s]
  scoring:  87%|████████▋ | 4.70M/5.42M [02:37<00:31, 22.8kdoc/s]
  scoring:  88%|████████▊ | 4.75M/5.42M [02:39<00:29, 22.8kdoc/s]
  scoring:  89%|████████▊ | 4.80M/5.42M [02:42<00:27, 22.8kdoc/s]
  scoring:  90%|████████▉ | 4.85M/5.42M [02:44<00:25, 22.5kdoc/s]
  scoring:  90%|█████████ | 4.90M/5.42M [02:46<00:22, 22.6kdoc/s]
  scoring:  91%|█████████▏| 4.95M/5.42M [02:48<00:20, 22.7kdoc/s]
  scoring:  92%|█████████▏| 5.00M/5.42M [02:51<00:18, 22.6kdoc/s]
  scoring:  93%|█████████▎| 5.05M/5.42M [02:53<00:16, 22.4kdoc/s]
  scoring:  94%|█████████▍| 5.10M/5.42M [02:55<00:14, 22.4kdoc/s]
  scoring:  95%|█████████▌| 5.15M/5.42M [02:57<00:11, 22.5kdoc/s]
  scoring:  96%|█████████▌| 5.20M/5.42M [02:59<00:09, 22.6kdoc/s]
  scoring:  97%|█████████▋| 5.25M/5.42M [03:02<00:07, 22.4kdoc/s]
  scoring:  98%|█████████▊| 5.30M/5.42M [03:04<00:05, 22.2kdoc/s]
  scoring:  99%|█████████▉| 5.35M/5.42M [03:06<00:02, 23.9kdoc/s]
  scoring: 100%|█████████▉| 5.40M/5.42M [03:07<00:00, 27.5kdoc/s]
  scoring: 100%|██████████| 5.42M/5.42M [03:07<00:00, 28.7kdoc/s]
  scoring: 100%|██████████| 5.42M/5.42M [03:07<00:00, 28.8kdoc/s]
  NDCG@10: 0.6811  MRR@10: 0.6726  [index (5,416,568 docs)]

────────────────────────────────────────────────────────────
[climate-fever]
  Loading queries and qrels ...
  1534 queries, 1535 with relevance judgments
  Encoding queries with query model ...
  queries: 64/1534
  queries: 128/1534
  queries: 192/1534
  queries: 256/1534
  queries: 320/1534
  queries: 384/1534
  queries: 448/1534
  queries: 512/1534
  queries: 576/1534
  queries: 640/1534
  queries: 704/1534
  queries: 768/1534
  queries: 832/1534
  queries: 896/1534
  queries: 960/1534
  queries: 1024/1534
  queries: 1088/1534
  queries: 1152/1534
  queries: 1216/1534
  queries: 1280/1534
  queries: 1344/1534
  queries: 1408/1534
  queries: 1472/1534
  queries: 1534/1534
  Retrieving from pre-built index (5,416,593 docs) ...

  scoring:   0%|          | 0.00/5.42M [00:00<?, ?doc/s]
  scoring:   1%|          | 50.0k/5.42M [00:00<00:45, 117kdoc/s]
  scoring:   2%|▏         | 100k/5.42M [00:00<00:48, 110kdoc/s] 
  scoring:   3%|▎         | 150k/5.42M [00:01<00:52, 101kdoc/s]
  scoring:   4%|▎         | 200k/5.42M [00:01<00:50, 104kdoc/s]
  scoring:   5%|▍         | 250k/5.42M [00:02<00:51, 100kdoc/s]
  scoring:   6%|▌         | 300k/5.42M [00:03<00:53, 95.8kdoc/s]
  scoring:   6%|▋         | 350k/5.42M [00:03<00:51, 98.5kdoc/s]
  scoring:   7%|▋         | 400k/5.42M [00:03<00:51, 98.2kdoc/s]
  scoring:   8%|▊         | 450k/5.42M [00:04<00:50, 98.8kdoc/s]
  scoring:   9%|▉         | 500k/5.42M [00:04<00:49, 99.8kdoc/s]
  scoring:  10%|█         | 550k/5.42M [00:05<00:49, 98.1kdoc/s]
  scoring:  11%|█         | 600k/5.42M [00:05<00:46, 103kdoc/s] 
  scoring:  12%|█▏        | 650k/5.42M [00:06<00:46, 102kdoc/s]
  scoring:  13%|█▎        | 700k/5.42M [00:06<00:47, 99.2kdoc/s]
  scoring:  14%|█▍        | 750k/5.42M [00:07<00:47, 97.7kdoc/s]
  scoring:  15%|█▍        | 800k/5.42M [00:07<00:46, 99.9kdoc/s]
  scoring:  16%|█▌        | 850k/5.42M [00:08<00:45, 101kdoc/s] 
  scoring:  17%|█▋        | 900k/5.42M [00:08<00:45, 99.2kdoc/s]
  scoring:  18%|█▊        | 950k/5.42M [00:09<00:46, 95.6kdoc/s]
  scoring:  18%|█▊        | 1.00M/5.42M [00:10<00:47, 93.7kdoc/s]
  scoring:  19%|█▉        | 1.05M/5.42M [00:10<00:45, 96.1kdoc/s]
  scoring:  20%|██        | 1.10M/5.42M [00:11<00:44, 96.9kdoc/s]
  scoring:  21%|██        | 1.15M/5.42M [00:11<00:44, 96.9kdoc/s]
  scoring:  22%|██▏       | 1.20M/5.42M [00:12<00:43, 96.2kdoc/s]
  scoring:  23%|██▎       | 1.25M/5.42M [00:12<00:43, 95.7kdoc/s]
  scoring:  24%|██▍       | 1.30M/5.42M [00:13<00:42, 95.8kdoc/s]
  scoring:  25%|██▍       | 1.35M/5.42M [00:13<00:42, 94.7kdoc/s]
  scoring:  26%|██▌       | 1.40M/5.42M [00:14<00:41, 97.2kdoc/s]
  scoring:  27%|██▋       | 1.45M/5.42M [00:14<00:39, 99.2kdoc/s]
  scoring:  28%|██▊       | 1.50M/5.42M [00:15<00:39, 98.3kdoc/s]
  scoring:  29%|██▊       | 1.55M/5.42M [00:15<00:37, 103kdoc/s] 
  scoring:  30%|██▉       | 1.60M/5.42M [00:16<00:37, 101kdoc/s]
  scoring:  30%|███       | 1.65M/5.42M [00:16<00:38, 99.0kdoc/s]
  scoring:  31%|███▏      | 1.70M/5.42M [00:17<00:37, 100kdoc/s] 
  scoring:  32%|███▏      | 1.75M/5.42M [00:17<00:37, 98.0kdoc/s]
  scoring:  33%|███▎      | 1.80M/5.42M [00:18<00:35, 100kdoc/s] 
  scoring:  34%|███▍      | 1.85M/5.42M [00:18<00:35, 99.1kdoc/s]
  scoring:  35%|███▌      | 1.90M/5.42M [00:19<00:36, 95.6kdoc/s]
  scoring:  36%|███▌      | 1.95M/5.42M [00:19<00:37, 93.0kdoc/s]
  scoring:  37%|███▋      | 2.00M/5.42M [00:20<00:36, 94.0kdoc/s]
  scoring:  38%|███▊      | 2.05M/5.42M [00:20<00:35, 94.9kdoc/s]
  scoring:  39%|███▉      | 2.10M/5.42M [00:21<00:34, 96.7kdoc/s]
  scoring:  40%|███▉      | 2.15M/5.42M [00:21<00:33, 98.1kdoc/s]
  scoring:  41%|████      | 2.20M/5.42M [00:22<00:33, 96.8kdoc/s]
  scoring:  42%|████▏     | 2.25M/5.42M [00:22<00:32, 98.2kdoc/s]
  scoring:  42%|████▏     | 2.30M/5.42M [00:23<00:30, 101kdoc/s] 
  scoring:  43%|████▎     | 2.35M/5.42M [00:23<00:28, 109kdoc/s]
  scoring:  44%|████▍     | 2.40M/5.42M [00:24<00:25, 117kdoc/s]
  scoring:  45%|████▌     | 2.45M/5.42M [00:24<00:23, 125kdoc/s]
  scoring:  46%|████▌     | 2.50M/5.42M [00:24<00:22, 131kdoc/s]
  scoring:  47%|████▋     | 2.55M/5.42M [00:25<00:21, 134kdoc/s]
  scoring:  48%|████▊     | 2.60M/5.42M [00:25<00:20, 137kdoc/s]
  scoring:  49%|████▉     | 2.65M/5.42M [00:25<00:20, 138kdoc/s]
  scoring:  50%|████▉     | 2.70M/5.42M [00:26<00:19, 136kdoc/s]
  scoring:  51%|█████     | 2.75M/5.42M [00:26<00:19, 138kdoc/s]
  scoring:  52%|█████▏    | 2.80M/5.42M [00:26<00:18, 140kdoc/s]
  scoring:  53%|█████▎    | 2.85M/5.42M [00:27<00:18, 142kdoc/s]
  scoring:  54%|█████▎    | 2.90M/5.42M [00:27<00:17, 143kdoc/s]
  scoring:  54%|█████▍    | 2.95M/5.42M [00:27<00:17, 143kdoc/s]
  scoring:  55%|█████▌    | 3.00M/5.42M [00:28<00:17, 141kdoc/s]
  scoring:  56%|█████▋    | 3.05M/5.42M [00:28<00:16, 140kdoc/s]
  scoring:  57%|█████▋    | 3.10M/5.42M [00:29<00:16, 137kdoc/s]
  scoring:  58%|█████▊    | 3.15M/5.42M [00:29<00:16, 140kdoc/s]
  scoring:  59%|█████▉    | 3.20M/5.42M [00:29<00:16, 136kdoc/s]
  scoring:  60%|██████    | 3.25M/5.42M [00:30<00:16, 132kdoc/s]
  scoring:  61%|██████    | 3.30M/5.42M [00:30<00:16, 132kdoc/s]
  scoring:  62%|██████▏   | 3.35M/5.42M [00:31<00:18, 114kdoc/s]
  scoring:  63%|██████▎   | 3.40M/5.42M [00:31<00:20, 101kdoc/s]
  scoring:  64%|██████▎   | 3.45M/5.42M [00:32<00:21, 92.9kdoc/s]
  scoring:  65%|██████▍   | 3.50M/5.42M [00:33<00:21, 89.0kdoc/s]
  scoring:  66%|██████▌   | 3.55M/5.42M [00:33<00:22, 84.3kdoc/s]
  scoring:  66%|██████▋   | 3.60M/5.42M [00:34<00:22, 79.7kdoc/s]
  scoring:  67%|██████▋   | 3.65M/5.42M [00:35<00:22, 78.4kdoc/s]
  scoring:  68%|██████▊   | 3.70M/5.42M [00:35<00:21, 78.3kdoc/s]
  scoring:  69%|██████▉   | 3.75M/5.42M [00:36<00:21, 78.4kdoc/s]
  scoring:  70%|███████   | 3.80M/5.42M [00:36<00:20, 77.8kdoc/s]
  scoring:  71%|███████   | 3.85M/5.42M [00:37<00:20, 78.2kdoc/s]
  scoring:  72%|███████▏  | 3.90M/5.42M [00:38<00:19, 77.1kdoc/s]
  scoring:  73%|███████▎  | 3.95M/5.42M [00:38<00:19, 76.7kdoc/s]
  scoring:  74%|███████▍  | 4.00M/5.42M [00:39<00:18, 75.4kdoc/s]
  scoring:  75%|███████▍  | 4.05M/5.42M [00:40<00:18, 75.8kdoc/s]
  scoring:  76%|███████▌  | 4.10M/5.42M [00:40<00:16, 77.9kdoc/s]
  scoring:  77%|███████▋  | 4.15M/5.42M [00:41<00:14, 86.7kdoc/s]
  scoring:  78%|███████▊  | 4.20M/5.42M [00:41<00:14, 82.3kdoc/s]
  scoring:  78%|███████▊  | 4.25M/5.42M [00:42<00:14, 79.1kdoc/s]
  scoring:  79%|███████▉  | 4.30M/5.42M [00:43<00:14, 76.6kdoc/s]
  scoring:  80%|████████  | 4.35M/5.42M [00:44<00:13, 77.3kdoc/s]
  scoring:  81%|████████  | 4.40M/5.42M [00:44<00:13, 75.8kdoc/s]
  scoring:  82%|████████▏ | 4.45M/5.42M [00:45<00:12, 76.3kdoc/s]
  scoring:  83%|████████▎ | 4.50M/5.42M [00:45<00:11, 78.1kdoc/s]
  scoring:  84%|████████▍ | 4.55M/5.42M [00:46<00:11, 78.2kdoc/s]
  scoring:  85%|████████▍ | 4.60M/5.42M [00:47<00:10, 78.5kdoc/s]
  scoring:  86%|████████▌ | 4.65M/5.42M [00:47<00:09, 77.4kdoc/s]
  scoring:  87%|████████▋ | 4.70M/5.42M [00:48<00:09, 78.7kdoc/s]
  scoring:  88%|████████▊ | 4.75M/5.42M [00:49<00:08, 77.8kdoc/s]
  scoring:  89%|████████▊ | 4.80M/5.42M [00:49<00:07, 77.4kdoc/s]
  scoring:  90%|████████▉ | 4.85M/5.42M [00:50<00:07, 77.4kdoc/s]
  scoring:  90%|█████████ | 4.90M/5.42M [00:51<00:06, 77.1kdoc/s]
  scoring:  91%|█████████▏| 4.95M/5.42M [00:51<00:06, 76.4kdoc/s]
  scoring:  92%|█████████▏| 5.00M/5.42M [00:52<00:05, 76.5kdoc/s]
  scoring:  93%|█████████▎| 5.05M/5.42M [00:53<00:04, 78.6kdoc/s]
  scoring:  94%|█████████▍| 5.10M/5.42M [00:53<00:04, 78.4kdoc/s]
  scoring:  95%|█████████▌| 5.15M/5.42M [00:54<00:03, 78.7kdoc/s]
  scoring:  96%|█████████▌| 5.20M/5.42M [00:54<00:02, 77.9kdoc/s]
  scoring:  97%|█████████▋| 5.25M/5.42M [00:55<00:02, 77.3kdoc/s]
  scoring:  98%|█████████▊| 5.30M/5.42M [00:56<00:01, 77.3kdoc/s]
  scoring:  99%|█████████▉| 5.35M/5.42M [00:56<00:00, 76.5kdoc/s]
  scoring: 100%|█████████▉| 5.40M/5.42M [00:57<00:00, 78.4kdoc/s]
  scoring: 100%|██████████| 5.42M/5.42M [00:57<00:00, 78.9kdoc/s]
  scoring: 100%|██████████| 5.42M/5.42M [00:57<00:00, 93.8kdoc/s]
  NDCG@10: 0.1655  MRR@10: 0.2306  [index (5,416,593 docs)]

============================================================
Checkpoint : checkpoints_splade-v3/splade_shallow_spaced1/best_NanoMSMARCO.pt
Stage      : splade_shallow
────────────────────────────────────────────────────────────
Dataset                 NDCG@10     MRR@10
──────────────────────────────────────────
nfcorpus                 0.3306     0.5508
scifact                  0.6160     0.5919
arguana                  0.3166     0.2133
scidocs                  0.1470     0.2598
fiqa                     0.3061     0.3756
trec-covid               0.7062     0.9085
webis-touche2020         0.2819     0.5640
quora                    0.7630     0.7419
nq                       0.5353     0.4897
dbpedia-entity           0.4116     0.7090
hotpotqa                 0.6324     0.8078
fever                    0.6811     0.6726
climate-fever            0.1655     0.2306
──────────────────────────────────────────
Average                  0.4533     0.5474
============================================================
  done in 12.1 min, got 0 datasets

Wrote /home/capemox/projects/sae-smo-splade/results/beir_splade_spaced_eval.md

[spaced3] layers=[0, 6, 11]

============================================================
[spaced3] /home/capemox/projects/sae-smo-splade/.venv/bin/python scripts/eval_beir.py --stage splade_shallow --config config.yaml --index_dir data/beir_index --datasets nfcorpus scifact arguana scidocs fiqa trec-covid webis-touche2020 quora nq dbpedia-entity hotpotqa fever climate-fever --encode_batch_size 64 --densify_chunk 4096 --checkpoint checkpoints_splade-v3/splade_shallow_spaced3/best_NanoMSMARCO.pt
Device: cuda
Loading frozen doc SPLADE: naver/splade-v3 ...

Loading weights:   0%|          | 0/204 [00:00<?, ?it/s]
Loading weights: 100%|██████████| 204/204 [00:00<00:00, 39247.65it/s]
Loading ShallowSpladeQuery (3 layers) from checkpoints_splade-v3/splade_shallow_spaced3/best_NanoMSMARCO.pt ...

Loading weights:   0%|          | 0/204 [00:00<?, ?it/s]
Loading weights: 100%|██████████| 204/204 [00:00<00:00, 12995.52it/s]
  Step: 50000

────────────────────────────────────────────────────────────
[nfcorpus]
  Loading queries and qrels ...
Exception in thread Thread-auto_conversion:
Traceback (most recent call last):
  File "/home/capemox/.local/share/uv/python/cpython-3.10.16-linux-x86_64-gnu/lib/python3.10/threading.py", line 1016, in _bootstrap_inner
    self.run()
  File "/home/capemox/.local/share/uv/python/cpython-3.10.16-linux-x86_64-gnu/lib/python3.10/threading.py", line 953, in run
    self._target(*self._args, **self._kwargs)
  File "/home/capemox/projects/sae-smo-splade/.venv/lib/python3.10/site-packages/transformers/safetensors_conversion.py", line 117, in auto_conversion
    raise e
  File "/home/capemox/projects/sae-smo-splade/.venv/lib/python3.10/site-packages/transformers/safetensors_conversion.py", line 96, in auto_conversion
    sha = get_conversion_pr_reference(api, pretrained_model_name_or_path, **cached_file_kwargs)
  File "/home/capemox/projects/sae-smo-splade/.venv/lib/python3.10/site-packages/transformers/safetensors_conversion.py", line 77, in get_conversion_pr_reference
    raise OSError(
OSError: Could not create safetensors conversion PR. The repo does not appear to have a file named pytorch_model.bin or model.safetensors.If you are loading with variant, use `use_safetensors=False` to load the original model.
Exception in thread Thread-auto_conversion:
Traceback (most recent call last):
  File "/home/capemox/.local/share/uv/python/cpython-3.10.16-linux-x86_64-gnu/lib/python3.10/threading.py", line 1016, in _bootstrap_inner
    self.run()
  File "/home/capemox/.local/share/uv/python/cpython-3.10.16-linux-x86_64-gnu/lib/python3.10/threading.py", line 953, in run
    self._target(*self._args, **self._kwargs)
  File "/home/capemox/projects/sae-smo-splade/.venv/lib/python3.10/site-packages/transformers/safetensors_conversion.py", line 117, in auto_conversion
    raise e
  File "/home/capemox/projects/sae-smo-splade/.venv/lib/python3.10/site-packages/transformers/safetensors_conversion.py", line 96, in auto_conversion
    sha = get_conversion_pr_reference(api, pretrained_model_name_or_path, **cached_file_kwargs)
  File "/home/capemox/projects/sae-smo-splade/.venv/lib/python3.10/site-packages/transformers/safetensors_conversion.py", line 77, in get_conversion_pr_reference
    raise OSError(
OSError: Could not create safetensors conversion PR. The repo does not appear to have a file named pytorch_model.bin or model.safetensors.If you are loading with variant, use `use_safetensors=False` to load the original model.
  323 queries, 323 with relevance judgments
  Encoding queries with query model ...
  queries: 64/323
  queries: 128/323
  queries: 192/323
  queries: 256/323
  queries: 320/323
  queries: 323/323
  Retrieving from pre-built index (3,633 docs) ...

  scoring:   0%|          | 0.00/3.63k [00:00<?, ?doc/s]
  scoring: 100%|██████████| 3.63k/3.63k [00:00<00:00, 24.3kdoc/s]
  scoring: 100%|██████████| 3.63k/3.63k [00:00<00:00, 24.2kdoc/s]
  NDCG@10: 0.3326  MRR@10: 0.5517  [index (3,633 docs)]

────────────────────────────────────────────────────────────
[scifact]
  Loading queries and qrels ...
  300 queries, 300 with relevance judgments
  Encoding queries with query model ...
  queries: 64/300
  queries: 128/300
  queries: 192/300
  queries: 256/300
  queries: 300/300
  Retrieving from pre-built index (5,183 docs) ...

  scoring:   0%|          | 0.00/5.18k [00:00<?, ?doc/s]
  scoring: 100%|██████████| 5.18k/5.18k [00:00<00:00, 140kdoc/s]
  NDCG@10: 0.6297  MRR@10: 0.6023  [index (5,183 docs)]

────────────────────────────────────────────────────────────
[arguana]
  Loading queries and qrels ...
  1406 queries, 1406 with relevance judgments
  Encoding queries with query model ...
  queries: 64/1406
  queries: 128/1406
  queries: 192/1406
  queries: 256/1406
  queries: 320/1406
  queries: 384/1406
  queries: 448/1406
  queries: 512/1406
  queries: 576/1406
  queries: 640/1406
  queries: 704/1406
  queries: 768/1406
  queries: 832/1406
  queries: 896/1406
  queries: 960/1406
  queries: 1024/1406
  queries: 1088/1406
  queries: 1152/1406
  queries: 1216/1406
  queries: 1280/1406
  queries: 1344/1406
  queries: 1406/1406
  Retrieving from pre-built index (8,674 docs) ...

  scoring:   0%|          | 0.00/8.67k [00:00<?, ?doc/s]
  scoring: 100%|██████████| 8.67k/8.67k [00:00<00:00, 61.4kdoc/s]
  scoring: 100%|██████████| 8.67k/8.67k [00:00<00:00, 61.3kdoc/s]
  NDCG@10: 0.3206  MRR@10: 0.2155  [index (8,674 docs)]

────────────────────────────────────────────────────────────
[scidocs]
  Loading queries and qrels ...
  1000 queries, 1000 with relevance judgments
  Encoding queries with query model ...
  queries: 64/1000
  queries: 128/1000
  queries: 192/1000
  queries: 256/1000
  queries: 320/1000
  queries: 384/1000
  queries: 448/1000
  queries: 512/1000
  queries: 576/1000
  queries: 640/1000
  queries: 704/1000
  queries: 768/1000
  queries: 832/1000
  queries: 896/1000
  queries: 960/1000
  queries: 1000/1000
  Retrieving from pre-built index (25,657 docs) ...

  scoring:   0%|          | 0.00/25.7k [00:00<?, ?doc/s]
  scoring: 100%|██████████| 25.7k/25.7k [00:00<00:00, 100kdoc/s]
  scoring: 100%|██████████| 25.7k/25.7k [00:00<00:00, 100kdoc/s]
  NDCG@10: 0.1541  MRR@10: 0.2719  [index (25,657 docs)]

────────────────────────────────────────────────────────────
[fiqa]
  Loading queries and qrels ...
  648 queries, 648 with relevance judgments
  Encoding queries with query model ...
  queries: 64/648
  queries: 128/648
  queries: 192/648
  queries: 256/648
  queries: 320/648
  queries: 384/648
  queries: 448/648
  queries: 512/648
  queries: 576/648
  queries: 640/648
  queries: 648/648
  Retrieving from pre-built index (57,638 docs) ...

  scoring:   0%|          | 0.00/57.6k [00:00<?, ?doc/s]
  scoring:  87%|████████▋ | 50.0k/57.6k [00:00<00:00, 107kdoc/s]
  scoring: 100%|██████████| 57.6k/57.6k [00:00<00:00, 111kdoc/s]
  NDCG@10: 0.3183  MRR@10: 0.3938  [index (57,638 docs)]

────────────────────────────────────────────────────────────
[trec-covid]
  Loading queries and qrels ...
  50 queries, 50 with relevance judgments
  Encoding queries with query model ...
  queries: 50/50
  Retrieving from pre-built index (171,332 docs) ...

  scoring:   0%|          | 0.00/171k [00:00<?, ?doc/s]
  scoring:  29%|██▉       | 50.0k/171k [00:00<00:00, 195kdoc/s]
  scoring:  58%|█████▊    | 100k/171k [00:00<00:00, 210kdoc/s] 
  scoring:  88%|████████▊ | 150k/171k [00:00<00:00, 227kdoc/s]
  scoring: 100%|██████████| 171k/171k [00:00<00:00, 221kdoc/s]
  NDCG@10: 0.7172  MRR@10: 0.9025  [index (171,332 docs)]

────────────────────────────────────────────────────────────
[webis-touche2020]
  Loading queries and qrels ...
  49 queries, 49 with relevance judgments
  Encoding queries with query model ...
  queries: 49/49
  Retrieving from pre-built index (382,545 docs) ...

  scoring:   0%|          | 0.00/383k [00:00<?, ?doc/s]
  scoring:  13%|█▎        | 50.0k/383k [00:00<00:01, 222kdoc/s]
  scoring:  26%|██▌       | 100k/383k [00:00<00:01, 205kdoc/s] 
  scoring:  39%|███▉      | 150k/383k [00:00<00:01, 210kdoc/s]
  scoring:  52%|█████▏    | 200k/383k [00:00<00:00, 213kdoc/s]
  scoring:  65%|██████▌   | 250k/383k [00:01<00:00, 213kdoc/s]
  scoring:  78%|███████▊  | 300k/383k [00:01<00:00, 215kdoc/s]
  scoring:  91%|█████████▏| 350k/383k [00:01<00:00, 216kdoc/s]
  scoring: 100%|██████████| 383k/383k [00:01<00:00, 220kdoc/s]
  scoring: 100%|██████████| 383k/383k [00:01<00:00, 216kdoc/s]
  NDCG@10: 0.2901  MRR@10: 0.5458  [index (382,545 docs)]

────────────────────────────────────────────────────────────
[quora]
  Loading queries and qrels ...
  10000 queries, 10000 with relevance judgments
  Encoding queries with query model ...
  queries: 64/10000
  queries: 128/10000
  queries: 192/10000
  queries: 256/10000
  queries: 320/10000
  queries: 384/10000
  queries: 448/10000
  queries: 512/10000
  queries: 576/10000
  queries: 640/10000
  queries: 704/10000
  queries: 768/10000
  queries: 832/10000
  queries: 896/10000
  queries: 960/10000
  queries: 1024/10000
  queries: 1088/10000
  queries: 1152/10000
  queries: 1216/10000
  queries: 1280/10000
  queries: 1344/10000
  queries: 1408/10000
  queries: 1472/10000
  queries: 1536/10000
  queries: 1600/10000
  queries: 1664/10000
  queries: 1728/10000
  queries: 1792/10000
  queries: 1856/10000
  queries: 1920/10000
  queries: 1984/10000
  queries: 2048/10000
  queries: 2112/10000
  queries: 2176/10000
  queries: 2240/10000
  queries: 2304/10000
  queries: 2368/10000
  queries: 2432/10000
  queries: 2496/10000
  queries: 2560/10000
  queries: 2624/10000
  queries: 2688/10000
  queries: 2752/10000
  queries: 2816/10000
  queries: 2880/10000
  queries: 2944/10000
  queries: 3008/10000
  queries: 3072/10000
  queries: 3136/10000
  queries: 3200/10000
  queries: 3264/10000
  queries: 3328/10000
  queries: 3392/10000
  queries: 3456/10000
  queries: 3520/10000
  queries: 3584/10000
  queries: 3648/10000
  queries: 3712/10000
  queries: 3776/10000
  queries: 3840/10000
  queries: 3904/10000
  queries: 3968/10000
  queries: 4032/10000
  queries: 4096/10000
  queries: 4160/10000
  queries: 4224/10000
  queries: 4288/10000
  queries: 4352/10000
  queries: 4416/10000
  queries: 4480/10000
  queries: 4544/10000
  queries: 4608/10000
  queries: 4672/10000
  queries: 4736/10000
  queries: 4800/10000
  queries: 4864/10000
  queries: 4928/10000
  queries: 4992/10000
  queries: 5056/10000
  queries: 5120/10000
  queries: 5184/10000
  queries: 5248/10000
  queries: 5312/10000
  queries: 5376/10000
  queries: 5440/10000
  queries: 5504/10000
  queries: 5568/10000
  queries: 5632/10000
  queries: 5696/10000
  queries: 5760/10000
  queries: 5824/10000
  queries: 5888/10000
  queries: 5952/10000
  queries: 6016/10000
  queries: 6080/10000
  queries: 6144/10000
  queries: 6208/10000
  queries: 6272/10000
  queries: 6336/10000
  queries: 6400/10000
  queries: 6464/10000
  queries: 6528/10000
  queries: 6592/10000
  queries: 6656/10000
  queries: 6720/10000
  queries: 6784/10000
  queries: 6848/10000
  queries: 6912/10000
  queries: 6976/10000
  queries: 7040/10000
  queries: 7104/10000
  queries: 7168/10000
  queries: 7232/10000
  queries: 7296/10000
  queries: 7360/10000
  queries: 7424/10000
  queries: 7488/10000
  queries: 7552/10000
  queries: 7616/10000
  queries: 7680/10000
  queries: 7744/10000
  queries: 7808/10000
  queries: 7872/10000
  queries: 7936/10000
  queries: 8000/10000
  queries: 8064/10000
  queries: 8128/10000
  queries: 8192/10000
  queries: 8256/10000
  queries: 8320/10000
  queries: 8384/10000
  queries: 8448/10000
  queries: 8512/10000
  queries: 8576/10000
  queries: 8640/10000
  queries: 8704/10000
  queries: 8768/10000
  queries: 8832/10000
  queries: 8896/10000
  queries: 8960/10000
  queries: 9024/10000
  queries: 9088/10000
  queries: 9152/10000
  queries: 9216/10000
  queries: 9280/10000
  queries: 9344/10000
  queries: 9408/10000
  queries: 9472/10000
  queries: 9536/10000
  queries: 9600/10000
  queries: 9664/10000
  queries: 9728/10000
  queries: 9792/10000
  queries: 9856/10000
  queries: 9920/10000
  queries: 9984/10000
  queries: 10000/10000
  Retrieving from pre-built index (522,931 docs) ...

  scoring:   0%|          | 0.00/523k [00:00<?, ?doc/s]
  scoring:  10%|▉         | 50.0k/523k [00:03<00:32, 14.8kdoc/s]
  scoring:  19%|█▉        | 100k/523k [00:06<00:28, 14.9kdoc/s] 
  scoring:  29%|██▊       | 150k/523k [00:10<00:24, 15.1kdoc/s]
  scoring:  38%|███▊      | 200k/523k [00:13<00:21, 15.1kdoc/s]
  scoring:  48%|████▊     | 250k/523k [00:16<00:18, 15.1kdoc/s]
  scoring:  57%|█████▋    | 300k/523k [00:19<00:14, 15.1kdoc/s]
  scoring:  67%|██████▋   | 350k/523k [00:23<00:11, 15.3kdoc/s]
  scoring:  76%|███████▋  | 400k/523k [00:26<00:08, 15.3kdoc/s]
  scoring:  86%|████████▌ | 450k/523k [00:29<00:04, 15.2kdoc/s]
  scoring:  96%|█████████▌| 500k/523k [00:32<00:01, 15.3kdoc/s]
  scoring: 100%|██████████| 523k/523k [00:34<00:00, 15.4kdoc/s]
  scoring: 100%|██████████| 523k/523k [00:34<00:00, 15.2kdoc/s]
  NDCG@10: 0.7738  MRR@10: 0.7546  [index (522,931 docs)]

────────────────────────────────────────────────────────────
[nq]
  Loading queries and qrels ...
  3452 queries, 3452 with relevance judgments
  Encoding queries with query model ...
  queries: 64/3452
  queries: 128/3452
  queries: 192/3452
  queries: 256/3452
  queries: 320/3452
  queries: 384/3452
  queries: 448/3452
  queries: 512/3452
  queries: 576/3452
  queries: 640/3452
  queries: 704/3452
  queries: 768/3452
  queries: 832/3452
  queries: 896/3452
  queries: 960/3452
  queries: 1024/3452
  queries: 1088/3452
  queries: 1152/3452
  queries: 1216/3452
  queries: 1280/3452
  queries: 1344/3452
  queries: 1408/3452
  queries: 1472/3452
  queries: 1536/3452
  queries: 1600/3452
  queries: 1664/3452
  queries: 1728/3452
  queries: 1792/3452
  queries: 1856/3452
  queries: 1920/3452
  queries: 1984/3452
  queries: 2048/3452
  queries: 2112/3452
  queries: 2176/3452
  queries: 2240/3452
  queries: 2304/3452
  queries: 2368/3452
  queries: 2432/3452
  queries: 2496/3452
  queries: 2560/3452
  queries: 2624/3452
  queries: 2688/3452
  queries: 2752/3452
  queries: 2816/3452
  queries: 2880/3452
  queries: 2944/3452
  queries: 3008/3452
  queries: 3072/3452
  queries: 3136/3452
  queries: 3200/3452
  queries: 3264/3452
  queries: 3328/3452
  queries: 3392/3452
  queries: 3452/3452
  Retrieving from pre-built index (2,681,468 docs) ...

  scoring:   0%|          | 0.00/2.68M [00:00<?, ?doc/s]
  scoring:   2%|▏         | 50.0k/2.68M [00:01<01:08, 38.7kdoc/s]
  scoring:   4%|▎         | 100k/2.68M [00:02<01:06, 38.7kdoc/s] 
  scoring:   6%|▌         | 150k/2.68M [00:03<01:06, 38.0kdoc/s]
  scoring:   7%|▋         | 200k/2.68M [00:05<01:03, 39.1kdoc/s]
  scoring:   9%|▉         | 250k/2.68M [00:06<01:02, 38.6kdoc/s]
  scoring:  11%|█         | 300k/2.68M [00:07<01:00, 39.2kdoc/s]
  scoring:  13%|█▎        | 350k/2.68M [00:09<01:00, 38.8kdoc/s]
  scoring:  15%|█▍        | 400k/2.68M [00:10<00:58, 39.1kdoc/s]
  scoring:  17%|█▋        | 450k/2.68M [00:11<00:57, 39.0kdoc/s]
  scoring:  19%|█▊        | 500k/2.68M [00:12<00:54, 40.1kdoc/s]
  scoring:  21%|██        | 550k/2.68M [00:14<00:53, 39.7kdoc/s]
  scoring:  22%|██▏       | 600k/2.68M [00:15<00:51, 40.2kdoc/s]
  scoring:  24%|██▍       | 650k/2.68M [00:16<00:51, 39.7kdoc/s]
  scoring:  26%|██▌       | 700k/2.68M [00:17<00:50, 39.5kdoc/s]
  scoring:  28%|██▊       | 750k/2.68M [00:19<00:49, 39.2kdoc/s]
  scoring:  30%|██▉       | 800k/2.68M [00:20<00:47, 39.5kdoc/s]
  scoring:  32%|███▏      | 850k/2.68M [00:21<00:46, 39.3kdoc/s]
  scoring:  34%|███▎      | 900k/2.68M [00:22<00:45, 38.8kdoc/s]
  scoring:  35%|███▌      | 950k/2.68M [00:24<00:43, 39.5kdoc/s]
  scoring:  37%|███▋      | 1.00M/2.68M [00:25<00:43, 38.8kdoc/s]
  scoring:  39%|███▉      | 1.05M/2.68M [00:26<00:41, 38.9kdoc/s]
  scoring:  41%|████      | 1.10M/2.68M [00:28<00:40, 38.6kdoc/s]
  scoring:  43%|████▎     | 1.15M/2.68M [00:29<00:39, 39.0kdoc/s]
  scoring:  45%|████▍     | 1.20M/2.68M [00:30<00:38, 38.6kdoc/s]
  scoring:  47%|████▋     | 1.25M/2.68M [00:31<00:36, 39.0kdoc/s]
  scoring:  48%|████▊     | 1.30M/2.68M [00:33<00:35, 38.5kdoc/s]
  scoring:  50%|█████     | 1.35M/2.68M [00:34<00:34, 38.8kdoc/s]
  scoring:  52%|█████▏    | 1.40M/2.68M [00:35<00:32, 38.9kdoc/s]
  scoring:  54%|█████▍    | 1.45M/2.68M [00:37<00:31, 39.0kdoc/s]
  scoring:  56%|█████▌    | 1.50M/2.68M [00:38<00:30, 38.3kdoc/s]
  scoring:  58%|█████▊    | 1.55M/2.68M [00:39<00:29, 38.2kdoc/s]
  scoring:  60%|█████▉    | 1.60M/2.68M [00:41<00:27, 38.7kdoc/s]
  scoring:  62%|██████▏   | 1.65M/2.68M [00:42<00:26, 38.7kdoc/s]
  scoring:  63%|██████▎   | 1.70M/2.68M [00:43<00:25, 38.7kdoc/s]
  scoring:  65%|██████▌   | 1.75M/2.68M [00:44<00:23, 38.9kdoc/s]
  scoring:  67%|██████▋   | 1.80M/2.68M [00:46<00:22, 39.4kdoc/s]
  scoring:  69%|██████▉   | 1.85M/2.68M [00:47<00:21, 39.1kdoc/s]
  scoring:  71%|███████   | 1.90M/2.68M [00:48<00:19, 39.6kdoc/s]
  scoring:  73%|███████▎  | 1.95M/2.68M [00:49<00:18, 39.1kdoc/s]
  scoring:  75%|███████▍  | 2.00M/2.68M [00:51<00:17, 39.8kdoc/s]
  scoring:  76%|███████▋  | 2.05M/2.68M [00:52<00:16, 39.5kdoc/s]
  scoring:  78%|███████▊  | 2.10M/2.68M [00:53<00:14, 39.8kdoc/s]
  scoring:  80%|████████  | 2.15M/2.68M [00:54<00:13, 39.4kdoc/s]
  scoring:  82%|████████▏ | 2.20M/2.68M [00:56<00:12, 39.4kdoc/s]
  scoring:  84%|████████▍ | 2.25M/2.68M [00:57<00:10, 39.2kdoc/s]
  scoring:  86%|████████▌ | 2.30M/2.68M [00:58<00:09, 39.0kdoc/s]
  scoring:  88%|████████▊ | 2.35M/2.68M [01:00<00:08, 38.6kdoc/s]
  scoring:  90%|████████▉ | 2.40M/2.68M [01:01<00:07, 38.2kdoc/s]
  scoring:  91%|█████████▏| 2.45M/2.68M [01:02<00:05, 38.9kdoc/s]
  scoring:  93%|█████████▎| 2.50M/2.68M [01:04<00:04, 38.9kdoc/s]
  scoring:  95%|█████████▌| 2.55M/2.68M [01:05<00:03, 39.2kdoc/s]
  scoring:  97%|█████████▋| 2.60M/2.68M [01:06<00:02, 39.4kdoc/s]
  scoring:  99%|█████████▉| 2.65M/2.68M [01:07<00:00, 39.9kdoc/s]
  scoring: 100%|██████████| 2.68M/2.68M [01:08<00:00, 40.2kdoc/s]
  scoring: 100%|██████████| 2.68M/2.68M [01:08<00:00, 39.1kdoc/s]
  NDCG@10: 0.5474  MRR@10: 0.4999  [index (2,681,468 docs)]

────────────────────────────────────────────────────────────
[dbpedia-entity]
  Loading queries and qrels ...
  400 queries, 400 with relevance judgments
  Encoding queries with query model ...
  queries: 64/400
  queries: 128/400
  queries: 192/400
  queries: 256/400
  queries: 320/400
  queries: 384/400
  queries: 400/400
  Retrieving from pre-built index (4,635,922 docs) ...

  scoring:   0%|          | 0.00/4.64M [00:00<?, ?doc/s]
  scoring:   1%|          | 50.0k/4.64M [00:00<00:17, 258kdoc/s]
  scoring:   2%|▏         | 100k/4.64M [00:00<00:16, 281kdoc/s] 
  scoring:   3%|▎         | 150k/4.64M [00:00<00:17, 250kdoc/s]
  scoring:   4%|▍         | 200k/4.64M [00:00<00:17, 247kdoc/s]
  scoring:   5%|▌         | 250k/4.64M [00:01<00:18, 243kdoc/s]
  scoring:   6%|▋         | 300k/4.64M [00:01<00:19, 228kdoc/s]
  scoring:   8%|▊         | 350k/4.64M [00:02<00:40, 107kdoc/s]
  scoring:   9%|▊         | 400k/4.64M [00:03<00:52, 80.1kdoc/s]
  scoring:  10%|▉         | 450k/4.64M [00:04<01:00, 69.5kdoc/s]
  scoring:  11%|█         | 500k/4.64M [00:05<01:04, 63.7kdoc/s]
  scoring:  12%|█▏        | 550k/4.64M [00:06<01:08, 59.3kdoc/s]
  scoring:  13%|█▎        | 600k/4.64M [00:07<01:12, 55.6kdoc/s]
  scoring:  14%|█▍        | 650k/4.64M [00:08<01:13, 54.0kdoc/s]
  scoring:  15%|█▌        | 700k/4.64M [00:09<01:13, 53.2kdoc/s]
  scoring:  16%|█▌        | 750k/4.64M [00:10<01:14, 51.9kdoc/s]
  scoring:  17%|█▋        | 800k/4.64M [00:10<01:13, 52.1kdoc/s]
  scoring:  18%|█▊        | 850k/4.64M [00:11<01:11, 52.9kdoc/s]
  scoring:  19%|█▉        | 900k/4.64M [00:12<01:10, 52.8kdoc/s]
  scoring:  20%|██        | 950k/4.64M [00:13<01:09, 53.2kdoc/s]
  scoring:  22%|██▏       | 1.00M/4.64M [00:14<01:07, 53.9kdoc/s]
  scoring:  23%|██▎       | 1.05M/4.64M [00:15<01:07, 53.3kdoc/s]
  scoring:  24%|██▎       | 1.10M/4.64M [00:16<01:06, 53.3kdoc/s]
  scoring:  25%|██▍       | 1.15M/4.64M [00:17<01:05, 52.9kdoc/s]
  scoring:  26%|██▌       | 1.20M/4.64M [00:18<01:05, 52.3kdoc/s]
  scoring:  27%|██▋       | 1.25M/4.64M [00:19<01:05, 51.5kdoc/s]
  scoring:  28%|██▊       | 1.30M/4.64M [00:20<01:04, 51.9kdoc/s]
  scoring:  29%|██▉       | 1.35M/4.64M [00:21<01:02, 52.9kdoc/s]
  scoring:  30%|███       | 1.40M/4.64M [00:22<01:01, 53.0kdoc/s]
  scoring:  31%|███▏      | 1.45M/4.64M [00:23<00:59, 53.5kdoc/s]
  scoring:  32%|███▏      | 1.50M/4.64M [00:24<00:58, 53.8kdoc/s]
  scoring:  33%|███▎      | 1.55M/4.64M [00:25<00:57, 53.6kdoc/s]
  scoring:  35%|███▍      | 1.60M/4.64M [00:26<00:56, 53.7kdoc/s]
  scoring:  36%|███▌      | 1.65M/4.64M [00:26<00:54, 54.5kdoc/s]
  scoring:  37%|███▋      | 1.70M/4.64M [00:27<00:54, 53.6kdoc/s]
  scoring:  38%|███▊      | 1.75M/4.64M [00:28<00:54, 52.6kdoc/s]
  scoring:  39%|███▉      | 1.80M/4.64M [00:29<00:48, 58.9kdoc/s]
  scoring:  40%|███▉      | 1.85M/4.64M [00:30<00:47, 59.0kdoc/s]
  scoring:  41%|████      | 1.90M/4.64M [00:31<00:46, 58.7kdoc/s]
  scoring:  42%|████▏     | 1.95M/4.64M [00:32<00:46, 57.2kdoc/s]
  scoring:  43%|████▎     | 2.00M/4.64M [00:33<00:46, 56.3kdoc/s]
  scoring:  44%|████▍     | 2.05M/4.64M [00:33<00:45, 56.9kdoc/s]
  scoring:  45%|████▌     | 2.10M/4.64M [00:34<00:43, 58.9kdoc/s]
  scoring:  46%|████▋     | 2.15M/4.64M [00:35<00:42, 58.5kdoc/s]
  scoring:  47%|████▋     | 2.20M/4.64M [00:36<00:42, 57.4kdoc/s]
  scoring:  49%|████▊     | 2.25M/4.64M [00:37<00:41, 57.1kdoc/s]
  scoring:  50%|████▉     | 2.30M/4.64M [00:38<00:41, 56.1kdoc/s]
  scoring:  51%|█████     | 2.35M/4.64M [00:39<00:40, 55.8kdoc/s]
  scoring:  52%|█████▏    | 2.40M/4.64M [00:39<00:39, 56.9kdoc/s]
  scoring:  53%|█████▎    | 2.45M/4.64M [00:40<00:37, 57.7kdoc/s]
  scoring:  54%|█████▍    | 2.50M/4.64M [00:41<00:37, 57.2kdoc/s]
  scoring:  55%|█████▌    | 2.55M/4.64M [00:42<00:37, 56.2kdoc/s]
  scoring:  56%|█████▌    | 2.60M/4.64M [00:43<00:36, 55.9kdoc/s]
  scoring:  57%|█████▋    | 2.65M/4.64M [00:44<00:35, 55.8kdoc/s]
  scoring:  58%|█████▊    | 2.70M/4.64M [00:45<00:33, 57.0kdoc/s]
  scoring:  59%|█████▉    | 2.75M/4.64M [00:46<00:32, 57.7kdoc/s]
  scoring:  60%|██████    | 2.80M/4.64M [00:46<00:31, 57.7kdoc/s]
  scoring:  61%|██████▏   | 2.85M/4.64M [00:47<00:31, 56.4kdoc/s]
  scoring:  63%|██████▎   | 2.90M/4.64M [00:48<00:30, 56.6kdoc/s]
  scoring:  64%|██████▎   | 2.95M/4.64M [00:49<00:29, 56.6kdoc/s]
  scoring:  65%|██████▍   | 3.00M/4.64M [00:50<00:29, 55.8kdoc/s]
  scoring:  66%|██████▌   | 3.05M/4.64M [00:51<00:28, 56.0kdoc/s]
  scoring:  67%|██████▋   | 3.10M/4.64M [00:52<00:26, 57.0kdoc/s]
  scoring:  68%|██████▊   | 3.15M/4.64M [00:53<00:25, 57.5kdoc/s]
  scoring:  69%|██████▉   | 3.20M/4.64M [00:54<00:24, 57.8kdoc/s]
  scoring:  70%|███████   | 3.25M/4.64M [00:54<00:24, 57.4kdoc/s]
  scoring:  71%|███████   | 3.30M/4.64M [00:55<00:23, 55.9kdoc/s]
  scoring:  72%|███████▏  | 3.35M/4.64M [00:56<00:22, 56.5kdoc/s]
  scoring:  73%|███████▎  | 3.40M/4.64M [00:57<00:21, 56.3kdoc/s]
  scoring:  74%|███████▍  | 3.45M/4.64M [00:58<00:21, 56.4kdoc/s]
  scoring:  75%|███████▌  | 3.50M/4.64M [00:59<00:20, 56.4kdoc/s]
  scoring:  77%|███████▋  | 3.55M/4.64M [01:00<00:19, 56.3kdoc/s]
  scoring:  78%|███████▊  | 3.60M/4.64M [01:01<00:18, 56.6kdoc/s]
  scoring:  79%|███████▊  | 3.65M/4.64M [01:02<00:17, 56.7kdoc/s]
  scoring:  80%|███████▉  | 3.70M/4.64M [01:02<00:16, 56.3kdoc/s]
  scoring:  81%|████████  | 3.75M/4.64M [01:03<00:15, 56.6kdoc/s]
  scoring:  82%|████████▏ | 3.80M/4.64M [01:04<00:14, 57.2kdoc/s]
  scoring:  83%|████████▎ | 3.85M/4.64M [01:05<00:13, 57.5kdoc/s]
  scoring:  84%|████████▍ | 3.90M/4.64M [01:06<00:12, 57.7kdoc/s]
  scoring:  85%|████████▌ | 3.95M/4.64M [01:07<00:11, 58.3kdoc/s]
  scoring:  86%|████████▋ | 4.00M/4.64M [01:08<00:10, 58.6kdoc/s]
  scoring:  87%|████████▋ | 4.05M/4.64M [01:08<00:09, 58.9kdoc/s]
  scoring:  88%|████████▊ | 4.10M/4.64M [01:09<00:09, 58.1kdoc/s]
  scoring:  90%|████████▉ | 4.15M/4.64M [01:10<00:08, 56.8kdoc/s]
  scoring:  91%|█████████ | 4.20M/4.64M [01:11<00:07, 56.3kdoc/s]
  scoring:  92%|█████████▏| 4.25M/4.64M [01:12<00:06, 57.2kdoc/s]
  scoring:  93%|█████████▎| 4.30M/4.64M [01:13<00:05, 57.9kdoc/s]
  scoring:  94%|█████████▍| 4.35M/4.64M [01:14<00:04, 58.3kdoc/s]
  scoring:  95%|█████████▍| 4.40M/4.64M [01:15<00:04, 57.2kdoc/s]
  scoring:  96%|█████████▌| 4.45M/4.64M [01:15<00:03, 56.0kdoc/s]
  scoring:  97%|█████████▋| 4.50M/4.64M [01:16<00:02, 56.3kdoc/s]
  scoring:  98%|█████████▊| 4.55M/4.64M [01:17<00:01, 56.2kdoc/s]
  scoring:  99%|█████████▉| 4.60M/4.64M [01:18<00:00, 57.2kdoc/s]
  scoring: 100%|██████████| 4.64M/4.64M [01:19<00:00, 57.7kdoc/s]
  scoring: 100%|██████████| 4.64M/4.64M [01:19<00:00, 58.5kdoc/s]
  NDCG@10: 0.4233  MRR@10: 0.7246  [index (4,635,922 docs)]

────────────────────────────────────────────────────────────
[hotpotqa]
  Loading queries and qrels ...
  7405 queries, 7405 with relevance judgments
  Encoding queries with query model ...
  queries: 64/7405
  queries: 128/7405
  queries: 192/7405
  queries: 256/7405
  queries: 320/7405
  queries: 384/7405
  queries: 448/7405
  queries: 512/7405
  queries: 576/7405
  queries: 640/7405
  queries: 704/7405
  queries: 768/7405
  queries: 832/7405
  queries: 896/7405
  queries: 960/7405
  queries: 1024/7405
  queries: 1088/7405
  queries: 1152/7405
  queries: 1216/7405
  queries: 1280/7405
  queries: 1344/7405
  queries: 1408/7405
  queries: 1472/7405
  queries: 1536/7405
  queries: 1600/7405
  queries: 1664/7405
  queries: 1728/7405
  queries: 1792/7405
  queries: 1856/7405
  queries: 1920/7405
  queries: 1984/7405
  queries: 2048/7405
  queries: 2112/7405
  queries: 2176/7405
  queries: 2240/7405
  queries: 2304/7405
  queries: 2368/7405
  queries: 2432/7405
  queries: 2496/7405
  queries: 2560/7405
  queries: 2624/7405
  queries: 2688/7405
  queries: 2752/7405
  queries: 2816/7405
  queries: 2880/7405
  queries: 2944/7405
  queries: 3008/7405
  queries: 3072/7405
  queries: 3136/7405
  queries: 3200/7405
  queries: 3264/7405
  queries: 3328/7405
  queries: 3392/7405
  queries: 3456/7405
  queries: 3520/7405
  queries: 3584/7405
  queries: 3648/7405
  queries: 3712/7405
  queries: 3776/7405
  queries: 3840/7405
  queries: 3904/7405
  queries: 3968/7405
  queries: 4032/7405
  queries: 4096/7405
  queries: 4160/7405
  queries: 4224/7405
  queries: 4288/7405
  queries: 4352/7405
  queries: 4416/7405
  queries: 4480/7405
  queries: 4544/7405
  queries: 4608/7405
  queries: 4672/7405
  queries: 4736/7405
  queries: 4800/7405
  queries: 4864/7405
  queries: 4928/7405
  queries: 4992/7405
  queries: 5056/7405
  queries: 5120/7405
  queries: 5184/7405
  queries: 5248/7405
  queries: 5312/7405
  queries: 5376/7405
  queries: 5440/7405
  queries: 5504/7405
  queries: 5568/7405
  queries: 5632/7405
  queries: 5696/7405
  queries: 5760/7405
  queries: 5824/7405
  queries: 5888/7405
  queries: 5952/7405
  queries: 6016/7405
  queries: 6080/7405
  queries: 6144/7405
  queries: 6208/7405
  queries: 6272/7405
  queries: 6336/7405
  queries: 6400/7405
  queries: 6464/7405
  queries: 6528/7405
  queries: 6592/7405
  queries: 6656/7405
  queries: 6720/7405
  queries: 6784/7405
  queries: 6848/7405
  queries: 6912/7405
  queries: 6976/7405
  queries: 7040/7405
  queries: 7104/7405
  queries: 7168/7405
  queries: 7232/7405
  queries: 7296/7405
  queries: 7360/7405
  queries: 7405/7405
  Retrieving from pre-built index (5,233,329 docs) ...

  scoring:   0%|          | 0.00/5.23M [00:00<?, ?doc/s]
  scoring:   1%|          | 50.0k/5.23M [00:10<17:58, 4.80kdoc/s]
  scoring:   2%|▏         | 100k/5.23M [00:20<17:52, 4.78kdoc/s] 
  scoring:   3%|▎         | 150k/5.23M [00:31<17:43, 4.78kdoc/s]
  scoring:   4%|▍         | 200k/5.23M [00:38<15:18, 5.48kdoc/s]
  scoring:   5%|▍         | 250k/5.23M [00:40<10:55, 7.60kdoc/s]
  scoring:   6%|▌         | 300k/5.23M [00:42<08:17, 9.91kdoc/s]
  scoring:   7%|▋         | 350k/5.23M [00:44<06:38, 12.2kdoc/s]
  scoring:   8%|▊         | 400k/5.23M [00:46<05:33, 14.5kdoc/s]
  scoring:   9%|▊         | 450k/5.23M [00:48<04:48, 16.6kdoc/s]
  scoring:  10%|▉         | 500k/5.23M [00:50<04:17, 18.4kdoc/s]
  scoring:  11%|█         | 550k/5.23M [00:52<03:56, 19.8kdoc/s]
  scoring:  11%|█▏        | 600k/5.23M [00:55<03:40, 21.0kdoc/s]
  scoring:  12%|█▏        | 650k/5.23M [00:57<03:29, 21.9kdoc/s]
  scoring:  13%|█▎        | 700k/5.23M [00:59<03:23, 22.3kdoc/s]
  scoring:  14%|█▍        | 750k/5.23M [01:01<03:17, 22.7kdoc/s]
  scoring:  15%|█▌        | 800k/5.23M [01:03<03:15, 22.7kdoc/s]
  scoring:  16%|█▌        | 850k/5.23M [01:05<03:13, 22.7kdoc/s]
  scoring:  17%|█▋        | 900k/5.23M [01:08<03:12, 22.5kdoc/s]
  scoring:  18%|█▊        | 950k/5.23M [01:10<03:10, 22.5kdoc/s]
  scoring:  19%|█▉        | 1.00M/5.23M [01:12<03:09, 22.4kdoc/s]
  scoring:  20%|██        | 1.05M/5.23M [01:14<03:07, 22.3kdoc/s]
  scoring:  21%|██        | 1.10M/5.23M [01:17<03:06, 22.2kdoc/s]
  scoring:  22%|██▏       | 1.15M/5.23M [01:19<03:03, 22.2kdoc/s]
  scoring:  23%|██▎       | 1.20M/5.23M [01:21<03:02, 22.0kdoc/s]
  scoring:  24%|██▍       | 1.25M/5.23M [01:23<03:00, 22.0kdoc/s]
  scoring:  25%|██▍       | 1.30M/5.23M [01:26<03:00, 21.8kdoc/s]
  scoring:  26%|██▌       | 1.35M/5.23M [01:28<02:57, 21.8kdoc/s]
  scoring:  27%|██▋       | 1.40M/5.23M [01:30<02:57, 21.6kdoc/s]
  scoring:  28%|██▊       | 1.45M/5.23M [01:33<02:55, 21.5kdoc/s]
  scoring:  29%|██▊       | 1.50M/5.23M [01:35<02:54, 21.4kdoc/s]
  scoring:  30%|██▉       | 1.55M/5.23M [01:37<02:50, 21.6kdoc/s]
  scoring:  31%|███       | 1.60M/5.23M [01:40<02:47, 21.6kdoc/s]
  scoring:  32%|███▏      | 1.65M/5.23M [01:42<02:45, 21.7kdoc/s]
  scoring:  32%|███▏      | 1.70M/5.23M [01:44<02:43, 21.6kdoc/s]
  scoring:  33%|███▎      | 1.75M/5.23M [01:47<02:41, 21.5kdoc/s]
  scoring:  34%|███▍      | 1.80M/5.23M [01:49<02:40, 21.4kdoc/s]
  scoring:  35%|███▌      | 1.85M/5.23M [01:51<02:38, 21.4kdoc/s]
  scoring:  36%|███▋      | 1.90M/5.23M [01:54<02:36, 21.3kdoc/s]
  scoring:  37%|███▋      | 1.95M/5.23M [01:56<02:34, 21.3kdoc/s]
  scoring:  38%|███▊      | 2.00M/5.23M [01:58<02:32, 21.2kdoc/s]
  scoring:  39%|███▉      | 2.05M/5.23M [02:01<02:30, 21.1kdoc/s]
  scoring:  40%|████      | 2.10M/5.23M [02:03<02:28, 21.1kdoc/s]
  scoring:  41%|████      | 2.15M/5.23M [02:06<02:26, 21.0kdoc/s]
  scoring:  42%|████▏     | 2.20M/5.23M [02:08<02:22, 21.2kdoc/s]
  scoring:  43%|████▎     | 2.25M/5.23M [02:10<02:21, 21.0kdoc/s]
  scoring:  44%|████▍     | 2.30M/5.23M [02:13<02:19, 21.0kdoc/s]
  scoring:  45%|████▍     | 2.35M/5.23M [02:15<02:16, 21.2kdoc/s]
  scoring:  46%|████▌     | 2.40M/5.23M [02:17<02:14, 21.0kdoc/s]
  scoring:  47%|████▋     | 2.45M/5.23M [02:20<02:12, 21.0kdoc/s]
  scoring:  48%|████▊     | 2.50M/5.23M [02:22<02:10, 20.9kdoc/s]
  scoring:  49%|████▊     | 2.55M/5.23M [02:25<02:08, 20.9kdoc/s]
  scoring:  50%|████▉     | 2.60M/5.23M [02:27<02:06, 20.8kdoc/s]
  scoring:  51%|█████     | 2.65M/5.23M [02:29<02:04, 20.8kdoc/s]
  scoring:  52%|█████▏    | 2.70M/5.23M [02:32<02:01, 20.8kdoc/s]
  scoring:  53%|█████▎    | 2.75M/5.23M [02:34<01:59, 20.9kdoc/s]
  scoring:  54%|█████▎    | 2.80M/5.23M [02:37<01:56, 20.8kdoc/s]
  scoring:  54%|█████▍    | 2.85M/5.23M [02:39<01:54, 20.7kdoc/s]
  scoring:  55%|█████▌    | 2.90M/5.23M [02:42<01:52, 20.8kdoc/s]
  scoring:  56%|█████▋    | 2.95M/5.23M [02:44<01:49, 20.8kdoc/s]
  scoring:  57%|█████▋    | 3.00M/5.23M [02:46<01:47, 20.8kdoc/s]
  scoring:  58%|█████▊    | 3.05M/5.23M [02:49<01:44, 20.8kdoc/s]
  scoring:  59%|█████▉    | 3.10M/5.23M [02:51<01:41, 21.0kdoc/s]
  scoring:  60%|██████    | 3.15M/5.23M [02:53<01:39, 20.9kdoc/s]
  scoring:  61%|██████    | 3.20M/5.23M [02:56<01:37, 20.8kdoc/s]
  scoring:  62%|██████▏   | 3.25M/5.23M [02:58<01:35, 20.8kdoc/s]
  scoring:  63%|██████▎   | 3.30M/5.23M [03:01<01:33, 20.7kdoc/s]
  scoring:  64%|██████▍   | 3.35M/5.23M [03:03<01:31, 20.6kdoc/s]
  scoring:  65%|██████▍   | 3.40M/5.23M [03:06<01:29, 20.5kdoc/s]
  scoring:  66%|██████▌   | 3.45M/5.23M [03:08<01:25, 20.7kdoc/s]
  scoring:  67%|██████▋   | 3.50M/5.23M [03:10<01:23, 20.7kdoc/s]
  scoring:  68%|██████▊   | 3.55M/5.23M [03:13<01:22, 20.5kdoc/s]
  scoring:  69%|██████▉   | 3.60M/5.23M [03:15<01:18, 20.8kdoc/s]
  scoring:  70%|██████▉   | 3.65M/5.23M [03:18<01:16, 20.7kdoc/s]
  scoring:  71%|███████   | 3.70M/5.23M [03:20<01:14, 20.5kdoc/s]
  scoring:  72%|███████▏  | 3.75M/5.23M [03:23<01:11, 20.7kdoc/s]
  scoring:  73%|███████▎  | 3.80M/5.23M [03:25<01:09, 20.7kdoc/s]
  scoring:  74%|███████▎  | 3.85M/5.23M [03:27<01:06, 20.7kdoc/s]
  scoring:  75%|███████▍  | 3.90M/5.23M [03:30<01:04, 20.7kdoc/s]
  scoring:  75%|███████▌  | 3.95M/5.23M [03:32<01:01, 20.8kdoc/s]
  scoring:  76%|███████▋  | 4.00M/5.23M [03:35<00:59, 20.9kdoc/s]
  scoring:  77%|███████▋  | 4.05M/5.23M [03:37<00:56, 20.9kdoc/s]
  scoring:  78%|███████▊  | 4.10M/5.23M [03:39<00:54, 21.0kdoc/s]
  scoring:  79%|███████▉  | 4.15M/5.23M [03:42<00:51, 20.9kdoc/s]
  scoring:  80%|████████  | 4.20M/5.23M [03:44<00:49, 20.7kdoc/s]
  scoring:  81%|████████  | 4.25M/5.23M [03:47<00:47, 20.7kdoc/s]
  scoring:  82%|████████▏ | 4.30M/5.23M [03:49<00:45, 20.6kdoc/s]
  scoring:  83%|████████▎ | 4.35M/5.23M [03:51<00:42, 20.6kdoc/s]
  scoring:  84%|████████▍ | 4.40M/5.23M [03:54<00:40, 20.6kdoc/s]
  scoring:  85%|████████▌ | 4.45M/5.23M [03:56<00:38, 20.6kdoc/s]
  scoring:  86%|████████▌ | 4.50M/5.23M [03:58<00:31, 22.9kdoc/s]
  scoring:  87%|████████▋ | 4.55M/5.23M [03:59<00:26, 26.1kdoc/s]
  scoring:  88%|████████▊ | 4.60M/5.23M [04:01<00:21, 28.8kdoc/s]
  scoring:  89%|████████▉ | 4.65M/5.23M [04:02<00:18, 31.1kdoc/s]
  scoring:  90%|████████▉ | 4.70M/5.23M [04:03<00:16, 33.1kdoc/s]
  scoring:  91%|█████████ | 4.75M/5.23M [04:06<00:17, 28.0kdoc/s]
  scoring:  92%|█████████▏| 4.80M/5.23M [04:08<00:16, 26.5kdoc/s]
  scoring:  93%|█████████▎| 4.85M/5.23M [04:10<00:15, 25.2kdoc/s]
  scoring:  94%|█████████▎| 4.90M/5.23M [04:12<00:13, 24.5kdoc/s]
  scoring:  95%|█████████▍| 4.95M/5.23M [04:14<00:11, 23.9kdoc/s]
  scoring:  96%|█████████▌| 5.00M/5.23M [04:16<00:09, 23.5kdoc/s]
  scoring:  96%|█████████▋| 5.05M/5.23M [04:19<00:07, 23.1kdoc/s]
  scoring:  97%|█████████▋| 5.10M/5.23M [04:21<00:05, 22.9kdoc/s]
  scoring:  98%|█████████▊| 5.15M/5.23M [04:23<00:03, 23.1kdoc/s]
  scoring:  99%|█████████▉| 5.20M/5.23M [04:25<00:01, 23.0kdoc/s]
  scoring: 100%|██████████| 5.23M/5.23M [04:27<00:00, 22.9kdoc/s]
  scoring: 100%|██████████| 5.23M/5.23M [04:27<00:00, 19.6kdoc/s]
  NDCG@10: 0.6501  MRR@10: 0.8262  [index (5,233,329 docs)]

────────────────────────────────────────────────────────────
[fever]
  Loading queries and qrels ...
  6666 queries, 6666 with relevance judgments
  Encoding queries with query model ...
  queries: 64/6666
  queries: 128/6666
  queries: 192/6666
  queries: 256/6666
  queries: 320/6666
  queries: 384/6666
  queries: 448/6666
  queries: 512/6666
  queries: 576/6666
  queries: 640/6666
  queries: 704/6666
  queries: 768/6666
  queries: 832/6666
  queries: 896/6666
  queries: 960/6666
  queries: 1024/6666
  queries: 1088/6666
  queries: 1152/6666
  queries: 1216/6666
  queries: 1280/6666
  queries: 1344/6666
  queries: 1408/6666
  queries: 1472/6666
  queries: 1536/6666
  queries: 1600/6666
  queries: 1664/6666
  queries: 1728/6666
  queries: 1792/6666
  queries: 1856/6666
  queries: 1920/6666
  queries: 1984/6666
  queries: 2048/6666
  queries: 2112/6666
  queries: 2176/6666
  queries: 2240/6666
  queries: 2304/6666
  queries: 2368/6666
  queries: 2432/6666
  queries: 2496/6666
  queries: 2560/6666
  queries: 2624/6666
  queries: 2688/6666
  queries: 2752/6666
  queries: 2816/6666
  queries: 2880/6666
  queries: 2944/6666
  queries: 3008/6666
  queries: 3072/6666
  queries: 3136/6666
  queries: 3200/6666
  queries: 3264/6666
  queries: 3328/6666
  queries: 3392/6666
  queries: 3456/6666
  queries: 3520/6666
  queries: 3584/6666
  queries: 3648/6666
  queries: 3712/6666
  queries: 3776/6666
  queries: 3840/6666
  queries: 3904/6666
  queries: 3968/6666
  queries: 4032/6666
  queries: 4096/6666
  queries: 4160/6666
  queries: 4224/6666
  queries: 4288/6666
  queries: 4352/6666
  queries: 4416/6666
  queries: 4480/6666
  queries: 4544/6666
  queries: 4608/6666
  queries: 4672/6666
  queries: 4736/6666
  queries: 4800/6666
  queries: 4864/6666
  queries: 4928/6666
  queries: 4992/6666
  queries: 5056/6666
  queries: 5120/6666
  queries: 5184/6666
  queries: 5248/6666
  queries: 5312/6666
  queries: 5376/6666
  queries: 5440/6666
  queries: 5504/6666
  queries: 5568/6666
  queries: 5632/6666
  queries: 5696/6666
  queries: 5760/6666
  queries: 5824/6666
  queries: 5888/6666
  queries: 5952/6666
  queries: 6016/6666
  queries: 6080/6666
  queries: 6144/6666
  queries: 6208/6666
  queries: 6272/6666
  queries: 6336/6666
  queries: 6400/6666
  queries: 6464/6666
  queries: 6528/6666
  queries: 6592/6666
  queries: 6656/6666
  queries: 6666/6666
  Retrieving from pre-built index (5,416,568 docs) ...

  scoring:   0%|          | 0.00/5.42M [00:00<?, ?doc/s]
  scoring:   1%|          | 50.0k/5.42M [00:02<03:39, 24.5kdoc/s]
  scoring:   2%|▏         | 100k/5.42M [00:04<03:37, 24.5kdoc/s] 
  scoring:   3%|▎         | 150k/5.42M [00:06<03:40, 23.9kdoc/s]
  scoring:   4%|▎         | 200k/5.42M [00:08<03:33, 24.4kdoc/s]
  scoring:   5%|▍         | 250k/5.42M [00:10<03:31, 24.4kdoc/s]
  scoring:   6%|▌         | 300k/5.42M [00:12<03:30, 24.3kdoc/s]
  scoring:   6%|▋         | 350k/5.42M [00:14<03:29, 24.2kdoc/s]
  scoring:   7%|▋         | 400k/5.42M [00:16<03:24, 24.5kdoc/s]
  scoring:   8%|▊         | 450k/5.42M [00:18<03:23, 24.4kdoc/s]
  scoring:   9%|▉         | 500k/5.42M [00:20<03:20, 24.5kdoc/s]
  scoring:  10%|█         | 550k/5.42M [00:22<03:19, 24.4kdoc/s]
  scoring:  11%|█         | 600k/5.42M [00:24<03:17, 24.3kdoc/s]
  scoring:  12%|█▏        | 650k/5.42M [00:25<02:52, 27.7kdoc/s]
  scoring:  13%|█▎        | 700k/5.42M [00:27<02:32, 31.0kdoc/s]
  scoring:  14%|█▍        | 750k/5.42M [00:28<02:19, 33.5kdoc/s]
  scoring:  15%|█▍        | 800k/5.42M [00:29<02:10, 35.3kdoc/s]
  scoring:  16%|█▌        | 850k/5.42M [00:30<02:04, 36.7kdoc/s]
  scoring:  17%|█▋        | 900k/5.42M [00:32<02:01, 37.2kdoc/s]
  scoring:  18%|█▊        | 950k/5.42M [00:33<01:55, 38.8kdoc/s]
  scoring:  18%|█▊        | 1.00M/5.42M [00:34<01:50, 39.8kdoc/s]
  scoring:  19%|█▉        | 1.05M/5.42M [00:35<01:48, 40.4kdoc/s]
  scoring:  20%|██        | 1.10M/5.42M [00:36<01:46, 40.4kdoc/s]
  scoring:  21%|██        | 1.15M/5.42M [00:38<01:45, 40.3kdoc/s]
  scoring:  22%|██▏       | 1.20M/5.42M [00:39<01:41, 41.3kdoc/s]
  scoring:  23%|██▎       | 1.25M/5.42M [00:40<01:44, 39.9kdoc/s]
  scoring:  24%|██▍       | 1.30M/5.42M [00:41<01:41, 40.7kdoc/s]
  scoring:  25%|██▍       | 1.35M/5.42M [00:42<01:38, 41.4kdoc/s]
  scoring:  26%|██▌       | 1.40M/5.42M [00:44<01:38, 40.9kdoc/s]
  scoring:  27%|██▋       | 1.45M/5.42M [00:45<01:42, 38.7kdoc/s]
  scoring:  28%|██▊       | 1.50M/5.42M [00:46<01:38, 39.8kdoc/s]
  scoring:  29%|██▊       | 1.55M/5.42M [00:47<01:35, 40.4kdoc/s]
  scoring:  30%|██▉       | 1.60M/5.42M [00:49<01:32, 41.4kdoc/s]
  scoring:  30%|███       | 1.65M/5.42M [00:50<01:35, 39.3kdoc/s]
  scoring:  31%|███▏      | 1.70M/5.42M [00:52<01:56, 31.9kdoc/s]
  scoring:  32%|███▏      | 1.75M/5.42M [00:54<01:47, 34.0kdoc/s]
  scoring:  33%|███▎      | 1.80M/5.42M [00:55<01:41, 35.6kdoc/s]
  scoring:  34%|███▍      | 1.85M/5.42M [00:56<01:35, 37.3kdoc/s]
  scoring:  35%|███▌      | 1.90M/5.42M [00:57<01:30, 38.9kdoc/s]
  scoring:  36%|███▌      | 1.95M/5.42M [00:59<01:33, 37.0kdoc/s]
  scoring:  37%|███▋      | 2.00M/5.42M [01:00<01:40, 33.9kdoc/s]
  scoring:  38%|███▊      | 2.05M/5.42M [01:02<01:33, 35.9kdoc/s]
  scoring:  39%|███▉      | 2.10M/5.42M [01:03<01:28, 37.6kdoc/s]
  scoring:  40%|███▉      | 2.15M/5.42M [01:04<01:24, 38.7kdoc/s]
  scoring:  41%|████      | 2.20M/5.42M [01:06<01:29, 36.1kdoc/s]
  scoring:  42%|████▏     | 2.25M/5.42M [01:07<01:28, 35.8kdoc/s]
  scoring:  42%|████▏     | 2.30M/5.42M [01:08<01:22, 37.7kdoc/s]
  scoring:  43%|████▎     | 2.35M/5.42M [01:09<01:18, 39.0kdoc/s]
  scoring:  44%|████▍     | 2.40M/5.42M [01:11<01:15, 39.7kdoc/s]
  scoring:  45%|████▌     | 2.45M/5.42M [01:12<01:14, 39.8kdoc/s]
  scoring:  46%|████▌     | 2.50M/5.42M [01:13<01:15, 38.9kdoc/s]
  scoring:  47%|████▋     | 2.55M/5.42M [01:14<01:12, 39.8kdoc/s]
  scoring:  48%|████▊     | 2.60M/5.42M [01:16<01:09, 40.6kdoc/s]
  scoring:  49%|████▉     | 2.65M/5.42M [01:17<01:07, 41.3kdoc/s]
  scoring:  50%|████▉     | 2.70M/5.42M [01:18<01:07, 40.5kdoc/s]
  scoring:  51%|█████     | 2.75M/5.42M [01:19<01:07, 39.7kdoc/s]
  scoring:  52%|█████▏    | 2.80M/5.42M [01:20<01:04, 40.8kdoc/s]
  scoring:  53%|█████▎    | 2.85M/5.42M [01:22<01:02, 41.2kdoc/s]
  scoring:  54%|█████▎    | 2.90M/5.42M [01:23<01:00, 41.3kdoc/s]
  scoring:  54%|█████▍    | 2.95M/5.42M [01:24<00:58, 41.9kdoc/s]
  scoring:  55%|█████▌    | 3.00M/5.42M [01:26<01:10, 34.1kdoc/s]
  scoring:  56%|█████▋    | 3.05M/5.42M [01:28<01:20, 29.5kdoc/s]
  scoring:  57%|█████▋    | 3.10M/5.42M [01:31<01:27, 26.6kdoc/s]
  scoring:  58%|█████▊    | 3.15M/5.42M [01:33<01:30, 25.0kdoc/s]
  scoring:  59%|█████▉    | 3.20M/5.42M [01:35<01:31, 24.1kdoc/s]
  scoring:  60%|██████    | 3.25M/5.42M [01:37<01:32, 23.3kdoc/s]
  scoring:  61%|██████    | 3.30M/5.42M [01:40<01:32, 22.8kdoc/s]
  scoring:  62%|██████▏   | 3.35M/5.42M [01:42<01:29, 23.2kdoc/s]
  scoring:  63%|██████▎   | 3.40M/5.42M [01:44<01:29, 22.5kdoc/s]
  scoring:  64%|██████▎   | 3.45M/5.42M [01:47<01:28, 22.1kdoc/s]
  scoring:  65%|██████▍   | 3.50M/5.42M [01:49<01:27, 21.9kdoc/s]
  scoring:  66%|██████▌   | 3.55M/5.42M [01:51<01:25, 21.8kdoc/s]
  scoring:  66%|██████▋   | 3.60M/5.42M [01:54<01:23, 21.7kdoc/s]
  scoring:  67%|██████▋   | 3.65M/5.42M [01:56<01:21, 21.6kdoc/s]
  scoring:  68%|██████▊   | 3.70M/5.42M [01:58<01:19, 21.6kdoc/s]
  scoring:  69%|██████▉   | 3.75M/5.42M [02:00<01:16, 21.7kdoc/s]
  scoring:  70%|███████   | 3.80M/5.42M [02:03<01:14, 21.6kdoc/s]
  scoring:  71%|███████   | 3.85M/5.42M [02:05<01:12, 21.6kdoc/s]
  scoring:  72%|███████▏  | 3.90M/5.42M [02:07<01:10, 21.6kdoc/s]
  scoring:  73%|███████▎  | 3.95M/5.42M [02:10<01:07, 21.6kdoc/s]
  scoring:  74%|███████▍  | 4.00M/5.42M [02:12<01:05, 21.6kdoc/s]
  scoring:  75%|███████▍  | 4.05M/5.42M [02:14<01:03, 21.5kdoc/s]
  scoring:  76%|███████▌  | 4.10M/5.42M [02:16<00:57, 22.8kdoc/s]
  scoring:  77%|███████▋  | 4.15M/5.42M [02:17<00:47, 26.6kdoc/s]
  scoring:  78%|███████▊  | 4.20M/5.42M [02:19<00:40, 30.0kdoc/s]
  scoring:  78%|███████▊  | 4.25M/5.42M [02:20<00:35, 32.5kdoc/s]
  scoring:  79%|███████▉  | 4.30M/5.42M [02:21<00:31, 34.9kdoc/s]
  scoring:  80%|████████  | 4.35M/5.42M [02:23<00:33, 32.3kdoc/s]
  scoring:  81%|████████  | 4.40M/5.42M [02:25<00:35, 28.5kdoc/s]
  scoring:  82%|████████▏ | 4.45M/5.42M [02:27<00:35, 27.1kdoc/s]
  scoring:  83%|████████▎ | 4.50M/5.42M [02:29<00:35, 25.5kdoc/s]
  scoring:  84%|████████▍ | 4.55M/5.42M [02:32<00:35, 24.6kdoc/s]
  scoring:  85%|████████▍ | 4.60M/5.42M [02:34<00:33, 24.2kdoc/s]
  scoring:  86%|████████▌ | 4.65M/5.42M [02:36<00:32, 23.7kdoc/s]
  scoring:  87%|████████▋ | 4.70M/5.42M [02:38<00:30, 23.3kdoc/s]
  scoring:  88%|████████▊ | 4.75M/5.42M [02:40<00:29, 22.9kdoc/s]
  scoring:  89%|████████▊ | 4.80M/5.42M [02:43<00:27, 22.7kdoc/s]
  scoring:  90%|████████▉ | 4.85M/5.42M [02:45<00:24, 22.7kdoc/s]
  scoring:  90%|█████████ | 4.90M/5.42M [02:47<00:22, 22.6kdoc/s]
  scoring:  91%|█████████▏| 4.95M/5.42M [02:49<00:20, 22.5kdoc/s]
  scoring:  92%|█████████▏| 5.00M/5.42M [02:52<00:18, 22.6kdoc/s]
  scoring:  93%|█████████▎| 5.05M/5.42M [02:54<00:16, 22.8kdoc/s]
  scoring:  94%|█████████▍| 5.10M/5.42M [02:56<00:13, 22.9kdoc/s]
  scoring:  95%|█████████▌| 5.15M/5.42M [02:58<00:11, 22.8kdoc/s]
  scoring:  96%|█████████▌| 5.20M/5.42M [03:00<00:09, 22.9kdoc/s]
  scoring:  97%|█████████▋| 5.25M/5.42M [03:02<00:07, 22.9kdoc/s]
  scoring:  98%|█████████▊| 5.30M/5.42M [03:05<00:05, 22.8kdoc/s]
  scoring:  99%|█████████▉| 5.35M/5.42M [03:07<00:02, 23.0kdoc/s]
  scoring: 100%|█████████▉| 5.40M/5.42M [03:09<00:00, 22.7kdoc/s]
  scoring: 100%|██████████| 5.42M/5.42M [03:10<00:00, 22.9kdoc/s]
  scoring: 100%|██████████| 5.42M/5.42M [03:10<00:00, 28.5kdoc/s]
  NDCG@10: 0.6947  MRR@10: 0.6875  [index (5,416,568 docs)]

────────────────────────────────────────────────────────────
[climate-fever]
  Loading queries and qrels ...
  1534 queries, 1535 with relevance judgments
  Encoding queries with query model ...
  queries: 64/1534
  queries: 128/1534
  queries: 192/1534
  queries: 256/1534
  queries: 320/1534
  queries: 384/1534
  queries: 448/1534
  queries: 512/1534
  queries: 576/1534
  queries: 640/1534
  queries: 704/1534
  queries: 768/1534
  queries: 832/1534
  queries: 896/1534
  queries: 960/1534
  queries: 1024/1534
  queries: 1088/1534
  queries: 1152/1534
  queries: 1216/1534
  queries: 1280/1534
  queries: 1344/1534
  queries: 1408/1534
  queries: 1472/1534
  queries: 1534/1534
  Retrieving from pre-built index (5,416,593 docs) ...

  scoring:   0%|          | 0.00/5.42M [00:00<?, ?doc/s]
  scoring:   1%|          | 50.0k/5.42M [00:00<01:07, 79.9kdoc/s]
  scoring:   2%|▏         | 100k/5.42M [00:01<01:05, 81.5kdoc/s] 
  scoring:   3%|▎         | 150k/5.42M [00:01<01:05, 80.5kdoc/s]
  scoring:   4%|▎         | 200k/5.42M [00:02<01:02, 82.9kdoc/s]
  scoring:   5%|▍         | 250k/5.42M [00:03<01:04, 80.7kdoc/s]
  scoring:   6%|▌         | 300k/5.42M [00:03<01:02, 82.0kdoc/s]
  scoring:   6%|▋         | 350k/5.42M [00:04<01:02, 80.5kdoc/s]
  scoring:   7%|▋         | 400k/5.42M [00:04<01:01, 81.6kdoc/s]
  scoring:   8%|▊         | 450k/5.42M [00:05<01:01, 80.5kdoc/s]
  scoring:   9%|▉         | 500k/5.42M [00:06<01:01, 79.5kdoc/s]
  scoring:  10%|█         | 550k/5.42M [00:06<00:59, 81.8kdoc/s]
  scoring:  11%|█         | 600k/5.42M [00:07<01:00, 79.9kdoc/s]
  scoring:  12%|█▏        | 650k/5.42M [00:07<00:57, 82.9kdoc/s]
  scoring:  13%|█▎        | 700k/5.42M [00:08<00:59, 79.8kdoc/s]
  scoring:  14%|█▍        | 750k/5.42M [00:09<00:57, 80.8kdoc/s]
  scoring:  15%|█▍        | 800k/5.42M [00:09<00:55, 82.8kdoc/s]
  scoring:  16%|█▌        | 850k/5.42M [00:10<00:48, 93.5kdoc/s]
  scoring:  17%|█▋        | 900k/5.42M [00:10<00:44, 102kdoc/s] 
  scoring:  18%|█▊        | 950k/5.42M [00:10<00:41, 108kdoc/s]
  scoring:  18%|█▊        | 1.00M/5.42M [00:11<00:38, 115kdoc/s]
  scoring:  19%|█▉        | 1.05M/5.42M [00:11<00:37, 118kdoc/s]
  scoring:  20%|██        | 1.10M/5.42M [00:12<00:36, 120kdoc/s]
  scoring:  21%|██        | 1.15M/5.42M [00:12<00:34, 124kdoc/s]
  scoring:  22%|██▏       | 1.20M/5.42M [00:12<00:33, 125kdoc/s]
  scoring:  23%|██▎       | 1.25M/5.42M [00:13<00:32, 128kdoc/s]
  scoring:  24%|██▍       | 1.30M/5.42M [00:13<00:31, 129kdoc/s]
  scoring:  25%|██▍       | 1.35M/5.42M [00:14<00:31, 129kdoc/s]
  scoring:  26%|██▌       | 1.40M/5.42M [00:14<00:31, 128kdoc/s]
  scoring:  27%|██▋       | 1.45M/5.42M [00:14<00:31, 128kdoc/s]
  scoring:  28%|██▊       | 1.50M/5.42M [00:15<00:30, 130kdoc/s]
  scoring:  29%|██▊       | 1.55M/5.42M [00:15<00:29, 130kdoc/s]
  scoring:  30%|██▉       | 1.60M/5.42M [00:16<00:32, 116kdoc/s]
  scoring:  30%|███       | 1.65M/5.42M [00:16<00:35, 107kdoc/s]
  scoring:  31%|███▏      | 1.70M/5.42M [00:17<00:35, 105kdoc/s]
  scoring:  32%|███▏      | 1.75M/5.42M [00:17<00:35, 104kdoc/s]
  scoring:  33%|███▎      | 1.80M/5.42M [00:18<00:35, 101kdoc/s]
  scoring:  34%|███▍      | 1.85M/5.42M [00:18<00:36, 99.0kdoc/s]
  scoring:  35%|███▌      | 1.90M/5.42M [00:19<00:34, 103kdoc/s] 
  scoring:  36%|███▌      | 1.95M/5.42M [00:19<00:34, 101kdoc/s]
  scoring:  37%|███▋      | 2.00M/5.42M [00:20<00:34, 100kdoc/s]
  scoring:  38%|███▊      | 2.05M/5.42M [00:20<00:34, 99.0kdoc/s]
  scoring:  39%|███▉      | 2.10M/5.42M [00:21<00:32, 101kdoc/s] 
  scoring:  40%|███▉      | 2.15M/5.42M [00:21<00:32, 99.3kdoc/s]
  scoring:  41%|████      | 2.20M/5.42M [00:22<00:33, 96.2kdoc/s]
  scoring:  42%|████▏     | 2.25M/5.42M [00:22<00:33, 95.2kdoc/s]
  scoring:  42%|████▏     | 2.30M/5.42M [00:23<00:32, 97.1kdoc/s]
  scoring:  43%|████▎     | 2.35M/5.42M [00:23<00:31, 96.1kdoc/s]
  scoring:  44%|████▍     | 2.40M/5.42M [00:24<00:31, 95.0kdoc/s]
  scoring:  45%|████▌     | 2.45M/5.42M [00:24<00:30, 96.3kdoc/s]
  scoring:  46%|████▌     | 2.50M/5.42M [00:25<00:29, 100kdoc/s] 
  scoring:  47%|████▋     | 2.55M/5.42M [00:25<00:28, 100kdoc/s]
  scoring:  48%|████▊     | 2.60M/5.42M [00:26<00:29, 94.7kdoc/s]
  scoring:  49%|████▉     | 2.65M/5.42M [00:26<00:29, 93.1kdoc/s]
  scoring:  50%|████▉     | 2.70M/5.42M [00:27<00:28, 94.5kdoc/s]
  scoring:  51%|█████     | 2.75M/5.42M [00:27<00:27, 96.2kdoc/s]
  scoring:  52%|█████▏    | 2.80M/5.42M [00:28<00:26, 97.4kdoc/s]
  scoring:  53%|█████▎    | 2.85M/5.42M [00:28<00:26, 98.1kdoc/s]
  scoring:  54%|█████▎    | 2.90M/5.42M [00:29<00:26, 94.0kdoc/s]
  scoring:  54%|█████▍    | 2.95M/5.42M [00:30<00:26, 94.2kdoc/s]
  scoring:  55%|█████▌    | 3.00M/5.42M [00:30<00:24, 98.8kdoc/s]
  scoring:  56%|█████▋    | 3.05M/5.42M [00:31<00:23, 98.7kdoc/s]
  scoring:  57%|█████▋    | 3.10M/5.42M [00:31<00:23, 98.5kdoc/s]
  scoring:  58%|█████▊    | 3.15M/5.42M [00:32<00:24, 94.4kdoc/s]
  scoring:  59%|█████▉    | 3.20M/5.42M [00:32<00:24, 91.6kdoc/s]
  scoring:  60%|██████    | 3.25M/5.42M [00:33<00:24, 88.2kdoc/s]
  scoring:  61%|██████    | 3.30M/5.42M [00:33<00:23, 89.9kdoc/s]
  scoring:  62%|██████▏   | 3.35M/5.42M [00:34<00:22, 91.5kdoc/s]
  scoring:  63%|██████▎   | 3.40M/5.42M [00:34<00:21, 93.2kdoc/s]
  scoring:  64%|██████▎   | 3.45M/5.42M [00:35<00:20, 95.6kdoc/s]
  scoring:  65%|██████▍   | 3.50M/5.42M [00:35<00:19, 96.0kdoc/s]
  scoring:  66%|██████▌   | 3.55M/5.42M [00:36<00:19, 94.3kdoc/s]
  scoring:  66%|██████▋   | 3.60M/5.42M [00:37<00:19, 92.0kdoc/s]
  scoring:  67%|██████▋   | 3.65M/5.42M [00:37<00:19, 91.1kdoc/s]
  scoring:  68%|██████▊   | 3.70M/5.42M [00:38<00:18, 94.0kdoc/s]
  scoring:  69%|██████▉   | 3.75M/5.42M [00:38<00:17, 95.8kdoc/s]
  scoring:  70%|███████   | 3.80M/5.42M [00:39<00:16, 95.3kdoc/s]
  scoring:  71%|███████   | 3.85M/5.42M [00:39<00:16, 95.5kdoc/s]
  scoring:  72%|███████▏  | 3.90M/5.42M [00:40<00:16, 94.3kdoc/s]
  scoring:  73%|███████▎  | 3.95M/5.42M [00:40<00:15, 94.6kdoc/s]
  scoring:  74%|███████▍  | 4.00M/5.42M [00:41<00:14, 98.7kdoc/s]
  scoring:  75%|███████▍  | 4.05M/5.42M [00:41<00:13, 99.3kdoc/s]
  scoring:  76%|███████▌  | 4.10M/5.42M [00:42<00:13, 95.1kdoc/s]
  scoring:  77%|███████▋  | 4.15M/5.42M [00:42<00:13, 92.7kdoc/s]
  scoring:  78%|███████▊  | 4.20M/5.42M [00:43<00:12, 95.1kdoc/s]
  scoring:  78%|███████▊  | 4.25M/5.42M [00:43<00:11, 100kdoc/s] 
  scoring:  79%|███████▉  | 4.30M/5.42M [00:44<00:10, 107kdoc/s]
  scoring:  80%|████████  | 4.35M/5.42M [00:44<00:09, 114kdoc/s]
  scoring:  81%|████████  | 4.40M/5.42M [00:44<00:08, 117kdoc/s]
  scoring:  82%|████████▏ | 4.45M/5.42M [00:45<00:08, 121kdoc/s]
  scoring:  83%|████████▎ | 4.50M/5.42M [00:45<00:07, 123kdoc/s]
  scoring:  84%|████████▍ | 4.55M/5.42M [00:46<00:06, 125kdoc/s]
  scoring:  85%|████████▍ | 4.60M/5.42M [00:46<00:06, 127kdoc/s]
  scoring:  86%|████████▌ | 4.65M/5.42M [00:46<00:06, 127kdoc/s]
  scoring:  87%|████████▋ | 4.70M/5.42M [00:47<00:05, 130kdoc/s]
  scoring:  88%|████████▊ | 4.75M/5.42M [00:47<00:05, 132kdoc/s]
  scoring:  89%|████████▊ | 4.80M/5.42M [00:47<00:04, 134kdoc/s]
  scoring:  90%|████████▉ | 4.85M/5.42M [00:48<00:04, 139kdoc/s]
  scoring:  90%|█████████ | 4.90M/5.42M [00:48<00:03, 138kdoc/s]
  scoring:  91%|█████████▏| 4.95M/5.42M [00:49<00:03, 137kdoc/s]
  scoring:  92%|█████████▏| 5.00M/5.42M [00:49<00:03, 137kdoc/s]
  scoring:  93%|█████████▎| 5.05M/5.42M [00:49<00:02, 136kdoc/s]
  scoring:  94%|█████████▍| 5.10M/5.42M [00:50<00:02, 140kdoc/s]
  scoring:  95%|█████████▌| 5.15M/5.42M [00:50<00:01, 137kdoc/s]
  scoring:  96%|█████████▌| 5.20M/5.42M [00:51<00:01, 110kdoc/s]
  scoring:  97%|█████████▋| 5.25M/5.42M [00:51<00:01, 97.8kdoc/s]
  scoring:  98%|█████████▊| 5.30M/5.42M [00:52<00:01, 89.8kdoc/s]
  scoring:  99%|█████████▉| 5.35M/5.42M [00:53<00:00, 84.0kdoc/s]
  scoring: 100%|█████████▉| 5.40M/5.42M [00:53<00:00, 81.5kdoc/s]
  scoring: 100%|██████████| 5.42M/5.42M [00:53<00:00, 81.3kdoc/s]
  scoring: 100%|██████████| 5.42M/5.42M [00:53<00:00, 100kdoc/s] 
  NDCG@10: 0.1638  MRR@10: 0.2328  [index (5,416,593 docs)]

============================================================
Checkpoint : checkpoints_splade-v3/splade_shallow_spaced3/best_NanoMSMARCO.pt
Stage      : splade_shallow
────────────────────────────────────────────────────────────
Dataset                 NDCG@10     MRR@10
──────────────────────────────────────────
nfcorpus                 0.3326     0.5517
scifact                  0.6297     0.6023
arguana                  0.3206     0.2155
scidocs                  0.1541     0.2719
fiqa                     0.3183     0.3938
trec-covid               0.7172     0.9025
webis-touche2020         0.2901     0.5458
quora                    0.7738     0.7546
nq                       0.5474     0.4999
dbpedia-entity           0.4233     0.7246
hotpotqa                 0.6501     0.8262
fever                    0.6947     0.6875
climate-fever            0.1638     0.2328
──────────────────────────────────────────
Average                  0.4627     0.5545
============================================================
  done in 14.2 min, got 0 datasets

Wrote /home/capemox/projects/sae-smo-splade/results/beir_splade_spaced_eval.md

[spaced5] layers=[0, 3, 6, 8, 11]

============================================================
[spaced5] /home/capemox/projects/sae-smo-splade/.venv/bin/python scripts/eval_beir.py --stage splade_shallow --config config.yaml --index_dir data/beir_index --datasets nfcorpus scifact arguana scidocs fiqa trec-covid webis-touche2020 quora nq dbpedia-entity hotpotqa fever climate-fever --encode_batch_size 64 --densify_chunk 4096 --checkpoint checkpoints_splade-v3/splade_shallow_spaced5/best_NanoMSMARCO.pt
Device: cuda
Loading frozen doc SPLADE: naver/splade-v3 ...

Loading weights:   0%|          | 0/204 [00:00<?, ?it/s]
Loading weights: 100%|██████████| 204/204 [00:00<00:00, 38706.14it/s]
Loading ShallowSpladeQuery (5 layers) from checkpoints_splade-v3/splade_shallow_spaced5/best_NanoMSMARCO.pt ...

Loading weights:   0%|          | 0/204 [00:00<?, ?it/s]
Loading weights: 100%|██████████| 204/204 [00:00<00:00, 26101.64it/s]
  Step: 20000

────────────────────────────────────────────────────────────
[nfcorpus]
  Loading queries and qrels ...
Exception in thread Thread-auto_conversion:
Traceback (most recent call last):
  File "/home/capemox/.local/share/uv/python/cpython-3.10.16-linux-x86_64-gnu/lib/python3.10/threading.py", line 1016, in _bootstrap_inner
    self.run()
  File "/home/capemox/.local/share/uv/python/cpython-3.10.16-linux-x86_64-gnu/lib/python3.10/threading.py", line 953, in run
    self._target(*self._args, **self._kwargs)
  File "/home/capemox/projects/sae-smo-splade/.venv/lib/python3.10/site-packages/transformers/safetensors_conversion.py", line 117, in auto_conversion
    raise e
  File "/home/capemox/projects/sae-smo-splade/.venv/lib/python3.10/site-packages/transformers/safetensors_conversion.py", line 96, in auto_conversion
    sha = get_conversion_pr_reference(api, pretrained_model_name_or_path, **cached_file_kwargs)
  File "/home/capemox/projects/sae-smo-splade/.venv/lib/python3.10/site-packages/transformers/safetensors_conversion.py", line 77, in get_conversion_pr_reference
    raise OSError(
OSError: Could not create safetensors conversion PR. The repo does not appear to have a file named pytorch_model.bin or model.safetensors.If you are loading with variant, use `use_safetensors=False` to load the original model.
Exception in thread Thread-auto_conversion:
Traceback (most recent call last):
  File "/home/capemox/.local/share/uv/python/cpython-3.10.16-linux-x86_64-gnu/lib/python3.10/threading.py", line 1016, in _bootstrap_inner
    self.run()
  File "/home/capemox/.local/share/uv/python/cpython-3.10.16-linux-x86_64-gnu/lib/python3.10/threading.py", line 953, in run
    self._target(*self._args, **self._kwargs)
  File "/home/capemox/projects/sae-smo-splade/.venv/lib/python3.10/site-packages/transformers/safetensors_conversion.py", line 117, in auto_conversion
    raise e
  File "/home/capemox/projects/sae-smo-splade/.venv/lib/python3.10/site-packages/transformers/safetensors_conversion.py", line 96, in auto_conversion
    sha = get_conversion_pr_reference(api, pretrained_model_name_or_path, **cached_file_kwargs)
  File "/home/capemox/projects/sae-smo-splade/.venv/lib/python3.10/site-packages/transformers/safetensors_conversion.py", line 77, in get_conversion_pr_reference
    raise OSError(
OSError: Could not create safetensors conversion PR. The repo does not appear to have a file named pytorch_model.bin or model.safetensors.If you are loading with variant, use `use_safetensors=False` to load the original model.
  323 queries, 323 with relevance judgments
  Encoding queries with query model ...
  queries: 64/323
  queries: 128/323
  queries: 192/323
  queries: 256/323
  queries: 320/323
  queries: 323/323
  Retrieving from pre-built index (3,633 docs) ...

  scoring:   0%|          | 0.00/3.63k [00:00<?, ?doc/s]
  scoring: 100%|██████████| 3.63k/3.63k [00:00<00:00, 17.5kdoc/s]
  scoring: 100%|██████████| 3.63k/3.63k [00:00<00:00, 17.5kdoc/s]
  NDCG@10: 0.3258  MRR@10: 0.5404  [index (3,633 docs)]

────────────────────────────────────────────────────────────
[scifact]
  Loading queries and qrels ...
  300 queries, 300 with relevance judgments
  Encoding queries with query model ...
  queries: 64/300
  queries: 128/300
  queries: 192/300
  queries: 256/300
  queries: 300/300
  Retrieving from pre-built index (5,183 docs) ...

  scoring:   0%|          | 0.00/5.18k [00:00<?, ?doc/s]
  scoring: 100%|██████████| 5.18k/5.18k [00:00<00:00, 61.7kdoc/s]
  NDCG@10: 0.6273  MRR@10: 0.5966  [index (5,183 docs)]

────────────────────────────────────────────────────────────
[arguana]
  Loading queries and qrels ...
  1406 queries, 1406 with relevance judgments
  Encoding queries with query model ...
  queries: 64/1406
  queries: 128/1406
  queries: 192/1406
  queries: 256/1406
  queries: 320/1406
  queries: 384/1406
  queries: 448/1406
  queries: 512/1406
  queries: 576/1406
  queries: 640/1406
  queries: 704/1406
  queries: 768/1406
  queries: 832/1406
  queries: 896/1406
  queries: 960/1406
  queries: 1024/1406
  queries: 1088/1406
  queries: 1152/1406
  queries: 1216/1406
  queries: 1280/1406
  queries: 1344/1406
  queries: 1406/1406
  Retrieving from pre-built index (8,674 docs) ...

  scoring:   0%|          | 0.00/8.67k [00:00<?, ?doc/s]
  scoring: 100%|██████████| 8.67k/8.67k [00:00<00:00, 21.5kdoc/s]
  scoring: 100%|██████████| 8.67k/8.67k [00:00<00:00, 21.5kdoc/s]
  NDCG@10: 0.3189  MRR@10: 0.2146  [index (8,674 docs)]

────────────────────────────────────────────────────────────
[scidocs]
  Loading queries and qrels ...
  1000 queries, 1000 with relevance judgments
  Encoding queries with query model ...
  queries: 64/1000
  queries: 128/1000
  queries: 192/1000
  queries: 256/1000
  queries: 320/1000
  queries: 384/1000
  queries: 448/1000
  queries: 512/1000
  queries: 576/1000
  queries: 640/1000
  queries: 704/1000
  queries: 768/1000
  queries: 832/1000
  queries: 896/1000
  queries: 960/1000
  queries: 1000/1000
  Retrieving from pre-built index (25,657 docs) ...

  scoring:   0%|          | 0.00/25.7k [00:00<?, ?doc/s]
  scoring: 100%|██████████| 25.7k/25.7k [00:00<00:00, 31.7kdoc/s]
  scoring: 100%|██████████| 25.7k/25.7k [00:00<00:00, 31.7kdoc/s]
  NDCG@10: 0.1497  MRR@10: 0.2650  [index (25,657 docs)]

────────────────────────────────────────────────────────────
[fiqa]
  Loading queries and qrels ...
  648 queries, 648 with relevance judgments
  Encoding queries with query model ...
  queries: 64/648
  queries: 128/648
  queries: 192/648
  queries: 256/648
  queries: 320/648
  queries: 384/648
  queries: 448/648
  queries: 512/648
  queries: 576/648
  queries: 640/648
  queries: 648/648
  Retrieving from pre-built index (57,638 docs) ...

  scoring:   0%|          | 0.00/57.6k [00:00<?, ?doc/s]
  scoring:  87%|████████▋ | 50.0k/57.6k [00:01<00:00, 38.5kdoc/s]
  scoring: 100%|██████████| 57.6k/57.6k [00:01<00:00, 42.0kdoc/s]
  scoring: 100%|██████████| 57.6k/57.6k [00:01<00:00, 41.0kdoc/s]
  NDCG@10: 0.3117  MRR@10: 0.3841  [index (57,638 docs)]

────────────────────────────────────────────────────────────
[trec-covid]
  Loading queries and qrels ...
  50 queries, 50 with relevance judgments
  Encoding queries with query model ...
  queries: 50/50
  Retrieving from pre-built index (171,332 docs) ...

  scoring:   0%|          | 0.00/171k [00:00<?, ?doc/s]
  scoring:  29%|██▉       | 50.0k/171k [00:00<00:00, 154kdoc/s]
  scoring:  58%|█████▊    | 100k/171k [00:00<00:00, 165kdoc/s] 
  scoring:  88%|████████▊ | 150k/171k [00:00<00:00, 171kdoc/s]
  scoring: 100%|██████████| 171k/171k [00:01<00:00, 166kdoc/s]
  scoring: 100%|██████████| 171k/171k [00:01<00:00, 166kdoc/s]
  NDCG@10: 0.6912  MRR@10: 0.9035  [index (171,332 docs)]

────────────────────────────────────────────────────────────
[webis-touche2020]
  Loading queries and qrels ...
  49 queries, 49 with relevance judgments
  Encoding queries with query model ...
  queries: 49/49
  Retrieving from pre-built index (382,545 docs) ...

  scoring:   0%|          | 0.00/383k [00:00<?, ?doc/s]
  scoring:  13%|█▎        | 50.0k/383k [00:00<00:02, 164kdoc/s]
  scoring:  26%|██▌       | 100k/383k [00:00<00:01, 154kdoc/s] 
  scoring:  39%|███▉      | 150k/383k [00:00<00:01, 158kdoc/s]
  scoring:  52%|█████▏    | 200k/383k [00:01<00:01, 162kdoc/s]
  scoring:  65%|██████▌   | 250k/383k [00:01<00:00, 157kdoc/s]
  scoring:  78%|███████▊  | 300k/383k [00:01<00:00, 157kdoc/s]
  scoring:  91%|█████████▏| 350k/383k [00:02<00:00, 159kdoc/s]
  scoring: 100%|██████████| 383k/383k [00:02<00:00, 160kdoc/s]
  scoring: 100%|██████████| 383k/383k [00:02<00:00, 159kdoc/s]
  NDCG@10: 0.2955  MRR@10: 0.6113  [index (382,545 docs)]

────────────────────────────────────────────────────────────
[quora]
  Loading queries and qrels ...
  10000 queries, 10000 with relevance judgments
  Encoding queries with query model ...
  queries: 64/10000
  queries: 128/10000
  queries: 192/10000
  queries: 256/10000
  queries: 320/10000
  queries: 384/10000
  queries: 448/10000
  queries: 512/10000
  queries: 576/10000
  queries: 640/10000
  queries: 704/10000
  queries: 768/10000
  queries: 832/10000
  queries: 896/10000
  queries: 960/10000
  queries: 1024/10000
  queries: 1088/10000
  queries: 1152/10000
  queries: 1216/10000
  queries: 1280/10000
  queries: 1344/10000
  queries: 1408/10000
  queries: 1472/10000
  queries: 1536/10000
  queries: 1600/10000
  queries: 1664/10000
  queries: 1728/10000
  queries: 1792/10000
  queries: 1856/10000
  queries: 1920/10000
  queries: 1984/10000
  queries: 2048/10000
  queries: 2112/10000
  queries: 2176/10000
  queries: 2240/10000
  queries: 2304/10000
  queries: 2368/10000
  queries: 2432/10000
  queries: 2496/10000
  queries: 2560/10000
  queries: 2624/10000
  queries: 2688/10000
  queries: 2752/10000
  queries: 2816/10000
  queries: 2880/10000
  queries: 2944/10000
  queries: 3008/10000
  queries: 3072/10000
  queries: 3136/10000
  queries: 3200/10000
  queries: 3264/10000
  queries: 3328/10000
  queries: 3392/10000
  queries: 3456/10000
  queries: 3520/10000
  queries: 3584/10000
  queries: 3648/10000
  queries: 3712/10000
  queries: 3776/10000
  queries: 3840/10000
  queries: 3904/10000
  queries: 3968/10000
  queries: 4032/10000
  queries: 4096/10000
  queries: 4160/10000
  queries: 4224/10000
  queries: 4288/10000
  queries: 4352/10000
  queries: 4416/10000
  queries: 4480/10000
  queries: 4544/10000
  queries: 4608/10000
  queries: 4672/10000
  queries: 4736/10000
  queries: 4800/10000
  queries: 4864/10000
  queries: 4928/10000
  queries: 4992/10000
  queries: 5056/10000
  queries: 5120/10000
  queries: 5184/10000
  queries: 5248/10000
  queries: 5312/10000
  queries: 5376/10000
  queries: 5440/10000
  queries: 5504/10000
  queries: 5568/10000
  queries: 5632/10000
  queries: 5696/10000
  queries: 5760/10000
  queries: 5824/10000
  queries: 5888/10000
  queries: 5952/10000
  queries: 6016/10000
  queries: 6080/10000
  queries: 6144/10000
  queries: 6208/10000
  queries: 6272/10000
  queries: 6336/10000
  queries: 6400/10000
  queries: 6464/10000
  queries: 6528/10000
  queries: 6592/10000
  queries: 6656/10000
  queries: 6720/10000
  queries: 6784/10000
  queries: 6848/10000
  queries: 6912/10000
  queries: 6976/10000
  queries: 7040/10000
  queries: 7104/10000
  queries: 7168/10000
  queries: 7232/10000
  queries: 7296/10000
  queries: 7360/10000
  queries: 7424/10000
  queries: 7488/10000
  queries: 7552/10000
  queries: 7616/10000
  queries: 7680/10000
  queries: 7744/10000
  queries: 7808/10000
  queries: 7872/10000
  queries: 7936/10000
  queries: 8000/10000
  queries: 8064/10000
  queries: 8128/10000
  queries: 8192/10000
  queries: 8256/10000
  queries: 8320/10000
  queries: 8384/10000
  queries: 8448/10000
  queries: 8512/10000
  queries: 8576/10000
  queries: 8640/10000
  queries: 8704/10000
  queries: 8768/10000
  queries: 8832/10000
  queries: 8896/10000
  queries: 8960/10000
  queries: 9024/10000
  queries: 9088/10000
  queries: 9152/10000
  queries: 9216/10000
  queries: 9280/10000
  queries: 9344/10000
  queries: 9408/10000
  queries: 9472/10000
  queries: 9536/10000
  queries: 9600/10000
  queries: 9664/10000
  queries: 9728/10000
  queries: 9792/10000
  queries: 9856/10000
  queries: 9920/10000
  queries: 9984/10000
  queries: 10000/10000
  Retrieving from pre-built index (522,931 docs) ...

  scoring:   0%|          | 0.00/523k [00:00<?, ?doc/s]
  scoring:  10%|▉         | 50.0k/523k [00:04<00:43, 10.9kdoc/s]
  scoring:  19%|█▉        | 100k/523k [00:07<00:29, 14.4kdoc/s] 
  scoring:  29%|██▊       | 150k/523k [00:10<00:23, 16.0kdoc/s]
  scoring:  38%|███▊      | 200k/523k [00:12<00:19, 16.7kdoc/s]
  scoring:  48%|████▊     | 250k/523k [00:15<00:15, 17.2kdoc/s]
  scoring:  57%|█████▋    | 300k/523k [00:18<00:12, 17.6kdoc/s]
  scoring:  67%|██████▋   | 350k/523k [00:21<00:09, 17.7kdoc/s]
  scoring:  76%|███████▋  | 400k/523k [00:23<00:06, 17.7kdoc/s]
  scoring:  86%|████████▌ | 450k/523k [00:26<00:04, 17.7kdoc/s]
  scoring:  96%|█████████▌| 500k/523k [00:29<00:01, 17.6kdoc/s]
  scoring: 100%|██████████| 523k/523k [00:30<00:00, 17.7kdoc/s]
  scoring: 100%|██████████| 523k/523k [00:30<00:00, 16.9kdoc/s]
  NDCG@10: 0.7758  MRR@10: 0.7580  [index (522,931 docs)]

────────────────────────────────────────────────────────────
[nq]
  Loading queries and qrels ...
  3452 queries, 3452 with relevance judgments
  Encoding queries with query model ...
  queries: 64/3452
  queries: 128/3452
  queries: 192/3452
  queries: 256/3452
  queries: 320/3452
  queries: 384/3452
  queries: 448/3452
  queries: 512/3452
  queries: 576/3452
  queries: 640/3452
  queries: 704/3452
  queries: 768/3452
  queries: 832/3452
  queries: 896/3452
  queries: 960/3452
  queries: 1024/3452
  queries: 1088/3452
  queries: 1152/3452
  queries: 1216/3452
  queries: 1280/3452
  queries: 1344/3452
  queries: 1408/3452
  queries: 1472/3452
  queries: 1536/3452
  queries: 1600/3452
  queries: 1664/3452
  queries: 1728/3452
  queries: 1792/3452
  queries: 1856/3452
  queries: 1920/3452
  queries: 1984/3452
  queries: 2048/3452
  queries: 2112/3452
  queries: 2176/3452
  queries: 2240/3452
  queries: 2304/3452
  queries: 2368/3452
  queries: 2432/3452
  queries: 2496/3452
  queries: 2560/3452
  queries: 2624/3452
  queries: 2688/3452
  queries: 2752/3452
  queries: 2816/3452
  queries: 2880/3452
  queries: 2944/3452
  queries: 3008/3452
  queries: 3072/3452
  queries: 3136/3452
  queries: 3200/3452
  queries: 3264/3452
  queries: 3328/3452
  queries: 3392/3452
  queries: 3452/3452
  Retrieving from pre-built index (2,681,468 docs) ...

  scoring:   0%|          | 0.00/2.68M [00:00<?, ?doc/s]
  scoring:   2%|▏         | 50.0k/2.68M [00:01<01:01, 42.9kdoc/s]
  scoring:   4%|▎         | 100k/2.68M [00:02<01:01, 42.0kdoc/s] 
  scoring:   6%|▌         | 150k/2.68M [00:03<00:58, 42.9kdoc/s]
  scoring:   7%|▋         | 200k/2.68M [00:04<00:57, 43.1kdoc/s]
  scoring:   9%|▉         | 250k/2.68M [00:05<00:55, 43.4kdoc/s]
  scoring:  11%|█         | 300k/2.68M [00:07<00:55, 42.7kdoc/s]
  scoring:  13%|█▎        | 350k/2.68M [00:08<00:53, 43.2kdoc/s]
  scoring:  15%|█▍        | 400k/2.68M [00:09<00:53, 42.6kdoc/s]
  scoring:  17%|█▋        | 450k/2.68M [00:10<00:53, 42.0kdoc/s]
  scoring:  19%|█▊        | 500k/2.68M [00:11<00:51, 42.5kdoc/s]
  scoring:  21%|██        | 550k/2.68M [00:12<00:50, 42.4kdoc/s]
  scoring:  22%|██▏       | 600k/2.68M [00:14<00:49, 42.2kdoc/s]
  scoring:  24%|██▍       | 650k/2.68M [00:15<00:48, 42.0kdoc/s]
  scoring:  26%|██▌       | 700k/2.68M [00:16<00:46, 42.3kdoc/s]
  scoring:  28%|██▊       | 750k/2.68M [00:17<00:46, 41.9kdoc/s]
  scoring:  30%|██▉       | 800k/2.68M [00:18<00:44, 42.1kdoc/s]
  scoring:  32%|███▏      | 850k/2.68M [00:20<00:44, 41.5kdoc/s]
  scoring:  34%|███▎      | 900k/2.68M [00:21<00:41, 42.5kdoc/s]
  scoring:  35%|███▌      | 950k/2.68M [00:22<00:41, 42.1kdoc/s]
  scoring:  37%|███▋      | 1.00M/2.68M [00:23<00:40, 41.9kdoc/s]
  scoring:  39%|███▉      | 1.05M/2.68M [00:24<00:38, 42.0kdoc/s]
  scoring:  41%|████      | 1.10M/2.68M [00:26<00:38, 41.5kdoc/s]
  scoring:  43%|████▎     | 1.15M/2.68M [00:27<00:36, 41.6kdoc/s]
  scoring:  45%|████▍     | 1.20M/2.68M [00:28<00:35, 41.5kdoc/s]
  scoring:  47%|████▋     | 1.25M/2.68M [00:29<00:34, 41.2kdoc/s]
  scoring:  48%|████▊     | 1.30M/2.68M [00:30<00:33, 41.0kdoc/s]
  scoring:  50%|█████     | 1.35M/2.68M [00:32<00:32, 41.5kdoc/s]
  scoring:  52%|█████▏    | 1.40M/2.68M [00:33<00:31, 41.3kdoc/s]
  scoring:  54%|█████▍    | 1.45M/2.68M [00:34<00:29, 41.6kdoc/s]
  scoring:  56%|█████▌    | 1.50M/2.68M [00:35<00:28, 41.4kdoc/s]
  scoring:  58%|█████▊    | 1.55M/2.68M [00:36<00:27, 41.4kdoc/s]
  scoring:  60%|█████▉    | 1.60M/2.68M [00:38<00:26, 41.2kdoc/s]
  scoring:  62%|██████▏   | 1.65M/2.68M [00:39<00:24, 41.5kdoc/s]
  scoring:  63%|██████▎   | 1.70M/2.68M [00:40<00:23, 41.3kdoc/s]
  scoring:  65%|██████▌   | 1.75M/2.68M [00:41<00:22, 41.4kdoc/s]
  scoring:  67%|██████▋   | 1.80M/2.68M [00:43<00:21, 40.8kdoc/s]
  scoring:  69%|██████▉   | 1.85M/2.68M [00:44<00:20, 41.5kdoc/s]
  scoring:  71%|███████   | 1.90M/2.68M [00:45<00:18, 41.6kdoc/s]
  scoring:  73%|███████▎  | 1.95M/2.68M [00:46<00:17, 41.1kdoc/s]
  scoring:  75%|███████▍  | 2.00M/2.68M [00:47<00:16, 41.3kdoc/s]
  scoring:  76%|███████▋  | 2.05M/2.68M [00:49<00:15, 41.1kdoc/s]
  scoring:  78%|███████▊  | 2.10M/2.68M [00:50<00:14, 41.4kdoc/s]
  scoring:  80%|████████  | 2.15M/2.68M [00:51<00:12, 41.2kdoc/s]
  scoring:  82%|████████▏ | 2.20M/2.68M [00:52<00:11, 41.1kdoc/s]
  scoring:  84%|████████▍ | 2.25M/2.68M [00:53<00:10, 41.1kdoc/s]
  scoring:  86%|████████▌ | 2.30M/2.68M [00:55<00:09, 41.4kdoc/s]
  scoring:  88%|████████▊ | 2.35M/2.68M [00:56<00:08, 41.2kdoc/s]
  scoring:  90%|████████▉ | 2.40M/2.68M [00:57<00:06, 41.2kdoc/s]
  scoring:  91%|█████████▏| 2.45M/2.68M [00:58<00:05, 41.2kdoc/s]
  scoring:  93%|█████████▎| 2.50M/2.68M [00:59<00:04, 41.2kdoc/s]
  scoring:  95%|█████████▌| 2.55M/2.68M [01:01<00:03, 41.0kdoc/s]
  scoring:  97%|█████████▋| 2.60M/2.68M [01:02<00:01, 41.1kdoc/s]
  scoring:  99%|█████████▉| 2.65M/2.68M [01:03<00:00, 41.2kdoc/s]
  scoring: 100%|██████████| 2.68M/2.68M [01:04<00:00, 41.7kdoc/s]
  scoring: 100%|██████████| 2.68M/2.68M [01:04<00:00, 41.7kdoc/s]
  NDCG@10: 0.5424  MRR@10: 0.4944  [index (2,681,468 docs)]

────────────────────────────────────────────────────────────
[dbpedia-entity]
  Loading queries and qrels ...
  400 queries, 400 with relevance judgments
  Encoding queries with query model ...
  queries: 64/400
  queries: 128/400
  queries: 192/400
  queries: 256/400
  queries: 320/400
  queries: 384/400
  queries: 400/400
  Retrieving from pre-built index (4,635,922 docs) ...

  scoring:   0%|          | 0.00/4.64M [00:00<?, ?doc/s]
  scoring:   1%|          | 50.0k/4.64M [00:00<00:28, 160kdoc/s]
  scoring:   2%|▏         | 100k/4.64M [00:00<00:28, 161kdoc/s] 
  scoring:   3%|▎         | 150k/4.64M [00:00<00:28, 157kdoc/s]
  scoring:   4%|▍         | 200k/4.64M [00:01<00:26, 165kdoc/s]
  scoring:   5%|▌         | 250k/4.64M [00:01<00:28, 154kdoc/s]
  scoring:   6%|▋         | 300k/4.64M [00:01<00:28, 154kdoc/s]
  scoring:   8%|▊         | 350k/4.64M [00:02<00:27, 153kdoc/s]
  scoring:   9%|▊         | 400k/4.64M [00:02<00:28, 150kdoc/s]
  scoring:  10%|▉         | 450k/4.64M [00:02<00:27, 152kdoc/s]
  scoring:  11%|█         | 500k/4.64M [00:03<00:27, 149kdoc/s]
  scoring:  12%|█▏        | 550k/4.64M [00:03<00:27, 150kdoc/s]
  scoring:  13%|█▎        | 600k/4.64M [00:03<00:27, 147kdoc/s]
  scoring:  14%|█▍        | 650k/4.64M [00:04<00:26, 151kdoc/s]
  scoring:  15%|█▌        | 700k/4.64M [00:04<00:25, 153kdoc/s]
  scoring:  16%|█▌        | 750k/4.64M [00:04<00:25, 155kdoc/s]
  scoring:  17%|█▋        | 800k/4.64M [00:05<00:24, 155kdoc/s]
  scoring:  18%|█▊        | 850k/4.64M [00:05<00:24, 155kdoc/s]
  scoring:  19%|█▉        | 900k/4.64M [00:05<00:24, 151kdoc/s]
  scoring:  20%|██        | 950k/4.64M [00:06<00:24, 151kdoc/s]
  scoring:  22%|██▏       | 1.00M/4.64M [00:06<00:23, 154kdoc/s]
  scoring:  23%|██▎       | 1.05M/4.64M [00:06<00:23, 150kdoc/s]
  scoring:  24%|██▎       | 1.10M/4.64M [00:07<00:23, 152kdoc/s]
  scoring:  25%|██▍       | 1.15M/4.64M [00:07<00:22, 155kdoc/s]
  scoring:  26%|██▌       | 1.20M/4.64M [00:07<00:22, 151kdoc/s]
  scoring:  27%|██▋       | 1.25M/4.64M [00:08<00:21, 154kdoc/s]
  scoring:  28%|██▊       | 1.30M/4.64M [00:08<00:20, 160kdoc/s]
  scoring:  29%|██▉       | 1.35M/4.64M [00:08<00:21, 156kdoc/s]
  scoring:  30%|███       | 1.40M/4.64M [00:09<00:20, 157kdoc/s]
  scoring:  31%|███▏      | 1.45M/4.64M [00:09<00:20, 156kdoc/s]
  scoring:  32%|███▏      | 1.50M/4.64M [00:09<00:20, 152kdoc/s]
  scoring:  33%|███▎      | 1.55M/4.64M [00:10<00:19, 154kdoc/s]
  scoring:  35%|███▍      | 1.60M/4.64M [00:10<00:19, 158kdoc/s]
  scoring:  36%|███▌      | 1.65M/4.64M [00:10<00:19, 156kdoc/s]
  scoring:  37%|███▋      | 1.70M/4.64M [00:11<00:18, 160kdoc/s]
  scoring:  38%|███▊      | 1.75M/4.64M [00:11<00:17, 162kdoc/s]
  scoring:  39%|███▉      | 1.80M/4.64M [00:11<00:17, 159kdoc/s]
  scoring:  40%|███▉      | 1.85M/4.64M [00:11<00:17, 161kdoc/s]
  scoring:  41%|████      | 1.90M/4.64M [00:12<00:17, 157kdoc/s]
  scoring:  42%|████▏     | 1.95M/4.64M [00:12<00:17, 156kdoc/s]
  scoring:  43%|████▎     | 2.00M/4.64M [00:12<00:16, 157kdoc/s]
  scoring:  44%|████▍     | 2.05M/4.64M [00:13<00:16, 154kdoc/s]
  scoring:  45%|████▌     | 2.10M/4.64M [00:13<00:16, 152kdoc/s]
  scoring:  46%|████▋     | 2.15M/4.64M [00:13<00:15, 160kdoc/s]
  scoring:  47%|████▋     | 2.20M/4.64M [00:14<00:15, 156kdoc/s]
  scoring:  49%|████▊     | 2.25M/4.64M [00:14<00:14, 159kdoc/s]
  scoring:  50%|████▉     | 2.30M/4.64M [00:14<00:14, 160kdoc/s]
  scoring:  51%|█████     | 2.35M/4.64M [00:15<00:14, 155kdoc/s]
  scoring:  52%|█████▏    | 2.40M/4.64M [00:15<00:14, 156kdoc/s]
  scoring:  53%|█████▎    | 2.45M/4.64M [00:15<00:13, 162kdoc/s]
  scoring:  54%|█████▍    | 2.50M/4.64M [00:16<00:13, 157kdoc/s]
  scoring:  55%|█████▌    | 2.55M/4.64M [00:16<00:12, 161kdoc/s]
  scoring:  56%|█████▌    | 2.60M/4.64M [00:16<00:12, 159kdoc/s]
  scoring:  57%|█████▋    | 2.65M/4.64M [00:17<00:12, 158kdoc/s]
  scoring:  58%|█████▊    | 2.70M/4.64M [00:17<00:12, 160kdoc/s]
  scoring:  59%|█████▉    | 2.75M/4.64M [00:17<00:11, 159kdoc/s]
  scoring:  60%|██████    | 2.80M/4.64M [00:17<00:11, 157kdoc/s]
  scoring:  61%|██████▏   | 2.85M/4.64M [00:18<00:11, 159kdoc/s]
  scoring:  63%|██████▎   | 2.90M/4.64M [00:18<00:11, 156kdoc/s]
  scoring:  64%|██████▎   | 2.95M/4.64M [00:18<00:10, 155kdoc/s]
  scoring:  65%|██████▍   | 3.00M/4.64M [00:19<00:10, 157kdoc/s]
  scoring:  66%|██████▌   | 3.05M/4.64M [00:19<00:10, 154kdoc/s]
  scoring:  67%|██████▋   | 3.10M/4.64M [00:19<00:10, 153kdoc/s]
  scoring:  68%|██████▊   | 3.15M/4.64M [00:20<00:09, 155kdoc/s]
  scoring:  69%|██████▉   | 3.20M/4.64M [00:20<00:09, 153kdoc/s]
  scoring:  70%|███████   | 3.25M/4.64M [00:20<00:09, 153kdoc/s]
  scoring:  71%|███████   | 3.30M/4.64M [00:21<00:08, 161kdoc/s]
  scoring:  72%|███████▏  | 3.35M/4.64M [00:21<00:08, 157kdoc/s]
  scoring:  73%|███████▎  | 3.40M/4.64M [00:21<00:07, 158kdoc/s]
  scoring:  74%|███████▍  | 3.45M/4.64M [00:22<00:07, 159kdoc/s]
  scoring:  75%|███████▌  | 3.50M/4.64M [00:22<00:07, 154kdoc/s]
  scoring:  77%|███████▋  | 3.55M/4.64M [00:22<00:06, 157kdoc/s]
  scoring:  78%|███████▊  | 3.60M/4.64M [00:23<00:06, 156kdoc/s]
  scoring:  79%|███████▊  | 3.65M/4.64M [00:23<00:06, 156kdoc/s]
  scoring:  80%|███████▉  | 3.70M/4.64M [00:23<00:05, 157kdoc/s]
  scoring:  81%|████████  | 3.75M/4.64M [00:24<00:05, 156kdoc/s]
  scoring:  82%|████████▏ | 3.80M/4.64M [00:24<00:05, 155kdoc/s]
  scoring:  83%|████████▎ | 3.85M/4.64M [00:24<00:04, 158kdoc/s]
  scoring:  84%|████████▍ | 3.90M/4.64M [00:25<00:04, 156kdoc/s]
  scoring:  85%|████████▌ | 3.95M/4.64M [00:25<00:04, 155kdoc/s]
  scoring:  86%|████████▋ | 4.00M/4.64M [00:25<00:04, 157kdoc/s]
  scoring:  87%|████████▋ | 4.05M/4.64M [00:25<00:03, 159kdoc/s]
  scoring:  88%|████████▊ | 4.10M/4.64M [00:26<00:03, 157kdoc/s]
  scoring:  90%|████████▉ | 4.15M/4.64M [00:26<00:02, 165kdoc/s]
  scoring:  91%|█████████ | 4.20M/4.64M [00:26<00:02, 160kdoc/s]
  scoring:  92%|█████████▏| 4.25M/4.64M [00:27<00:02, 158kdoc/s]
  scoring:  93%|█████████▎| 4.30M/4.64M [00:27<00:02, 160kdoc/s]
  scoring:  94%|█████████▍| 4.35M/4.64M [00:27<00:01, 155kdoc/s]
  scoring:  95%|█████████▍| 4.40M/4.64M [00:28<00:01, 157kdoc/s]
  scoring:  96%|█████████▌| 4.45M/4.64M [00:28<00:01, 164kdoc/s]
  scoring:  97%|█████████▋| 4.50M/4.64M [00:28<00:00, 160kdoc/s]
  scoring:  98%|█████████▊| 4.55M/4.64M [00:29<00:00, 161kdoc/s]
  scoring:  99%|█████████▉| 4.60M/4.64M [00:29<00:00, 156kdoc/s]
  scoring: 100%|██████████| 4.64M/4.64M [00:29<00:00, 159kdoc/s]
  scoring: 100%|██████████| 4.64M/4.64M [00:29<00:00, 156kdoc/s]
  NDCG@10: 0.4216  MRR@10: 0.7291  [index (4,635,922 docs)]

────────────────────────────────────────────────────────────
[hotpotqa]
  Loading queries and qrels ...
  7405 queries, 7405 with relevance judgments
  Encoding queries with query model ...
  queries: 64/7405
  queries: 128/7405
  queries: 192/7405
  queries: 256/7405
  queries: 320/7405
  queries: 384/7405
  queries: 448/7405
  queries: 512/7405
  queries: 576/7405
  queries: 640/7405
  queries: 704/7405
  queries: 768/7405
  queries: 832/7405
  queries: 896/7405
  queries: 960/7405
  queries: 1024/7405
  queries: 1088/7405
  queries: 1152/7405
  queries: 1216/7405
  queries: 1280/7405
  queries: 1344/7405
  queries: 1408/7405
  queries: 1472/7405
  queries: 1536/7405
  queries: 1600/7405
  queries: 1664/7405
  queries: 1728/7405
  queries: 1792/7405
  queries: 1856/7405
  queries: 1920/7405
  queries: 1984/7405
  queries: 2048/7405
  queries: 2112/7405
  queries: 2176/7405
  queries: 2240/7405
  queries: 2304/7405
  queries: 2368/7405
  queries: 2432/7405
  queries: 2496/7405
  queries: 2560/7405
  queries: 2624/7405
  queries: 2688/7405
  queries: 2752/7405
  queries: 2816/7405
  queries: 2880/7405
  queries: 2944/7405
  queries: 3008/7405
  queries: 3072/7405
  queries: 3136/7405
  queries: 3200/7405
  queries: 3264/7405
  queries: 3328/7405
  queries: 3392/7405
  queries: 3456/7405
  queries: 3520/7405
  queries: 3584/7405
  queries: 3648/7405
  queries: 3712/7405
  queries: 3776/7405
  queries: 3840/7405
  queries: 3904/7405
  queries: 3968/7405
  queries: 4032/7405
  queries: 4096/7405
  queries: 4160/7405
  queries: 4224/7405
  queries: 4288/7405
  queries: 4352/7405
  queries: 4416/7405
  queries: 4480/7405
  queries: 4544/7405
  queries: 4608/7405
  queries: 4672/7405
  queries: 4736/7405
  queries: 4800/7405
  queries: 4864/7405
  queries: 4928/7405
  queries: 4992/7405
  queries: 5056/7405
  queries: 5120/7405
  queries: 5184/7405
  queries: 5248/7405
  queries: 5312/7405
  queries: 5376/7405
  queries: 5440/7405
  queries: 5504/7405
  queries: 5568/7405
  queries: 5632/7405
  queries: 5696/7405
  queries: 5760/7405
  queries: 5824/7405
  queries: 5888/7405
  queries: 5952/7405
  queries: 6016/7405
  queries: 6080/7405
  queries: 6144/7405
  queries: 6208/7405
  queries: 6272/7405
  queries: 6336/7405
  queries: 6400/7405
  queries: 6464/7405
  queries: 6528/7405
  queries: 6592/7405
  queries: 6656/7405
  queries: 6720/7405
  queries: 6784/7405
  queries: 6848/7405
  queries: 6912/7405
  queries: 6976/7405
  queries: 7040/7405
  queries: 7104/7405
  queries: 7168/7405
  queries: 7232/7405
  queries: 7296/7405
  queries: 7360/7405
  queries: 7405/7405
  Retrieving from pre-built index (5,233,329 docs) ...

  scoring:   0%|          | 0.00/5.23M [00:00<?, ?doc/s]
  scoring:   1%|          | 50.0k/5.23M [00:02<04:23, 19.7kdoc/s]
  scoring:   2%|▏         | 100k/5.23M [00:04<04:13, 20.2kdoc/s] 
  scoring:   3%|▎         | 150k/5.23M [00:07<04:10, 20.3kdoc/s]
  scoring:   4%|▍         | 200k/5.23M [00:09<04:07, 20.3kdoc/s]
  scoring:   5%|▍         | 250k/5.23M [00:12<04:07, 20.1kdoc/s]
  scoring:   6%|▌         | 300k/5.23M [00:14<04:00, 20.5kdoc/s]
  scoring:   7%|▋         | 350k/5.23M [00:17<04:01, 20.2kdoc/s]
  scoring:   8%|▊         | 400k/5.23M [00:19<03:37, 22.3kdoc/s]
  scoring:   9%|▊         | 450k/5.23M [00:20<03:07, 25.5kdoc/s]
  scoring:  10%|▉         | 500k/5.23M [00:21<02:46, 28.4kdoc/s]
  scoring:  11%|█         | 550k/5.23M [00:23<02:33, 30.5kdoc/s]
  scoring:  11%|█▏        | 600k/5.23M [00:24<02:21, 32.8kdoc/s]
  scoring:  12%|█▏        | 650k/5.23M [00:25<02:11, 34.7kdoc/s]
  scoring:  13%|█▎        | 700k/5.23M [00:27<02:32, 29.7kdoc/s]
  scoring:  14%|█▍        | 750k/5.23M [00:30<02:50, 26.3kdoc/s]
  scoring:  15%|█▌        | 800k/5.23M [00:32<03:02, 24.3kdoc/s]
  scoring:  16%|█▌        | 850k/5.23M [00:35<03:10, 23.0kdoc/s]
  scoring:  17%|█▋        | 900k/5.23M [00:37<03:05, 23.4kdoc/s]
  scoring:  18%|█▊        | 950k/5.23M [00:39<03:13, 22.1kdoc/s]
  scoring:  19%|█▉        | 1.00M/5.23M [00:42<03:15, 21.7kdoc/s]
  scoring:  20%|██        | 1.05M/5.23M [00:44<03:16, 21.3kdoc/s]
  scoring:  21%|██        | 1.10M/5.23M [00:47<03:17, 20.9kdoc/s]
  scoring:  22%|██▏       | 1.15M/5.23M [00:49<03:16, 20.8kdoc/s]
  scoring:  23%|██▎       | 1.20M/5.23M [00:51<03:16, 20.5kdoc/s]
  scoring:  24%|██▍       | 1.25M/5.23M [00:54<03:13, 20.5kdoc/s]
  scoring:  25%|██▍       | 1.30M/5.23M [00:56<03:10, 20.7kdoc/s]
  scoring:  26%|██▌       | 1.35M/5.23M [00:59<03:07, 20.7kdoc/s]
  scoring:  27%|██▋       | 1.40M/5.23M [01:01<03:05, 20.6kdoc/s]
  scoring:  28%|██▊       | 1.45M/5.23M [01:04<03:03, 20.6kdoc/s]
  scoring:  29%|██▊       | 1.50M/5.23M [01:06<03:00, 20.7kdoc/s]
  scoring:  30%|██▉       | 1.55M/5.23M [01:08<02:58, 20.6kdoc/s]
  scoring:  31%|███       | 1.60M/5.23M [01:11<02:56, 20.6kdoc/s]
  scoring:  32%|███▏      | 1.65M/5.23M [01:13<02:53, 20.6kdoc/s]
  scoring:  32%|███▏      | 1.70M/5.23M [01:16<02:52, 20.5kdoc/s]
  scoring:  33%|███▎      | 1.75M/5.23M [01:18<02:48, 20.6kdoc/s]
  scoring:  34%|███▍      | 1.80M/5.23M [01:21<02:46, 20.6kdoc/s]
  scoring:  35%|███▌      | 1.85M/5.23M [01:23<02:44, 20.6kdoc/s]
  scoring:  36%|███▋      | 1.90M/5.23M [01:25<02:42, 20.5kdoc/s]
  scoring:  37%|███▋      | 1.95M/5.23M [01:28<02:40, 20.4kdoc/s]
  scoring:  38%|███▊      | 2.00M/5.23M [01:30<02:36, 20.6kdoc/s]
  scoring:  39%|███▉      | 2.05M/5.23M [01:33<02:34, 20.6kdoc/s]
  scoring:  40%|████      | 2.10M/5.23M [01:35<02:32, 20.6kdoc/s]
  scoring:  41%|████      | 2.15M/5.23M [01:38<02:30, 20.5kdoc/s]
  scoring:  42%|████▏     | 2.20M/5.23M [01:40<02:27, 20.6kdoc/s]
  scoring:  43%|████▎     | 2.25M/5.23M [01:42<02:24, 20.6kdoc/s]
  scoring:  44%|████▍     | 2.30M/5.23M [01:45<02:23, 20.4kdoc/s]
  scoring:  45%|████▍     | 2.35M/5.23M [01:47<02:20, 20.5kdoc/s]
  scoring:  46%|████▌     | 2.40M/5.23M [01:50<02:17, 20.6kdoc/s]
  scoring:  47%|████▋     | 2.45M/5.23M [01:52<02:15, 20.6kdoc/s]
  scoring:  48%|████▊     | 2.50M/5.23M [01:55<02:13, 20.5kdoc/s]
  scoring:  49%|████▊     | 2.55M/5.23M [01:57<02:09, 20.8kdoc/s]
  scoring:  50%|████▉     | 2.60M/5.23M [01:59<02:08, 20.6kdoc/s]
  scoring:  51%|█████     | 2.65M/5.23M [02:02<02:06, 20.5kdoc/s]
  scoring:  52%|█████▏    | 2.70M/5.23M [02:04<02:02, 20.6kdoc/s]
  scoring:  53%|█████▎    | 2.75M/5.23M [02:07<01:59, 20.7kdoc/s]
  scoring:  54%|█████▎    | 2.80M/5.23M [02:09<01:58, 20.5kdoc/s]
  scoring:  54%|█████▍    | 2.85M/5.23M [02:12<01:55, 20.6kdoc/s]
  scoring:  55%|█████▌    | 2.90M/5.23M [02:14<01:52, 20.7kdoc/s]
  scoring:  56%|█████▋    | 2.95M/5.23M [02:17<01:51, 20.4kdoc/s]
  scoring:  57%|█████▋    | 3.00M/5.23M [02:19<01:49, 20.4kdoc/s]
  scoring:  58%|█████▊    | 3.05M/5.23M [02:21<01:46, 20.5kdoc/s]
  scoring:  59%|█████▉    | 3.10M/5.23M [02:24<01:43, 20.5kdoc/s]
  scoring:  60%|██████    | 3.15M/5.23M [02:26<01:41, 20.5kdoc/s]
  scoring:  61%|██████    | 3.20M/5.23M [02:29<01:39, 20.5kdoc/s]
  scoring:  62%|██████▏   | 3.25M/5.23M [02:31<01:36, 20.5kdoc/s]
  scoring:  63%|██████▎   | 3.30M/5.23M [02:34<01:34, 20.4kdoc/s]
  scoring:  64%|██████▍   | 3.35M/5.23M [02:36<01:31, 20.6kdoc/s]
  scoring:  65%|██████▍   | 3.40M/5.23M [02:38<01:29, 20.6kdoc/s]
  scoring:  66%|██████▌   | 3.45M/5.23M [02:41<01:27, 20.5kdoc/s]
  scoring:  67%|██████▋   | 3.50M/5.23M [02:43<01:24, 20.4kdoc/s]
  scoring:  68%|██████▊   | 3.55M/5.23M [02:46<01:22, 20.4kdoc/s]
  scoring:  69%|██████▉   | 3.60M/5.23M [02:48<01:19, 20.6kdoc/s]
  scoring:  70%|██████▉   | 3.65M/5.23M [02:51<01:17, 20.5kdoc/s]
  scoring:  71%|███████   | 3.70M/5.23M [02:53<01:14, 20.5kdoc/s]
  scoring:  72%|███████▏  | 3.75M/5.23M [02:56<01:12, 20.5kdoc/s]
  scoring:  73%|███████▎  | 3.80M/5.23M [02:58<01:09, 20.6kdoc/s]
  scoring:  74%|███████▎  | 3.85M/5.23M [03:00<01:07, 20.6kdoc/s]
  scoring:  75%|███████▍  | 3.90M/5.23M [03:03<01:04, 20.6kdoc/s]
  scoring:  75%|███████▌  | 3.95M/5.23M [03:05<01:02, 20.4kdoc/s]
  scoring:  76%|███████▋  | 4.00M/5.23M [03:08<00:59, 20.6kdoc/s]
  scoring:  77%|███████▋  | 4.05M/5.23M [03:10<00:58, 20.3kdoc/s]
  scoring:  78%|███████▊  | 4.10M/5.23M [03:13<00:55, 20.4kdoc/s]
  scoring:  79%|███████▉  | 4.15M/5.23M [03:15<00:53, 20.3kdoc/s]
  scoring:  80%|████████  | 4.20M/5.23M [03:18<00:50, 20.3kdoc/s]
  scoring:  81%|████████  | 4.25M/5.23M [03:20<00:47, 20.5kdoc/s]
  scoring:  82%|████████▏ | 4.30M/5.23M [03:22<00:45, 20.5kdoc/s]
  scoring:  83%|████████▎ | 4.35M/5.23M [03:25<00:43, 20.5kdoc/s]
  scoring:  84%|████████▍ | 4.40M/5.23M [03:27<00:40, 20.5kdoc/s]
  scoring:  85%|████████▌ | 4.45M/5.23M [03:30<00:38, 20.3kdoc/s]
  scoring:  86%|████████▌ | 4.50M/5.23M [03:32<00:35, 20.4kdoc/s]
  scoring:  87%|████████▋ | 4.55M/5.23M [03:35<00:33, 20.4kdoc/s]
  scoring:  88%|████████▊ | 4.60M/5.23M [03:37<00:30, 20.5kdoc/s]
  scoring:  89%|████████▉ | 4.65M/5.23M [03:39<00:28, 20.6kdoc/s]
  scoring:  90%|████████▉ | 4.70M/5.23M [03:42<00:25, 20.6kdoc/s]
  scoring:  91%|█████████ | 4.75M/5.23M [03:44<00:23, 20.6kdoc/s]
  scoring:  92%|█████████▏| 4.80M/5.23M [03:47<00:21, 20.5kdoc/s]
  scoring:  93%|█████████▎| 4.85M/5.23M [03:49<00:18, 20.5kdoc/s]
  scoring:  94%|█████████▎| 4.90M/5.23M [03:52<00:16, 20.4kdoc/s]
  scoring:  95%|█████████▍| 4.95M/5.23M [03:54<00:13, 20.4kdoc/s]
  scoring:  96%|█████████▌| 5.00M/5.23M [03:57<00:11, 20.3kdoc/s]
  scoring:  96%|█████████▋| 5.05M/5.23M [03:59<00:08, 20.5kdoc/s]
  scoring:  97%|█████████▋| 5.10M/5.23M [04:01<00:06, 20.5kdoc/s]
  scoring:  98%|█████████▊| 5.15M/5.23M [04:04<00:04, 20.3kdoc/s]
  scoring:  99%|█████████▉| 5.20M/5.23M [04:06<00:01, 20.4kdoc/s]
  scoring: 100%|██████████| 5.23M/5.23M [04:08<00:00, 20.3kdoc/s]
  scoring: 100%|██████████| 5.23M/5.23M [04:08<00:00, 21.1kdoc/s]
  NDCG@10: 0.6540  MRR@10: 0.8293  [index (5,233,329 docs)]

────────────────────────────────────────────────────────────
[fever]
  Loading queries and qrels ...
  6666 queries, 6666 with relevance judgments
  Encoding queries with query model ...
  queries: 64/6666
  queries: 128/6666
  queries: 192/6666
  queries: 256/6666
  queries: 320/6666
  queries: 384/6666
  queries: 448/6666
  queries: 512/6666
  queries: 576/6666
  queries: 640/6666
  queries: 704/6666
  queries: 768/6666
  queries: 832/6666
  queries: 896/6666
  queries: 960/6666
  queries: 1024/6666
  queries: 1088/6666
  queries: 1152/6666
  queries: 1216/6666
  queries: 1280/6666
  queries: 1344/6666
  queries: 1408/6666
  queries: 1472/6666
  queries: 1536/6666
  queries: 1600/6666
  queries: 1664/6666
  queries: 1728/6666
  queries: 1792/6666
  queries: 1856/6666
  queries: 1920/6666
  queries: 1984/6666
  queries: 2048/6666
  queries: 2112/6666
  queries: 2176/6666
  queries: 2240/6666
  queries: 2304/6666
  queries: 2368/6666
  queries: 2432/6666
  queries: 2496/6666
  queries: 2560/6666
  queries: 2624/6666
  queries: 2688/6666
  queries: 2752/6666
  queries: 2816/6666
  queries: 2880/6666
  queries: 2944/6666
  queries: 3008/6666
  queries: 3072/6666
  queries: 3136/6666
  queries: 3200/6666
  queries: 3264/6666
  queries: 3328/6666
  queries: 3392/6666
  queries: 3456/6666
  queries: 3520/6666
  queries: 3584/6666
  queries: 3648/6666
  queries: 3712/6666
  queries: 3776/6666
  queries: 3840/6666
  queries: 3904/6666
  queries: 3968/6666
  queries: 4032/6666
  queries: 4096/6666
  queries: 4160/6666
  queries: 4224/6666
  queries: 4288/6666
  queries: 4352/6666
  queries: 4416/6666
  queries: 4480/6666
  queries: 4544/6666
  queries: 4608/6666
  queries: 4672/6666
  queries: 4736/6666
  queries: 4800/6666
  queries: 4864/6666
  queries: 4928/6666
  queries: 4992/6666
  queries: 5056/6666
  queries: 5120/6666
  queries: 5184/6666
  queries: 5248/6666
  queries: 5312/6666
  queries: 5376/6666
  queries: 5440/6666
  queries: 5504/6666
  queries: 5568/6666
  queries: 5632/6666
  queries: 5696/6666
  queries: 5760/6666
  queries: 5824/6666
  queries: 5888/6666
  queries: 5952/6666
  queries: 6016/6666
  queries: 6080/6666
  queries: 6144/6666
  queries: 6208/6666
  queries: 6272/6666
  queries: 6336/6666
  queries: 6400/6666
  queries: 6464/6666
  queries: 6528/6666
  queries: 6592/6666
  queries: 6656/6666
  queries: 6666/6666
  Retrieving from pre-built index (5,416,568 docs) ...

  scoring:   0%|          | 0.00/5.42M [00:00<?, ?doc/s]
  scoring:   1%|          | 50.0k/5.42M [00:02<03:58, 22.5kdoc/s]
  scoring:   2%|▏         | 100k/5.42M [00:04<04:04, 21.8kdoc/s] 
  scoring:   3%|▎         | 150k/5.42M [00:05<03:16, 26.7kdoc/s]
  scoring:   4%|▎         | 200k/5.42M [00:07<02:48, 30.9kdoc/s]
  scoring:   5%|▍         | 250k/5.42M [00:08<02:31, 34.1kdoc/s]
  scoring:   6%|▌         | 300k/5.42M [00:09<02:20, 36.5kdoc/s]
  scoring:   6%|▋         | 350k/5.42M [00:10<02:11, 38.4kdoc/s]
  scoring:   7%|▋         | 400k/5.42M [00:12<02:31, 33.1kdoc/s]
  scoring:   8%|▊         | 450k/5.42M [00:14<02:45, 30.0kdoc/s]
  scoring:   9%|▉         | 500k/5.42M [00:16<02:54, 28.1kdoc/s]
  scoring:  10%|█         | 550k/5.42M [00:18<03:04, 26.4kdoc/s]
  scoring:  11%|█         | 600k/5.42M [00:20<03:08, 25.6kdoc/s]
  scoring:  12%|█▏        | 650k/5.42M [00:23<03:11, 25.0kdoc/s]
  scoring:  13%|█▎        | 700k/5.42M [00:25<03:09, 24.8kdoc/s]
  scoring:  14%|█▍        | 750k/5.42M [00:27<03:09, 24.7kdoc/s]
  scoring:  15%|█▍        | 800k/5.42M [00:29<03:07, 24.6kdoc/s]
  scoring:  16%|█▌        | 850k/5.42M [00:31<03:05, 24.6kdoc/s]
  scoring:  17%|█▋        | 900k/5.42M [00:33<03:04, 24.5kdoc/s]
  scoring:  18%|█▊        | 950k/5.42M [00:35<03:02, 24.5kdoc/s]
  scoring:  18%|█▊        | 1.00M/5.42M [00:37<02:59, 24.5kdoc/s]
  scoring:  19%|█▉        | 1.05M/5.42M [00:39<03:01, 24.0kdoc/s]
  scoring:  20%|██        | 1.10M/5.42M [00:41<02:59, 24.0kdoc/s]
  scoring:  21%|██        | 1.15M/5.42M [00:43<02:58, 24.0kdoc/s]
  scoring:  22%|██▏       | 1.20M/5.42M [00:45<02:54, 24.2kdoc/s]
  scoring:  23%|██▎       | 1.25M/5.42M [00:47<02:50, 24.5kdoc/s]
  scoring:  24%|██▍       | 1.30M/5.42M [00:49<02:49, 24.2kdoc/s]
  scoring:  25%|██▍       | 1.35M/5.42M [00:51<02:47, 24.2kdoc/s]
  scoring:  26%|██▌       | 1.40M/5.42M [00:53<02:44, 24.4kdoc/s]
  scoring:  27%|██▋       | 1.45M/5.42M [00:56<02:43, 24.3kdoc/s]
  scoring:  28%|██▊       | 1.50M/5.42M [00:58<02:41, 24.2kdoc/s]
  scoring:  29%|██▊       | 1.55M/5.42M [01:00<02:39, 24.3kdoc/s]
  scoring:  30%|██▉       | 1.60M/5.42M [01:02<02:35, 24.6kdoc/s]
  scoring:  30%|███       | 1.65M/5.42M [01:04<02:32, 24.6kdoc/s]
  scoring:  31%|███▏      | 1.70M/5.42M [01:06<02:33, 24.2kdoc/s]
  scoring:  32%|███▏      | 1.75M/5.42M [01:08<02:32, 24.0kdoc/s]
  scoring:  33%|███▎      | 1.80M/5.42M [01:10<02:30, 24.0kdoc/s]
  scoring:  34%|███▍      | 1.85M/5.42M [01:12<02:29, 23.8kdoc/s]
  scoring:  35%|███▌      | 1.90M/5.42M [01:14<02:25, 24.2kdoc/s]
  scoring:  36%|███▌      | 1.95M/5.42M [01:16<02:25, 23.8kdoc/s]
  scoring:  37%|███▋      | 2.00M/5.42M [01:18<02:22, 24.0kdoc/s]
  scoring:  38%|███▊      | 2.05M/5.42M [01:20<02:18, 24.3kdoc/s]
  scoring:  39%|███▉      | 2.10M/5.42M [01:22<02:08, 25.7kdoc/s]
  scoring:  40%|███▉      | 2.15M/5.42M [01:23<01:51, 29.2kdoc/s]
  scoring:  41%|████      | 2.20M/5.42M [01:24<01:40, 32.0kdoc/s]
  scoring:  42%|████▏     | 2.25M/5.42M [01:26<01:32, 34.4kdoc/s]
  scoring:  42%|████▏     | 2.30M/5.42M [01:27<01:26, 35.9kdoc/s]
  scoring:  43%|████▎     | 2.35M/5.42M [01:28<01:23, 36.9kdoc/s]
  scoring:  44%|████▍     | 2.40M/5.42M [01:29<01:20, 37.6kdoc/s]
  scoring:  45%|████▌     | 2.45M/5.42M [01:31<01:17, 38.4kdoc/s]
  scoring:  46%|████▌     | 2.50M/5.42M [01:32<01:14, 39.2kdoc/s]
  scoring:  47%|████▋     | 2.55M/5.42M [01:33<01:11, 40.3kdoc/s]
  scoring:  48%|████▊     | 2.60M/5.42M [01:34<01:09, 40.6kdoc/s]
  scoring:  49%|████▉     | 2.65M/5.42M [01:36<01:13, 37.7kdoc/s]
  scoring:  50%|████▉     | 2.70M/5.42M [01:37<01:10, 38.6kdoc/s]
  scoring:  51%|█████     | 2.75M/5.42M [01:38<01:07, 39.7kdoc/s]
  scoring:  52%|█████▏    | 2.80M/5.42M [01:39<01:04, 40.5kdoc/s]
  scoring:  53%|█████▎    | 2.85M/5.42M [01:41<01:09, 36.9kdoc/s]
  scoring:  54%|█████▎    | 2.90M/5.42M [01:42<01:05, 38.5kdoc/s]
  scoring:  54%|█████▍    | 2.95M/5.42M [01:43<01:02, 39.3kdoc/s]
  scoring:  55%|█████▌    | 3.00M/5.42M [01:45<01:00, 39.7kdoc/s]
  scoring:  56%|█████▋    | 3.05M/5.42M [01:46<00:58, 40.3kdoc/s]
  scoring:  57%|█████▋    | 3.10M/5.42M [01:48<01:13, 31.6kdoc/s]
  scoring:  58%|█████▊    | 3.15M/5.42M [01:50<01:21, 27.8kdoc/s]
  scoring:  59%|█████▉    | 3.20M/5.42M [01:52<01:11, 31.0kdoc/s]
  scoring:  60%|██████    | 3.25M/5.42M [01:53<01:05, 33.2kdoc/s]
  scoring:  61%|██████    | 3.30M/5.42M [01:54<01:00, 35.1kdoc/s]
  scoring:  62%|██████▏   | 3.35M/5.42M [01:55<00:56, 36.4kdoc/s]
  scoring:  63%|██████▎   | 3.40M/5.42M [01:57<00:58, 34.7kdoc/s]
  scoring:  64%|██████▎   | 3.45M/5.42M [01:59<01:06, 29.4kdoc/s]
  scoring:  65%|██████▍   | 3.50M/5.42M [02:01<00:59, 32.0kdoc/s]
  scoring:  66%|██████▌   | 3.55M/5.42M [02:02<00:54, 34.0kdoc/s]
  scoring:  66%|██████▋   | 3.60M/5.42M [02:03<00:50, 36.3kdoc/s]
  scoring:  67%|██████▋   | 3.65M/5.42M [02:04<00:46, 38.2kdoc/s]
  scoring:  68%|██████▊   | 3.70M/5.42M [02:06<00:50, 34.0kdoc/s]
  scoring:  69%|██████▉   | 3.75M/5.42M [02:08<00:51, 32.1kdoc/s]
  scoring:  70%|███████   | 3.80M/5.42M [02:09<00:46, 34.9kdoc/s]
  scoring:  71%|███████   | 3.85M/5.42M [02:10<00:42, 37.0kdoc/s]
  scoring:  72%|███████▏  | 3.90M/5.42M [02:11<00:39, 38.4kdoc/s]
  scoring:  73%|███████▎  | 3.95M/5.42M [02:12<00:36, 39.9kdoc/s]
  scoring:  74%|███████▍  | 4.00M/5.42M [02:14<00:37, 38.3kdoc/s]
  scoring:  75%|███████▍  | 4.05M/5.42M [02:15<00:35, 38.7kdoc/s]
  scoring:  76%|███████▌  | 4.10M/5.42M [02:16<00:33, 39.3kdoc/s]
  scoring:  77%|███████▋  | 4.15M/5.42M [02:17<00:31, 40.0kdoc/s]
  scoring:  78%|███████▊  | 4.20M/5.42M [02:19<00:30, 40.1kdoc/s]
  scoring:  78%|███████▊  | 4.25M/5.42M [02:20<00:30, 38.5kdoc/s]
  scoring:  79%|███████▉  | 4.30M/5.42M [02:21<00:29, 38.2kdoc/s]
  scoring:  80%|████████  | 4.35M/5.42M [02:23<00:26, 39.9kdoc/s]
  scoring:  81%|████████  | 4.40M/5.42M [02:24<00:24, 40.7kdoc/s]
  scoring:  82%|████████▏ | 4.45M/5.42M [02:25<00:23, 41.7kdoc/s]
  scoring:  83%|████████▎ | 4.50M/5.42M [02:26<00:23, 38.7kdoc/s]
  scoring:  84%|████████▍ | 4.55M/5.42M [02:29<00:28, 30.8kdoc/s]
  scoring:  85%|████████▍ | 4.60M/5.42M [02:31<00:30, 26.7kdoc/s]
  scoring:  86%|████████▌ | 4.65M/5.42M [02:34<00:31, 24.6kdoc/s]
  scoring:  87%|████████▋ | 4.70M/5.42M [02:36<00:30, 23.2kdoc/s]
  scoring:  88%|████████▊ | 4.75M/5.42M [02:39<00:29, 22.3kdoc/s]
  scoring:  89%|████████▊ | 4.80M/5.42M [02:41<00:27, 22.1kdoc/s]
  scoring:  90%|████████▉ | 4.85M/5.42M [02:43<00:26, 21.5kdoc/s]
  scoring:  90%|█████████ | 4.90M/5.42M [02:46<00:24, 21.1kdoc/s]
  scoring:  91%|█████████▏| 4.95M/5.42M [02:48<00:22, 20.9kdoc/s]
  scoring:  92%|█████████▏| 5.00M/5.42M [02:51<00:20, 20.6kdoc/s]
  scoring:  93%|█████████▎| 5.05M/5.42M [02:53<00:17, 20.5kdoc/s]
  scoring:  94%|█████████▍| 5.10M/5.42M [02:56<00:15, 20.3kdoc/s]
  scoring:  95%|█████████▌| 5.15M/5.42M [02:58<00:12, 21.2kdoc/s]
  scoring:  96%|█████████▌| 5.20M/5.42M [03:00<00:10, 21.3kdoc/s]
  scoring:  97%|█████████▋| 5.25M/5.42M [03:03<00:07, 21.3kdoc/s]
  scoring:  98%|█████████▊| 5.30M/5.42M [03:05<00:05, 21.2kdoc/s]
  scoring:  99%|█████████▉| 5.35M/5.42M [03:07<00:03, 21.2kdoc/s]
  scoring: 100%|█████████▉| 5.40M/5.42M [03:10<00:00, 21.1kdoc/s]
  scoring: 100%|██████████| 5.42M/5.42M [03:10<00:00, 21.1kdoc/s]
  scoring: 100%|██████████| 5.42M/5.42M [03:10<00:00, 28.4kdoc/s]
  NDCG@10: 0.7043  MRR@10: 0.6969  [index (5,416,568 docs)]

────────────────────────────────────────────────────────────
[climate-fever]
  Loading queries and qrels ...
  1534 queries, 1535 with relevance judgments
  Encoding queries with query model ...
  queries: 64/1534
  queries: 128/1534
  queries: 192/1534
  queries: 256/1534
  queries: 320/1534
  queries: 384/1534
  queries: 448/1534
  queries: 512/1534
  queries: 576/1534
  queries: 640/1534
  queries: 704/1534
  queries: 768/1534
  queries: 832/1534
  queries: 896/1534
  queries: 960/1534
  queries: 1024/1534
  queries: 1088/1534
  queries: 1152/1534
  queries: 1216/1534
  queries: 1280/1534
  queries: 1344/1534
  queries: 1408/1534
  queries: 1472/1534
  queries: 1534/1534
  Retrieving from pre-built index (5,416,593 docs) ...

  scoring:   0%|          | 0.00/5.42M [00:00<?, ?doc/s]
  scoring:   1%|          | 50.0k/5.42M [00:00<01:11, 75.0kdoc/s]
  scoring:   2%|▏         | 100k/5.42M [00:01<01:09, 76.8kdoc/s] 
  scoring:   3%|▎         | 150k/5.42M [00:01<01:09, 76.3kdoc/s]
  scoring:   4%|▎         | 200k/5.42M [00:02<01:08, 76.2kdoc/s]
  scoring:   5%|▍         | 250k/5.42M [00:03<01:07, 76.1kdoc/s]
  scoring:   6%|▌         | 300k/5.42M [00:03<01:07, 76.0kdoc/s]
  scoring:   6%|▋         | 350k/5.42M [00:04<01:06, 76.6kdoc/s]
  scoring:   7%|▋         | 400k/5.42M [00:05<01:05, 76.6kdoc/s]
  scoring:   8%|▊         | 450k/5.42M [00:05<01:04, 77.0kdoc/s]
  scoring:   9%|▉         | 500k/5.42M [00:06<00:59, 82.8kdoc/s]
  scoring:  10%|█         | 550k/5.42M [00:06<00:53, 91.7kdoc/s]
  scoring:  11%|█         | 600k/5.42M [00:07<00:48, 100kdoc/s] 
  scoring:  12%|█▏        | 650k/5.42M [00:07<00:45, 105kdoc/s]
  scoring:  13%|█▎        | 700k/5.42M [00:07<00:42, 112kdoc/s]
  scoring:  14%|█▍        | 750k/5.42M [00:08<00:39, 118kdoc/s]
  scoring:  15%|█▍        | 800k/5.42M [00:08<00:38, 120kdoc/s]
  scoring:  16%|█▌        | 850k/5.42M [00:09<00:37, 123kdoc/s]
  scoring:  17%|█▋        | 900k/5.42M [00:09<00:35, 126kdoc/s]
  scoring:  18%|█▊        | 950k/5.42M [00:09<00:34, 129kdoc/s]
  scoring:  18%|█▊        | 1.00M/5.42M [00:10<00:33, 132kdoc/s]
  scoring:  19%|█▉        | 1.05M/5.42M [00:10<00:32, 133kdoc/s]
  scoring:  20%|██        | 1.10M/5.42M [00:10<00:31, 138kdoc/s]
  scoring:  21%|██        | 1.15M/5.42M [00:11<00:30, 142kdoc/s]
  scoring:  22%|██▏       | 1.20M/5.42M [00:11<00:29, 141kdoc/s]
  scoring:  23%|██▎       | 1.25M/5.42M [00:12<00:35, 116kdoc/s]
  scoring:  24%|██▍       | 1.30M/5.42M [00:12<00:41, 98.7kdoc/s]
  scoring:  25%|██▍       | 1.35M/5.42M [00:13<00:44, 90.9kdoc/s]
  scoring:  26%|██▌       | 1.40M/5.42M [00:14<00:47, 85.0kdoc/s]
  scoring:  27%|██▋       | 1.45M/5.42M [00:14<00:48, 82.1kdoc/s]
  scoring:  28%|██▊       | 1.50M/5.42M [00:15<00:49, 79.7kdoc/s]
  scoring:  29%|██▊       | 1.55M/5.42M [00:16<00:49, 78.3kdoc/s]
  scoring:  30%|██▉       | 1.60M/5.42M [00:16<00:49, 77.8kdoc/s]
  scoring:  30%|███       | 1.65M/5.42M [00:17<00:49, 76.4kdoc/s]
  scoring:  31%|███▏      | 1.70M/5.42M [00:18<00:46, 80.6kdoc/s]
  scoring:  32%|███▏      | 1.75M/5.42M [00:18<00:44, 82.3kdoc/s]
  scoring:  33%|███▎      | 1.80M/5.42M [00:19<00:45, 79.7kdoc/s]
  scoring:  34%|███▍      | 1.85M/5.42M [00:20<00:45, 78.0kdoc/s]
  scoring:  35%|███▌      | 1.90M/5.42M [00:20<00:45, 76.8kdoc/s]
  scoring:  36%|███▌      | 1.95M/5.42M [00:21<00:44, 78.1kdoc/s]
  scoring:  37%|███▋      | 2.00M/5.42M [00:21<00:42, 80.3kdoc/s]
  scoring:  38%|███▊      | 2.05M/5.42M [00:22<00:43, 77.3kdoc/s]
  scoring:  39%|███▉      | 2.10M/5.42M [00:23<00:42, 78.5kdoc/s]
  scoring:  40%|███▉      | 2.15M/5.42M [00:23<00:42, 76.7kdoc/s]
  scoring:  41%|████      | 2.20M/5.42M [00:24<00:41, 77.5kdoc/s]
  scoring:  42%|████▏     | 2.25M/5.42M [00:25<00:41, 75.5kdoc/s]
  scoring:  42%|████▏     | 2.30M/5.42M [00:25<00:40, 76.7kdoc/s]
  scoring:  43%|████▎     | 2.35M/5.42M [00:26<00:39, 76.7kdoc/s]
  scoring:  44%|████▍     | 2.40M/5.42M [00:27<00:39, 75.4kdoc/s]
  scoring:  45%|████▌     | 2.45M/5.42M [00:27<00:37, 78.1kdoc/s]
  scoring:  46%|████▌     | 2.50M/5.42M [00:28<00:36, 79.0kdoc/s]
  scoring:  47%|████▋     | 2.55M/5.42M [00:29<00:35, 80.7kdoc/s]
  scoring:  48%|████▊     | 2.60M/5.42M [00:29<00:35, 79.3kdoc/s]
  scoring:  49%|████▉     | 2.65M/5.42M [00:30<00:33, 82.5kdoc/s]
  scoring:  50%|████▉     | 2.70M/5.42M [00:30<00:33, 81.2kdoc/s]
  scoring:  51%|█████     | 2.75M/5.42M [00:31<00:32, 81.6kdoc/s]
  scoring:  52%|█████▏    | 2.80M/5.42M [00:32<00:32, 81.1kdoc/s]
  scoring:  53%|█████▎    | 2.85M/5.42M [00:32<00:30, 83.8kdoc/s]
  scoring:  54%|█████▎    | 2.90M/5.42M [00:33<00:31, 80.3kdoc/s]
  scoring:  54%|█████▍    | 2.95M/5.42M [00:33<00:29, 82.5kdoc/s]
  scoring:  55%|█████▌    | 3.00M/5.42M [00:34<00:29, 81.4kdoc/s]
  scoring:  56%|█████▋    | 3.05M/5.42M [00:35<00:28, 82.3kdoc/s]
  scoring:  57%|█████▋    | 3.10M/5.42M [00:35<00:29, 78.7kdoc/s]
  scoring:  58%|█████▊    | 3.15M/5.42M [00:36<00:28, 79.8kdoc/s]
  scoring:  59%|█████▉    | 3.20M/5.42M [00:37<00:28, 78.7kdoc/s]
  scoring:  60%|██████    | 3.25M/5.42M [00:37<00:28, 76.5kdoc/s]
  scoring:  61%|██████    | 3.30M/5.42M [00:38<00:26, 79.2kdoc/s]
  scoring:  62%|██████▏   | 3.35M/5.42M [00:39<00:26, 78.2kdoc/s]
  scoring:  63%|██████▎   | 3.40M/5.42M [00:39<00:25, 80.4kdoc/s]
  scoring:  64%|██████▎   | 3.45M/5.42M [00:40<00:24, 78.8kdoc/s]
  scoring:  65%|██████▍   | 3.50M/5.42M [00:40<00:23, 80.3kdoc/s]
  scoring:  66%|██████▌   | 3.55M/5.42M [00:41<00:23, 79.2kdoc/s]
  scoring:  66%|██████▋   | 3.60M/5.42M [00:42<00:22, 79.1kdoc/s]
  scoring:  67%|██████▋   | 3.65M/5.42M [00:42<00:22, 78.3kdoc/s]
  scoring:  68%|██████▊   | 3.70M/5.42M [00:43<00:21, 80.1kdoc/s]
  scoring:  69%|██████▉   | 3.75M/5.42M [00:44<00:21, 78.8kdoc/s]
  scoring:  70%|███████   | 3.80M/5.42M [00:44<00:21, 76.5kdoc/s]
  scoring:  71%|███████   | 3.85M/5.42M [00:45<00:19, 78.6kdoc/s]
  scoring:  72%|███████▏  | 3.90M/5.42M [00:46<00:19, 77.0kdoc/s]
  scoring:  73%|███████▎  | 3.95M/5.42M [00:46<00:18, 78.4kdoc/s]
  scoring:  74%|███████▍  | 4.00M/5.42M [00:47<00:18, 76.0kdoc/s]
  scoring:  75%|███████▍  | 4.05M/5.42M [00:47<00:17, 77.8kdoc/s]
  scoring:  76%|███████▌  | 4.10M/5.42M [00:48<00:17, 76.4kdoc/s]
  scoring:  77%|███████▋  | 4.15M/5.42M [00:49<00:16, 75.8kdoc/s]
  scoring:  78%|███████▊  | 4.20M/5.42M [00:49<00:15, 76.7kdoc/s]
  scoring:  78%|███████▊  | 4.25M/5.42M [00:50<00:15, 76.3kdoc/s]
  scoring:  79%|███████▉  | 4.30M/5.42M [00:51<00:14, 79.0kdoc/s]
  scoring:  80%|████████  | 4.35M/5.42M [00:51<00:13, 78.4kdoc/s]
  scoring:  81%|████████  | 4.40M/5.42M [00:52<00:12, 81.1kdoc/s]
  scoring:  82%|████████▏ | 4.45M/5.42M [00:53<00:12, 79.6kdoc/s]
  scoring:  83%|████████▎ | 4.50M/5.42M [00:53<00:11, 82.4kdoc/s]
  scoring:  84%|████████▍ | 4.55M/5.42M [00:54<00:10, 80.2kdoc/s]
  scoring:  85%|████████▍ | 4.60M/5.42M [00:54<00:09, 83.0kdoc/s]
  scoring:  86%|████████▌ | 4.65M/5.42M [00:55<00:09, 79.9kdoc/s]
  scoring:  87%|████████▋ | 4.70M/5.42M [00:56<00:09, 79.4kdoc/s]
  scoring:  88%|████████▊ | 4.75M/5.42M [00:56<00:08, 76.6kdoc/s]
  scoring:  89%|████████▊ | 4.80M/5.42M [00:57<00:08, 76.5kdoc/s]
  scoring:  90%|████████▉ | 4.85M/5.42M [00:58<00:07, 79.8kdoc/s]
  scoring:  90%|█████████ | 4.90M/5.42M [00:58<00:06, 78.0kdoc/s]
  scoring:  91%|█████████▏| 4.95M/5.42M [00:59<00:05, 79.2kdoc/s]
  scoring:  92%|█████████▏| 5.00M/5.42M [01:00<00:05, 77.8kdoc/s]
  scoring:  93%|█████████▎| 5.05M/5.42M [01:00<00:04, 78.8kdoc/s]
  scoring:  94%|█████████▍| 5.10M/5.42M [01:01<00:04, 76.7kdoc/s]
  scoring:  95%|█████████▌| 5.15M/5.42M [01:01<00:03, 79.2kdoc/s]
  scoring:  96%|█████████▌| 5.20M/5.42M [01:02<00:02, 78.3kdoc/s]
  scoring:  97%|█████████▋| 5.25M/5.42M [01:03<00:02, 77.1kdoc/s]
  scoring:  98%|█████████▊| 5.30M/5.42M [01:03<00:01, 78.4kdoc/s]
  scoring:  99%|█████████▉| 5.35M/5.42M [01:04<00:00, 76.1kdoc/s]
  scoring: 100%|█████████▉| 5.40M/5.42M [01:05<00:00, 77.7kdoc/s]
  scoring: 100%|██████████| 5.42M/5.42M [01:05<00:00, 78.2kdoc/s]
  scoring: 100%|██████████| 5.42M/5.42M [01:05<00:00, 82.9kdoc/s]
  NDCG@10: 0.1714  MRR@10: 0.2359  [index (5,416,593 docs)]

============================================================
Checkpoint : checkpoints_splade-v3/splade_shallow_spaced5/best_NanoMSMARCO.pt
Stage      : splade_shallow
────────────────────────────────────────────────────────────
Dataset                 NDCG@10     MRR@10
──────────────────────────────────────────
nfcorpus                 0.3258     0.5404
scifact                  0.6273     0.5966
arguana                  0.3189     0.2146
scidocs                  0.1497     0.2650
fiqa                     0.3117     0.3841
trec-covid               0.6912     0.9035
webis-touche2020         0.2955     0.6113
quora                    0.7758     0.7580
nq                       0.5424     0.4944
dbpedia-entity           0.4216     0.7291
hotpotqa                 0.6540     0.8293
fever                    0.7043     0.6969
climate-fever            0.1714     0.2359
──────────────────────────────────────────
Average                  0.4607     0.5584
============================================================
  done in 14.0 min, got 0 datasets

Wrote /home/capemox/projects/sae-smo-splade/results/beir_splade_spaced_eval.md

[splade_v3_full] layers=all 12

============================================================
[splade_v3_full] /home/capemox/projects/sae-smo-splade/.venv/bin/python scripts/eval_beir.py --stage splade_shallow --config config.yaml --index_dir data/beir_index --datasets nfcorpus scifact arguana scidocs fiqa trec-covid webis-touche2020 quora nq dbpedia-entity hotpotqa fever climate-fever --encode_batch_size 64 --densify_chunk 4096 --doc_only
Device: cuda
Loading frozen doc SPLADE: naver/splade-v3 ...

Loading weights:   0%|          | 0/204 [00:00<?, ?it/s]
Loading weights: 100%|██████████| 204/204 [00:00<00:00, 40042.96it/s]

────────────────────────────────────────────────────────────
[nfcorpus]
  Loading queries and qrels ...
Exception in thread Thread-auto_conversion:
Traceback (most recent call last):
  File "/home/capemox/.local/share/uv/python/cpython-3.10.16-linux-x86_64-gnu/lib/python3.10/threading.py", line 1016, in _bootstrap_inner
    self.run()
  File "/home/capemox/.local/share/uv/python/cpython-3.10.16-linux-x86_64-gnu/lib/python3.10/threading.py", line 953, in run
    self._target(*self._args, **self._kwargs)
  File "/home/capemox/projects/sae-smo-splade/.venv/lib/python3.10/site-packages/transformers/safetensors_conversion.py", line 117, in auto_conversion
    raise e
  File "/home/capemox/projects/sae-smo-splade/.venv/lib/python3.10/site-packages/transformers/safetensors_conversion.py", line 96, in auto_conversion
    sha = get_conversion_pr_reference(api, pretrained_model_name_or_path, **cached_file_kwargs)
  File "/home/capemox/projects/sae-smo-splade/.venv/lib/python3.10/site-packages/transformers/safetensors_conversion.py", line 77, in get_conversion_pr_reference
    raise OSError(
OSError: Could not create safetensors conversion PR. The repo does not appear to have a file named pytorch_model.bin or model.safetensors.If you are loading with variant, use `use_safetensors=False` to load the original model.
  323 queries, 323 with relevance judgments
  Encoding queries with doc encoder (ceiling) ...
  queries (doc_splade): 64/323
  queries (doc_splade): 128/323
  queries (doc_splade): 192/323
  queries (doc_splade): 256/323
  queries (doc_splade): 320/323
  queries (doc_splade): 323/323
  Retrieving from pre-built index (3,633 docs) ...

  scoring:   0%|          | 0.00/3.63k [00:00<?, ?doc/s]
  scoring: 100%|██████████| 3.63k/3.63k [00:00<00:00, 20.6kdoc/s]
  scoring: 100%|██████████| 3.63k/3.63k [00:00<00:00, 20.6kdoc/s]
  NDCG@10: 0.3423  MRR@10: 0.5689  [index (3,633 docs)]

────────────────────────────────────────────────────────────
[scifact]
  Loading queries and qrels ...
  300 queries, 300 with relevance judgments
  Encoding queries with doc encoder (ceiling) ...
  queries (doc_splade): 64/300
  queries (doc_splade): 128/300
  queries (doc_splade): 192/300
  queries (doc_splade): 256/300
  queries (doc_splade): 300/300
  Retrieving from pre-built index (5,183 docs) ...

  scoring:   0%|          | 0.00/5.18k [00:00<?, ?doc/s]
  scoring: 100%|██████████| 5.18k/5.18k [00:00<00:00, 154kdoc/s]
  NDCG@10: 0.6370  MRR@10: 0.6065  [index (5,183 docs)]

────────────────────────────────────────────────────────────
[arguana]
  Loading queries and qrels ...
  1406 queries, 1406 with relevance judgments
  Encoding queries with doc encoder (ceiling) ...
  queries (doc_splade): 64/1406
  queries (doc_splade): 128/1406
  queries (doc_splade): 192/1406
  queries (doc_splade): 256/1406
  queries (doc_splade): 320/1406
  queries (doc_splade): 384/1406
  queries (doc_splade): 448/1406
  queries (doc_splade): 512/1406
  queries (doc_splade): 576/1406
  queries (doc_splade): 640/1406
  queries (doc_splade): 704/1406
  queries (doc_splade): 768/1406
  queries (doc_splade): 832/1406
  queries (doc_splade): 896/1406
  queries (doc_splade): 960/1406
  queries (doc_splade): 1024/1406
  queries (doc_splade): 1088/1406
  queries (doc_splade): 1152/1406
  queries (doc_splade): 1216/1406
  queries (doc_splade): 1280/1406
  queries (doc_splade): 1344/1406
  queries (doc_splade): 1406/1406
  Retrieving from pre-built index (8,674 docs) ...

  scoring:   0%|          | 0.00/8.67k [00:00<?, ?doc/s]
  scoring: 100%|██████████| 8.67k/8.67k [00:00<00:00, 106kdoc/s]
  NDCG@10: 0.3210  MRR@10: 0.2129  [index (8,674 docs)]

────────────────────────────────────────────────────────────
[scidocs]
  Loading queries and qrels ...
  1000 queries, 1000 with relevance judgments
  Encoding queries with doc encoder (ceiling) ...
  queries (doc_splade): 64/1000
  queries (doc_splade): 128/1000
  queries (doc_splade): 192/1000
  queries (doc_splade): 256/1000
  queries (doc_splade): 320/1000
  queries (doc_splade): 384/1000
  queries (doc_splade): 448/1000
  queries (doc_splade): 512/1000
  queries (doc_splade): 576/1000
  queries (doc_splade): 640/1000
  queries (doc_splade): 704/1000
  queries (doc_splade): 768/1000
  queries (doc_splade): 832/1000
  queries (doc_splade): 896/1000
  queries (doc_splade): 960/1000
  queries (doc_splade): 1000/1000
  Retrieving from pre-built index (25,657 docs) ...

  scoring:   0%|          | 0.00/25.7k [00:00<?, ?doc/s]
  scoring: 100%|██████████| 25.7k/25.7k [00:00<00:00, 105kdoc/s]
  scoring: 100%|██████████| 25.7k/25.7k [00:00<00:00, 105kdoc/s]
  NDCG@10: 0.1575  MRR@10: 0.2777  [index (25,657 docs)]

────────────────────────────────────────────────────────────
[fiqa]
  Loading queries and qrels ...
  648 queries, 648 with relevance judgments
  Encoding queries with doc encoder (ceiling) ...
  queries (doc_splade): 64/648
  queries (doc_splade): 128/648
  queries (doc_splade): 192/648
  queries (doc_splade): 256/648
  queries (doc_splade): 320/648
  queries (doc_splade): 384/648
  queries (doc_splade): 448/648
  queries (doc_splade): 512/648
  queries (doc_splade): 576/648
  queries (doc_splade): 640/648
  queries (doc_splade): 648/648
  Retrieving from pre-built index (57,638 docs) ...

  scoring:   0%|          | 0.00/57.6k [00:00<?, ?doc/s]
  scoring:  87%|████████▋ | 50.0k/57.6k [00:00<00:00, 60.4kdoc/s]
  scoring: 100%|██████████| 57.6k/57.6k [00:00<00:00, 63.8kdoc/s]
  NDCG@10: 0.3459  MRR@10: 0.4223  [index (57,638 docs)]

────────────────────────────────────────────────────────────
[trec-covid]
  Loading queries and qrels ...
  50 queries, 50 with relevance judgments
  Encoding queries with doc encoder (ceiling) ...
  queries (doc_splade): 50/50
  Retrieving from pre-built index (171,332 docs) ...

  scoring:   0%|          | 0.00/171k [00:00<?, ?doc/s]
  scoring:  29%|██▉       | 50.0k/171k [00:00<00:00, 169kdoc/s]
  scoring:  58%|█████▊    | 100k/171k [00:00<00:00, 155kdoc/s] 
  scoring:  88%|████████▊ | 150k/171k [00:00<00:00, 151kdoc/s]
  scoring: 100%|██████████| 171k/171k [00:01<00:00, 154kdoc/s]
  scoring: 100%|██████████| 171k/171k [00:01<00:00, 155kdoc/s]
  NDCG@10: 0.7509  MRR@10: 0.9217  [index (171,332 docs)]

────────────────────────────────────────────────────────────
[webis-touche2020]
  Loading queries and qrels ...
  49 queries, 49 with relevance judgments
  Encoding queries with doc encoder (ceiling) ...
  queries (doc_splade): 49/49
  Retrieving from pre-built index (382,545 docs) ...

  scoring:   0%|          | 0.00/383k [00:00<?, ?doc/s]
  scoring:  13%|█▎        | 50.0k/383k [00:00<00:02, 138kdoc/s]
  scoring:  26%|██▌       | 100k/383k [00:00<00:02, 140kdoc/s] 
  scoring:  39%|███▉      | 150k/383k [00:01<00:01, 152kdoc/s]
  scoring:  52%|█████▏    | 200k/383k [00:01<00:01, 147kdoc/s]
  scoring:  65%|██████▌   | 250k/383k [00:01<00:00, 144kdoc/s]
  scoring:  78%|███████▊  | 300k/383k [00:02<00:00, 149kdoc/s]
  scoring:  91%|█████████▏| 350k/383k [00:02<00:00, 150kdoc/s]
  scoring: 100%|██████████| 383k/383k [00:02<00:00, 151kdoc/s]
  scoring: 100%|██████████| 383k/383k [00:02<00:00, 148kdoc/s]
  NDCG@10: 0.2961  MRR@10: 0.5504  [index (382,545 docs)]

────────────────────────────────────────────────────────────
[quora]
  Loading queries and qrels ...
  10000 queries, 10000 with relevance judgments
  Encoding queries with doc encoder (ceiling) ...
  queries (doc_splade): 64/10000
  queries (doc_splade): 128/10000
  queries (doc_splade): 192/10000
  queries (doc_splade): 256/10000
  queries (doc_splade): 320/10000
  queries (doc_splade): 384/10000
  queries (doc_splade): 448/10000
  queries (doc_splade): 512/10000
  queries (doc_splade): 576/10000
  queries (doc_splade): 640/10000
  queries (doc_splade): 704/10000
  queries (doc_splade): 768/10000
  queries (doc_splade): 832/10000
  queries (doc_splade): 896/10000
  queries (doc_splade): 960/10000
  queries (doc_splade): 1024/10000
  queries (doc_splade): 1088/10000
  queries (doc_splade): 1152/10000
  queries (doc_splade): 1216/10000
  queries (doc_splade): 1280/10000
  queries (doc_splade): 1344/10000
  queries (doc_splade): 1408/10000
  queries (doc_splade): 1472/10000
  queries (doc_splade): 1536/10000
  queries (doc_splade): 1600/10000
  queries (doc_splade): 1664/10000
  queries (doc_splade): 1728/10000
  queries (doc_splade): 1792/10000
  queries (doc_splade): 1856/10000
  queries (doc_splade): 1920/10000
  queries (doc_splade): 1984/10000
  queries (doc_splade): 2048/10000
  queries (doc_splade): 2112/10000
  queries (doc_splade): 2176/10000
  queries (doc_splade): 2240/10000
  queries (doc_splade): 2304/10000
  queries (doc_splade): 2368/10000
  queries (doc_splade): 2432/10000
  queries (doc_splade): 2496/10000
  queries (doc_splade): 2560/10000
  queries (doc_splade): 2624/10000
  queries (doc_splade): 2688/10000
  queries (doc_splade): 2752/10000
  queries (doc_splade): 2816/10000
  queries (doc_splade): 2880/10000
  queries (doc_splade): 2944/10000
  queries (doc_splade): 3008/10000
  queries (doc_splade): 3072/10000
  queries (doc_splade): 3136/10000
  queries (doc_splade): 3200/10000
  queries (doc_splade): 3264/10000
  queries (doc_splade): 3328/10000
  queries (doc_splade): 3392/10000
  queries (doc_splade): 3456/10000
  queries (doc_splade): 3520/10000
  queries (doc_splade): 3584/10000
  queries (doc_splade): 3648/10000
  queries (doc_splade): 3712/10000
  queries (doc_splade): 3776/10000
  queries (doc_splade): 3840/10000
  queries (doc_splade): 3904/10000
  queries (doc_splade): 3968/10000
  queries (doc_splade): 4032/10000
  queries (doc_splade): 4096/10000
  queries (doc_splade): 4160/10000
  queries (doc_splade): 4224/10000
  queries (doc_splade): 4288/10000
  queries (doc_splade): 4352/10000
  queries (doc_splade): 4416/10000
  queries (doc_splade): 4480/10000
  queries (doc_splade): 4544/10000
  queries (doc_splade): 4608/10000
  queries (doc_splade): 4672/10000
  queries (doc_splade): 4736/10000
  queries (doc_splade): 4800/10000
  queries (doc_splade): 4864/10000
  queries (doc_splade): 4928/10000
  queries (doc_splade): 4992/10000
  queries (doc_splade): 5056/10000
  queries (doc_splade): 5120/10000
  queries (doc_splade): 5184/10000
  queries (doc_splade): 5248/10000
  queries (doc_splade): 5312/10000
  queries (doc_splade): 5376/10000
  queries (doc_splade): 5440/10000
  queries (doc_splade): 5504/10000
  queries (doc_splade): 5568/10000
  queries (doc_splade): 5632/10000
  queries (doc_splade): 5696/10000
  queries (doc_splade): 5760/10000
  queries (doc_splade): 5824/10000
  queries (doc_splade): 5888/10000
  queries (doc_splade): 5952/10000
  queries (doc_splade): 6016/10000
  queries (doc_splade): 6080/10000
  queries (doc_splade): 6144/10000
  queries (doc_splade): 6208/10000
  queries (doc_splade): 6272/10000
  queries (doc_splade): 6336/10000
  queries (doc_splade): 6400/10000
  queries (doc_splade): 6464/10000
  queries (doc_splade): 6528/10000
  queries (doc_splade): 6592/10000
  queries (doc_splade): 6656/10000
  queries (doc_splade): 6720/10000
  queries (doc_splade): 6784/10000
  queries (doc_splade): 6848/10000
  queries (doc_splade): 6912/10000
  queries (doc_splade): 6976/10000
  queries (doc_splade): 7040/10000
  queries (doc_splade): 7104/10000
  queries (doc_splade): 7168/10000
  queries (doc_splade): 7232/10000
  queries (doc_splade): 7296/10000
  queries (doc_splade): 7360/10000
  queries (doc_splade): 7424/10000
  queries (doc_splade): 7488/10000
  queries (doc_splade): 7552/10000
  queries (doc_splade): 7616/10000
  queries (doc_splade): 7680/10000
  queries (doc_splade): 7744/10000
  queries (doc_splade): 7808/10000
  queries (doc_splade): 7872/10000
  queries (doc_splade): 7936/10000
  queries (doc_splade): 8000/10000
  queries (doc_splade): 8064/10000
  queries (doc_splade): 8128/10000
  queries (doc_splade): 8192/10000
  queries (doc_splade): 8256/10000
  queries (doc_splade): 8320/10000
  queries (doc_splade): 8384/10000
  queries (doc_splade): 8448/10000
  queries (doc_splade): 8512/10000
  queries (doc_splade): 8576/10000
  queries (doc_splade): 8640/10000
  queries (doc_splade): 8704/10000
  queries (doc_splade): 8768/10000
  queries (doc_splade): 8832/10000
  queries (doc_splade): 8896/10000
  queries (doc_splade): 8960/10000
  queries (doc_splade): 9024/10000
  queries (doc_splade): 9088/10000
  queries (doc_splade): 9152/10000
  queries (doc_splade): 9216/10000
  queries (doc_splade): 9280/10000
  queries (doc_splade): 9344/10000
  queries (doc_splade): 9408/10000
  queries (doc_splade): 9472/10000
  queries (doc_splade): 9536/10000
  queries (doc_splade): 9600/10000
  queries (doc_splade): 9664/10000
  queries (doc_splade): 9728/10000
  queries (doc_splade): 9792/10000
  queries (doc_splade): 9856/10000
  queries (doc_splade): 9920/10000
  queries (doc_splade): 9984/10000
  queries (doc_splade): 10000/10000
  Retrieving from pre-built index (522,931 docs) ...

  scoring:   0%|          | 0.00/523k [00:00<?, ?doc/s]
  scoring:  10%|▉         | 50.0k/523k [00:13<02:11, 3.59kdoc/s]
  scoring:  19%|█▉        | 100k/523k [00:18<01:11, 5.91kdoc/s] 
  scoring:  29%|██▊       | 150k/523k [00:21<00:43, 8.55kdoc/s]
  scoring:  38%|███▊      | 200k/523k [00:24<00:29, 10.8kdoc/s]
  scoring:  48%|████▊     | 250k/523k [00:26<00:21, 12.7kdoc/s]
  scoring:  57%|█████▋    | 300k/523k [00:29<00:15, 14.2kdoc/s]
  scoring:  67%|██████▋   | 350k/523k [00:32<00:11, 15.3kdoc/s]
  scoring:  76%|███████▋  | 400k/523k [00:35<00:07, 16.1kdoc/s]
  scoring:  86%|████████▌ | 450k/523k [00:37<00:04, 16.5kdoc/s]
  scoring:  96%|█████████▌| 500k/523k [00:40<00:01, 16.9kdoc/s]
  scoring: 100%|██████████| 523k/523k [00:41<00:00, 17.1kdoc/s]
  scoring: 100%|██████████| 523k/523k [00:41<00:00, 12.5kdoc/s]
  NDCG@10: 0.8138  MRR@10: 0.7997  [index (522,931 docs)]

────────────────────────────────────────────────────────────
[nq]
  Loading queries and qrels ...
  3452 queries, 3452 with relevance judgments
  Encoding queries with doc encoder (ceiling) ...
  queries (doc_splade): 64/3452
  queries (doc_splade): 128/3452
  queries (doc_splade): 192/3452
  queries (doc_splade): 256/3452
  queries (doc_splade): 320/3452
  queries (doc_splade): 384/3452
  queries (doc_splade): 448/3452
  queries (doc_splade): 512/3452
  queries (doc_splade): 576/3452
  queries (doc_splade): 640/3452
  queries (doc_splade): 704/3452
  queries (doc_splade): 768/3452
  queries (doc_splade): 832/3452
  queries (doc_splade): 896/3452
  queries (doc_splade): 960/3452
  queries (doc_splade): 1024/3452
  queries (doc_splade): 1088/3452
  queries (doc_splade): 1152/3452
  queries (doc_splade): 1216/3452
  queries (doc_splade): 1280/3452
  queries (doc_splade): 1344/3452
  queries (doc_splade): 1408/3452
  queries (doc_splade): 1472/3452
  queries (doc_splade): 1536/3452
  queries (doc_splade): 1600/3452
  queries (doc_splade): 1664/3452
  queries (doc_splade): 1728/3452
  queries (doc_splade): 1792/3452
  queries (doc_splade): 1856/3452
  queries (doc_splade): 1920/3452
  queries (doc_splade): 1984/3452
  queries (doc_splade): 2048/3452
  queries (doc_splade): 2112/3452
  queries (doc_splade): 2176/3452
  queries (doc_splade): 2240/3452
  queries (doc_splade): 2304/3452
  queries (doc_splade): 2368/3452
  queries (doc_splade): 2432/3452
  queries (doc_splade): 2496/3452
  queries (doc_splade): 2560/3452
  queries (doc_splade): 2624/3452
  queries (doc_splade): 2688/3452
  queries (doc_splade): 2752/3452
  queries (doc_splade): 2816/3452
  queries (doc_splade): 2880/3452
  queries (doc_splade): 2944/3452
  queries (doc_splade): 3008/3452
  queries (doc_splade): 3072/3452
  queries (doc_splade): 3136/3452
  queries (doc_splade): 3200/3452
  queries (doc_splade): 3264/3452
  queries (doc_splade): 3328/3452
  queries (doc_splade): 3392/3452
  queries (doc_splade): 3452/3452
  Retrieving from pre-built index (2,681,468 docs) ...

  scoring:   0%|          | 0.00/2.68M [00:00<?, ?doc/s]
  scoring:   2%|▏         | 50.0k/2.68M [00:01<01:02, 41.9kdoc/s]
  scoring:   4%|▎         | 100k/2.68M [00:02<00:59, 43.0kdoc/s] 
  scoring:   6%|▌         | 150k/2.68M [00:03<00:57, 44.1kdoc/s]
  scoring:   7%|▋         | 200k/2.68M [00:04<00:57, 43.1kdoc/s]
  scoring:   9%|▉         | 250k/2.68M [00:05<00:56, 42.9kdoc/s]
  scoring:  11%|█         | 300k/2.68M [00:06<00:55, 42.9kdoc/s]
  scoring:  13%|█▎        | 350k/2.68M [00:08<00:54, 42.5kdoc/s]
  scoring:  15%|█▍        | 400k/2.68M [00:09<00:53, 42.7kdoc/s]
  scoring:  17%|█▋        | 450k/2.68M [00:10<00:52, 42.4kdoc/s]
  scoring:  19%|█▊        | 500k/2.68M [00:11<00:51, 42.2kdoc/s]
  scoring:  21%|██        | 550k/2.68M [00:12<00:50, 42.1kdoc/s]
  scoring:  22%|██▏       | 600k/2.68M [00:14<00:49, 42.1kdoc/s]
  scoring:  24%|██▍       | 650k/2.68M [00:15<00:48, 41.6kdoc/s]
  scoring:  26%|██▌       | 700k/2.68M [00:16<00:47, 41.9kdoc/s]
  scoring:  28%|██▊       | 750k/2.68M [00:17<00:46, 41.8kdoc/s]
  scoring:  30%|██▉       | 800k/2.68M [00:18<00:44, 42.2kdoc/s]
  scoring:  32%|███▏      | 850k/2.68M [00:20<00:43, 41.9kdoc/s]
  scoring:  34%|███▎      | 900k/2.68M [00:21<00:42, 41.8kdoc/s]
  scoring:  35%|███▌      | 950k/2.68M [00:22<00:41, 41.5kdoc/s]
  scoring:  37%|███▋      | 1.00M/2.68M [00:23<00:40, 41.6kdoc/s]
  scoring:  39%|███▉      | 1.05M/2.68M [00:24<00:39, 41.8kdoc/s]
  scoring:  41%|████      | 1.10M/2.68M [00:26<00:38, 41.5kdoc/s]
  scoring:  43%|████▎     | 1.15M/2.68M [00:27<00:36, 41.8kdoc/s]
  scoring:  45%|████▍     | 1.20M/2.68M [00:28<00:35, 41.4kdoc/s]
  scoring:  47%|████▋     | 1.25M/2.68M [00:29<00:34, 41.5kdoc/s]
  scoring:  48%|████▊     | 1.30M/2.68M [00:30<00:33, 41.7kdoc/s]
  scoring:  50%|█████     | 1.35M/2.68M [00:32<00:31, 41.9kdoc/s]
  scoring:  52%|█████▏    | 1.40M/2.68M [00:33<00:31, 41.2kdoc/s]
  scoring:  54%|█████▍    | 1.45M/2.68M [00:34<00:29, 41.1kdoc/s]
  scoring:  56%|█████▌    | 1.50M/2.68M [00:35<00:28, 41.1kdoc/s]
  scoring:  58%|█████▊    | 1.55M/2.68M [00:37<00:27, 40.9kdoc/s]
  scoring:  60%|█████▉    | 1.60M/2.68M [00:38<00:26, 40.4kdoc/s]
  scoring:  62%|██████▏   | 1.65M/2.68M [00:39<00:25, 40.5kdoc/s]
  scoring:  63%|██████▎   | 1.70M/2.68M [00:40<00:24, 40.5kdoc/s]
  scoring:  65%|██████▌   | 1.75M/2.68M [00:41<00:22, 40.6kdoc/s]
  scoring:  67%|██████▋   | 1.80M/2.68M [00:43<00:21, 40.6kdoc/s]
  scoring:  69%|██████▉   | 1.85M/2.68M [00:44<00:20, 40.7kdoc/s]
  scoring:  71%|███████   | 1.90M/2.68M [00:45<00:19, 41.1kdoc/s]
  scoring:  73%|███████▎  | 1.95M/2.68M [00:46<00:18, 40.4kdoc/s]
  scoring:  75%|███████▍  | 2.00M/2.68M [00:48<00:16, 40.7kdoc/s]
  scoring:  76%|███████▋  | 2.05M/2.68M [00:49<00:15, 40.3kdoc/s]
  scoring:  78%|███████▊  | 2.10M/2.68M [00:50<00:14, 40.6kdoc/s]
  scoring:  80%|████████  | 2.15M/2.68M [00:51<00:13, 40.5kdoc/s]
  scoring:  82%|████████▏ | 2.20M/2.68M [00:53<00:11, 40.1kdoc/s]
  scoring:  84%|████████▍ | 2.25M/2.68M [00:54<00:10, 40.7kdoc/s]
  scoring:  86%|████████▌ | 2.30M/2.68M [00:55<00:09, 40.1kdoc/s]
  scoring:  88%|████████▊ | 2.35M/2.68M [00:56<00:08, 40.3kdoc/s]
  scoring:  90%|████████▉ | 2.40M/2.68M [00:58<00:07, 39.7kdoc/s]
  scoring:  91%|█████████▏| 2.45M/2.68M [00:59<00:05, 40.0kdoc/s]
  scoring:  93%|█████████▎| 2.50M/2.68M [01:00<00:04, 40.1kdoc/s]
  scoring:  95%|█████████▌| 2.55M/2.68M [01:01<00:03, 40.1kdoc/s]
  scoring:  97%|█████████▋| 2.60M/2.68M [01:03<00:02, 40.1kdoc/s]
  scoring:  99%|█████████▉| 2.65M/2.68M [01:04<00:00, 40.0kdoc/s]
  scoring: 100%|██████████| 2.68M/2.68M [01:05<00:00, 40.5kdoc/s]
  scoring: 100%|██████████| 2.68M/2.68M [01:05<00:00, 41.2kdoc/s]
  NDCG@10: 0.5766  MRR@10: 0.5308  [index (2,681,468 docs)]

────────────────────────────────────────────────────────────
[dbpedia-entity]
  Loading queries and qrels ...
  400 queries, 400 with relevance judgments
  Encoding queries with doc encoder (ceiling) ...
  queries (doc_splade): 64/400
  queries (doc_splade): 128/400
  queries (doc_splade): 192/400
  queries (doc_splade): 256/400
  queries (doc_splade): 320/400
  queries (doc_splade): 384/400
  queries (doc_splade): 400/400
  Retrieving from pre-built index (4,635,922 docs) ...

  scoring:   0%|          | 0.00/4.64M [00:00<?, ?doc/s]
  scoring:   1%|          | 50.0k/4.64M [00:00<00:28, 160kdoc/s]
  scoring:   2%|▏         | 100k/4.64M [00:00<00:26, 173kdoc/s] 
  scoring:   3%|▎         | 150k/4.64M [00:00<00:28, 159kdoc/s]
  scoring:   4%|▍         | 200k/4.64M [00:01<00:29, 151kdoc/s]
  scoring:   5%|▌         | 250k/4.64M [00:01<00:28, 153kdoc/s]
  scoring:   6%|▋         | 300k/4.64M [00:01<00:28, 151kdoc/s]
  scoring:   8%|▊         | 350k/4.64M [00:02<00:29, 147kdoc/s]
  scoring:   9%|▊         | 400k/4.64M [00:02<00:28, 147kdoc/s]
  scoring:  10%|▉         | 450k/4.64M [00:02<00:27, 150kdoc/s]
  scoring:  11%|█         | 500k/4.64M [00:03<00:28, 146kdoc/s]
  scoring:  12%|█▏        | 550k/4.64M [00:03<00:27, 149kdoc/s]
  scoring:  13%|█▎        | 600k/4.64M [00:03<00:26, 155kdoc/s]
  scoring:  14%|█▍        | 650k/4.64M [00:04<00:26, 148kdoc/s]
  scoring:  15%|█▌        | 700k/4.64M [00:04<00:25, 152kdoc/s]
  scoring:  16%|█▌        | 750k/4.64M [00:04<00:25, 152kdoc/s]
  scoring:  17%|█▋        | 800k/4.64M [00:05<00:25, 148kdoc/s]
  scoring:  18%|█▊        | 850k/4.64M [00:05<00:24, 152kdoc/s]
  scoring:  19%|█▉        | 900k/4.64M [00:05<00:24, 149kdoc/s]
  scoring:  20%|██        | 950k/4.64M [00:06<00:24, 148kdoc/s]
  scoring:  22%|██▏       | 1.00M/4.64M [00:06<00:24, 150kdoc/s]
  scoring:  23%|██▎       | 1.05M/4.64M [00:06<00:23, 153kdoc/s]
  scoring:  24%|██▎       | 1.10M/4.64M [00:07<00:23, 152kdoc/s]
  scoring:  25%|██▍       | 1.15M/4.64M [00:07<00:21, 160kdoc/s]
  scoring:  26%|██▌       | 1.20M/4.64M [00:07<00:21, 159kdoc/s]
  scoring:  27%|██▋       | 1.25M/4.64M [00:08<00:21, 158kdoc/s]
  scoring:  28%|██▊       | 1.30M/4.64M [00:08<00:21, 153kdoc/s]
  scoring:  29%|██▉       | 1.35M/4.64M [00:08<00:21, 155kdoc/s]
  scoring:  30%|███       | 1.40M/4.64M [00:09<00:21, 152kdoc/s]
  scoring:  31%|███▏      | 1.45M/4.64M [00:09<00:21, 148kdoc/s]
  scoring:  32%|███▏      | 1.50M/4.64M [00:09<00:21, 148kdoc/s]
  scoring:  33%|███▎      | 1.55M/4.64M [00:10<00:20, 152kdoc/s]
  scoring:  35%|███▍      | 1.60M/4.64M [00:10<00:20, 152kdoc/s]
  scoring:  36%|███▌      | 1.65M/4.64M [00:10<00:19, 152kdoc/s]
  scoring:  37%|███▋      | 1.70M/4.64M [00:11<00:18, 161kdoc/s]
  scoring:  38%|███▊      | 1.75M/4.64M [00:11<00:18, 157kdoc/s]
  scoring:  39%|███▉      | 1.80M/4.64M [00:11<00:17, 159kdoc/s]
  scoring:  40%|███▉      | 1.85M/4.64M [00:12<00:17, 160kdoc/s]
  scoring:  41%|████      | 1.90M/4.64M [00:12<00:17, 159kdoc/s]
  scoring:  42%|████▏     | 1.95M/4.64M [00:12<00:16, 162kdoc/s]
  scoring:  43%|████▎     | 2.00M/4.64M [00:12<00:15, 168kdoc/s]
  scoring:  44%|████▍     | 2.05M/4.64M [00:13<00:16, 161kdoc/s]
  scoring:  45%|████▌     | 2.10M/4.64M [00:13<00:15, 162kdoc/s]
  scoring:  46%|████▋     | 2.15M/4.64M [00:13<00:15, 157kdoc/s]
  scoring:  47%|████▋     | 2.20M/4.64M [00:14<00:15, 156kdoc/s]
  scoring:  49%|████▊     | 2.25M/4.64M [00:14<00:15, 157kdoc/s]
  scoring:  50%|████▉     | 2.30M/4.64M [00:14<00:14, 159kdoc/s]
  scoring:  51%|█████     | 2.35M/4.64M [00:15<00:14, 155kdoc/s]
  scoring:  52%|█████▏    | 2.40M/4.64M [00:15<00:14, 158kdoc/s]
  scoring:  53%|█████▎    | 2.45M/4.64M [00:15<00:14, 155kdoc/s]
  scoring:  54%|█████▍    | 2.50M/4.64M [00:16<00:13, 154kdoc/s]
  scoring:  55%|█████▌    | 2.55M/4.64M [00:16<00:13, 157kdoc/s]
  scoring:  56%|█████▌    | 2.60M/4.64M [00:16<00:13, 154kdoc/s]
  scoring:  57%|█████▋    | 2.65M/4.64M [00:17<00:12, 154kdoc/s]
  scoring:  58%|█████▊    | 2.70M/4.64M [00:17<00:12, 158kdoc/s]
  scoring:  59%|█████▉    | 2.75M/4.64M [00:17<00:12, 153kdoc/s]
  scoring:  60%|██████    | 2.80M/4.64M [00:18<00:11, 155kdoc/s]
  scoring:  61%|██████▏   | 2.85M/4.64M [00:18<00:11, 160kdoc/s]
  scoring:  63%|██████▎   | 2.90M/4.64M [00:18<00:11, 155kdoc/s]
  scoring:  64%|██████▎   | 2.95M/4.64M [00:19<00:10, 159kdoc/s]
  scoring:  65%|██████▍   | 3.00M/4.64M [00:19<00:10, 158kdoc/s]
  scoring:  66%|██████▌   | 3.05M/4.64M [00:19<00:10, 154kdoc/s]
  scoring:  67%|██████▋   | 3.10M/4.64M [00:20<00:09, 157kdoc/s]
  scoring:  68%|██████▊   | 3.15M/4.64M [00:20<00:09, 163kdoc/s]
  scoring:  69%|██████▉   | 3.20M/4.64M [00:20<00:09, 159kdoc/s]
  scoring:  70%|███████   | 3.25M/4.64M [00:20<00:08, 159kdoc/s]
  scoring:  71%|███████   | 3.30M/4.64M [00:21<00:08, 154kdoc/s]
  scoring:  72%|███████▏  | 3.35M/4.64M [00:21<00:08, 154kdoc/s]
  scoring:  73%|███████▎  | 3.40M/4.64M [00:21<00:07, 156kdoc/s]
  scoring:  74%|███████▍  | 3.45M/4.64M [00:22<00:07, 156kdoc/s]
  scoring:  75%|███████▌  | 3.50M/4.64M [00:22<00:07, 159kdoc/s]
  scoring:  77%|███████▋  | 3.55M/4.64M [00:22<00:06, 160kdoc/s]
  scoring:  78%|███████▊  | 3.60M/4.64M [00:23<00:06, 154kdoc/s]
  scoring:  79%|███████▊  | 3.65M/4.64M [00:23<00:06, 158kdoc/s]
  scoring:  80%|███████▉  | 3.70M/4.64M [00:23<00:05, 161kdoc/s]
  scoring:  81%|████████  | 3.75M/4.64M [00:24<00:05, 156kdoc/s]
  scoring:  82%|████████▏ | 3.80M/4.64M [00:24<00:05, 160kdoc/s]
  scoring:  83%|████████▎ | 3.85M/4.64M [00:24<00:04, 159kdoc/s]
  scoring:  84%|████████▍ | 3.90M/4.64M [00:25<00:04, 155kdoc/s]
  scoring:  85%|████████▌ | 3.95M/4.64M [00:25<00:04, 156kdoc/s]
  scoring:  86%|████████▋ | 4.00M/4.64M [00:25<00:04, 155kdoc/s]
  scoring:  87%|████████▋ | 4.05M/4.64M [00:26<00:03, 149kdoc/s]
  scoring:  88%|████████▊ | 4.10M/4.64M [00:26<00:03, 154kdoc/s]
  scoring:  90%|████████▉ | 4.15M/4.64M [00:26<00:03, 159kdoc/s]
  scoring:  91%|█████████ | 4.20M/4.64M [00:27<00:02, 154kdoc/s]
  scoring:  92%|█████████▏| 4.25M/4.64M [00:27<00:02, 157kdoc/s]
  scoring:  93%|█████████▎| 4.30M/4.64M [00:27<00:02, 157kdoc/s]
  scoring:  94%|█████████▍| 4.35M/4.64M [00:28<00:01, 152kdoc/s]
  scoring:  95%|█████████▍| 4.40M/4.64M [00:28<00:01, 156kdoc/s]
  scoring:  96%|█████████▌| 4.45M/4.64M [00:28<00:01, 157kdoc/s]
  scoring:  97%|█████████▋| 4.50M/4.64M [00:29<00:00, 151kdoc/s]
  scoring:  98%|█████████▊| 4.55M/4.64M [00:29<00:00, 155kdoc/s]
  scoring:  99%|█████████▉| 4.60M/4.64M [00:29<00:00, 160kdoc/s]
  scoring: 100%|██████████| 4.64M/4.64M [00:29<00:00, 162kdoc/s]
  scoring: 100%|██████████| 4.64M/4.64M [00:29<00:00, 155kdoc/s]
  NDCG@10: 0.4494  MRR@10: 0.7528  [index (4,635,922 docs)]

────────────────────────────────────────────────────────────
[hotpotqa]
  Loading queries and qrels ...
  7405 queries, 7405 with relevance judgments
  Encoding queries with doc encoder (ceiling) ...
  queries (doc_splade): 64/7405
  queries (doc_splade): 128/7405
  queries (doc_splade): 192/7405
  queries (doc_splade): 256/7405
  queries (doc_splade): 320/7405
  queries (doc_splade): 384/7405
  queries (doc_splade): 448/7405
  queries (doc_splade): 512/7405
  queries (doc_splade): 576/7405
  queries (doc_splade): 640/7405
  queries (doc_splade): 704/7405
  queries (doc_splade): 768/7405
  queries (doc_splade): 832/7405
  queries (doc_splade): 896/7405
  queries (doc_splade): 960/7405
  queries (doc_splade): 1024/7405
  queries (doc_splade): 1088/7405
  queries (doc_splade): 1152/7405
  queries (doc_splade): 1216/7405
  queries (doc_splade): 1280/7405
  queries (doc_splade): 1344/7405
  queries (doc_splade): 1408/7405
  queries (doc_splade): 1472/7405
  queries (doc_splade): 1536/7405
  queries (doc_splade): 1600/7405
  queries (doc_splade): 1664/7405
  queries (doc_splade): 1728/7405
  queries (doc_splade): 1792/7405
  queries (doc_splade): 1856/7405
  queries (doc_splade): 1920/7405
  queries (doc_splade): 1984/7405
  queries (doc_splade): 2048/7405
  queries (doc_splade): 2112/7405
  queries (doc_splade): 2176/7405
  queries (doc_splade): 2240/7405
  queries (doc_splade): 2304/7405
  queries (doc_splade): 2368/7405
  queries (doc_splade): 2432/7405
  queries (doc_splade): 2496/7405
  queries (doc_splade): 2560/7405
  queries (doc_splade): 2624/7405
  queries (doc_splade): 2688/7405
  queries (doc_splade): 2752/7405
  queries (doc_splade): 2816/7405
  queries (doc_splade): 2880/7405
  queries (doc_splade): 2944/7405
  queries (doc_splade): 3008/7405
  queries (doc_splade): 3072/7405
  queries (doc_splade): 3136/7405
  queries (doc_splade): 3200/7405
  queries (doc_splade): 3264/7405
  queries (doc_splade): 3328/7405
  queries (doc_splade): 3392/7405
  queries (doc_splade): 3456/7405
  queries (doc_splade): 3520/7405
  queries (doc_splade): 3584/7405
  queries (doc_splade): 3648/7405
  queries (doc_splade): 3712/7405
  queries (doc_splade): 3776/7405
  queries (doc_splade): 3840/7405
  queries (doc_splade): 3904/7405
  queries (doc_splade): 3968/7405
  queries (doc_splade): 4032/7405
  queries (doc_splade): 4096/7405
  queries (doc_splade): 4160/7405
  queries (doc_splade): 4224/7405
  queries (doc_splade): 4288/7405
  queries (doc_splade): 4352/7405
  queries (doc_splade): 4416/7405
  queries (doc_splade): 4480/7405
  queries (doc_splade): 4544/7405
  queries (doc_splade): 4608/7405
  queries (doc_splade): 4672/7405
  queries (doc_splade): 4736/7405
  queries (doc_splade): 4800/7405
  queries (doc_splade): 4864/7405
  queries (doc_splade): 4928/7405
  queries (doc_splade): 4992/7405
  queries (doc_splade): 5056/7405
  queries (doc_splade): 5120/7405
  queries (doc_splade): 5184/7405
  queries (doc_splade): 5248/7405
  queries (doc_splade): 5312/7405
  queries (doc_splade): 5376/7405
  queries (doc_splade): 5440/7405
  queries (doc_splade): 5504/7405
  queries (doc_splade): 5568/7405
  queries (doc_splade): 5632/7405
  queries (doc_splade): 5696/7405
  queries (doc_splade): 5760/7405
  queries (doc_splade): 5824/7405
  queries (doc_splade): 5888/7405
  queries (doc_splade): 5952/7405
  queries (doc_splade): 6016/7405
  queries (doc_splade): 6080/7405
  queries (doc_splade): 6144/7405
  queries (doc_splade): 6208/7405
  queries (doc_splade): 6272/7405
  queries (doc_splade): 6336/7405
  queries (doc_splade): 6400/7405
  queries (doc_splade): 6464/7405
  queries (doc_splade): 6528/7405
  queries (doc_splade): 6592/7405
  queries (doc_splade): 6656/7405
  queries (doc_splade): 6720/7405
  queries (doc_splade): 6784/7405
  queries (doc_splade): 6848/7405
  queries (doc_splade): 6912/7405
  queries (doc_splade): 6976/7405
  queries (doc_splade): 7040/7405
  queries (doc_splade): 7104/7405
  queries (doc_splade): 7168/7405
  queries (doc_splade): 7232/7405
  queries (doc_splade): 7296/7405
  queries (doc_splade): 7360/7405
  queries (doc_splade): 7405/7405
  Retrieving from pre-built index (5,233,329 docs) ...

  scoring:   0%|          | 0.00/5.23M [00:00<?, ?doc/s]
  scoring:   1%|          | 50.0k/5.23M [00:02<04:24, 19.6kdoc/s]
  scoring:   2%|▏         | 100k/5.23M [00:05<04:16, 20.0kdoc/s] 
  scoring:   3%|▎         | 150k/5.23M [00:07<04:14, 20.0kdoc/s]
  scoring:   4%|▍         | 200k/5.23M [00:10<04:13, 19.9kdoc/s]
  scoring:   5%|▍         | 250k/5.23M [00:12<04:10, 19.9kdoc/s]
  scoring:   6%|▌         | 300k/5.23M [00:15<04:05, 20.1kdoc/s]
  scoring:   7%|▋         | 350k/5.23M [00:17<04:04, 20.0kdoc/s]
  scoring:   8%|▊         | 400k/5.23M [00:20<04:00, 20.1kdoc/s]
  scoring:   9%|▊         | 450k/5.23M [00:22<03:58, 20.1kdoc/s]
  scoring:  10%|▉         | 500k/5.23M [00:24<03:54, 20.2kdoc/s]
  scoring:  11%|█         | 550k/5.23M [00:27<03:53, 20.1kdoc/s]
  scoring:  11%|█▏        | 600k/5.23M [00:29<03:48, 20.2kdoc/s]
  scoring:  12%|█▏        | 650k/5.23M [00:31<03:18, 23.1kdoc/s]
  scoring:  13%|█▎        | 700k/5.23M [00:32<02:52, 26.2kdoc/s]
  scoring:  14%|█▍        | 750k/5.23M [00:33<02:34, 29.0kdoc/s]
  scoring:  15%|█▌        | 800k/5.23M [00:35<02:21, 31.3kdoc/s]
  scoring:  16%|█▌        | 850k/5.23M [00:36<02:11, 33.3kdoc/s]
  scoring:  17%|█▋        | 900k/5.23M [00:37<02:04, 34.9kdoc/s]
  scoring:  18%|█▊        | 950k/5.23M [00:39<02:20, 30.6kdoc/s]
  scoring:  19%|█▉        | 1.00M/5.23M [00:42<02:42, 26.1kdoc/s]
  scoring:  20%|██        | 1.05M/5.23M [00:45<02:55, 23.8kdoc/s]
  scoring:  21%|██        | 1.10M/5.23M [00:47<03:05, 22.2kdoc/s]
  scoring:  22%|██▏       | 1.15M/5.23M [00:50<03:11, 21.3kdoc/s]
  scoring:  23%|██▎       | 1.20M/5.23M [00:52<03:15, 20.6kdoc/s]
  scoring:  24%|██▍       | 1.25M/5.23M [00:55<03:18, 20.1kdoc/s]
  scoring:  25%|██▍       | 1.30M/5.23M [00:57<03:06, 21.1kdoc/s]
  scoring:  26%|██▌       | 1.35M/5.23M [01:00<03:07, 20.7kdoc/s]
  scoring:  27%|██▋       | 1.40M/5.23M [01:02<03:04, 20.7kdoc/s]
  scoring:  28%|██▊       | 1.45M/5.23M [01:04<03:02, 20.7kdoc/s]
  scoring:  29%|██▊       | 1.50M/5.23M [01:07<03:01, 20.6kdoc/s]
  scoring:  30%|██▉       | 1.55M/5.23M [01:09<03:01, 20.3kdoc/s]
  scoring:  31%|███       | 1.60M/5.23M [01:12<03:00, 20.1kdoc/s]
  scoring:  32%|███▏      | 1.65M/5.23M [01:14<02:56, 20.3kdoc/s]
  scoring:  32%|███▏      | 1.70M/5.23M [01:17<02:53, 20.3kdoc/s]
  scoring:  33%|███▎      | 1.75M/5.23M [01:19<02:50, 20.4kdoc/s]
  scoring:  34%|███▍      | 1.80M/5.23M [01:22<02:48, 20.4kdoc/s]
  scoring:  35%|███▌      | 1.85M/5.23M [01:24<02:45, 20.4kdoc/s]
  scoring:  36%|███▋      | 1.90M/5.23M [01:27<02:42, 20.5kdoc/s]
  scoring:  37%|███▋      | 1.95M/5.23M [01:29<02:40, 20.5kdoc/s]
  scoring:  38%|███▊      | 2.00M/5.23M [01:31<02:36, 20.6kdoc/s]
  scoring:  39%|███▉      | 2.05M/5.23M [01:34<02:34, 20.6kdoc/s]
  scoring:  40%|████      | 2.10M/5.23M [01:36<02:33, 20.4kdoc/s]
  scoring:  41%|████      | 2.15M/5.23M [01:39<02:30, 20.4kdoc/s]
  scoring:  42%|████▏     | 2.20M/5.23M [01:41<02:29, 20.3kdoc/s]
  scoring:  43%|████▎     | 2.25M/5.23M [01:44<02:26, 20.3kdoc/s]
  scoring:  44%|████▍     | 2.30M/5.23M [01:46<02:23, 20.4kdoc/s]
  scoring:  45%|████▍     | 2.35M/5.23M [01:49<02:21, 20.4kdoc/s]
  scoring:  46%|████▌     | 2.40M/5.23M [01:51<02:18, 20.5kdoc/s]
  scoring:  47%|████▋     | 2.45M/5.23M [01:53<02:16, 20.4kdoc/s]
  scoring:  48%|████▊     | 2.50M/5.23M [01:56<02:13, 20.4kdoc/s]
  scoring:  49%|████▊     | 2.55M/5.23M [01:58<02:11, 20.4kdoc/s]
  scoring:  50%|████▉     | 2.60M/5.23M [02:01<02:07, 20.7kdoc/s]
  scoring:  51%|█████     | 2.65M/5.23M [02:03<02:05, 20.6kdoc/s]
  scoring:  52%|█████▏    | 2.70M/5.23M [02:06<02:03, 20.5kdoc/s]
  scoring:  53%|█████▎    | 2.75M/5.23M [02:08<02:01, 20.5kdoc/s]
  scoring:  54%|█████▎    | 2.80M/5.23M [02:11<01:59, 20.4kdoc/s]
  scoring:  54%|█████▍    | 2.85M/5.23M [02:13<01:56, 20.4kdoc/s]
  scoring:  55%|█████▌    | 2.90M/5.23M [02:15<01:53, 20.6kdoc/s]
  scoring:  56%|█████▋    | 2.95M/5.23M [02:18<01:51, 20.6kdoc/s]
  scoring:  57%|█████▋    | 3.00M/5.23M [02:20<01:48, 20.5kdoc/s]
  scoring:  58%|█████▊    | 3.05M/5.23M [02:23<01:46, 20.6kdoc/s]
  scoring:  59%|█████▉    | 3.10M/5.23M [02:25<01:44, 20.4kdoc/s]
  scoring:  60%|██████    | 3.15M/5.23M [02:28<01:42, 20.3kdoc/s]
  scoring:  61%|██████    | 3.20M/5.23M [02:30<01:40, 20.3kdoc/s]
  scoring:  62%|██████▏   | 3.25M/5.23M [02:33<01:37, 20.4kdoc/s]
  scoring:  63%|██████▎   | 3.30M/5.23M [02:35<01:35, 20.1kdoc/s]
  scoring:  64%|██████▍   | 3.35M/5.23M [02:38<01:33, 20.1kdoc/s]
  scoring:  65%|██████▍   | 3.40M/5.23M [02:40<01:31, 20.1kdoc/s]
  scoring:  66%|██████▌   | 3.45M/5.23M [02:43<01:28, 20.3kdoc/s]
  scoring:  67%|██████▋   | 3.50M/5.23M [02:45<01:25, 20.3kdoc/s]
  scoring:  68%|██████▊   | 3.55M/5.23M [02:47<01:22, 20.4kdoc/s]
  scoring:  69%|██████▉   | 3.60M/5.23M [02:50<01:21, 20.1kdoc/s]
  scoring:  70%|██████▉   | 3.65M/5.23M [02:52<01:18, 20.2kdoc/s]
  scoring:  71%|███████   | 3.70M/5.23M [02:55<01:15, 20.3kdoc/s]
  scoring:  72%|███████▏  | 3.75M/5.23M [02:57<01:13, 20.3kdoc/s]
  scoring:  73%|███████▎  | 3.80M/5.23M [03:00<01:11, 20.1kdoc/s]
  scoring:  74%|███████▎  | 3.85M/5.23M [03:02<01:08, 20.1kdoc/s]
  scoring:  75%|███████▍  | 3.90M/5.23M [03:05<01:05, 20.2kdoc/s]
  scoring:  75%|███████▌  | 3.95M/5.23M [03:07<01:03, 20.3kdoc/s]
  scoring:  76%|███████▋  | 4.00M/5.23M [03:10<01:00, 20.3kdoc/s]
  scoring:  77%|███████▋  | 4.05M/5.23M [03:12<00:58, 20.2kdoc/s]
  scoring:  78%|███████▊  | 4.10M/5.23M [03:15<00:56, 20.1kdoc/s]
  scoring:  79%|███████▉  | 4.15M/5.23M [03:17<00:53, 20.3kdoc/s]
  scoring:  80%|████████  | 4.20M/5.23M [03:19<00:50, 20.4kdoc/s]
  scoring:  81%|████████  | 4.25M/5.23M [03:22<00:48, 20.3kdoc/s]
  scoring:  82%|████████▏ | 4.30M/5.23M [03:24<00:45, 20.5kdoc/s]
  scoring:  83%|████████▎ | 4.35M/5.23M [03:27<00:42, 20.8kdoc/s]
  scoring:  84%|████████▍ | 4.40M/5.23M [03:29<00:40, 20.7kdoc/s]
  scoring:  85%|████████▌ | 4.45M/5.23M [03:32<00:38, 20.4kdoc/s]
  scoring:  86%|████████▌ | 4.50M/5.23M [03:34<00:35, 20.5kdoc/s]
  scoring:  87%|████████▋ | 4.55M/5.23M [03:37<00:33, 20.4kdoc/s]
  scoring:  88%|████████▊ | 4.60M/5.23M [03:39<00:31, 20.4kdoc/s]
  scoring:  89%|████████▉ | 4.65M/5.23M [03:41<00:28, 20.5kdoc/s]
  scoring:  90%|████████▉ | 4.70M/5.23M [03:44<00:25, 20.6kdoc/s]
  scoring:  91%|█████████ | 4.75M/5.23M [03:46<00:23, 20.5kdoc/s]
  scoring:  92%|█████████▏| 4.80M/5.23M [03:49<00:21, 20.5kdoc/s]
  scoring:  93%|█████████▎| 4.85M/5.23M [03:51<00:18, 20.3kdoc/s]
  scoring:  94%|█████████▎| 4.90M/5.23M [03:54<00:16, 20.4kdoc/s]
  scoring:  95%|█████████▍| 4.95M/5.23M [03:56<00:13, 20.5kdoc/s]
  scoring:  96%|█████████▌| 5.00M/5.23M [03:59<00:11, 20.4kdoc/s]
  scoring:  96%|█████████▋| 5.05M/5.23M [04:01<00:09, 20.2kdoc/s]
  scoring:  97%|█████████▋| 5.10M/5.23M [04:04<00:06, 20.2kdoc/s]
  scoring:  98%|█████████▊| 5.15M/5.23M [04:06<00:04, 20.3kdoc/s]
  scoring:  99%|█████████▉| 5.20M/5.23M [04:08<00:01, 20.3kdoc/s]
  scoring: 100%|██████████| 5.23M/5.23M [04:10<00:00, 20.2kdoc/s]
  scoring: 100%|██████████| 5.23M/5.23M [04:10<00:00, 20.9kdoc/s]
  NDCG@10: 0.6830  MRR@10: 0.8638  [index (5,233,329 docs)]

────────────────────────────────────────────────────────────
[fever]
  Loading queries and qrels ...
  6666 queries, 6666 with relevance judgments
  Encoding queries with doc encoder (ceiling) ...
  queries (doc_splade): 64/6666
  queries (doc_splade): 128/6666
  queries (doc_splade): 192/6666
  queries (doc_splade): 256/6666
  queries (doc_splade): 320/6666
  queries (doc_splade): 384/6666
  queries (doc_splade): 448/6666
  queries (doc_splade): 512/6666
  queries (doc_splade): 576/6666
  queries (doc_splade): 640/6666
  queries (doc_splade): 704/6666
  queries (doc_splade): 768/6666
  queries (doc_splade): 832/6666
  queries (doc_splade): 896/6666
  queries (doc_splade): 960/6666
  queries (doc_splade): 1024/6666
  queries (doc_splade): 1088/6666
  queries (doc_splade): 1152/6666
  queries (doc_splade): 1216/6666
  queries (doc_splade): 1280/6666
  queries (doc_splade): 1344/6666
  queries (doc_splade): 1408/6666
  queries (doc_splade): 1472/6666
  queries (doc_splade): 1536/6666
  queries (doc_splade): 1600/6666
  queries (doc_splade): 1664/6666
  queries (doc_splade): 1728/6666
  queries (doc_splade): 1792/6666
  queries (doc_splade): 1856/6666
  queries (doc_splade): 1920/6666
  queries (doc_splade): 1984/6666
  queries (doc_splade): 2048/6666
  queries (doc_splade): 2112/6666
  queries (doc_splade): 2176/6666
  queries (doc_splade): 2240/6666
  queries (doc_splade): 2304/6666
  queries (doc_splade): 2368/6666
  queries (doc_splade): 2432/6666
  queries (doc_splade): 2496/6666
  queries (doc_splade): 2560/6666
  queries (doc_splade): 2624/6666
  queries (doc_splade): 2688/6666
  queries (doc_splade): 2752/6666
  queries (doc_splade): 2816/6666
  queries (doc_splade): 2880/6666
  queries (doc_splade): 2944/6666
  queries (doc_splade): 3008/6666
  queries (doc_splade): 3072/6666
  queries (doc_splade): 3136/6666
  queries (doc_splade): 3200/6666
  queries (doc_splade): 3264/6666
  queries (doc_splade): 3328/6666
  queries (doc_splade): 3392/6666
  queries (doc_splade): 3456/6666
  queries (doc_splade): 3520/6666
  queries (doc_splade): 3584/6666
  queries (doc_splade): 3648/6666
  queries (doc_splade): 3712/6666
  queries (doc_splade): 3776/6666
  queries (doc_splade): 3840/6666
  queries (doc_splade): 3904/6666
  queries (doc_splade): 3968/6666
  queries (doc_splade): 4032/6666
  queries (doc_splade): 4096/6666
  queries (doc_splade): 4160/6666
  queries (doc_splade): 4224/6666
  queries (doc_splade): 4288/6666
  queries (doc_splade): 4352/6666
  queries (doc_splade): 4416/6666
  queries (doc_splade): 4480/6666
  queries (doc_splade): 4544/6666
  queries (doc_splade): 4608/6666
  queries (doc_splade): 4672/6666
  queries (doc_splade): 4736/6666
  queries (doc_splade): 4800/6666
  queries (doc_splade): 4864/6666
  queries (doc_splade): 4928/6666
  queries (doc_splade): 4992/6666
  queries (doc_splade): 5056/6666
  queries (doc_splade): 5120/6666
  queries (doc_splade): 5184/6666
  queries (doc_splade): 5248/6666
  queries (doc_splade): 5312/6666
  queries (doc_splade): 5376/6666
  queries (doc_splade): 5440/6666
  queries (doc_splade): 5504/6666
  queries (doc_splade): 5568/6666
  queries (doc_splade): 5632/6666
  queries (doc_splade): 5696/6666
  queries (doc_splade): 5760/6666
  queries (doc_splade): 5824/6666
  queries (doc_splade): 5888/6666
  queries (doc_splade): 5952/6666
  queries (doc_splade): 6016/6666
  queries (doc_splade): 6080/6666
  queries (doc_splade): 6144/6666
  queries (doc_splade): 6208/6666
  queries (doc_splade): 6272/6666
  queries (doc_splade): 6336/6666
  queries (doc_splade): 6400/6666
  queries (doc_splade): 6464/6666
  queries (doc_splade): 6528/6666
  queries (doc_splade): 6592/6666
  queries (doc_splade): 6656/6666
  queries (doc_splade): 6666/6666
  Retrieving from pre-built index (5,416,568 docs) ...

  scoring:   0%|          | 0.00/5.42M [00:00<?, ?doc/s]
  scoring:   1%|          | 50.0k/5.42M [00:02<04:15, 21.0kdoc/s]
  scoring:   2%|▏         | 100k/5.42M [00:04<04:08, 21.4kdoc/s] 
  scoring:   3%|▎         | 150k/5.42M [00:07<04:07, 21.3kdoc/s]
  scoring:   4%|▎         | 200k/5.42M [00:09<04:04, 21.3kdoc/s]
  scoring:   5%|▍         | 250k/5.42M [00:11<04:01, 21.4kdoc/s]
  scoring:   6%|▌         | 300k/5.42M [00:14<03:58, 21.4kdoc/s]
  scoring:   6%|▋         | 350k/5.42M [00:16<03:55, 21.5kdoc/s]
  scoring:   7%|▋         | 400k/5.42M [00:18<03:53, 21.5kdoc/s]
  scoring:   8%|▊         | 450k/5.42M [00:19<03:20, 24.8kdoc/s]
  scoring:   9%|▉         | 500k/5.42M [00:21<02:52, 28.4kdoc/s]
  scoring:  10%|█         | 550k/5.42M [00:22<02:34, 31.5kdoc/s]
  scoring:  11%|█         | 600k/5.42M [00:23<02:21, 34.1kdoc/s]
  scoring:  12%|█▏        | 650k/5.42M [00:24<02:12, 36.0kdoc/s]
  scoring:  13%|█▎        | 700k/5.42M [00:27<02:41, 29.3kdoc/s]
  scoring:  14%|█▍        | 750k/5.42M [00:29<02:59, 26.0kdoc/s]
  scoring:  15%|█▍        | 800k/5.42M [00:31<02:58, 25.8kdoc/s]
  scoring:  16%|█▌        | 850k/5.42M [00:33<02:55, 26.1kdoc/s]
  scoring:  17%|█▋        | 900k/5.42M [00:35<03:01, 25.0kdoc/s]
  scoring:  18%|█▊        | 950k/5.42M [00:37<02:59, 24.9kdoc/s]
  scoring:  18%|█▊        | 1.00M/5.42M [00:39<02:59, 24.6kdoc/s]
  scoring:  19%|█▉        | 1.05M/5.42M [00:41<02:59, 24.3kdoc/s]
  scoring:  20%|██        | 1.10M/5.42M [00:44<02:58, 24.1kdoc/s]
  scoring:  21%|██        | 1.15M/5.42M [00:46<02:56, 24.2kdoc/s]
  scoring:  22%|██▏       | 1.20M/5.42M [00:48<02:54, 24.1kdoc/s]
  scoring:  23%|██▎       | 1.25M/5.42M [00:50<02:53, 24.0kdoc/s]
  scoring:  24%|██▍       | 1.30M/5.42M [00:52<02:51, 24.0kdoc/s]
  scoring:  25%|██▍       | 1.35M/5.42M [00:54<02:50, 23.9kdoc/s]
  scoring:  26%|██▌       | 1.40M/5.42M [00:56<02:48, 23.8kdoc/s]
  scoring:  27%|██▋       | 1.45M/5.42M [00:58<02:46, 23.8kdoc/s]
  scoring:  28%|██▊       | 1.50M/5.42M [01:00<02:43, 23.9kdoc/s]
  scoring:  29%|██▊       | 1.55M/5.42M [01:02<02:43, 23.7kdoc/s]
  scoring:  30%|██▉       | 1.60M/5.42M [01:05<02:41, 23.7kdoc/s]
  scoring:  30%|███       | 1.65M/5.42M [01:07<02:39, 23.6kdoc/s]
  scoring:  31%|███▏      | 1.70M/5.42M [01:09<02:36, 23.7kdoc/s]
  scoring:  32%|███▏      | 1.75M/5.42M [01:11<02:36, 23.5kdoc/s]
  scoring:  33%|███▎      | 1.80M/5.42M [01:13<02:34, 23.5kdoc/s]
  scoring:  34%|███▍      | 1.85M/5.42M [01:15<02:30, 23.7kdoc/s]
  scoring:  35%|███▌      | 1.90M/5.42M [01:17<02:27, 23.8kdoc/s]
  scoring:  36%|███▌      | 1.95M/5.42M [01:19<02:27, 23.6kdoc/s]
  scoring:  37%|███▋      | 2.00M/5.42M [01:21<02:23, 23.8kdoc/s]
  scoring:  38%|███▊      | 2.05M/5.42M [01:23<02:19, 24.1kdoc/s]
  scoring:  39%|███▉      | 2.10M/5.42M [01:26<02:19, 23.7kdoc/s]
  scoring:  40%|███▉      | 2.15M/5.42M [01:28<02:17, 23.8kdoc/s]
  scoring:  41%|████      | 2.20M/5.42M [01:30<02:12, 24.2kdoc/s]
  scoring:  42%|████▏     | 2.25M/5.42M [01:32<02:10, 24.2kdoc/s]
  scoring:  42%|████▏     | 2.30M/5.42M [01:34<02:09, 24.1kdoc/s]
  scoring:  43%|████▎     | 2.35M/5.42M [01:36<02:06, 24.2kdoc/s]
  scoring:  44%|████▍     | 2.40M/5.42M [01:38<02:04, 24.2kdoc/s]
  scoring:  45%|████▌     | 2.45M/5.42M [01:39<01:47, 27.5kdoc/s]
  scoring:  46%|████▌     | 2.50M/5.42M [01:40<01:35, 30.4kdoc/s]
  scoring:  47%|████▋     | 2.55M/5.42M [01:42<01:27, 32.8kdoc/s]
  scoring:  48%|████▊     | 2.60M/5.42M [01:43<01:19, 35.2kdoc/s]
  scoring:  49%|████▉     | 2.65M/5.42M [01:44<01:15, 36.7kdoc/s]
  scoring:  50%|████▉     | 2.70M/5.42M [01:45<01:11, 37.9kdoc/s]
  scoring:  51%|█████     | 2.75M/5.42M [01:47<01:08, 38.8kdoc/s]
  scoring:  52%|█████▏    | 2.80M/5.42M [01:48<01:07, 38.9kdoc/s]
  scoring:  53%|█████▎    | 2.85M/5.42M [01:49<01:04, 39.6kdoc/s]
  scoring:  54%|█████▎    | 2.90M/5.42M [01:50<01:02, 40.5kdoc/s]
  scoring:  54%|█████▍    | 2.95M/5.42M [01:51<00:59, 41.2kdoc/s]
  scoring:  55%|█████▌    | 3.00M/5.42M [01:53<00:58, 41.1kdoc/s]
  scoring:  56%|█████▋    | 3.05M/5.42M [01:54<00:57, 41.0kdoc/s]
  scoring:  57%|█████▋    | 3.10M/5.42M [01:55<00:56, 40.7kdoc/s]
  scoring:  58%|█████▊    | 3.15M/5.42M [01:56<00:55, 40.9kdoc/s]
  scoring:  59%|█████▉    | 3.20M/5.42M [01:57<00:54, 40.9kdoc/s]
  scoring:  60%|██████    | 3.25M/5.42M [01:59<00:51, 41.9kdoc/s]
  scoring:  61%|██████    | 3.30M/5.42M [02:00<00:49, 42.4kdoc/s]
  scoring:  62%|██████▏   | 3.35M/5.42M [02:01<00:48, 42.4kdoc/s]
  scoring:  63%|██████▎   | 3.40M/5.42M [02:02<00:47, 42.5kdoc/s]
  scoring:  64%|██████▎   | 3.45M/5.42M [02:03<00:46, 41.9kdoc/s]
  scoring:  65%|██████▍   | 3.50M/5.42M [02:05<00:45, 41.9kdoc/s]
  scoring:  66%|██████▌   | 3.55M/5.42M [02:06<00:44, 41.9kdoc/s]
  scoring:  66%|██████▋   | 3.60M/5.42M [02:07<00:43, 41.9kdoc/s]
  scoring:  67%|██████▋   | 3.65M/5.42M [02:08<00:41, 42.4kdoc/s]
  scoring:  68%|██████▊   | 3.70M/5.42M [02:09<00:41, 41.7kdoc/s]
  scoring:  69%|██████▉   | 3.75M/5.42M [02:10<00:39, 42.0kdoc/s]
  scoring:  70%|███████   | 3.80M/5.42M [02:12<00:38, 41.8kdoc/s]
  scoring:  71%|███████   | 3.85M/5.42M [02:13<00:37, 42.0kdoc/s]
  scoring:  72%|███████▏  | 3.90M/5.42M [02:14<00:36, 41.7kdoc/s]
  scoring:  73%|███████▎  | 3.95M/5.42M [02:15<00:34, 42.0kdoc/s]
  scoring:  74%|███████▍  | 4.00M/5.42M [02:16<00:33, 42.7kdoc/s]
  scoring:  75%|███████▍  | 4.05M/5.42M [02:18<00:32, 42.3kdoc/s]
  scoring:  76%|███████▌  | 4.10M/5.42M [02:19<00:31, 41.7kdoc/s]
  scoring:  77%|███████▋  | 4.15M/5.42M [02:20<00:30, 41.7kdoc/s]
  scoring:  78%|███████▊  | 4.20M/5.42M [02:21<00:28, 42.1kdoc/s]
  scoring:  78%|███████▊  | 4.25M/5.42M [02:22<00:27, 42.3kdoc/s]
  scoring:  79%|███████▉  | 4.30M/5.42M [02:24<00:26, 41.8kdoc/s]
  scoring:  80%|████████  | 4.35M/5.42M [02:25<00:25, 41.7kdoc/s]
  scoring:  81%|████████  | 4.40M/5.42M [02:26<00:24, 41.5kdoc/s]
  scoring:  82%|████████▏ | 4.45M/5.42M [02:27<00:23, 41.7kdoc/s]
  scoring:  83%|████████▎ | 4.50M/5.42M [02:28<00:21, 41.7kdoc/s]
  scoring:  84%|████████▍ | 4.55M/5.42M [02:30<00:20, 41.5kdoc/s]
  scoring:  85%|████████▍ | 4.60M/5.42M [02:31<00:19, 41.9kdoc/s]
  scoring:  86%|████████▌ | 4.65M/5.42M [02:32<00:18, 41.9kdoc/s]
  scoring:  87%|████████▋ | 4.70M/5.42M [02:33<00:17, 41.9kdoc/s]
  scoring:  88%|████████▊ | 4.75M/5.42M [02:34<00:16, 41.6kdoc/s]
  scoring:  89%|████████▊ | 4.80M/5.42M [02:36<00:14, 41.2kdoc/s]
  scoring:  90%|████████▉ | 4.85M/5.42M [02:37<00:13, 41.1kdoc/s]
  scoring:  90%|█████████ | 4.90M/5.42M [02:38<00:12, 41.1kdoc/s]
  scoring:  91%|█████████▏| 4.95M/5.42M [02:39<00:11, 41.8kdoc/s]
  scoring:  92%|█████████▏| 5.00M/5.42M [02:40<00:09, 42.4kdoc/s]
  scoring:  93%|█████████▎| 5.05M/5.42M [02:42<00:08, 41.8kdoc/s]
  scoring:  94%|█████████▍| 5.10M/5.42M [02:43<00:07, 41.8kdoc/s]
  scoring:  95%|█████████▌| 5.15M/5.42M [02:44<00:06, 41.5kdoc/s]
  scoring:  96%|█████████▌| 5.20M/5.42M [02:45<00:05, 41.9kdoc/s]
  scoring:  97%|█████████▋| 5.25M/5.42M [02:46<00:03, 42.1kdoc/s]
  scoring:  98%|█████████▊| 5.30M/5.42M [02:48<00:02, 42.6kdoc/s]
  scoring:  99%|█████████▉| 5.35M/5.42M [02:49<00:01, 42.4kdoc/s]
  scoring: 100%|█████████▉| 5.40M/5.42M [02:50<00:00, 41.8kdoc/s]
  scoring: 100%|██████████| 5.42M/5.42M [02:50<00:00, 41.5kdoc/s]
  scoring: 100%|██████████| 5.42M/5.42M [02:50<00:00, 31.7kdoc/s]
  NDCG@10: 0.7645  MRR@10: 0.7644  [index (5,416,568 docs)]

────────────────────────────────────────────────────────────
[climate-fever]
  Loading queries and qrels ...
  1534 queries, 1535 with relevance judgments
  Encoding queries with doc encoder (ceiling) ...
  queries (doc_splade): 64/1534
  queries (doc_splade): 128/1534
  queries (doc_splade): 192/1534
  queries (doc_splade): 256/1534
  queries (doc_splade): 320/1534
  queries (doc_splade): 384/1534
  queries (doc_splade): 448/1534
  queries (doc_splade): 512/1534
  queries (doc_splade): 576/1534
  queries (doc_splade): 640/1534
  queries (doc_splade): 704/1534
  queries (doc_splade): 768/1534
  queries (doc_splade): 832/1534
  queries (doc_splade): 896/1534
  queries (doc_splade): 960/1534
  queries (doc_splade): 1024/1534
  queries (doc_splade): 1088/1534
  queries (doc_splade): 1152/1534
  queries (doc_splade): 1216/1534
  queries (doc_splade): 1280/1534
  queries (doc_splade): 1344/1534
  queries (doc_splade): 1408/1534
  queries (doc_splade): 1472/1534
  queries (doc_splade): 1534/1534
  Retrieving from pre-built index (5,416,593 docs) ...

  scoring:   0%|          | 0.00/5.42M [00:00<?, ?doc/s]
  scoring:   1%|          | 50.0k/5.42M [00:00<00:32, 165kdoc/s]
  scoring:   2%|▏         | 100k/5.42M [00:00<00:33, 158kdoc/s] 
  scoring:   3%|▎         | 150k/5.42M [00:00<00:34, 154kdoc/s]
  scoring:   4%|▎         | 200k/5.42M [00:01<00:35, 146kdoc/s]
  scoring:   5%|▍         | 250k/5.42M [00:01<00:36, 143kdoc/s]
  scoring:   6%|▌         | 300k/5.42M [00:02<00:35, 145kdoc/s]
  scoring:   6%|▋         | 350k/5.42M [00:02<00:35, 145kdoc/s]
  scoring:   7%|▋         | 400k/5.42M [00:02<00:35, 142kdoc/s]
  scoring:   8%|▊         | 450k/5.42M [00:03<00:35, 140kdoc/s]
  scoring:   9%|▉         | 500k/5.42M [00:03<00:34, 145kdoc/s]
  scoring:  10%|█         | 550k/5.42M [00:03<00:33, 145kdoc/s]
  scoring:  11%|█         | 600k/5.42M [00:04<00:33, 145kdoc/s]
  scoring:  12%|█▏        | 650k/5.42M [00:04<00:32, 147kdoc/s]
  scoring:  13%|█▎        | 700k/5.42M [00:04<00:31, 149kdoc/s]
  scoring:  14%|█▍        | 750k/5.42M [00:05<00:31, 147kdoc/s]
  scoring:  15%|█▍        | 800k/5.42M [00:05<00:31, 145kdoc/s]
  scoring:  16%|█▌        | 850k/5.42M [00:05<00:32, 142kdoc/s]
  scoring:  17%|█▋        | 900k/5.42M [00:06<00:31, 144kdoc/s]
  scoring:  18%|█▊        | 950k/5.42M [00:06<00:31, 142kdoc/s]
  scoring:  18%|█▊        | 1.00M/5.42M [00:06<00:31, 139kdoc/s]
  scoring:  19%|█▉        | 1.05M/5.42M [00:07<00:31, 139kdoc/s]
  scoring:  20%|██        | 1.10M/5.42M [00:07<00:31, 137kdoc/s]
  scoring:  21%|██        | 1.15M/5.42M [00:08<00:30, 139kdoc/s]
  scoring:  22%|██▏       | 1.20M/5.42M [00:08<00:31, 135kdoc/s]
  scoring:  23%|██▎       | 1.25M/5.42M [00:08<00:31, 133kdoc/s]
  scoring:  24%|██▍       | 1.30M/5.42M [00:09<00:30, 136kdoc/s]
  scoring:  25%|██▍       | 1.35M/5.42M [00:09<00:29, 136kdoc/s]
  scoring:  26%|██▌       | 1.40M/5.42M [00:09<00:29, 136kdoc/s]
  scoring:  27%|██▋       | 1.45M/5.42M [00:10<00:29, 135kdoc/s]
  scoring:  28%|██▊       | 1.50M/5.42M [00:10<00:28, 136kdoc/s]
  scoring:  29%|██▊       | 1.55M/5.42M [00:11<00:29, 133kdoc/s]
  scoring:  30%|██▉       | 1.60M/5.42M [00:11<00:29, 131kdoc/s]
  scoring:  30%|███       | 1.65M/5.42M [00:11<00:28, 131kdoc/s]
  scoring:  31%|███▏      | 1.70M/5.42M [00:12<00:28, 132kdoc/s]
  scoring:  32%|███▏      | 1.75M/5.42M [00:12<00:27, 133kdoc/s]
  scoring:  33%|███▎      | 1.80M/5.42M [00:12<00:26, 134kdoc/s]
  scoring:  34%|███▍      | 1.85M/5.42M [00:13<00:26, 133kdoc/s]
  scoring:  35%|███▌      | 1.90M/5.42M [00:13<00:26, 133kdoc/s]
  scoring:  36%|███▌      | 1.95M/5.42M [00:14<00:26, 132kdoc/s]
  scoring:  37%|███▋      | 2.00M/5.42M [00:14<00:25, 132kdoc/s]
  scoring:  38%|███▊      | 2.05M/5.42M [00:14<00:25, 133kdoc/s]
  scoring:  39%|███▉      | 2.10M/5.42M [00:15<00:24, 134kdoc/s]
  scoring:  40%|███▉      | 2.15M/5.42M [00:15<00:24, 134kdoc/s]
  scoring:  41%|████      | 2.20M/5.42M [00:15<00:23, 135kdoc/s]
  scoring:  42%|████▏     | 2.25M/5.42M [00:16<00:23, 134kdoc/s]
  scoring:  42%|████▏     | 2.30M/5.42M [00:16<00:23, 132kdoc/s]
  scoring:  43%|████▎     | 2.35M/5.42M [00:17<00:23, 131kdoc/s]
  scoring:  44%|████▍     | 2.40M/5.42M [00:17<00:22, 133kdoc/s]
  scoring:  45%|████▌     | 2.45M/5.42M [00:17<00:22, 131kdoc/s]
  scoring:  46%|████▌     | 2.50M/5.42M [00:18<00:22, 131kdoc/s]
  scoring:  47%|████▋     | 2.55M/5.42M [00:18<00:22, 130kdoc/s]
  scoring:  48%|████▊     | 2.60M/5.42M [00:18<00:21, 128kdoc/s]
  scoring:  49%|████▉     | 2.65M/5.42M [00:19<00:21, 128kdoc/s]
  scoring:  50%|████▉     | 2.70M/5.42M [00:19<00:21, 128kdoc/s]
  scoring:  51%|█████     | 2.75M/5.42M [00:20<00:20, 129kdoc/s]
  scoring:  52%|█████▏    | 2.80M/5.42M [00:20<00:19, 134kdoc/s]
  scoring:  53%|█████▎    | 2.85M/5.42M [00:20<00:18, 136kdoc/s]
  scoring:  54%|█████▎    | 2.90M/5.42M [00:21<00:18, 134kdoc/s]
  scoring:  54%|█████▍    | 2.95M/5.42M [00:21<00:18, 134kdoc/s]
  scoring:  55%|█████▌    | 3.00M/5.42M [00:21<00:17, 135kdoc/s]
  scoring:  56%|█████▋    | 3.05M/5.42M [00:22<00:16, 140kdoc/s]
  scoring:  57%|█████▋    | 3.10M/5.42M [00:22<00:16, 144kdoc/s]
  scoring:  58%|█████▊    | 3.15M/5.42M [00:22<00:15, 142kdoc/s]
  scoring:  59%|█████▉    | 3.20M/5.42M [00:23<00:15, 143kdoc/s]
  scoring:  60%|██████    | 3.25M/5.42M [00:23<00:14, 145kdoc/s]
  scoring:  61%|██████    | 3.30M/5.42M [00:23<00:14, 147kdoc/s]
  scoring:  62%|██████▏   | 3.35M/5.42M [00:24<00:14, 148kdoc/s]
  scoring:  63%|██████▎   | 3.40M/5.42M [00:24<00:13, 147kdoc/s]
  scoring:  64%|██████▎   | 3.45M/5.42M [00:25<00:13, 143kdoc/s]
  scoring:  65%|██████▍   | 3.50M/5.42M [00:25<00:13, 138kdoc/s]
  scoring:  66%|██████▌   | 3.55M/5.42M [00:25<00:13, 136kdoc/s]
  scoring:  66%|██████▋   | 3.60M/5.42M [00:26<00:13, 138kdoc/s]
  scoring:  67%|██████▋   | 3.65M/5.42M [00:26<00:12, 136kdoc/s]
  scoring:  68%|██████▊   | 3.70M/5.42M [00:26<00:12, 136kdoc/s]
  scoring:  69%|██████▉   | 3.75M/5.42M [00:27<00:11, 140kdoc/s]
  scoring:  70%|███████   | 3.80M/5.42M [00:27<00:11, 138kdoc/s]
  scoring:  71%|███████   | 3.85M/5.42M [00:27<00:11, 139kdoc/s]
  scoring:  72%|███████▏  | 3.90M/5.42M [00:28<00:10, 141kdoc/s]
  scoring:  73%|███████▎  | 3.95M/5.42M [00:28<00:10, 141kdoc/s]
  scoring:  74%|███████▍  | 4.00M/5.42M [00:28<00:09, 143kdoc/s]
  scoring:  75%|███████▍  | 4.05M/5.42M [00:29<00:09, 144kdoc/s]
  scoring:  76%|███████▌  | 4.10M/5.42M [00:29<00:09, 141kdoc/s]
  scoring:  77%|███████▋  | 4.15M/5.42M [00:30<00:09, 141kdoc/s]
  scoring:  78%|███████▊  | 4.20M/5.42M [00:30<00:08, 141kdoc/s]
  scoring:  78%|███████▊  | 4.25M/5.42M [00:30<00:08, 142kdoc/s]
  scoring:  79%|███████▉  | 4.30M/5.42M [00:31<00:07, 147kdoc/s]
  scoring:  80%|████████  | 4.35M/5.42M [00:31<00:07, 145kdoc/s]
  scoring:  81%|████████  | 4.40M/5.42M [00:31<00:06, 147kdoc/s]
  scoring:  82%|████████▏ | 4.45M/5.42M [00:32<00:06, 149kdoc/s]
  scoring:  83%|████████▎ | 4.50M/5.42M [00:32<00:06, 144kdoc/s]
  scoring:  84%|████████▍ | 4.55M/5.42M [00:32<00:06, 143kdoc/s]
  scoring:  85%|████████▍ | 4.60M/5.42M [00:33<00:05, 146kdoc/s]
  scoring:  86%|████████▌ | 4.65M/5.42M [00:33<00:05, 146kdoc/s]
  scoring:  87%|████████▋ | 4.70M/5.42M [00:33<00:04, 145kdoc/s]
  scoring:  88%|████████▊ | 4.75M/5.42M [00:34<00:04, 148kdoc/s]
  scoring:  89%|████████▊ | 4.80M/5.42M [00:34<00:04, 142kdoc/s]
  scoring:  90%|████████▉ | 4.85M/5.42M [00:34<00:04, 141kdoc/s]
  scoring:  90%|█████████ | 4.90M/5.42M [00:35<00:03, 143kdoc/s]
  scoring:  91%|█████████▏| 4.95M/5.42M [00:35<00:03, 145kdoc/s]
  scoring:  92%|█████████▏| 5.00M/5.42M [00:35<00:02, 144kdoc/s]
  scoring:  93%|█████████▎| 5.05M/5.42M [00:36<00:02, 144kdoc/s]
  scoring:  94%|█████████▍| 5.10M/5.42M [00:36<00:02, 145kdoc/s]
  scoring:  95%|█████████▌| 5.15M/5.42M [00:36<00:01, 141kdoc/s]
  scoring:  96%|█████████▌| 5.20M/5.42M [00:37<00:01, 142kdoc/s]
  scoring:  97%|█████████▋| 5.25M/5.42M [00:37<00:01, 144kdoc/s]
  scoring:  98%|█████████▊| 5.30M/5.42M [00:38<00:00, 143kdoc/s]
  scoring:  99%|█████████▉| 5.35M/5.42M [00:38<00:00, 142kdoc/s]
  scoring: 100%|█████████▉| 5.40M/5.42M [00:38<00:00, 142kdoc/s]
  scoring: 100%|██████████| 5.42M/5.42M [00:38<00:00, 141kdoc/s]
  scoring: 100%|██████████| 5.42M/5.42M [00:38<00:00, 139kdoc/s]
  NDCG@10: 0.2088  MRR@10: 0.2912  [index (5,416,593 docs)]

============================================================
Checkpoint : naver/splade-v3 (doc_only ceiling)
Stage      : splade_shallow
────────────────────────────────────────────────────────────
Dataset                 NDCG@10     MRR@10
──────────────────────────────────────────
nfcorpus                 0.3423     0.5689
scifact                  0.6370     0.6065
arguana                  0.3210     0.2129
scidocs                  0.1575     0.2777
fiqa                     0.3459     0.4223
trec-covid               0.7509     0.9217
webis-touche2020         0.2961     0.5504
quora                    0.8138     0.7997
nq                       0.5766     0.5308
dbpedia-entity           0.4494     0.7528
hotpotqa                 0.6830     0.8638
fever                    0.7645     0.7644
climate-fever            0.2088     0.2912
──────────────────────────────────────────
Average                  0.4882     0.5818
============================================================
Traceback (most recent call last):
  File "/home/capemox/projects/sae-smo-splade/scripts/run_beir_splade_spaced.py", line 213, in <module>
  File "/home/capemox/projects/sae-smo-splade/scripts/run_beir_splade_spaced.py", line 202, in main
    print(f"\nAll done. Results at {results_path}")
  File "/home/capemox/projects/sae-smo-splade/scripts/run_beir_splade_spaced.py", line 97, in run_variant
    assert proc.stdout
  File "/home/capemox/.local/share/uv/python/cpython-3.10.16-linux-x86_64-gnu/lib/python3.10/pathlib.py", line 1135, in read_text
    return f.read()
  File "/home/capemox/.local/share/uv/python/cpython-3.10.16-linux-x86_64-gnu/lib/python3.10/codecs.py", line 322, in decode
    (result, consumed) = self._buffer_decode(data, self.errors, final)
UnicodeDecodeError: 'utf-8' codec can't decode byte 0x80 in position 65856: invalid start byte
